datetime,market_price_usd,total_supply,market_cap_usd,realised_cap_usd,nupl,coin_days_destroyed,active_addresses,fear_greed_value,fear_greed_category,lightning_nodes,lightning_capacity_usd
2010-08-18,0.068,3752500,255170.00000000003,197235.61756988795,0.22704229505863568,518934.7041023147,726.0,0.0,0,0.0,0.0
2010-08-19,0.0667,3759250,250741.97499999998,197700.6329575296,0.2115375458874422,103069.41122210649,470.0,0.0,0,0.0,0.0
2010-08-20,0.0655,3768900,246862.95,198328.7276060902,0.19660391481957828,114130.8000100694,656.0,0.0,0,0.0,0.0
2010-08-21,0.0664,3777550,250829.32,198997.94546662425,0.20664001534340465,484765.62325509265,528.0,0.0,0,0.0,0.0
2010-08-22,0.0659289888953828,3788150,249748.89928404437,199772.84168372597,0.20010521665394665,512537.47550567094,586.0,0.0,0,0.0,0.0
2010-08-23,0.06491,3798800,246580.10799999998,200456.78924487496,0.18705206648350167,50252.54241712957,653.0,0.0,0,0.0,0.0
2010-08-24,0.065,3809550,247620.75,201173.39277964225,0.18757457612238776,137237.24120752307,632.0,0.0,0,0.0,0.0
2010-08-25,0.0648,3820350,247558.68,201878.8404766801,0.1845212598617826,48910.622292939835,499.0,0.0,0,0.0,0.0
2010-08-26,0.0640751139684395,3830850,245462.15034599646,202548.92290163448,0.17482625074323158,50960.63497557872,652.0,0.0,0,0.0,0.0
2010-08-27,0.065,3839400,249561.0,203157.95387566084,0.1859386928419872,472908.77622939815,497.0,0.0,0,0.0,0.0
2010-08-28,0.0646,3847900,248574.34000000003,203701.88043309236,0.18051927470433055,65881.99129573951,527.0,0.0,0,0.0,0.0
2010-08-29,0.064,3856000,246784.0,204213.1190887045,0.17250259705368057,87953.46098321758,390.0,0.0,0,0.0,0.0
2010-08-30,0.06497,3863450,251008.3465,204709.2479942197,0.1844524261896618,95110.39851597846,522.0,0.0,0,0.0,0.0
2010-08-31,0.06,3872650,232359.0,205164.24959454243,0.11703764607980569,1024619.3865017375,734.0,0.0,0,0.0,0.0
2010-09-01,0.0620248275862069,3880500,240687.34344827587,205623.31058060715,0.14568291113821713,300110.4724194778,603.0,0.0,0,0.0,0.0
2010-09-02,0.0634,3888300,246518.22,206134.72160305787,0.16381547131462385,139697.77310554407,543.0,0.0,0,0.0,0.0
2010-09-03,0.06085,3896500,237102.025,206593.08309347855,0.12867432029111286,434800.78389479173,500.0,0.0,0,0.0,0.0
2010-09-04,0.062178275862069,3905550,242840.36529310356,207141.644067834,0.14700489015564575,114442.39273634258,451.0,0.0,0,0.0,0.0
2010-09-05,0.06165,3913800,241285.77000000002,207734.97264579023,0.13905004573709334,2232365.0589663195,548.0,0.0,0,0.0,0.0
2010-09-06,0.0616,3921700,241576.72,208134.03169861992,0.13843506237430528,379047.702338195,511.0,0.0,0,0.0,0.0
2010-09-07,0.0612391180596142,3929700,240651.3622388659,208614.83226190484,0.13312424113835772,326472.8627398147,403.0,0.0,0,0.0,0.0
2010-09-08,0.061,3937950,240214.94999999998,209108.98225953276,0.12949222244688446,98229.31706818029,545.0,0.0,0,0.0,0.0
2010-09-09,0.0611149707773232,3944700,241080.22522530684,209615.68422968048,0.1305148150007761,962060.0235948464,514.0,0.0,0,0.0,0.0
2010-09-10,0.0610115242548218,3953550,241212.11171765073,210152.84794791497,0.12876328451571278,43005.24623928313,541.0,0.0,0,0.0,0.0
2010-09-11,0.0636208649912332,3961550,252037.2377060199,210658.6580781974,0.1641764526719941,95922.23807442127,433.0,0.0,0,0.0,0.0
2010-09-12,0.0615,3970400,244179.6,211210.7357335748,0.13501891339991218,369866.08206664096,711.0,0.0,0,0.0,0.0
2010-09-13,0.06218,3978950,247411.111,211780.61839851303,0.14401330828463468,528332.906623051,718.0,0.0,0,0.0,0.0
2010-09-14,0.06199,3989100,247284.309,212408.3348094577,0.14103593685979607,187087.5803614584,664.0,0.0,0,0.0,0.0
2010-09-15,0.0604,3997550,241452.02000000002,212766.26238280573,0.11880520865882295,805943.8358344751,662.0,0.0,0,0.0,0.0
2010-09-16,0.0619,4008500,248126.15,213518.95432589555,0.13947419759708699,893233.8314331016,685.0,0.0,0,0.0,0.0
2010-09-17,0.0600005260081823,4018900,241136.11397428386,214331.2566558594,0.11116069209476881,10098698.590217937,1003.0,0.0,0,0.0,0.0
2010-09-18,0.061,4030750,245875.75,215041.10162064215,0.12540744005603582,320951.15963460633,562.0,0.0,0,0.0,0.0
2010-09-19,0.0627,4041200,253383.24000000002,215746.30133590303,0.14853760124030693,245996.71871323348,654.0,0.0,0,0.0,0.0
2010-09-20,0.0621017358270018,4051350,251595.86744272374,216352.5879093784,0.14007892852758616,369070.19436215336,705.0,0.0,0,0.0,0.0
2010-09-21,0.06265,4059950,254355.8675,216904.81933097015,0.14723878217210715,131528.24300379783,1216.0,0.0,0,0.0,0.0
2010-09-22,0.061881870251315,4068650,251775.67139801278,217453.4195621946,0.1363207638182037,329826.0423730325,1039.0,0.0,0,0.0,0.0
2010-09-23,0.062153512565751,4080350,253608.0849976621,218199.48113659545,0.13961938106741775,933676.5419484953,1049.0,0.0,0,0.0,0.0
2010-09-24,0.0622,4091750,254506.85,218918.76785289505,0.13983152967043896,96387.28295856483,807.0,0.0,0,0.0,0.0
2010-09-25,0.06202,4102100,254412.242,219617.73636133663,0.1367642742547875,376561.2020082175,825.0,0.0,0,0.0,0.0
2010-09-26,0.062,4112350,254965.7,220256.8512464407,0.13613144338065597,146018.78157754632,623.0,0.0,0,0.0,0.0
2010-09-27,0.0622004418468732,4123800,256502.18208813568,221161.6463276072,0.13777869440652663,3199318.362675926,1269.0,0.0,0,0.0,0.0
2010-09-28,0.0619038977206312,4134400,255935.47473617762,222367.91524421636,0.13115633745795982,19180034.71400386,1699.0,0.0,0,0.0,0.0
2010-09-29,0.06191,4142600,256468.366,222908.45213167608,0.130854008982628,839801.8563086806,1198.0,0.0,0,0.0,0.0
2010-09-30,0.0619,4149900,256878.81,223336.67442372392,0.13057572003029785,437017.65660833335,638.0,0.0,0,0.0,0.0
2010-10-01,0.0619733138515488,4157600,257660.2496691993,224086.8406596956,0.13030108079382594,7810695.22711959,847.0,0.0,0,0.0,0.0
2010-10-02,0.0614,4162600,255583.64,225406.9979142376,0.11806953718071471,11241848.694703227,780.0,0.0,0,0.0,0.0
2010-10-03,0.0610648684979544,4168700,254561.1173074225,225757.9661196248,0.11314827453798999,346449.8403514853,672.0,0.0,0,0.0,0.0
2010-10-04,0.0612944769140853,4176350,255987.18866014015,226176.34936504657,0.11645441887590618,1596530.614140216,828.0,0.0,0,0.0,0.0
2010-10-05,0.0614,4182650,256814.71000000002,226813.1152586275,0.11682194817178698,6542295.006159928,704.0,0.0,0,0.0,0.0
2010-10-06,0.06281,4191199,263249.272,227447.6682004801,0.13599887106058126,423593.92064141395,692.0,0.0,0,0.0,0.0
2010-10-07,0.067,4199200,281346.4,228401.95985015843,0.1881823977482619,771559.058454745,647.0,0.0,0,0.0,0.0
2010-10-08,0.0844531081239041,4206900,355285.78056645213,231062.6171063966,0.3496429360668461,1966636.0913397,813.0,0.0,0,0.0,0.0
2010-10-09,0.0938,4214800,395348.24,234860.1681153443,0.4059410303297561,1428747.350653936,750.0,0.0,0,0.0,0.0
2010-10-10,0.0971462010520164,4223700,410316.4093834017,237179.7434943642,0.4219589125114851,1183754.2895246528,623.0,0.0,0,0.0,0.0
2010-10-11,0.095,4231650,402006.75,238973.2434634895,0.4055491768148433,533748.745700769,631.0,0.0,0,0.0,0.0
2010-10-12,0.0949,4239400,402319.06,239989.84292710468,0.40348378491661646,392659.5258391205,646.0,0.0,0,0.0,0.0
2010-10-13,0.104865589129164,4248200,445489.99573851447,242149.04262037607,0.4564433658741278,3918422.602924998,926.0,0.0,0,0.0,0.0
2010-10-14,0.102,4258450,434361.89999999997,243825.5919696294,0.43865796707853655,895310.0897106477,634.0,0.0,0,0.0,0.0
2010-10-15,0.105,4267300,448066.5,247131.06464654265,0.4484500299697865,1826192.526969445,581.0,0.0,0,0.0,0.0
2010-10-16,0.101,4280200,432300.2,249436.03648238536,0.4230027270808911,4054634.16252501,933.0,0.0,0,0.0,0.0
2010-10-17,0.102,4293700,437957.39999999997,250960.94317420785,0.42697407744632726,247099.65013449074,752.0,0.0,0,0.0,0.0
2010-10-18,0.1024,4306150,440949.76,252581.4333804818,0.4271877290953015,178290.7850398149,947.0,0.0,0,0.0,0.0
2010-10-19,0.0975448918760959,4318950,421291.51076826436,253808.1966799819,0.3975473272244699,306096.82056284713,1408.0,0.0,0,0.0,0.0
2010-10-20,0.099,4332150,428882.85000000003,255467.474988438,0.4043420598691741,376370.2213362266,1183.0,0.0,0,0.0,0.0
2010-10-21,0.107,4341450,464535.14999999997,259061.1926563265,0.4423216571311633,1375548.1181510028,994.0,0.0,0,0.0,0.0
2010-10-22,0.1025,4349150,445787.875,259863.61480356223,0.4170689034474923,276404.3015696761,972.0,0.0,0,0.0,0.0
2010-10-23,0.104556424313267,4357900,455646.4415147863,261182.48779076355,0.4267869470845239,667499.2957681712,835.0,0.0,0,0.0,0.0
2010-10-24,0.11501,4368150,502380.9315,264235.4420743388,0.4740336953367451,1277594.6457335656,851.0,0.0,0,0.0,0.0
2010-10-25,0.139118552893045,4378300,609102.7601316189,267575.38063678343,0.5607056835878333,667153.1551958335,752.0,0.0,0,0.0,0.0
2010-10-26,0.151,4390350,662942.85,271814.07440006605,0.5899886779078075,515444.89060115715,866.0,0.0,0,0.0,0.0
2010-10-27,0.1877,4401000,826067.7000000001,279414.41160110425,0.6617536170448207,1142355.1036209492,1117.0,0.0,0,0.0,0.0
2010-10-28,0.1731,4411950,763708.545,287731.20182395447,0.6232447525856157,2977623.6343184058,998.0,0.0,0,0.0,0.0
2010-10-29,0.19,4423100,840389.0,291595.2105967577,0.653023527679732,483660.5039204862,848.0,0.0,0,0.0,0.0
2010-10-30,0.197610543541789,4435700,876541.0879883135,295737.6615771159,0.6626083299120157,578705.3075746526,659.0,0.0,0,0.0,0.0
2010-10-31,0.1925,4444650,855595.125,299869.7279842088,0.6495191250835974,547478.9927812498,572.0,0.0,0,0.0,0.0
2010-11-01,0.194525061367621,4453500,866317.3608007,302422.6779297768,0.6509100571985994,541385.6019703707,597.0,0.0,0,0.0,0.0
2010-11-02,0.1938,4462300,864793.74,306110.5729129286,0.646030540284752,783142.1453730334,458.0,0.0,0,0.0,0.0
2010-11-03,0.1931,4471800,863504.58,308998.6399716366,0.642157497332977,314226.2290078706,574.0,0.0,0,0.0,0.0
2010-11-04,0.229275160724722,4481850,1027576.8790940953,322027.90491250384,0.6866142947898931,2217693.8917751536,607.0,0.0,0,0.0,0.0
2010-11-05,0.259112413793104,4492800,1164140.2526896577,328158.1949439027,0.7181111174656849,1345116.7121841435,835.0,0.0,0,0.0,0.0
2010-11-06,0.400982302746932,4503700,1805903.9968813576,359760.956772468,0.8007862226376681,6681816.825079283,596.0,0.0,0,0.0,0.0
2010-11-07,0.34,4515750,1535355.0,367409.3234308976,0.7607007347285171,396466.8308969908,690.0,0.0,0,0.0,0.0
2010-11-08,0.243184628872005,4529500,1101504.7764757467,377385.978383011,0.6573905202749519,6369683.153177437,1571.0,0.0,0,0.0,0.0
2010-11-09,0.217272694330801,4540350,986494.0777048522,380436.5910134136,0.6143549164547181,796149.2160724537,648.0,0.0,0,0.0,0.0
2010-11-10,0.229549731151373,4550500,1044566.0516043229,382911.8533061754,0.6334249493193171,156484.87629814804,651.0,0.0,0,0.0,0.0
2010-11-11,0.2231,4561450,1017659.495,385588.215024064,0.6211029161339826,137950.96809166667,601.0,0.0,0,0.0,0.0
2010-11-12,0.2682,4569900,1225647.18,388442.005420198,0.6830719217089881,84635.7032621528,456.0,0.0,0,0.0,0.0
2010-11-13,0.276,4581050,1264369.8,393689.1402111534,0.688628168585525,603587.6884567129,579.0,0.0,0,0.0,0.0
2010-11-14,0.27904,4593850,1281867.904,399142.67112056736,0.6886241789227548,1054242.0728008104,901.0,0.0,0,0.0,0.0
2010-11-15,0.268464555815313,4603850,1235970.5452903286,409574.8459809098,0.6686208684004674,9174228.483411223,4396.0,0.0,0,0.0,0.0
2010-11-16,0.225,4613700,1038082.5,411769.4471300937,0.6033364909531818,503216.53535972233,3365.0,0.0,0,0.0,0.0
2010-11-17,0.241939333722969,4626050,1119223.4547691408,415065.5205939137,0.6291486576471647,210678.30685196747,675.0,0.0,0,0.0,0.0
2010-11-18,0.269057790765634,4638900,1248132.1855826997,419535.30628606456,0.6638694914431668,248991.77998096464,632.0,0.0,0,0.0,0.0
2010-11-19,0.27829,4646400,1293046.656,424115.4476144975,0.6720029817589989,1006378.8971572912,641.0,0.0,0,0.0,0.0
2010-11-20,0.283015964932788,4652200,1316646.8720603164,428385.79282768513,0.6746388102093478,724796.5754127313,784.0,0.0,0,0.0,0.0
2010-11-21,0.27675,4659200,1289433.6,430763.5695860046,0.665928071374901,220346.72824548592,758.0,0.0,0,0.0,0.0
2010-11-22,0.285,4667350,1330194.75,433830.3459358533,0.6738595262566979,207346.13161817123,624.0,0.0,0,0.0,0.0
2010-11-23,0.28295,4674350,1322607.3325,437106.4127938615,0.6695115760717579,793463.502951736,660.0,0.0,0,0.0,0.0
2010-11-24,0.282905736411455,4683200,1324904.144762126,440933.0452952982,0.6671962669612875,901035.3255221075,963.0,0.0,0,0.0,0.0
2010-11-25,0.28,4692250,1313830.0000000002,445685.13791097887,0.6607741200071708,1278533.9009923604,912.0,0.0,0,0.0,0.0
2010-11-26,0.2844,4701950,1337234.5799999998,451204.4580689927,0.6625839139838929,1211665.022770254,1197.0,0.0,0,0.0,0.0
2010-11-27,0.283,4710950,1333198.8499999999,454403.9583564637,0.6591626535257934,567420.7944967591,822.0,0.0,0,0.0,0.0
2010-11-28,0.271358679135009,4719550,1280690.8541116316,456976.9375782192,0.6431793542437629,182082.31543958333,706.0,0.0,0,0.0,0.0
2010-11-29,0.230559456458212,4730000,1090546.2290473427,458463.7141141002,0.5796017611150738,271722.21504513884,900.0,0.0,0,0.0,0.0
2010-11-30,0.2082,4740100,986888.82,460196.3196130763,0.5336898034643088,1102714.8727668964,797.0,0.0,0,0.0,0.0
2010-12-01,0.2275,4749500,1080511.25,461402.56281068665,0.5729775485348378,495243.348506597,1109.0,0.0,0,0.0,0.0
2010-12-02,0.255,4758900,1213519.5,467701.8883700226,0.6145905456236816,2241034.0084226867,812.0,0.0,0,0.0,0.0
2010-12-03,0.251060083576856,4768350,1197142.3495237012,470168.2059844847,0.6072578952941167,216760.2117347222,881.0,0.0,0,0.0,0.0
2010-12-04,0.205000526008182,4779800,979861.5142139083,470976.3083566236,0.5193440077759731,584115.7015679945,729.0,0.0,0,0.0,0.0
2010-12-05,0.202850017533606,4791750,972006.5715166564,473856.70834694384,0.5124963943324289,472289.809351852,695.0,0.0,0,0.0,0.0
2010-12-06,0.204,4803800,979975.2,480364.4018519236,0.5098198384490509,3744927.146027853,734.0,0.0,0,0.0,0.0
2010-12-07,0.233420385739334,4815750,1124094.2226241976,485842.58968861017,0.5677919342433673,2100434.800550068,1142.0,0.0,0,0.0,0.0
2010-12-08,0.2388,4827650,1152842.82,489018.7794961891,0.5758148717132237,168804.0727043985,903.0,0.0,0,0.0,0.0
2010-12-09,0.199991694330801,4838800,967719.8105278799,490844.3057332345,0.49278262117473376,456374.86069552926,835.0,0.0,0,0.0,0.0
2010-12-10,0.204,4846150,988614.6,492635.5840360756,0.501690968314573,563305.0056143517,636.0,0.0,0,0.0,0.0
2010-12-11,0.228,4854900,1106917.2,495066.4827752435,0.5527520190532377,791089.9016468537,1070.0,0.0,0,0.0,0.0
2010-12-12,0.219853611922852,4863450,1069247.0489061945,497080.3207320301,0.5351118142055876,205147.88765641616,1194.0,0.0,0,0.0,0.0
2010-12-13,0.227605236703682,4870500,1108551.305365283,500211.2820123879,0.5487702918291533,1644298.5494300108,1676.0,0.0,0,0.0,0.0
2010-12-14,0.24669,4879050,1203612.8445,502813.1572467777,0.5822467668532947,136818.63903593115,1131.0,0.0,0,0.0,0.0
2010-12-15,0.24,4888850,1173324.0,506839.4039455524,0.56803116279429,824346.064891664,1093.0,0.0,0,0.0,0.0
2010-12-16,0.24996,4897500,1224179.0999999999,509610.4287597308,0.5837125231432795,219146.36990261692,949.0,0.0,0,0.0,0.0
2010-12-17,0.242655815312683,4905800,1190420.8987609602,511677.0150855136,0.5701713439187027,113458.60208953237,796.0,0.0,0,0.0,0.0
2010-12-18,0.241,4913850,1184237.8499999999,514205.2701476078,0.565792234940297,579569.9035186768,858.0,0.0,0,0.0,0.0
2010-12-19,0.2401,4923050,1182024.305,516251.8008032619,0.5632477279701436,732833.4735319354,1088.0,0.0,0,0.0,0.0
2010-12-20,0.267,4931000,1316577.0,521289.599477985,0.604056884270358,3126578.936280617,1461.0,0.0,0,0.0,0.0
2010-12-21,0.241436002337814,4940750,1192874.9285505547,528688.4350320997,0.5567947465586341,7991553.292877329,1088.0,0.0,0,0.0,0.0
2010-12-22,0.25,4948650,1237162.5,530801.6001852427,0.5709524010101804,193050.5423810521,1210.0,0.0,0,0.0,0.0
2010-12-23,0.249970127995324,4955900,1238826.9573320262,532988.8511870158,0.5697632764346071,226595.08855266203,1018.0,0.0,0,0.0,0.0
2010-12-24,0.248,4963300,1230898.4,534845.1294810311,0.5654839347577094,205012.30341047538,851.0,0.0,0,0.0,0.0
2010-12-25,0.2499,4971700,1242427.83,537650.1715307666,0.5672584285794962,453373.5560116667,1076.0,0.0,0,0.0,0.0
2010-12-26,0.264962127410871,4978950,1319233.184272356,540149.8012869997,0.5905577514827844,376767.27934842516,1028.0,0.0,0,0.0,0.0
2010-12-27,0.264785388661601,4987250,1320550.9296025697,542898.1516480397,0.5888851088754076,1297094.372274722,1140.0,0.0,0,0.0,0.0
2010-12-28,0.281,4995700,1403791.7000000002,546219.0052905992,0.61089739646516,350401.12307423993,1030.0,0.0,0,0.0,0.0
2010-12-29,0.3,5003950,1501185.0,554800.1536940916,0.630425194966582,1506117.2978235178,990.0,0.0,0,0.0,0.0
2010-12-30,0.3,5012400,1503720.0,558417.1422662039,0.6286428708361903,477292.94705880154,1091.0,0.0,0,0.0,0.0
2010-12-31,0.3,5020500,1506150.0,561335.8984766919,0.6273041207869787,585431.4605044662,898.0,0.0,0,0.0,0.0
2011-01-01,0.3,5029550,1508865.0,564347.9591382372,0.625978494339628,118666.81625120829,1077.0,0.0,0,0.0,0.0
2011-01-02,0.29997,5038300,1511338.851,568745.711723896,0.6236808764973012,1469862.9098016638,1051.0,0.0,0,0.0,0.0
2011-01-03,0.295,5046100,1488599.5,572084.6190450232,0.6156893650407492,532790.2934131209,1398.0,0.0,0,0.0,0.0
2011-01-04,0.29895,5053150,1510639.1925,574477.8253180082,0.6197120873268961,133619.19895386018,1078.0,0.0,0,0.0,0.0
2011-01-05,0.298916302162478,5060850,1512770.5677989768,577390.2671255048,0.6183226462651336,351778.62576651503,1540.0,0.0,0,0.0,0.0
2011-01-06,0.298,5067900,1510234.2,579967.8239692026,0.6159749104018419,537014.8633931284,1161.0,0.0,0,0.0,0.0
2011-01-07,0.32,5076100,1624352.0,583780.4289069404,0.640607190493846,613064.3941400734,1254.0,0.0,0,0.0,0.0
2011-01-08,0.3229,5084600,1641817.34,587950.5732537376,0.6418903863850424,884666.0812555556,1473.0,0.0,0,0.0,0.0
2011-01-09,0.323,5092750,1644958.25,591358.3085855248,0.6405025424897411,386254.2763519703,1383.0,0.0,0,0.0,0.0
2011-01-10,0.32659,5100850,1665886.6014999999,599179.2328722343,0.6403241179005099,2064267.9143909742,1437.0,0.0,0,0.0,0.0
2011-01-11,0.32659,5109450,1668695.2755,611247.7915235938,0.6336971761722987,9101735.361094173,1552.0,0.0,0,0.0,0.0
2011-01-12,0.318799621274109,5117800,1631552.701756635,614293.0182754664,0.6234917709896353,275739.85840107984,1263.0,0.0,0,0.0,0.0
2011-01-13,0.3176,5127200,1628398.72,622224.3505434745,0.6178918941035064,2216776.2522780253,1696.0,0.0,0,0.0,0.0
2011-01-14,0.399990005844535,5136250,2054448.6675189927,631288.320763069,0.6927212975705888,1410380.8357604914,1607.0,0.0,0,0.0,0.0
2011-01-15,0.386,5144100,1985622.6,635636.6818495491,0.6798804154175375,270223.95697101345,1422.0,0.0,0,0.0,0.0
2011-01-16,0.38679,5152800,1993051.512,643265.6149142536,0.6772458659291022,1776900.5582820137,1536.0,0.0,0,0.0,0.0
2011-01-17,0.3495,5161850,1804066.575,648709.6784504633,0.6404181046087707,718078.4165219414,1348.0,0.0,0,0.0,0.0
2011-01-18,0.31299,5168900,1617814.011,651153.7472150959,0.5975101323219435,818363.1895487207,1416.0,0.0,0,0.0,0.0
2011-01-19,0.31299,5177350,1620458.7765,658059.5561413438,0.5939054015538273,3771322.8313990664,1545.0,0.0,0,0.0,0.0
2011-01-20,0.39,5186650,2022793.5,664624.7909650537,0.6714322094840359,618661.090960852,1453.0,0.0,0,0.0,0.0
2011-01-21,0.41991,5195350,2181579.4185,671435.7722655343,0.69222492357065,612959.9891904789,1969.0,0.0,0,0.0,0.0
2011-01-22,0.44003552893045,5203600,2289768.8783424897,679151.0694053364,0.7033975455649664,711948.3718536774,2196.0,0.0,0,0.0,0.0
2011-01-23,0.4424,5212100,2305833.04,691100.786883842,0.7002815143615767,2239381.838950911,1932.0,0.0,0,0.0,0.0
2011-01-24,0.4199,5221500,2192507.85,699073.1864507447,0.6811536221178206,1555813.1313990518,2058.0,0.0,0,0.0,0.0
2011-01-25,0.41,5229300,2144013.0,704024.7100951137,0.6716322568496023,435098.2156620942,1445.0,0.0,0,0.0,0.0
2011-01-26,0.415085129748685,5238300,2174340.435162537,714209.2194372215,0.6715283366452997,3091889.7016079854,1586.0,0.0,0,0.0,0.0
2011-01-27,0.4212,5246300,2209741.56,800207.5366958004,0.6378727941851262,29651878.071759254,1653.0,0.0,0,0.0,0.0
2011-01-28,0.444484044418469,5254200,2335408.06618352,806974.9762727658,0.654460825087622,1658237.5246951391,1690.0,0.0,0,0.0,0.0
2011-01-29,0.439,5262250,2310127.75,817127.0337125878,0.6462849148872447,2974154.5789986057,2077.0,0.0,0,0.0,0.0
2011-01-30,0.477142033898305,5270050,2514562.375745762,823347.9477907289,0.6725680954537695,451173.29185265355,3198.0,0.0,0,0.0,0.0
2011-01-31,0.525136870251315,5278550,2771961.2264650785,841509.3287121798,0.69642095976021,2116575.902670559,2229.0,0.0,0,0.0,0.0
2011-02-01,0.707510116890707,5286750,3740429.1104719453,870706.4381843822,0.7672175003272494,1643225.1766026434,1916.0,0.0,0,0.0,0.0
2011-02-02,0.725434821741671,5294650,3840923.478934538,904578.610013904,0.7644892914490367,1894288.4110396039,1490.0,0.0,0,0.0,0.0
2011-02-03,0.693898367621274,5302650,3679500.1790669486,914805.9657458594,0.7513776542394851,652902.8933482117,1266.0,0.0,0,0.0,0.0
2011-02-04,0.810958971361777,5312350,4308097.891513736,932440.4242006884,0.7835609942760476,981066.1590747364,1509.0,0.0,0,0.0,0.0
2011-02-05,0.911671477498539,5321300,4851277.433212976,956808.0601381488,0.8027719351633824,637012.0506742666,1525.0,0.0,0,0.0,0.0
2011-02-06,0.898,5330150,4786474.7,985815.6119551252,0.7940414033829271,1866740.4664834454,1393.0,0.0,0,0.0,0.0
2011-02-07,0.889421369959088,5340300,4749776.941992518,1033949.5279464754,0.7823161928288918,4828258.346463289,1398.0,0.0,0,0.0,0.0
2011-02-08,0.918,5348700,4910106.600000001,1046658.0820651876,0.7868359758085115,367015.25936354225,1427.0,0.0,0,0.0,0.0
2011-02-09,1.01605024547049,5358300,5444302.030304527,1084732.767374799,0.8007581575495134,2046037.3048115957,2088.0,0.0,0,0.0,0.0
2011-02-10,0.979652963179427,5367600,5258385.245161892,1105569.8423706114,0.7897510755059609,984803.6706770435,3549.0,0.0,0,0.0,0.0
2011-02-11,1.05406945353594,5376900,5667626.044717396,1136973.4248445297,0.7993915943158839,2592324.640964972,4310.0,0.0,0,0.0,0.0
2011-02-12,1.07870328404442,5386700,5810650.980162077,1154903.6471871354,0.8012436728466314,579765.777115809,3300.0,0.0,0,0.0,0.0
2011-02-13,1.05,5396600,5666430.0,1172697.397251369,0.7930447570602003,538034.4328515729,3266.0,0.0,0,0.0,0.0
2011-02-14,1.07001262419638,5406400,5784916.25145531,1215297.005697749,0.7899196889164961,7802094.222211675,4117.0,0.0,0,0.0,0.0
2011-02-15,1.05,5417650,5688532.5,1230439.0907022378,0.7836983280481851,556034.402749988,3410.0,0.0,0,0.0,0.0
2011-02-16,1.031687628872,5429250,5601290.0590533065,1244793.428741102,0.777766654535386,425352.5042786642,2982.0,0.0,0,0.0,0.0
2011-02-17,1.0399231975453,5440800,5658014.1332044685,1258989.3855318236,0.7774856414473496,270731.52468784404,3492.0,0.0,0,0.0,0.0
2011-02-18,0.898955914669784,5451400,4900568.27323086,1272731.494974614,0.7402889983337536,1040999.01235287,3608.0,0.0,0,0.0,0.0
2011-02-19,0.944028116890707,5459450,5153874.30275897,1283412.191687504,0.7509810840748545,607772.0329487277,2892.0,0.0,0,0.0,0.0
2011-02-20,0.865,5469350,4730987.75,1295816.0572162368,0.7261003144182234,903840.9189593748,3177.0,0.0,0,0.0,0.0
2011-02-21,0.835747428404442,5479050,4579101.947599358,1304616.4940891662,0.7150933722335828,553941.7438980327,3291.0,0.0,0,0.0,0.0
2011-02-22,0.877041779661017,5489600,4814608.553627119,1318239.825770897,0.7261999992132712,962621.6966560233,3781.0,0.0,0,0.0,0.0
2011-02-23,0.9,5501750,4951575.0,1330928.4507749612,0.7312110892443392,392352.90303966723,3798.0,0.0,0,0.0,0.0
2011-02-24,0.989095265926359,5512100,5451992.015312684,1348538.8973354667,0.7526520777088619,1435748.7782409224,3676.0,0.0,0,0.0,0.0
2011-02-25,0.914652001753361,5523349,5051943.133884426,1359048.4020871876,0.7309850158502836,665448.3908418687,3416.0,0.0,0,0.0,0.0
2011-02-26,0.958,5537150,5304589.7,1388176.161378129,0.7383065911057873,4315577.834439068,3581.0,0.0,0,0.0,0.0
2011-02-27,0.895033114552893,5549350,4966852.014244097,1413114.3824524854,0.7154909430762362,2455560.99093624,3633.0,0.0,0,0.0,0.0
2011-02-28,0.860220923436587,5556850,4780118.638398598,1430536.0171352422,0.700732110361493,1577842.4754670614,3028.0,0.0,0,0.0,0.0
2011-03-01,0.921096891876096,5563350,5124384.393418878,1608590.7625896037,0.6860909254474591,20050844.537043378,5194.0,0.0,0,0.0,0.0
2011-03-02,0.9399,5571750,5236887.825,1623449.4001911867,0.6899972933464186,817502.1130641614,3728.0,0.0,0,0.0,0.0
2011-03-03,0.939073383401519,5581050,5241015.506433047,1634747.9052967068,0.6880856575810267,280568.6123657445,4894.0,0.0,0,0.0,0.0
2011-03-04,0.9011,5592100,5039041.3100000005,1645914.5766397382,0.6733675166795293,930097.1459100477,3281.0,0.0,0,0.0,0.0
2011-03-05,0.90784060666277,5605950,5089309.048921156,1663359.1689110207,0.6731660127294443,1366925.0695020591,3610.0,0.0,0,0.0,0.0
2011-03-06,0.884770973115138,5619650,4972103.199066485,1674653.915959115,0.6631900326860609,234002.45136232578,3316.0,0.0,0,0.0,0.0
2011-03-07,0.877583864406779,5630200,4940972.673383048,1682517.0193048802,0.6594765584580995,313822.6080473704,3409.0,0.0,0,0.0,0.0
2011-03-08,0.866071591466979,5639549,4884254.043657601,1693901.880321235,0.6531912826031573,940684.9769347563,3867.0,0.0,0,0.0,0.0
2011-03-09,0.86,5647550,4856893.0,1700345.8770403084,0.6499107810198189,133632.2968985813,3384.0,0.0,0,0.0,0.0
2011-03-10,0.920670309760374,5653050,5204595.294590882,1708925.415269906,0.6716506628198381,382868.0301130692,2912.0,0.0,0,0.0,0.0
2011-03-11,0.88,5659550,4980404.0,1714926.867255515,0.6556651092450502,673338.9911033703,3048.0,0.0,0,0.0,0.0
2011-03-12,0.917815513150205,5666550,5200847.496041294,1734162.2055231628,0.6665616119597532,1858915.9908532135,3232.0,0.0,0,0.0,0.0
2011-03-13,0.89249,5672399,5062560.276,1744711.1895348006,0.6553697942509592,867176.9104740006,2893.0,0.0,0,0.0,0.0
2011-03-14,0.893924922852133,5678000,5075705.711954411,1762742.0799576098,0.652709952075046,3344991.1121023754,2900.0,0.0,0,0.0,0.0
2011-03-15,0.87224,5683600,4957463.264,1772721.277882395,0.6424136330458554,1394562.7275397878,3299.0,0.0,0,0.0,0.0
2011-03-16,0.851211665692578,5690400,4843734.862457046,1792148.7361364388,0.6300068465705927,5558007.43260888,3166.0,0.0,0,0.0,0.0
2011-03-17,0.82542,5697450,4702789.1790000005,1802436.2248830013,0.6167303792966814,1254091.1484685123,3225.0,0.0,0,0.0,0.0
2011-03-18,0.801959208065459,5703450,4573934.245240942,1805756.0819029247,0.605207249364862,380615.11247885745,3094.0,0.0,0,0.0,0.0
2011-03-19,0.765,5709200,4367538.0,1810111.6804954528,0.5855533070358053,376730.15850292833,3176.0,0.0,0,0.0,0.0
2011-03-20,0.7415,5716050,4238451.075,1814345.9641628936,0.5719318373486489,201472.48939094273,4449.0,0.0,0,0.0,0.0
2011-03-21,0.75897,5723450,4343926.8465,1822373.643094736,0.5804778239847516,1108804.3620403754,4652.0,0.0,0,0.0,0.0
2011-03-22,0.809130292811222,5729400,4635831.099632615,1827024.2046759876,0.6058906881183016,748875.5732626957,3862.0,0.0,0,0.0,0.0
2011-03-23,0.84971,5737250,4874998.6975,1840017.1594071367,0.6225604818416186,1483189.9201931416,6864.0,0.0,0,0.0,0.0
2011-03-24,0.872374365867914,5744850,5011659.875756285,1862005.4604773724,0.6284653175518248,3630050.9975591814,4388.0,0.0,0,0.0,0.0
2011-03-25,0.88377,5753500,5084770.694999999,1871193.4022195616,0.6320004353274848,414414.72455269383,4170.0,0.0,0,0.0,0.0
2011-03-26,0.8552,5760400,4926294.08,1888736.0942490613,0.6166010263339656,3124900.682146658,4828.0,0.0,0,0.0,0.0
2011-03-27,0.822,5767550,4740926.1,1896786.0657583168,0.5999123323693409,1546173.4550052343,4772.0,0.0,0,0.0,0.0
2011-03-28,0.794740500292227,5775950,4590381.392662888,1903213.825273399,0.5853909158146571,689847.1249093775,5336.0,0.0,0,0.0,0.0
2011-03-29,0.792509941554646,5784099,4583956.752946228,1909194.722254664,0.5835050753854572,386257.82659923495,4653.0,0.0,0,0.0,0.0
2011-03-30,0.789706312098189,5791900,4573899.989041501,1914675.332556978,0.5813910804468171,335125.1627557968,3662.0,0.0,0,0.0,0.0
2011-03-31,0.78461,5801950,4552267.9895,1921866.915928212,0.5778221052976056,515150.06337922177,4159.0,0.0,0,0.0,0.0
2011-04-01,0.77411,5810750,4498159.6825,1928821.0838184925,0.5711977297465601,480129.14104509074,3279.0,0.0,0,0.0,0.0
2011-04-02,0.78199,5819750,4550986.3025,1934014.251116442,0.5750340426087358,253693.87614830377,3304.0,0.0,0,0.0,0.0
2011-04-03,0.779,5828500,4540401.5,1940673.004662344,0.5725767854093202,277654.20681973296,3626.0,0.0,0,0.0,0.0
2011-04-04,0.68,5837400,3969432.0000000005,1950888.4078126391,0.5085220233492754,3101372.2320393655,4621.0,0.0,0,0.0,0.0
2011-04-05,0.715691834599649,5847100,4184721.726087608,1961918.9029133103,0.5311709998104096,2204996.16548344,4306.0,0.0,0,0.0,0.0
2011-04-06,0.74,5854500,4332330.0,1967523.074872324,0.5458510605442511,889458.3596925257,3867.0,0.0,0,0.0,0.0
2011-04-07,0.7538,5861850,4418662.53,1973423.239274952,0.5533890117480974,634825.355186072,3423.0,0.0,0,0.0,0.0
2011-04-08,0.74999,5870150,4402553.7985000005,1980194.2929952336,0.5502169005476076,1055637.7300014887,3649.0,0.0,0,0.0,0.0
2011-04-09,0.734060517241379,5877950,4314771.017318964,1985398.03031465,0.5398601635299985,215577.6695120824,3615.0,0.0,0,0.0,0.0
2011-04-10,0.733156820572765,5886599,4315800.939983638,1990739.440207412,0.53873233082549,244612.0275651814,3513.0,0.0,0,0.0,0.0
2011-04-11,0.770113933372297,5894750,4539629.108746348,1998205.078525744,0.5598307635582231,485307.49101747887,4060.0,0.0,0,0.0,0.0
2011-04-12,0.861381607831677,5902900,5084649.492869606,2011803.3974324423,0.6043378407393333,1619413.3001582383,4330.0,0.0,0,0.0,0.0
2011-04-13,0.930320058445353,5912600,5500610.377563994,2028155.9537081225,0.6312852911777559,1492287.5063304706,4672.0,0.0,0,0.0,0.0
2011-04-14,0.998629766218586,5920600,5912487.3938737605,2049664.278645625,0.6533329980932576,1133425.3653043853,5966.0,0.0,0,0.0,0.0
2011-04-15,0.983673136762127,5927400,5830624.150843832,2067717.5984338184,0.6453694244492556,2939981.4628745047,4147.0,0.0,0,0.0,0.0
2011-04-16,1.04663285797779,5936050,6212864.97659906,2093848.6513107456,0.6629817871147549,2703667.097477028,5369.0,0.0,0,0.0,0.0
2011-04-17,1.09812209789597,5945050,6528390.7780964365,2118590.2292057043,0.6754804819108197,802436.0192169577,4349.0,0.0,0,0.0,0.0
2011-04-18,1.14943331151373,5952450,6841944.315119903,2152588.743325649,0.6853834751959793,2960356.405929173,5540.0,0.0,0,0.0,0.0
2011-04-19,1.18516222092344,5960150,7063744.611036841,2186587.0305185146,0.69044930827453,1835988.524561521,6348.0,0.0,0,0.0,0.0
2011-04-20,1.14212598480421,5967350,6815465.495421403,2199602.0351333376,0.6772631250776605,1371112.858647119,5387.0,0.0,0,0.0,0.0
2011-04-21,1.20733887200468,5974700,7213487.558566362,2222240.0983800096,0.6919326358661293,832636.6207277286,4047.0,0.0,0,0.0,0.0
2011-04-22,1.40450508182349,5983500,8403856.157090854,2276672.3856288823,0.7290919379066343,2878718.6399959065,4248.0,0.0,0,0.0,0.0
2011-04-23,1.82885230099357,5992100,10958665.872783571,2370753.4627760407,0.7836640435708572,4547554.97334894,4936.0,0.0,0,0.0,0.0
2011-04-24,1.63198421975453,6000199,9792231.71537113,2412919.6846389463,0.7535883795671092,1793595.0109987252,4657.0,0.0,0,0.0,0.0
2011-04-25,1.56448363530099,6009800,9402233.75143189,2438111.505496828,0.7406880566944507,2013774.2250202615,5074.0,0.0,0,0.0,0.0
2011-04-26,1.77084089012274,6019550,10659665.28013834,2477987.2947339537,0.7675361064712724,1697521.793296417,6147.0,0.0,0,0.0,0.0
2011-04-27,1.9031759585038,6028700,11473676.90103186,2531243.538612027,0.7793868904932834,2139226.8672083532,7489.0,0.0,0,0.0,0.0
2011-04-28,2.28574446580947,6036900,13798810.76564519,2615484.616128929,0.8104557950283162,3628268.182913667,6221.0,0.0,0,0.0,0.0
2011-04-29,2.85060509000585,6046900,17237323.918756377,3387845.544506546,0.8034587294133201,27491948.226295955,6747.0,0.0,0,0.0,0.0
2011-04-30,3.5,6056350,21197225.0,3812753.460480237,0.8201295942992427,3629602.8551407494,8157.0,0.0,0,0.0,0.0
2011-05-01,3.0942275534775,6065300,18767418.38010708,3898128.464756128,0.792292771131056,2456166.8905372447,7490.0,0.0,0,0.0,0.0
2011-05-02,3.2,6075150,19440480.0,3969001.118037415,0.7958383168503341,2651926.632292187,5987.0,0.0,0,0.0,0.0
2011-05-03,3.36058570368206,6084950,20448995.97762015,4103042.7555275015,0.799352361357107,3853682.139082379,6050.0,0.0,0,0.0,0.0
2011-05-04,3.40867304734074,6094800,20775180.48893234,4412131.626909843,0.7876248714536879,9058473.293646216,6372.0,0.0,0,0.0,0.0
2011-05-05,3.34373668439509,6105750,20416020.26074532,4488080.940878882,0.7801686673720494,1345705.4796062957,7096.0,0.0,0,0.0,0.0
2011-05-06,3.45507558445354,6116650,21133488.073647745,4680116.251871964,0.7785450165366785,4031443.8059544256,6852.0,0.0,0,0.0,0.0
2011-05-07,3.64126297779077,6127350,22311292.706966273,4762845.710152129,0.7865275771912122,1694090.6696603731,7278.0,0.0,0,0.0,0.0
2011-05-08,3.84866837697253,6138300,23624281.09837048,4920287.753760688,0.7917275140236936,2915026.846977162,6400.0,0.0,0,0.0,0.0
2011-05-09,3.80408958211572,6150250,23396101.952407207,5019055.235564414,0.785474723705074,1850254.473200668,7565.0,0.0,0,0.0,0.0
2011-05-10,5.65166700233781,6159399,34810877.7341995,5659799.121458261,0.8374129154491883,4245492.489535197,7165.0,0.0,0,0.0,0.0
2011-05-11,5.43975104383402,6168950,33557552.20185988,5933091.75752414,0.8231965275108681,5808562.603173544,7085.0,0.0,0,0.0,0.0
2011-05-12,6.3348786943308,6177400,39133079.646359086,6395033.138533964,0.8365824209000389,10312234.902354961,7229.0,0.0,0,0.0,0.0
2011-05-13,8.13903486732905,6187750,50362313.00031533,7508536.222891931,0.8509096231770585,7713855.406409754,9451.0,0.0,0,0.0,0.0
2011-05-14,7.00724382933957,6199850,43443860.65533093,7636334.187514387,0.8242252398308128,4080828.7113841404,8975.0,0.0,0,0.0,0.0
2011-05-15,6.92492484453536,6210850,43009669.47068244,8106025.713619338,0.8115301555817626,2987539.020711224,8317.0,0.0,0,0.0,0.0
2011-05-16,7.88514074517826,6223200,49070807.88539335,8824917.262090549,0.8201595277847991,14614932.222521698,11771.0,0.0,0,0.0,0.0
2011-05-17,7.25719954061952,6236050,45256259.19528036,9084769.439055491,0.7992593820038287,1907446.8331973157,10497.0,0.0,0,0.0,0.0
2011-05-18,6.76316336236119,6250449,42272814.3706388,9261256.31409006,0.7809169686955454,2170005.4327314,12939.0,0.0,0,0.0,0.0
2011-05-19,6.89014363237873,6258999,43125408.92615697,9448281.174868124,0.7809114995049373,5373105.936009576,11998.0,0.0,0,0.0,0.0
2011-05-20,5.61809621858562,6269999,35225463.23435082,9597063.866218109,0.7275532247121923,2987541.277862221,11600.0,0.0,0,0.0,0.0
2011-05-21,6.08480066744594,6280999,38218632.93137988,9504512.526404088,0.751312074833522,4012969.9898628504,10772.0,0.0,0,0.0,0.0
2011-05-22,6.71195603974284,6293599,42242366.46460591,9830574.380031465,0.7672816368309214,1277156.3643246188,10834.0,0.0,0,0.0,0.0
2011-05-23,7.06525678375219,6307899,44566933.1955778,10052234.925746905,0.7744463393603142,1613605.6112426794,12092.0,0.0,0,0.0,0.0
2011-05-24,7.40266058211573,6322849,46805912.38760376,10292984.15614543,0.7800922227322833,3686666.9278314877,13185.0,0.0,0,0.0,0.0
2011-05-25,8.56928963705436,6338199,54313871.49188497,10580290.775187846,0.8052009461934849,2479900.9646199476,14562.0,0.0,0,0.0,0.0
2011-05-26,8.78215543424898,6352999,55793033.38596212,10891152.292502044,0.8047936878219221,2014747.2697503837,14476.0,0.0,0,0.0,0.0
2011-05-27,8.52865846814728,6361349,54253781.46106202,11539918.041384969,0.7872974430424323,2798138.3710538773,10813.0,0.0,0,0.0,0.0
2011-05-28,8.34926911981298,6369099,53177329.867508076,11651955.887173554,0.7808849012125179,1567523.7122405984,11640.0,0.0,0,0.0,0.0
2011-05-29,8.40095347223846,6378099,53582121.2572745,11786402.060337082,0.7800310666361139,876355.6076486227,11196.0,0.0,0,0.0,0.0
2011-05-30,8.77934246464056,6385799,56063125.02290818,12012934.880355995,0.7857248436392487,2901681.677960968,12750.0,0.0,0,0.0,0.0
2011-05-31,8.72157642197545,6393299,55759654.451399796,12235186.167641057,0.7805727763556127,1995654.082420893,14046.0,0.0,0,0.0,0.0
2011-06-01,9.62377723202805,6402699,61618158.38726813,12483797.70967152,0.7974006683028199,1843619.6296662611,13981.0,0.0,0,0.0,0.0
2011-06-02,10.7027602279369,6412199,68628239.02654928,12998092.637133224,0.8106013964294665,12683566.282775585,15519.0,0.0,0,0.0,0.0
2011-06-03,14.2646467738165,6422299,91611840.8328351,14365850.622010725,0.8431878402244508,16300488.379213098,17815.0,0.0,0,0.0,0.0
2011-06-04,18.3127387258913,6433499,117815004.40989411,15321568.81271507,0.8699523130397782,2640581.1204652083,19418.0,0.0,0,0.0,0.0
2011-06-05,16.5433423962595,6443899,106603643.90182301,16326951.57120696,0.8468443387709775,9300500.760674605,17861.0,0.0,0,0.0,0.0
2011-06-06,18.4020986440678,6455549,118795667.7176907,19832953.60907112,0.8330498578769497,10379207.014396058,20962.0,0.0,0,0.0,0.0
2011-06-07,23.2378784628872,6464049,150210808.045647,20902396.62597031,0.8608462540217588,4442648.642223937,18964.0,0.0,0,0.0,0.0
2011-06-08,29.0299213267095,6473299,187919389.4338891,25523929.17826389,0.8641761807807313,22160532.418565705,27306.0,0.0,0,0.0,0.0
2011-06-09,28.7905440181181,6484399,186689403.3431793,28301764.426977582,0.8484018700571224,10682904.343578126,26278.0,0.0,0,0.0,0.0
2011-06-10,24.0493992285213,6495549,156214074.9183273,30503256.95047353,0.8047342599159428,15127681.522930358,24145.0,0.0,0,0.0,0.0
2011-06-11,14.7497466277031,6508149,95993563.36758831,30285699.286099102,0.6845028122341283,18537447.376814213,23770.0,0.0,0,0.0,0.0
2011-06-12,18.8501447311514,6519799,122899173.42965926,34173583.80515524,0.7219380500983246,12028951.720080132,27014.0,0.0,0,0.0,0.0
2011-06-13,19.5423291145529,6531149,127633882.60108869,35415751.171047546,0.7225207723113998,15939757.045261268,25809.0,0.0,0,0.0,0.0
2011-06-14,19.2577355055523,6543499,126012992.08800393,38151965.46508255,0.6972378416470082,52413656.266023755,29778.0,0.0,0,0.0,0.0
2011-06-15,19.4641426241964,6557449,127635141.85639505,40740928.76405149,0.6808016336919972,21754307.14274941,27541.0,0.0,0,0.0,0.0
2011-06-16,17.9293625423729,6566449,117732262.48707072,41564313.23992624,0.646959020731545,20030425.631400563,28868.0,0.0,0,0.0,0.0
2011-06-17,15.4363689129164,6575749,101505702.72474617,41914452.88100335,0.5870729254033824,7660537.048088083,26054.0,0.0,0,0.0,0.0
2011-06-18,16.8754045353594,6585599,111134663.93930866,42360929.07233289,0.6188324365162389,1615513.8836357603,26115.0,0.0,0,0.0,0.0
2011-06-19,17.5107167913501,6596749,115513820.81823142,43008524.68174666,0.6276763734668305,18526649.22888846,27766.0,0.0,0,0.0,0.0
2011-06-20,17.5107167913501,6608449,115718696.20469022,43418903.96506451,0.6247892052960696,2561634.8945312155,25961.0,0.0,0,0.0,0.0
2011-06-21,17.5107167913501,6621099,115940206.77210079,44033512.93372245,0.6202049818638202,2275754.0465795887,24996.0,0.0,0,0.0,0.0
2011-06-22,17.5107167913501,6634099,116167846.09038834,44298291.87307249,0.6186699386798934,748912.3775284955,26764.0,0.0,0,0.0,0.0
2011-06-23,17.5107167913501,6646099,116377974.69188455,44594694.013567865,0.6168115648030983,2523442.447229097,24369.0,0.0,0,0.0,0.0
2011-06-24,17.5107167913501,6656899,116567090.43323113,44966411.09606557,0.6142443726703289,3041655.886092769,25212.0,0.0,0,0.0,0.0
2011-06-25,17.5107167913501,6664049,116692292.05828929,45159707.93454714,0.6130017918236682,1101974.002608543,22628.0,0.0,0,0.0,0.0
2011-06-26,16.3613420157802,6671499,109154693.094664,45488308.66099589,0.5832674952276553,6669370.4469777355,23539.0,0.0,0,0.0,0.0
2011-06-27,16.7522858132671,6679949,111904431.45081054,46289294.93562762,0.5863497599201436,13038996.788567608,30137.0,0.0,0,0.0,0.0
2011-06-28,16.9618353071303,6687949,113439906.27270357,46910246.98360581,0.5864749141202916,8427359.529945252,26180.0,0.0,0,0.0,0.0
2011-06-29,16.8545683179427,6696549,112867459.30097334,47284917.94037988,0.5810580105795639,2825745.8543794435,24333.0,0.0,0,0.0,0.0
2011-06-30,16.1852627808299,6706099,108539990.5726706,47715435.08566514,0.5603884353231235,2458623.156211075,23459.0,0.0,0,0.0,0.0
2011-07-01,15.4203573991818,6714749,103543844.69195226,47697735.65960141,0.5393474541967763,1603688.982188011,30214.0,0.0,0,0.0,0.0
2011-07-02,15.38284406955,6723199,103421937.09456997,47728278.097644985,0.5385091457530735,892204.87945639,32230.0,0.0,0,0.0,0.0
2011-07-03,15.4575505604909,6731449,104051728.56584081,47903183.45475737,0.5396214544917851,1262126.951003068,22246.0,0.0,0,0.0,0.0
2011-07-04,13.8527968123904,6739949,93367157.73714256,47800312.79106404,0.48803932828675467,1244505.6261100983,23558.0,0.0,0,0.0,0.0
2011-07-05,12.9648177147867,6746899,87472328.51024607,47963118.02707821,0.4516766748531217,5841837.253130534,23298.0,0.0,0,0.0,0.0
2011-07-06,14.7147835832846,6754749,99394684.26204367,48137287.81441371,0.5156955508052644,1274183.6803514059,26919.0,0.0,0,0.0,0.0
2011-07-07,14.7972891613092,6761299,100048911.05838685,48285385.74324661,0.5173821960434124,1115668.0960113741,22941.0,0.0,0,0.0,0.0
2011-07-08,14.2990376969608,6769549,96798050.49847047,48357130.16900253,0.5004328091321774,1259025.395788806,24626.0,0.0,0,0.0,0.0
2011-07-09,14.3815006697838,6776999,97463429.89530967,48436716.67779502,0.5030267585511478,569300.4151594018,22762.0,0.0,0,0.0,0.0
2011-07-10,14.6229375511397,6783849,99199814.76006953,48756087.81523034,0.5085062614970133,5011481.806954392,28708.0,0.0,0,0.0,0.0
2011-07-11,14.3101554330801,6791699,97190282.51174842,48903719.46167317,0.49682500968384713,2313660.5483105434,25850.0,0.0,0,0.0,0.0
2011-07-12,14.0212726215663,6798749,95327127.09566101,49004722.805105634,0.48593098000394713,990879.586124823,23044.0,0.0,0,0.0,0.0
2011-07-13,13.9714545225015,6808299,95121853.68583228,49165356.73660904,0.48313289920745234,711975.6795007363,27175.0,0.0,0,0.0,0.0
2011-07-14,13.997974547633,6815499,95403195.38941282,49280027.737756535,0.4834551658714642,1012598.997427682,28843.0,0.0,0,0.0,0.0
2011-07-15,13.8063904056108,6823599,94209285.43366182,49396039.66769436,0.475677589100525,700539.5142304719,24433.0,0.0,0,0.0,0.0
2011-07-16,13.7130792992402,6831449,93680215.44166353,49484617.23837325,0.47177088561257347,504449.3932227336,24053.0,0.0,0,0.0,0.0
2011-07-17,13.2581353109293,6839949,90684982.48740938,49593405.03400699,0.45312439090019685,1156621.731328109,24674.0,0.0,0,0.0,0.0
2011-07-18,13.6305212504383,6848449,93347943.12125883,48157906.60471609,0.48410318433948724,13255713.704868475,27882.0,0.0,0,0.0,0.0
2011-07-19,13.8247948386908,6855549,94776572.11813863,48339648.69091031,0.48996204852550346,1782705.5818443154,24900.0,0.0,0,0.0,0.0
2011-07-20,13.6783305920514,6862999,93874382.71646532,47915503.56760696,0.4895784964857861,4741687.7976344805,25886.0,0.0,0,0.0,0.0
2011-07-21,13.6118084418469,6870599,93521290.94443509,48001658.63094176,0.4867301536773957,366529.61499550845,25435.0,0.0,0,0.0,0.0
2011-07-22,13.6985473310929,6878149,94220663.18837102,48088189.32262206,0.48962162125221337,607045.303081039,24454.0,0.0,0,0.0,0.0
2011-07-23,13.6817183424898,6885449,94204787.42447907,48192345.41703004,0.48842997543342176,430777.5015437463,21907.0,0.0,0,0.0,0.0
2011-07-24,13.992515176505,6893749,96460901.35810605,48343503.80103133,0.4988279901972033,812149.4499239406,23227.0,0.0,0,0.0,0.0
2011-07-25,14.0334253787259,6901999,96858701.82363176,48489531.2051177,0.49937867953866033,973686.4286779565,26960.0,0.0,0,0.0,0.0
2011-07-26,13.8780323232028,6910799,95908305.64040945,48620955.17188353,0.49304750149399096,700702.0675724233,23820.0,0.0,0,0.0,0.0
2011-07-27,13.878224755114,6919499,96030376.05422893,48768957.73800552,0.4921507158269859,744197.6534289609,23479.0,0.0,0,0.0,0.0
2011-07-28,13.4915910756867,6927249,93459624.14413464,48793032.3529419,0.47792393988560605,1622644.161823143,25901.0,0.0,0,0.0,0.0
2011-07-29,13.5123163901227,6935449,93713994.57275319,48916214.521838285,0.478026577088622,959221.6429175002,22221.0,0.0,0,0.0,0.0
2011-07-30,13.5402806738749,6943049,94010845.59734417,49068646.97058184,0.4780533388589365,1670420.287856563,19760.0,0.0,0,0.0,0.0
2011-07-31,13.3729061022794,6951799,92965768.50809674,49131797.47851864,0.4715065742264093,1790242.474898052,24137.0,0.0,0,0.0,0.0
2011-08-01,13.0191138468732,6960049,90613683.19973855,49166842.40680292,0.4574015681668617,1463089.4745476148,23757.0,0.0,0,0.0,0.0
2011-08-02,12.2141564389246,6967749,85105188.4051752,49188839.67288131,0.42202302122052326,1491918.8307716744,21703.0,0.0,0,0.0,0.0
2011-08-03,9.28635691350088,6975599,64777911.19295307,48760854.87576309,0.24726108054766074,2181882.26544063,18410.0,0.0,0,0.0,0.0
2011-08-04,10.7685037481005,6982049,75186231.48673995,48803915.15112439,0.35089292033832575,2667653.1213953546,18966.0,0.0,0,0.0,0.0
2011-08-05,9.73015395967271,6989049,68004532.43454891,48647775.77395893,0.2846392139997423,1987291.63537469,21510.0,0.0,0,0.0,0.0
2011-08-06,6.964169735827,6995149,48715411.85792848,48133032.03376504,0.011954734691802756,2938781.9758334365,20231.0,0.0,0,0.0,0.0
2011-08-07,8.50179329222677,7001449,59524880.5608431,47989153.97957928,0.19379671949904428,1854737.9191716947,20060.0,0.0,0,0.0,0.0
2011-08-08,7.77533763793104,7008249,54491509.92327676,47253940.81718129,0.13282012402089538,3050238.244568592,24628.0,0.0,0,0.0,0.0
2011-08-09,9.80249948100526,7015549,68769925.13594136,47457799.61046893,0.30990473645774014,599186.1723554459,23668.0,0.0,0,0.0,0.0
2011-08-10,10.0512531274109,7023149,70591458.30126323,47505318.852914505,0.32703870983687555,847535.091539839,19710.0,0.0,0,0.0,0.0
2011-08-11,9.43841299473992,7029999,66352043.25863741,47469228.16798136,0.2845852842398787,950270.2571318303,18290.0,0.0,0,0.0,0.0
2011-08-12,9.45299328521333,7036549,66516459.80653783,47513316.23129558,0.285690844499431,401771.1190590227,17126.0,0.0,0,0.0,0.0
2011-08-13,10.0040247445938,7043049,70458846.37737101,47600875.941985086,0.3244159053209695,1020271.6056701445,19184.0,0.0,0,0.0,0.0
2011-08-14,10.8068207665108,7049649,76184303.90856454,47691439.99863633,0.37399913693672376,709171.7183748883,21506.0,0.0,0,0.0,0.0
2011-08-15,11.1306965499708,7056099,78539307.81494188,47840611.736114055,0.39087046897792355,1190448.9994079366,19220.0,0.0,0,0.0,0.0
2011-08-16,10.9919655669199,7063449,77641199.0737406,47978736.09439455,0.38204540029287537,796303.8983605524,20992.0,0.0,0,0.0,0.0
2011-08-17,10.9639640561075,7070249,77517966.7580543,48105818.51445289,0.3794236287879083,922336.7332644243,20363.0,0.0,0,0.0,0.0
2011-08-18,10.8584714558738,7077449,76850288.6967892,48202611.48058947,0.37277253868529225,1214997.7676909107,20675.0,0.0,0,0.0,0.0
2011-08-19,11.6704730432496,7083999,82673630.92167532,48336995.10189708,0.4153275408008708,863055.7320846145,22233.0,0.0,0,0.0,0.0
2011-08-20,11.4597317393337,7091599,81267833.48806143,48446459.910866745,0.40386672276696384,900690.2215573722,21113.0,0.0,0,0.0,0.0
2011-08-21,11.3544813407364,7099599,80612275.61314723,48527234.08666681,0.3980168191809189,408404.11274502403,22784.0,0.0,0,0.0,0.0
2011-08-22,10.9208958246639,7108049,77626273.45729317,48609489.87539517,0.3738010636033154,961356.758375703,25202.0,0.0,0,0.0,0.0
2011-08-23,10.9172450543542,7115799,77684932.24860106,48659061.81331276,0.3736357823213651,573728.1980225705,22694.0,0.0,0,0.0,0.0
2011-08-24,10.870444289889,7122499,77424739.34602986,48725453.50058392,0.3706733285491851,801438.1561038485,22129.0,0.0,0,0.0,0.0
2011-08-25,9.5460936735827,7129249,68056488.22692843,49139141.23019858,0.27796537096730006,13712020.146033123,23113.0,0.0,0,0.0,0.0
2011-08-26,8.12692016306254,7136599,57998578.354442835,49208489.500878975,0.1515569709285903,6126519.860961851,21536.0,0.0,0,0.0,0.0
2011-08-27,8.59649760666277,7142699,61402203.3691451,46526258.88609164,0.24227053211137198,22720930.17351346,20857.0,0.0,0,0.0,0.0
2011-08-28,9.03086639976622,7148499,64557148.368420064,46594838.79764863,0.27823889413861097,1267270.0678501758,18476.0,0.0,0,0.0,0.0
2011-08-29,8.96115727060199,7155399,64120664.64445382,46697193.410918936,0.2717294234260865,3108797.871967607,18891.0,0.0,0,0.0,0.0
2011-08-30,8.80994873816481,7162699,63103019.738753505,46726271.09937947,0.2595240086318178,403994.7222226183,17534.0,0.0,0,0.0,0.0
2011-08-31,8.19915176446523,7170449,58791607.687518105,46743108.82415178,0.20493569298878545,531635.3576368878,17029.0,0.0,0,0.0,0.0
2011-09-01,8.23428166510813,7176899,59096615.999971636,46727034.03241206,0.2093111721924232,565338.1586722891,16984.0,0.0,0,0.0,0.0
2011-09-02,8.6214244377557,7184699,61942348.07172904,46811113.69327054,0.24427931535524902,2273553.000287564,16099.0,0.0,0,0.0,0.0
2011-09-03,8.44965344067796,7191949,60769484.97818723,46859377.80012938,0.2288995403375689,454337.3762689439,14464.0,0.0,0,0.0,0.0
2011-09-04,8.20347060227937,7198649,59053913.569063604,46877807.60997024,0.20618626646739333,596288.4613756832,17537.0,0.0,0,0.0,0.0
2011-09-05,7.5973325251315,7206449,54749796.89976049,46838448.3648207,0.14450005265634885,2742398.868946768,18243.0,0.0,0,0.0,0.0
2011-09-06,6.84653002893045,7213999,49390867.5602389,46746703.54416665,0.05353548432505933,2881736.5976222875,18776.0,0.0,0,0.0,0.0
2011-09-07,7.16297027352426,7220799,51722375.6794342,46736578.10811772,0.09639537058810947,3039264.5849717814,16824.0,0.0,0,0.0,0.0
2011-09-08,6.67818000029223,7227249,48264876.340330146,46614325.2371646,0.034197769233407185,2617319.73288849,15802.0,0.0,0,0.0,0.0
2011-09-09,4.98677704178843,7234949,36079082.508619376,46483094.18533055,-0.2883668583929658,6909292.417061377,18605.0,0.0,0,0.0,0.0
2011-09-10,4.74284665517242,7241599,34345798.290668085,46428592.12142273,-0.3517983110626256,425521.5370169884,15938.0,0.0,0,0.0,0.0
2011-09-11,5.85290397253068,7247849,42420969.9987774,44658467.05862189,-0.05274507065512599,10899041.985011814,15421.0,0.0,0,0.0,0.0
2011-09-12,6.09062947223846,7254499,44184471.44544755,44602662.13587965,-0.009464653004810107,2087910.523725066,16637.0,0.0,0,0.0,0.0
2011-09-13,5.80252327703098,7261599,42135602.97046287,44514152.42862501,-0.05644987351502964,6495640.58085232,14870.0,0.0,0,0.0,0.0
2011-09-14,5.59743261016949,7268899,40687177.84408662,44504278.32758202,-0.09381580846237454,3635517.395400416,14793.0,0.0,0,0.0,0.0
2011-09-15,4.86775518468732,7276699,35421194.103736624,44455138.53856987,-0.2550434750555245,457044.31757668365,15457.0,0.0,0,0.0,0.0
2011-09-16,4.83116810052601,7282649,35183706.31898402,44373505.78046203,-0.26119475242775897,1477600.0305939668,14561.0,0.0,0,0.0,0.0
2011-09-17,4.775285635301,7289349,34808728.29792844,44367774.20188977,-0.27461634973117405,1475937.5034541732,13124.0,0.0,0,0.0,0.0
2011-09-18,5.23673227819988,7297249,38213744.564726695,44406767.31421821,-0.16206270335537856,415717.1463571641,14359.0,0.0,0,0.0,0.0
2011-09-19,5.52037669199299,7303599,40318623.152436174,44400053.62560382,-0.10122941097806389,765995.3488448441,16062.0,0.0,0,0.0,0.0
2011-09-20,6.14666555172414,7310599,44935813.120967776,44433408.64535143,0.011180491477117908,2099398.7426717575,21913.0,0.0,0,0.0,0.0
2011-09-21,5.59706749795441,7317899,40958780.18730985,44427384.29407224,-0.08468523942607703,558703.0335298842,17933.0,0.0,0,0.0,0.0
2011-09-22,5.47504877673875,7325299,40106374.74949382,44388433.7548324,-0.10676754087310329,666457.9798068438,17540.0,0.0,0,0.0,0.0
2011-09-23,5.56342141963764,7331949,40790727.62207793,44394841.3328859,-0.08835620056106207,1655919.6939571623,19994.0,0.0,0,0.0,0.0
2011-09-24,5.45788968731736,7338399,40052177.626830764,44409701.45882216,-0.10879617764084598,221731.02960162208,19433.0,0.0,0,0.0,0.0
2011-09-25,5.34115488135593,7345249,39232117.838868044,44179415.82385561,-0.12610326073414718,2740121.0291830846,19237.0,0.0,0,0.0,0.0
2011-09-26,4.87382608123904,7351949,35832125.60922705,44160195.5301286,-0.2324190870428577,568065.2271700033,17763.0,0.0,0,0.0,0.0
2011-09-27,4.91115779251899,7358599,36139245.682918616,44159718.88324045,-0.22193250159929998,1592439.010512803,18692.0,0.0,0,0.0,0.0
2011-09-28,4.76341532144945,7365949,35087079.039396375,44154453.74742936,-0.2584248947554735,699919.9470863335,13750.0,0.0,0,0.0,0.0
2011-09-29,4.77766097837522,7372199,35221872.21700114,44163567.90398368,-0.25386769993068403,239698.3458864957,12797.0,0.0,0,0.0,0.0
2011-09-30,5.14368590999416,7378299,37951657.698272996,44201023.97535518,-0.16466649037484762,1445577.0194419706,13468.0,0.0,0,0.0,0.0
2011-10-01,5.03407054471069,7385449,37178876.254092805,44166182.78766916,-0.18793753974226596,1399376.7300567455,12999.0,0.0,0,0.0,0.0
2011-10-02,5.00706259672706,7391499,37009703.13363739,44136688.50177649,-0.1925707250988868,813050.6473315806,11839.0,0.0,0,0.0,0.0
2011-10-03,5.02284486031561,7398749,37162773.36003162,44135596.129274175,-0.18762923589394412,502820.1152172504,13848.0,0.0,0,0.0,0.0
2011-10-04,4.95680562068966,7404349,36701923.64798538,44129949.76212537,-0.20238792346100182,937846.6796555098,13799.0,0.0,0,0.0,0.0
2011-10-05,4.88506713091759,7411599,36206163.49865809,44128301.15900156,-0.21880632728836588,601457.475280422,13654.0,0.0,0,0.0,0.0
2011-10-06,4.73016629573349,7417999,35088373.53444932,44127498.54056771,-0.2576102593425682,8343930.601571649,14442.0,0.0,0,0.0,0.0
2011-10-07,4.27603575686733,7424899,31749137.848403838,44038078.56960345,-0.38706376153825006,1223928.449614972,13746.0,0.0,0,0.0,0.0
2011-10-08,3.98125299415546,7430849,29584093.771807533,44008607.71267746,-0.48757667049500475,548993.5362159911,12497.0,0.0,0,0.0,0.0
2011-10-09,4.11163464348334,7437199,30579049.12939791,43968621.61063232,-0.43786752245222765,2255319.921724453,12276.0,0.0,0,0.0,0.0
2011-10-10,4.07496248392753,7443349,30331371.963992316,43963428.07093093,-0.4494375039520736,1090739.452825714,13349.0,0.0,0,0.0,0.0
2011-10-11,4.00892449590883,7447999,29858469.60543968,43857737.0722378,-0.46885415266721164,1519787.1663144878,13715.0,0.0,0,0.0,0.0
2011-10-12,4.16623534248977,7453999,31055118.201256353,43808411.327434495,-0.4106663849587988,1438591.8924388438,13584.0,0.0,0,0.0,0.0
2011-10-13,4.03698109000584,7458849,30111236.362820208,43790495.859409325,-0.4542908611178635,737657.8201482348,11659.0,0.0,0,0.0,0.0
2011-10-14,3.98628088544711,7465799,29760775.794708185,43751111.94222982,-0.4700931267392997,1292624.0734337508,14554.0,0.0,0,0.0,0.0
2011-10-15,3.83733856049094,7472499,28674512.354895122,43740457.55833823,-0.5254124295812532,794175.4334333105,13158.0,0.0,0,0.0,0.0
2011-10-16,3.60974171654003,7478449,26995272.903961334,43717129.14239811,-0.619436458298704,2203807.7704650294,11983.0,0.0,0,0.0,0.0
2011-10-17,2.58124672180012,7484349,19318953.876492232,43435891.823487885,-1.2483563085857212,6899796.127664284,14144.0,0.0,0,0.0,0.0
2011-10-18,2.42227473816482,7490349,18143685.560790088,43304687.48224362,-1.3867635567840972,3006364.506305984,12316.0,0.0,0,0.0,0.0
2011-10-19,2.21725471303331,7496999,16622758.561438154,43068100.59602029,-1.5909117573259246,3119634.6873110514,12555.0,0.0,0,0.0,0.0
2011-10-20,2.35612350847458,7502749,17677405.629646394,43046657.08198874,-1.4351230029929347,527974.8549075231,11118.0,0.0,0,0.0,0.0
2011-10-21,2.57009230508475,7508799,19298309.07471942,43019753.37890297,-1.2291980718278779,656259.3407965808,12051.0,0.0,0,0.0,0.0
2011-10-22,3.15548613851549,7513699,23709376.167408943,42987394.276871376,-0.8130968091839598,2975862.96225348,12109.0,0.0,0,0.0,0.0
2011-10-23,3.14775092986558,7519099,23668253.98527474,42985139.9499678,-0.8161517100801398,751139.0518351659,13218.0,0.0,0,0.0,0.0
2011-10-24,2.52293599766219,7525449,18986228.678377543,42921675.627163015,-1.2606741103905668,431607.37563468306,13953.0,0.0,0,0.0,0.0
2011-10-25,2.80192383109293,7531899,21103810.07538957,42923052.68064497,-1.0339006334548155,456908.6239506092,13107.0,0.0,0,0.0,0.0
2011-10-26,2.7775052390415,7537749,20936140.087809987,42795644.11852377,-1.0441038290263172,1569455.217272549,12447.0,0.0,0,0.0,0.0
2011-10-27,3.04540782758621,7542749,22970749.861071777,42805848.82520248,-0.8634937511441444,2197593.732725726,11458.0,0.0,0,0.0,0.0
2011-10-28,3.17963943658679,7547999,23999918.435560666,42839768.12990532,-0.7849964050890131,740286.1274037577,12708.0,0.0,0,0.0,0.0
2011-10-29,3.56918896873174,7553649,26960404.217968583,42861733.23959765,-0.5898030642667865,789066.0413214923,12873.0,0.0,0,0.0,0.0
2011-10-30,3.25740372296902,7559199,24623366.190093346,42867861.14694693,-0.7409423559721839,2210615.1711785267,11401.0,0.0,0,0.0,0.0
2011-10-31,3.26509821274109,7565749,24702916.770394888,42867179.30818522,-0.7353084134404412,407924.2116054764,12022.0,0.0,0,0.0,0.0
2011-11-01,3.17100774284044,7573249,24014834.356756255,42861555.94280314,-0.7847949857186755,2213391.398009121,12768.0,0.0,0,0.0,0.0
2011-11-02,3.2558005666277,7580949,24682061.273018226,42878170.24933808,-0.7372199904637365,366116.53900519275,13117.0,0.0,0,0.0,0.0
2011-11-03,3.16831638515488,7587199,24038650.04576391,42800538.27960058,-0.7804884300124371,3660220.4535363102,13114.0,0.0,0,0.0,0.0
2011-11-04,3.12011817182934,7594549,23695893.4306653,42786217.52379926,-0.8056385022574764,2650659.179525424,15815.0,0.0,0,0.0,0.0
2011-11-05,2.97781759789597,7601849,22636922.676787272,42781828.48335432,-0.8899136200709991,394851.82211029425,13495.0,0.0,0,0.0,0.0
2011-11-06,2.96272057685564,7609049,22543488.975696173,42791882.93781543,-0.8981925550188248,259108.12895846754,11541.0,0.0,0,0.0,0.0
2011-11-07,3.01775768731736,7615649,22982186.301240847,42795460.59666035,-0.8621144235676896,801629.0532411786,12641.0,0.0,0,0.0,0.0
2011-11-08,3.05656711104617,7623099,23300516.713650357,42769975.21747412,-0.8355805471222786,1151076.1419614959,13738.0,0.0,0,0.0,0.0
2011-11-09,2.9195672238457,7631149,22279655.39105441,41506807.79752386,-0.8629914632427134,16453139.368888466,14341.0,0.0,0,0.0,0.0
2011-11-10,2.85670208533022,7638199,21820061.839602236,41505986.25234937,-0.9021937956664376,4733363.596814214,14362.0,0.0,0,0.0,0.0
2011-11-11,3.06786173348919,7644149,23451195.239372745,41495811.89726146,-0.7694540288331744,958805.020827945,12128.0,0.0,0,0.0,0.0
2011-11-12,3.02552299590883,7651299,23149184.06834197,41510630.67211417,-0.7931789971328919,4074405.085628696,12259.0,0.0,0,0.0,0.0
2011-11-13,2.98637330333139,7658499,22871139.91369969,41520877.83391141,-0.8154266901686272,565393.4158406225,12538.0,0.0,0,0.0,0.0
2011-11-14,2.22422446434833,7665649,17050126.24288951,41426102.19838499,-1.4296654234839528,4456170.660368482,13718.0,0.0,0,0.0,0.0
2011-11-15,2.3223841157218,7673899,17821743.442413658,41417247.24352916,-1.323972813173877,4205182.744702726,14168.0,0.0,0,0.0,0.0
2011-11-16,2.54678093074226,7680649,19560932.930237707,38900072.35690298,-0.9886614046291432,52330807.468902946,13156.0,0.0,0,0.0,0.0
2011-11-17,2.27909583576856,7687599,17520777.124263402,38714236.96788612,-1.2096187111628316,6703786.937644304,12196.0,0.0,0,0.0,0.0
2011-11-18,2.10506600321449,7694249,16196904.074182408,38356314.79838788,-1.3681263173946432,3650229.9130565836,12421.0,0.0,0,0.0,0.0
2011-11-19,2.20345672180012,7700399,16967498.118515056,38394103.83580736,-1.2628028933689075,1203247.9292879733,10092.0,0.0,0,0.0,0.0
2011-11-20,2.20198950964348,7707549,16971944.223032687,38360807.84709356,-1.260248286406337,3633753.4784516706,11420.0,0.0,0,0.0,0.0
2011-11-21,2.27987916540035,7713449,17585733.925558515,38383201.419475466,-1.1826328990279222,3627410.129046781,10158.0,0.0,0,0.0,0.0
2011-11-22,2.32245859614261,7720449,17930425.445364606,38368971.76051808,-1.1398807227096373,5594164.869343729,11490.0,0.0,0,0.0,0.0
2011-11-23,2.33032356750438,7727149,18006759.73133821,38355073.31281104,-1.1300374906463309,1386871.402877301,11499.0,0.0,0,0.0,0.0
2011-11-24,2.43887900029223,7732799,18859363.50907094,38421837.56992547,-1.037281775254261,6648277.739826363,10946.0,0.0,0,0.0,0.0
2011-11-25,2.49616100292227,7739549,19319162.86520542,38445422.60897508,-0.9900149337328078,1912700.8104745315,11682.0,0.0,0,0.0,0.0
2011-11-26,2.47179996902396,7745549,19145450.22535551,38288030.96673174,-0.9998501218855915,3739668.3958666627,10288.0,0.0,0,0.0,0.0
2011-11-27,2.47756495119813,7751249,19204225.303198833,38292311.51675573,-0.9939524199592372,1027149.7613924309,10752.0,0.0,0,0.0,0.0
2011-11-28,2.5412402521917,7757599,19713925.354989905,37907151.20321471,-0.9228616584783718,8525074.052600639,12621.0,0.0,0,0.0,0.0
2011-11-29,2.75769848275862,7764499,21412149.841802295,38053924.61354044,-0.777211765034864,5851020.227833814,14376.0,0.0,0,0.0,0.0
2011-11-30,2.9660415458796,7772599,23053854.48984333,38215875.10601053,-0.6576783341305037,4864054.419158669,15435.0,0.0,0,0.0,0.0
2011-12-01,3.08258945002922,7781699,23987786.292466458,38297153.44686267,-0.5965272068014952,3123913.0415216614,14028.0,0.0,0,0.0,0.0
2011-12-02,3.10040233313852,7788999,24149033.74181188,38328645.01335195,-0.5871709577758114,1198787.0115287623,13328.0,0.0,0,0.0,0.0
2011-12-03,2.80385618527177,7796599,21860545.106051292,38176256.67795534,-0.7463542877248581,1129201.6719603492,12858.0,0.0,0,0.0,0.0
2011-12-04,2.81969397603741,7803399,22003199.944413356,38200328.97794093,-0.7361260668651084,4563815.469992098,11873.0,0.0,0,0.0,0.0
2011-12-05,2.87479622735242,7811299,22455895.741969965,38213514.95421554,-0.7017141241351,3000196.8363369717,13078.0,0.0,0,0.0,0.0
2011-12-06,3.02536045149036,7819849,23657864.896333255,38301126.10546172,-0.6189595415010604,1377333.901756921,15244.0,0.0,0,0.0,0.0
2011-12-07,2.98550242109877,7826749,23366781.044479743,38100189.64731232,-0.6305279522578167,3857163.138903709,12910.0,0.0,0,0.0,0.0
2011-12-08,2.99188048305085,7834949,23441233.960760422,38138285.04031257,-0.6269742925715582,5480749.824825293,14059.0,0.0,0,0.0,0.0
2011-12-09,2.95579195207481,7842299,23180207.196198333,38140432.03807491,-0.645387882655774,820756.4779548171,11780.0,0.0,0,0.0,0.0
2011-12-10,3.06897526709527,7849499,24089921.32837454,38184174.14334903,-0.5850684451332534,892715.6775274428,11947.0,0.0,0,0.0,0.0
2011-12-11,3.2492688471654,7857099,25529830.226570543,38294968.31074343,-0.5000087337395367,6252150.695744911,12136.0,0.0,0,0.0,0.0
2011-12-12,3.18733535651666,7863449,25063452.177327543,38326277.21408083,-0.5291699221207393,1040406.2704947371,11359.0,0.0,0,0.0,0.0
2011-12-13,3.24108840853302,7870049,25507527.797164377,38352950.877585374,-0.5035934169147117,851017.5453497195,11983.0,0.0,0,0.0,0.0
2011-12-14,3.1550865043834,7877699,24854824.924030215,38318075.97828248,-0.5416755537567954,1602218.9917154196,11973.0,0.0,0,0.0,0.0
2011-12-15,3.20313854061952,7883299,25251302.025234442,38345905.24165318,-0.5185714068657877,1288924.1939350145,10026.0,0.0,0,0.0,0.0
2011-12-16,3.2091377773232,7889199,25317529.72076678,38370120.01401123,-0.5155554446742892,2880964.22287165,10633.0,0.0,0,0.0,0.0
2011-12-17,3.19254170426651,7896699,25210544.0441559,38387684.22379375,-0.5226836896719993,743353.4521052442,10215.0,0.0,0,0.0,0.0
2011-12-18,3.19401080888369,7903899,25245142.000395656,38403616.42774011,-0.5212279822842046,626125.4640691106,9874.0,0.0,0,0.0,0.0
2011-12-19,3.52577391934541,7911849,27895394.34851521,38510572.62934692,-0.380535157460383,6975367.696385869,12720.0,0.0,0,0.0,0.0
2011-12-20,3.95255082729398,7918549,31298471.313943196,38674405.55619189,-0.23566436099269747,6274047.990212059,13691.0,0.0,0,0.0,0.0
2011-12-21,3.88899325073057,7925999,30824160.466400526,38744902.50335709,-0.2569653777137082,1176551.3761233639,11883.0,0.0,0,0.0,0.0
2011-12-22,3.90306042051432,7933399,30964539.50107766,38812902.991418,-0.2534629488052677,1112957.960601713,12034.0,0.0,0,0.0,0.0
2011-12-23,3.93796507597896,7940499,31269411.64643124,38880549.48791775,-0.2434052142568907,1001998.680397092,12106.0,0.0,0,0.0,0.0
2011-12-24,3.93941911864407,7947749,31309518.26080918,38904110.36239654,-0.24256496182164766,1589186.7342164523,10250.0,0.0,0,0.0,0.0
2011-12-25,4.23386687784921,7956449,33686550.07792464,38945238.44085102,-0.15610646833118377,1720684.0419776922,11801.0,0.0,0,0.0,0.0
2011-12-26,3.99912196405611,7965299,31854206.140304875,38998107.60467027,-0.22426870200121782,2177737.739033468,12175.0,0.0,0,0.0,0.0
2011-12-27,4.0955185458796,7972549,32651726.34199718,39054754.62044056,-0.19610075777854657,762597.6493005517,11746.0,0.0,0,0.0,0.0
2011-12-28,4.20729587609585,7980299,33575483.237934716,39124313.45424037,-0.16526434413418642,2634064.525748823,10806.0,0.0,0,0.0,0.0
2011-12-29,4.17335222676797,7987199,33333398.86390757,39161231.71650417,-0.17483464186746378,1828347.2963021353,11323.0,0.0,0,0.0,0.0
2011-12-30,4.31063509000584,7994299,34460510.05692729,39229591.5242577,-0.13839265464881642,1251983.8474211304,10544.0,0.0,0,0.0,0.0
2011-12-31,4.71430633138515,8001849,37723172.07065115,39337464.28796309,-0.04279311968485996,1091669.5304749464,10887.0,0.0,0,0.0,0.0
2012-01-01,5.2948427773232,8009499,42409043.17202169,39491472.18578405,0.06879596350248318,7208921.309777741,11448.0,0.0,0,0.0,0.0
2012-01-02,5.2048778918761,8017049,41727766.25101645,39478248.06078889,0.05390938438198245,3407029.6247298075,11914.0,0.0,0,0.0,0.0
2012-01-03,4.87050882875511,8024999,39085833.30205462,39539675.80688216,-0.011611432237359503,2041955.5436177913,13136.0,0.0,0,0.0,0.0
2012-01-04,5.58570626709527,8032449,44866906.24927229,39730750.53110336,0.1144753705466874,1833086.9145238996,12470.0,0.0,0,0.0,0.0
2012-01-05,6.87400087726476,8039799,55265592.18429314,40274498.81250901,0.27125545532550555,4127534.5838963874,15386.0,0.0,0,0.0,0.0
2012-01-06,6.68331663997662,8048349,53789671.41252259,40541809.49648118,0.2462900696016749,2617843.746896363,14909.0,0.0,0,0.0,0.0
2012-01-07,6.79622798071303,8057549,54760946.698031925,40712302.09261208,0.2565449549820282,2111371.414773561,13423.0,0.0,0,0.0,0.0
2012-01-08,7.09665056633548,8065699,57239454.401925504,40921963.52285829,0.2850741861459515,2665981.5730583146,14671.0,0.0,0,0.0,0.0
2012-01-09,6.28853834248977,8073899,50773029.660542704,41085922.98814691,0.19079237022414572,2947957.4768443955,14840.0,0.0,0,0.0,0.0
2012-01-10,6.52847455523086,8080949,52756276.391808,41138704.3682511,0.22021213053923722,4251239.519485869,16090.0,0.0,0,0.0,0.0
2012-01-11,6.88912772121566,8088599,55723398.41693364,41307883.7020336,0.25869769476441956,1395109.172503891,16989.0,0.0,0,0.0,0.0
2012-01-12,6.77356419579194,8096349,54841146.408864364,41558640.99027213,0.24219963090423818,10164741.079340754,13881.0,0.0,0,0.0,0.0
2012-01-13,6.45436889012273,8103349,52302010.08123227,41644148.6989186,0.20377536859024217,2525879.4514202466,14497.0,0.0,0,0.0,0.0
2012-01-14,6.76172714260666,8110849,54843354.52699389,41781771.59450727,0.2381616340783406,1903096.4477015526,14566.0,0.0,0,0.0,0.0
2012-01-15,7.04692255815312,8117799,57205507.8721061,41894939.47182306,0.2676415081308736,2284325.458127435,13549.0,0.0,0,0.0,0.0
2012-01-16,6.71560766656926,8126549,54574721.415602274,41991215.25064548,0.23057389645894402,1964038.3395053807,14849.0,0.0,0,0.0,0.0
2012-01-17,5.59962195032145,8134399,45549564.73669852,41937445.11415245,0.07930085926015122,3506921.336616319,14303.0,0.0,0,0.0,0.0
2012-01-18,5.9002312881356,8140799,48032602.71114799,41948371.94821907,0.12666877119937572,2247914.4438012512,14743.0,0.0,0,0.0,0.0
2012-01-19,6.31570634161309,8148299,51462269.207195066,42125892.43995686,0.18142178553472854,2970498.0613787277,15094.0,0.0,0,0.0,0.0
2012-01-20,6.50149198831093,8155549,53023239.649905056,42202815.71198133,0.2040694610394879,1580320.7872736803,14195.0,0.0,0,0.0,0.0
2012-01-21,6.18056832554062,8163749,50456608.78029461,42252167.08517104,0.16260390647434372,1093266.5048514854,13526.0,0.0,0,0.0,0.0
2012-01-22,6.30296722676797,8170548,51498701.576091796,42308338.21460297,0.1784581568121601,952294.1126395791,11406.0,0.0,0,0.0,0.0
2012-01-23,6.37487607714787,8179048,52140421.723392,42386195.21344912,0.18707609542726036,1113633.3279536865,13221.0,0.0,0,0.0,0.0
2012-01-24,6.27447647574518,8185997,51362849.141129844,42444279.28342996,0.17363853459908946,1635937.1152081378,14937.0,0.0,0,0.0,0.0
2012-01-25,5.81046507247224,8193397,47607449.09305314,42447604.484044425,0.10838313556610277,2007346.0161939925,16585.0,0.0,0,0.0,0.0
2012-01-26,5.36722695441262,8200296,44012853.21734441,42354778.69809181,0.037672506962106944,3367291.34775982,14442.0,0.0,0,0.0,0.0
2012-01-27,5.30313719696084,8207345,43524677.84237187,42320645.275714286,0.02766321604994042,1684887.5481750262,14436.0,0.0,0,0.0,0.0
2012-01-28,5.65979677498539,8214592,46492926.64595153,42353933.80873664,0.08902414056946242,2031026.70631187,13055.0,0.0,0,0.0,0.0
2012-01-29,5.39142945733489,8222941,44333410.38251387,42354544.18764887,0.04463600200821713,1623254.528569879,14393.0,0.0,0,0.0,0.0
2012-01-30,5.50348193863238,8231541,45302139.48492611,42378921.20409474,0.06452715730576145,1259025.8909879676,13509.0,0.0,0,0.0,0.0
2012-01-31,5.53822029573349,8239041,45629625.99112629,42376777.22259808,0.07128808746231666,1812193.0011089286,15633.0,0.0,0,0.0,0.0
2012-02-01,6.07523265225015,8246091,50096921.94255783,42497262.07366301,0.15169913787535177,2152986.9565268615,14975.0,0.0,0,0.0,0.0
2012-02-02,6.09957291291642,8254040,50346124.55896774,42577226.16079428,0.15430976001090532,1636358.536525945,16107.0,0.0,0,0.0,0.0
2012-02-03,5.95161092752776,8261940,49171857.05657449,42627329.0017485,0.13309499471000677,1318046.849845662,16553.0,0.0,0,0.0,0.0
2012-02-04,5.8954132390415,8269790,48753833.92176023,42667111.98177585,0.1248460162077162,1939862.173072627,16365.0,0.0,0,0.0,0.0
2012-02-05,5.67811571712449,8276890,46997143.50475771,42688136.30374446,0.09168657666560169,1125851.66818301,14859.0,0.0,0,0.0,0.0
2012-02-06,5.48266405844535,8284190,45419434.92492962,42648834.88481634,0.06100031945999757,1855765.9458235647,13896.0,0.0,0,0.0,0.0
2012-02-07,5.66202770017534,8291040,46944102.42375112,42684186.73787612,0.09074442722159118,1665957.3899972343,14709.0,0.0,0,0.0,0.0
2012-02-08,5.6185281899474,8298290,46624180.54096238,42712665.417655244,0.08389456024584963,1209748.7168691545,14600.0,0.0,0,0.0,0.0
2012-02-09,5.83569985417884,8305540,48468642.97866193,42764511.98901453,0.11768703720792467,780154.638045635,15125.0,0.0,0,0.0,0.0
2012-02-10,5.93783415546464,8312440,49357894.63624937,42795293.65216928,0.13295949984180228,2234811.282100183,16357.0,0.0,0,0.0,0.0
2012-02-11,5.61213285330216,8319940,46692612.08201279,42906448.70586556,0.081086990153754,13429999.507254332,15292.0,0.0,0,0.0,0.0
2012-02-12,5.51909716949152,8327840,45962161.427661285,42937685.51056501,0.06580360503403263,1415059.0323438004,14189.0,0.0,0,0.0,0.0
2012-02-13,5.34835455932203,8334690,44576880.41699869,42610890.53882665,0.0441033526747722,12513328.12161405,16261.0,0.0,0,0.0,0.0
2012-02-14,4.48365409175921,8341590,37400806.71738778,42280684.29381834,-0.1304751957171524,18509342.473598123,18412.0,0.0,0,0.0,0.0
2012-02-15,4.3255203220339,8348290,36110700.50651623,42131233.90630589,-0.16672435913291792,1760692.24092268,17768.0,0.0,0,0.0,0.0
2012-02-16,4.25523904500292,8355190,35553332.57065436,42029872.25881644,-0.18216406789128403,2537530.815268206,18668.0,0.0,0,0.0,0.0
2012-02-17,4.39153837288136,8362790,36725515.02173441,42019706.01859166,-0.14415566381367587,1173456.648354299,14224.0,0.0,0,0.0,0.0
2012-02-18,4.27008127761543,8371340,35746303.984260626,41919631.52967197,-0.17269834520876634,2612773.1085751825,14506.0,0.0,0,0.0,0.0
2012-02-19,4.38955145821157,8379240,36781106.992261566,41916432.52168861,-0.13961856913407944,954238.6617051703,13256.0,0.0,0,0.0,0.0
2012-02-20,4.36513593892461,8386240,36607079.4378165,41915541.03365385,-0.14501188506050294,1315289.9477441532,14297.0,0.0,0,0.0,0.0
2012-02-21,4.31511560198714,8392690,36215429.36213966,41893178.58627575,-0.15677707883457337,1238209.457295593,14722.0,0.0,0,0.0,0.0
2012-02-22,4.41931028755114,8400640,37125036.61798744,41891866.95887623,-0.1283993438158446,1762941.327327569,16296.0,0.0,0,0.0,0.0
2012-02-23,5.03951511805961,8408940,42376982.35961281,42011103.88238119,0.008633896442336421,1692696.5685187837,17566.0,0.0,0,0.0,0.0
2012-02-24,5.02560875891292,8416390,42297485.399381265,42074959.1302812,0.005260981048847828,3133597.763338701,16526.0,0.0,0,0.0,0.0
2012-02-25,4.77256738106371,8424640,40207164.05257626,42119274.36650887,-0.047556458133487654,1452869.6361045253,15163.0,0.0,0,0.0,0.0
2012-02-26,4.9264208515488,8432140,41540272.342724584,42154916.438665,-0.014796342471453923,1072049.4670740901,13330.0,0.0,0,0.0,0.0
2012-02-27,4.95251575628287,8439840,41798442.61477089,42204318.94451597,-0.009710321829111737,1364112.159359452,14918.0,0.0,0,0.0,0.0
2012-02-28,4.85725777556984,8447840,41033338.521906815,42254630.41526403,-0.029763405497829427,1600622.884685445,16328.0,0.0,0,0.0,0.0
2012-02-29,4.87274875569842,8456790,41207814.95120271,41991315.42536731,-0.019013395276900748,6242947.513797895,15449.0,0.0,0,0.0,0.0
2012-03-01,4.92207212361192,8464340,41662093.98053295,42042859.95764982,-0.009139386447901174,2297228.8047069837,16147.0,0.0,0,0.0,0.0
2012-03-02,4.71482358708358,8471040,39939461.13576001,42029402.66415627,-0.052327734750658,2366719.317809915,17620.0,0.0,0,0.0,0.0
2012-03-03,4.62819325248393,8476690,39231761.26293963,42003497.27635941,-0.07065030791870422,2940688.0792354196,12596.0,0.0,0,0.0,0.0
2012-03-04,4.83414448158971,8483540,41010659.913063765,42047582.41480974,-0.025284218882214802,2075269.7143504801,14967.0,0.0,0,0.0,0.0
2012-03-05,4.98239290385739,8490790,42304453.73821869,42101568.94805669,0.004795825787456201,1422969.8362637397,16149.0,0.0,0,0.0,0.0
2012-03-06,4.98784135242548,8497640,42384881.82680375,42151791.28950746,0.005499379194892169,1295985.8546038852,15307.0,0.0,0,0.0,0.0
2012-03-07,4.94911288457043,8505340,42093889.40572226,42196697.4190852,-0.002442350061122195,1305780.2395256043,15217.0,0.0,0,0.0,0.0
2012-03-08,4.93497949503214,8513140,42012172.95776998,42228222.907935485,-0.005142555953548819,1869099.6422583926,15709.0,0.0,0,0.0,0.0
2012-03-09,4.87229784745763,8521540,41519482.59788695,42260478.29255269,-0.017846939516135706,1658730.6471782736,15802.0,0.0,0,0.0,0.0
2012-03-10,4.84142380479252,8529790,41296329.944612615,42285988.771472186,-0.02396481305207798,1863356.2450768608,12891.0,0.0,0,0.0,0.0
2012-03-11,4.89202875160724,8536490,41760756.12314531,42280500.026917495,-0.012445749359507454,2020052.8291230216,12650.0,0.0,0,0.0,0.0
2012-03-12,4.91083937931035,8544790,41962092.83144769,42313323.88974116,-0.008370198781654804,1212798.2859742874,14370.0,0.0,0,0.0,0.0
2012-03-13,5.29088027878434,8552790,45251789.67580617,42414285.74878768,0.0627047890778906,2079545.3922578606,16827.0,0.0,0,0.0,0.0
2012-03-14,5.39054329222677,8559640,46141111.754802994,42515090.9513656,0.0785854667461486,2697041.4816646543,16190.0,0.0,0,0.0,0.0
2012-03-15,5.34082089888954,8565690,45747817.91801959,42582937.88650326,0.06918100524898964,1375573.6114816854,15151.0,0.0,0,0.0,0.0
2012-03-16,5.33957479135009,8573340,45777991.89387492,42671630.67014997,0.06785708798512378,4356668.200169346,16252.0,0.0,0,0.0,0.0
2012-03-17,5.23600355406195,8581840,44934546.45860526,42710088.15449654,0.049504412070965016,1496604.0266027339,16091.0,0.0,0,0.0,0.0
2012-03-18,5.27014898538866,8589840,45269738.29007013,42721624.1356763,0.056287362168222554,4204095.122218093,13890.0,0.0,0,0.0,0.0
2012-03-19,4.67867255289305,8596990,40222502.68582001,42658609.215366825,-0.060565762120158524,1886470.73959952,15523.0,0.0,0,0.0,0.0
2012-03-20,4.83083021624781,8604990,41569247.28776533,42674605.43066204,-0.026590766372188823,2067537.8301518091,15984.0,0.0,0,0.0,0.0
2012-03-21,4.81722952483928,8612890,41490269.58298496,42621109.19452957,-0.02725553781430148,3060831.7613615077,16222.0,0.0,0,0.0,0.0
2012-03-22,4.72960850496785,8620790,40772963.2555806,42605762.11699933,-0.04495132840676907,1571181.7046715722,15718.0,0.0,0,0.0,0.0
2012-03-23,4.69164317650497,8627090,40475229.471174605,42632892.54108319,-0.053308235631998394,4337361.063832495,14262.0,0.0,0,0.0,0.0
2012-03-24,4.65198626592636,8636290,40175903.995123945,42621860.13310334,-0.06088117241310253,1774826.8352064737,13810.0,0.0,0,0.0,0.0
2012-03-25,4.55227026241964,8644140,39350462.9600367,42610079.560019486,-0.08283553368338167,1447794.6058989672,14492.0,0.0,0,0.0,0.0
2012-03-26,4.63272235973115,8651690,40080879.23270765,42621913.08686741,-0.06339765750662897,1474632.477160825,15785.0,0.0,0,0.0,0.0
2012-03-27,4.81134073524255,8659490,41663758.56228506,42661764.83927569,-0.023953822492962667,1802802.1902076222,15525.0,0.0,0,0.0,0.0
2012-03-28,4.79058939158387,8666990,41519991.923013404,42698073.2164357,-0.02837383243249906,1564968.86837259,16251.0,0.0,0,0.0,0.0
2012-03-29,4.79406657218001,8674040,41583926.78294326,42705615.07680156,-0.026974083032446732,1701902.3137789888,17033.0,0.0,0,0.0,0.0
2012-03-30,4.86140935651666,8681740,42205493.6621347,42120938.07522341,0.002003426084485092,15695817.364840584,15041.0,0.0,0,0.0,0.0
2012-03-31,4.88977687317358,8690240,42493336.17892663,42170538.21538276,0.00759643729041807,1142523.0084521,14048.0,0.0,0,0.0,0.0
2012-04-01,4.79332567738165,8697340,41689184.71986636,42194162.25715744,-0.012112914672817774,1086014.219906654,12765.0,0.0,0,0.0,0.0
2012-04-02,4.98304547866745,8703140,43368144.06241494,42242040.45972137,0.025966146973522543,1490765.3664866206,14894.0,0.0,0,0.0,0.0
2012-04-03,4.95623319286967,8709790,43167751.927330874,42144699.815854914,0.023699453082434728,4863560.036361302,18804.0,0.0,0,0.0,0.0
2012-04-04,4.91784217767387,8716640,42867061.453407556,42180056.54528835,0.016026405469055035,3358195.5708211656,16688.0,0.0,0,0.0,0.0
2012-04-05,4.92084924488603,8722490,42922059.94482113,42217769.84056804,0.016408581162192366,2199765.046379752,16395.0,0.0,0,0.0,0.0
2012-04-06,4.94910743220339,8729290,43202195.64092694,42275770.813871525,0.02144392925663673,3317269.6634464855,16329.0,0.0,0,0.0,0.0
2012-04-07,4.70971191028638,8735740,41142820.26867481,42280689.14212805,-0.027656559905777388,1661340.783844567,14275.0,0.0,0,0.0,0.0
2012-04-08,4.77881884921099,8743240,41782361.683362864,42313931.5618571,-0.012722351180687241,863315.5294801681,13928.0,0.0,0,0.0,0.0
2012-04-09,4.85254738106371,8750540,42462411.5522749,42387386.800847545,0.0017668509320293898,5302221.088237777,15218.0,0.0,0,0.0,0.0
2012-04-10,4.84141759380479,8757890,42400604.319336414,42411831.18946409,-0.0002647808989495464,1512256.2346911398,17427.0,0.0,0,0.0,0.0
2012-04-11,4.91525071712449,8764940,43081879.23351113,42465036.36575882,0.014317919244165573,5808158.026758874,18461.0,0.0,0,0.0,0.0
2012-04-12,4.90115814728229,8771290,42989481.05400915,42523393.542033255,0.01084189668143075,5394799.200647511,18833.0,0.0,0,0.0,0.0
2012-04-13,4.93440673348919,8777440,43311460.65804148,42568983.72232354,0.01714273599729284,2457776.3972365777,15785.0,0.0,0,0.0,0.0
2012-04-14,4.95636466101695,8784390,43538641.79104038,42617147.12891923,0.021164984120170337,1496572.1256508003,17362.0,0.0,0,0.0,0.0
2012-04-15,4.9616003383986,8789740,43611178.58660351,42666878.91063935,0.02165269792213835,2895246.5975359837,16243.0,0.0,0,0.0,0.0
2012-04-16,4.95076456925774,8797240,43553065.723868966,42724706.2538999,0.019019544461484076,3268728.3282719315,19112.0,0.0,0,0.0,0.0
2012-04-17,4.9687445075979,8803990,43744778.58795902,42766146.08243512,0.022371412934600415,1778989.2088805253,18550.0,0.0,0,0.0,0.0
2012-04-18,5.12437744301578,8810490,45148277.89949982,42842202.60515931,0.05107781296717088,2475232.8338807807,19375.0,0.0,0,0.0,0.0
2012-04-19,5.13090651139684,8818340,45246079.80943747,42911411.51533248,0.05159934968814732,2028543.1299081298,17786.0,0.0,0,0.0,0.0
2012-04-20,5.36651596814728,8826040,47365086.35654901,43038846.76940474,0.09133815474498963,2808133.490454554,19347.0,0.0,0,0.0,0.0
2012-04-21,5.28255033898305,8833740,46664677.964976884,43082986.38467274,0.07675380472982805,1617596.5768991017,16317.0,0.0,0,0.0,0.0
2012-04-22,5.19560899473992,8840740,45933029.96911562,43149883.16710085,0.06059140457065653,2865790.208218463,14700.0,0.0,0,0.0,0.0
2012-04-23,5.11088819170076,8847490,45218533.84434773,43128632.69002548,0.04621780001793418,2074613.9223350808,16739.0,0.0,0,0.0,0.0
2012-04-24,5.08786726241964,8854390,45049962.6792986,43163199.57543834,0.041881568632847414,2428958.6865170402,17336.0,0.0,0,0.0,0.0
2012-04-25,5.14881624547048,8860740,45622323.7484935,43415724.47871956,0.04836665668190131,20592729.13744417,17455.0,0.0,0,0.0,0.0
2012-04-26,5.09741928579778,8868490,45206413.63464205,43394690.31780454,0.04007668760189314,2545283.8660493894,19175.0,0.0,0,0.0,0.0
2012-04-27,5.09588733985973,8875240,45227224.82645126,43428052.41679517,0.039780738627231325,1165924.2649821532,17204.0,0.0,0,0.0,0.0
2012-04-28,4.9707366528346,8882840,44154260.00043122,43449067.54826257,0.01597110793300044,1232526.91729599,15974.0,0.0,0,0.0,0.0
2012-04-29,4.90260617767387,8891790,43592946.19338739,43469925.531016506,0.002822031386113195,953825.0394264136,15994.0,0.0,0,0.0,0.0
2012-04-30,4.9421168100526,8900740,43988498.39768179,43396343.98360916,0.01346157372136695,4437029.651325881,19105.0,0.0,0,0.0,0.0
2012-05-01,4.98713722735243,8909240,44431604.10796519,43440257.20518216,0.02231175134649975,2528604.4859183133,20034.0,0.0,0,0.0,0.0
2012-05-02,5.05343735388662,8916740,45060188.64919945,43482549.37930499,0.03501182123707081,1565650.3615512508,20206.0,0.0,0,0.0,0.0
2012-05-03,5.11887297895967,8924590,45683844.27907109,43536503.32008035,0.047004383997834784,1750805.438680296,21866.0,0.0,0,0.0,0.0
2012-05-04,5.08550708825248,8932640,45427005.7056359,43577129.39113262,0.0407219513099841,2581737.522291682,22682.0,0.0,0,0.0,0.0
2012-05-05,5.05663956458212,8940990,45211365.43988837,43619044.43375892,0.03521948498207938,1202795.5235300125,20023.0,0.0,0,0.0,0.0
2012-05-06,5.0478007729398,8949190,45173729.85563993,43559342.31759607,0.03573730890061319,7044112.923755168,22204.0,0.0,0,0.0,0.0
2012-05-07,5.06755586703682,8957690,45393596.17753456,43601290.90410021,0.03948365902592591,1642526.0003548132,25662.0,0.0,0,0.0,0.0
2012-05-08,5.02346642285213,8966490,45042863.094308786,43631160.55243336,0.031341314581172786,2214392.561637042,23790.0,0.0,0,0.0,0.0
2012-05-09,5.04130623553478,8974790,45244666.44393878,43678541.99647632,0.03461456499857258,2499736.6818920304,24831.0,0.0,0,0.0,0.0
2012-05-10,4.92748871975453,8981240,44254960.40638212,43695214.3979576,0.012648209450071005,2705163.7699299776,20419.0,0.0,0,0.0,0.0
2012-05-11,4.96370997749854,8988390,44615762.75350819,43708285.43770266,0.0203398364120575,2521198.3183350572,26141.0,0.0,0,0.0,0.0
2012-05-12,4.94653223495032,8994790,44493020.30483194,43856556.57949927,0.01430479929148685,15787909.147911578,22750.0,0.0,0,0.0,0.0
2012-05-13,4.94479505376973,9001790,44512008.289726906,43843496.806758605,0.015018677176212443,3070364.2976751104,20705.0,0.0,0,0.0,0.0
2012-05-14,5.01143592197545,9008740,45146724.89225865,43865342.73571963,0.028382616005856554,6927797.810509029,32417.0,0.0,0,0.0,0.0
2012-05-15,5.03364040035067,9015240,45379477.9346654,43892252.61181057,0.032773081369425194,3108543.2295223023,27164.0,0.0,0,0.0,0.0
2012-05-16,5.08778450905903,9021290,45898381.18076086,43888251.34521879,0.04379522292138378,3114549.9841340627,25543.0,0.0,0,0.0,0.0
2012-05-17,5.08966168644068,9027090,45944835.76797444,43861360.41522241,0.045347323979429775,5440925.691805299,22573.0,0.0,0,0.0,0.0
2012-05-18,5.11830148275862,9034340,46240477.423120014,43823748.52771088,0.0522643586331309,2763403.76963927,26162.0,0.0,0,0.0,0.0
2012-05-19,5.11254581122151,9041790,46226567.18634494,43862429.30920031,0.051142406218798356,3525618.5829211967,31606.0,0.0,0,0.0,0.0
2012-05-20,5.09420096843951,9048690,46095846.94351424,43731989.03675406,0.05128136401652089,4030415.3783920626,29546.0,0.0,0,0.0,0.0
2012-05-21,5.0942213100526,9054990,46128124.59763062,43634095.52393556,0.05406742839536923,3748689.585865693,30359.0,0.0,0,0.0,0.0
2012-05-22,5.08913918877849,9060740,46111368.583987534,43641434.42005369,0.05356453819918812,4657977.115465831,27519.0,0.0,0,0.0,0.0
2012-05-23,5.12885889976622,9067240,46504596.153229624,43690823.570477165,0.06050525787776462,2668293.9156019813,29621.0,0.0,0,0.0,0.0
2012-05-24,5.11915775920514,9073490,46448628.313929975,43597251.9607959,0.06138774075011691,2998138.1958500645,28071.0,0.0,0,0.0,0.0
2012-05-25,5.13727680654588,9079540,46644111.83647967,43635761.5110986,0.06449582180763669,1441578.1203999575,30115.0,0.0,0,0.0,0.0
2012-05-26,5.10397880479252,9086640,46378019.52409959,43546436.26392716,0.061054423824653405,3166479.6455888,25653.0,0.0,0,0.0,0.0
2012-05-27,5.13461613500877,9094590,46697230.09114941,43599481.96376276,0.06633687097371911,2320948.204602389,26297.0,0.0,0,0.0,0.0
2012-05-28,5.13632541905318,9101690,46749243.22944078,43634697.56143764,0.06662237616804302,2101837.6377283907,29597.0,0.0,0,0.0,0.0
2012-05-29,5.14847069783752,9107990,46892221.15318167,43667296.037104845,0.06877313628505767,2024195.7430921423,34270.0,0.0,0,0.0,0.0
2012-05-30,5.13826456925774,9114540,46832919.46348071,43696802.71729847,0.06696393865916721,1642435.2681716098,28551.0,0.0,0,0.0,0.0
2012-05-31,5.18163972121566,9121440,47264017.344775476,43529126.30303239,0.07902187015755098,14626526.899903314,28417.0,0.0,0,0.0,0.0
2012-06-01,5.26694375803624,9129040,48082141.79080996,43600337.04667915,0.09321142064822556,1984131.4139944336,29065.0,0.0,0,0.0,0.0
2012-06-02,5.24363906019871,9137040,47911341.36459535,43650351.39296244,0.08893489203751706,1525667.2804697915,20571.0,0.0,0,0.0,0.0
2012-06-03,5.21270498480421,9144690,47668572.64623969,43690399.5061894,0.08345484077262608,1926791.7626799003,30396.0,0.0,0,0.0,0.0
2012-06-04,5.25876585739334,9152440,48130540.4853174,43741102.62088693,0.09119859906350947,5249493.589434433,41579.0,0.0,0,0.0,0.0
2012-06-05,5.42601429485681,9159790,49701153.018976316,43831580.38529586,0.11809731318384914,2174343.559590468,40970.0,0.0,0,0.0,0.0
2012-06-06,5.44616942197545,9167440,49927432.94716274,43903112.08386663,0.1206615383104421,3085396.6744769397,24165.0,0.0,0,0.0,0.0
2012-06-07,5.58716980976037,9174390,51258876.40944772,44000229.06454678,0.1416076171260569,1864859.5051921273,35387.0,0.0,0,0.0,0.0
2012-06-08,5.62252910169492,9181440,51622915.175501965,44088960.55971766,0.1459420606172895,1949548.9206943691,28272.0,0.0,0,0.0,0.0
2012-06-09,5.55700233547633,9189990,51068797.44629052,44149652.64032442,0.13548673851666515,1269619.3496290566,31541.0,0.0,0,0.0,0.0
2012-06-10,5.45789356925774,9198290,50203289.34837774,44193402.64844746,0.11971101451591404,967775.1472027887,33834.0,0.0,0,0.0,0.0
2012-06-11,5.58699698158971,9205290,51429928.98621522,44288436.6183588,0.1388586861508317,2303477.343017541,32609.0,0.0,0,0.0,0.0
2012-06-12,5.72749129865575,9213090,52767894.386190854,44403073.00253342,0.15852103785756655,3946413.9768860205,23493.0,0.0,0,0.0,0.0
2012-06-13,5.90930132378726,9220590,54487246.294040166,44521518.75549293,0.18290018704133498,1685149.590433609,46734.0,0.0,0,0.0,0.0
2012-06-14,5.96202318205728,9228390,55019876.662707254,44591698.35804995,0.18953474520828167,2114888.3750394443,49648.0,0.0,0,0.0,0.0
2012-06-15,6.52338071917008,9236340,60252163.94767827,44864541.76806698,0.2553870462307973,2094182.919685574,49092.0,0.0,0,0.0,0.0
2012-06-16,6.44415828229106,9244140,59570702.98639491,44996982.282722,0.24464577339302748,2181655.11479515,39353.0,0.0,0,0.0,0.0
2012-06-17,6.1999664880187,9252340,57364199.491442844,45085590.67707116,0.21404654685721383,2534871.6811590265,39362.0,0.0,0,0.0,0.0
2012-06-18,6.31084466861485,9261090,58445302.007172816,45177789.787914574,0.22700733444118332,2122721.0615796885,37610.0,0.0,0,0.0,0.0
2012-06-19,6.49482671595558,9268440,60196913.30169918,45277570.6949722,0.24784231928891687,2767454.9781857524,35548.0,0.0,0,0.0,0.0
2012-06-20,6.69355105552309,9275690,62087306.20615377,45350706.05010873,0.2695655711084176,6873070.733439867,32271.0,0.0,0,0.0,0.0
2012-06-21,6.67226250379895,9282490,61935211.569689654,45459650.87038676,0.2660128266578141,1476049.261772914,29713.0,0.0,0,0.0,0.0
2012-06-22,6.56376169783752,9289390,60973343.83335316,45563446.78794733,0.2527317033410989,2911425.2774545983,29231.0,0.0,0,0.0,0.0
2012-06-23,6.44754168907072,9297590,59946600.641087994,45633721.103670746,0.23876048657222873,1609380.3674385105,30261.0,0.0,0,0.0,0.0
2012-06-24,6.35049403857393,9304140,59085887.07368071,45679626.18887521,0.22689446750774425,6652169.927138355,28503.0,0.0,0,0.0,0.0
2012-06-25,6.31747363004091,9311840,58827305.08955789,45724966.42553393,0.22272546131557688,2371788.3638163884,33979.0,0.0,0,0.0,0.0
2012-06-26,6.43286082875511,9319290,59949697.04868629,45835395.43288837,0.23543574547733626,3180356.8479262344,36002.0,0.0,0,0.0,0.0
2012-06-27,6.61571340151958,9327440,61707671.2641277,45952518.2150618,0.25531919656518925,2035953.4965223628,39105.0,0.0,0,0.0,0.0
2012-06-28,6.59006463296318,9334290,61513575.834966555,46031201.83883054,0.25169035917653926,1766496.7425477076,32731.0,0.0,0,0.0,0.0
2012-06-29,6.65877675715956,9341590,62203563.784026794,46114548.79211536,0.2586510163271854,1522901.857568626,33119.0,0.0,0,0.0,0.0
2012-06-30,6.68042762302747,9348190,62449908.099648,46184095.76763776,0.26046174969634456,1838714.8005190408,31932.0,0.0,0,0.0,0.0
2012-07-01,6.62686009234366,9355290,61996199.33711442,46243136.446808524,0.25409723593935263,1193252.4460885727,31705.0,0.0,0,0.0,0.0
2012-07-02,6.74347805084746,9362890,63138444.58531825,46355045.52339825,0.2658190136318735,2231321.740177463,36591.0,0.0,0,0.0,0.0
2012-07-03,6.44999240327294,9370890,60442170.61363584,46375570.60683212,0.23272824029966716,2198839.9807615657,34704.0,0.0,0,0.0,0.0
2012-07-04,6.51483533313852,9378390,61098667.78962061,46460073.05739512,0.23958942578961234,3269670.378271458,31637.0,0.0,0,0.0,0.0
2012-07-05,6.64239860432496,9385590,62342831.17761817,46547988.46064099,0.2533545945639973,1438226.1033301016,27931.0,0.0,0,0.0,0.0
2012-07-06,6.67218118936295,9393340,62674067.69310701,46631552.59104499,0.2559673512913922,2826546.718146946,29352.0,0.0,0,0.0,0.0
2012-07-07,6.80827371186441,9401640,64008939.70168893,46647827.51688422,0.2712294917821709,5254239.091431989,30943.0,0.0,0,0.0,0.0
2012-07-08,6.79631768790181,9409290,63948525.286499366,46754478.98188375,0.268873226201599,2777134.2495073485,27915.0,0.0,0,0.0,0.0
2012-07-09,7.03239588603156,9417440,66227167.531795196,46894749.99348264,0.2919106804474342,3083999.1631669337,32286.0,0.0,0,0.0,0.0
2012-07-10,7.17858003565167,9424940,67657687.34027241,46517150.7071005,0.312463187321927,20758916.419829432,37035.0,0.0,0,0.0,0.0
2012-07-11,7.18514778901227,9431640,67767728.49496971,46660672.44911932,0.31146176085003546,4565720.01971532,35356.0,0.0,0,0.0,0.0
2012-07-12,7.55593565020456,9439140,71321535.68618776,46833238.03848097,0.3433506781942335,1361695.0148104606,34233.0,0.0,0,0.0,0.0
2012-07-13,7.63092125599065,9447290,72091527.33327925,47054729.37505517,0.3472918231081292,4419008.0184641825,31366.0,0.0,0,0.0,0.0
2012-07-14,7.58012917825833,9455340,71672699.78470989,46781859.25983394,0.34728481834286884,15673544.559170911,29903.0,0.0,0,0.0,0.0
2012-07-15,7.62723485973115,9462340,72171490.65494163,46871224.77244415,0.35055761842942,1696481.3727340964,30386.0,0.0,0,0.0,0.0
2012-07-16,8.49340567738165,9469840,80431194.06824608,47298998.89816928,0.4119321558494338,4569582.768802989,36803.0,0.0,0,0.0,0.0
2012-07-17,8.75198485505552,9478440,82955164.59402837,47942715.96596131,0.42206472375063525,16021282.628349295,40268.0,0.0,0,0.0,0.0
2012-07-18,9.09519268614845,9486190,86278727.16690555,48275754.27149958,0.44046747261221764,4264704.650264065,34288.0,0.0,0,0.0,0.0
2012-07-19,8.87953341350087,9492940,84292879.11202782,48534455.335417405,0.4242164243682598,3764819.901733239,36313.0,0.0,0,0.0,0.0
2012-07-20,8.53245067913501,9500340,81061183.60237001,48620431.42575473,0.4002008203549941,3346174.0206675893,36122.0,0.0,0,0.0,0.0
2012-07-21,8.87564584102864,9507390,84384227.6215826,48847456.704154216,0.42113048752180904,3112262.6840888443,35582.0,0.0,0,0.0,0.0
2012-07-22,8.50656254412624,9515140,80941134.56352463,48932543.11992977,0.39545518624369813,1961045.3798263879,38962.0,0.0,0,0.0,0.0
2012-07-23,8.53121126943308,9522190,81235815.65676823,49035212.77787877,0.3963843117540809,3098295.8453266555,42042.0,0.0,0,0.0,0.0
2012-07-24,8.57458517066043,9530240,81717855.58395213,49174822.36915215,0.3982365051340239,2032479.1964939097,38417.0,0.0,0,0.0,0.0
2012-07-25,8.7693472729398,9538240,83644139.94071476,49348127.53384832,0.4100228949831362,2578193.971988714,31562.0,0.0,0,0.0,0.0
2012-07-26,8.87576504617183,9546690,84734178.38899978,49599958.3967564,0.4146404751922928,3258331.4175460683,30845.0,0.0,0,0.0,0.0
2012-07-27,8.89145989421391,9555590,84963146.20597228,49772082.07545122,0.4141921021287156,2482139.036287124,32297.0,0.0,0,0.0,0.0
2012-07-28,8.84256089421391,9563240,84563532.95635714,49917487.57021811,0.409704327325346,2544270.043819913,38628.0,0.0,0,0.0,0.0
2012-07-29,8.74768065926359,9571540,83728776.21610524,50075209.101775154,0.4019354950019778,2916063.230775348,35981.0,0.0,0,0.0,0.0
2012-07-30,9.08831724897721,9580340,87069170.1585298,50269824.25282961,0.42264495961886817,2210777.713727601,36194.0,0.0,0,0.0,0.0
2012-07-31,9.32099840210403,9586840,89358921.22003931,50566464.09302823,0.43411957751244223,3644116.0203142297,58777.0,0.0,0,0.0,0.0
2012-08-01,9.56802090385739,9593540,91791192.1798404,50818002.26476734,0.44637387250398713,2911727.078539663,40727.0,0.0,0,0.0,0.0
2012-08-02,10.5510396960842,9601790,101308868.44506142,51459772.00431457,0.49205066847409723,4628269.57011364,42130.0,0.0,0,0.0,0.0
2012-08-03,10.9158647466394,9609890,104900260.46264854,51869389.72436345,0.50553612073411,3700775.4046201287,36366.0,0.0,0,0.0,0.0
2012-08-04,10.9197148807715,9617690,105022433.58272393,52180686.83516935,0.5031472319286171,4277451.289240548,35884.0,0.0,0,0.0,0.0
2012-08-05,10.805117377557,9624640,103995365.87221333,52466081.21034138,0.49549596974532245,2920109.919997837,37840.0,0.0,0,0.0,0.0
2012-08-06,10.8694465017534,9631640,104690596.61640728,52718287.94248951,0.4964372193268462,2799426.2396054054,42354.0,0.0,0,0.0,0.0
2012-08-07,10.9412794400935,9639840,105472184.09419638,52910874.40585782,0.498342858259164,3698099.268621688,39177.0,0.0,0,0.0,0.0
2012-08-08,11.0703915967271,9648140,106808688.85049777,53285624.24846698,0.5011115217128831,7078879.583100468,51964.0,0.0,0,0.0,0.0
2012-08-09,11.1037247440094,9656640,107224673.35164084,53520318.71980188,0.5008581789353348,2378538.571463859,40383.0,0.0,0,0.0,0.0
2012-08-10,11.4475688045003,9664440,110634342.67110063,53792323.01113431,0.5137827756517626,2441561.613466604,38611.0,0.0,0,0.0,0.0
2012-08-11,11.5425355271771,9672840,111649100.11187671,54019289.18810155,0.51616905882831,1692199.2176314679,38410.0,0.0,0,0.0,0.0
2012-08-12,11.5925523898305,9680790,112225065.96426475,54207653.62784264,0.5169737423446585,1728527.362889577,39069.0,0.0,0,0.0,0.0
2012-08-13,11.9849629903565,9688790,116119790.30384104,54576524.626309305,0.5299980779890884,2701181.3400742533,48599.0,0.0,0,0.0,0.0
2012-08-14,12.1870974810053,9696640,118173897.6630743,54939066.81814922,0.5350998155719122,3733438.333394442,42877.0,0.0,0,0.0,0.0
2012-08-15,13.1700773538866,9704990,127815469.757783,55455899.53253959,0.5661252926767674,4050030.8086262234,50408.0,0.0,0,0.0,0.0
2012-08-16,13.4507908246639,9712690,130643362.27619436,56023216.59016413,0.5711744124303467,4192132.9843441127,61707.0,0.0,0,0.0,0.0
2012-08-17,12.0770055423729,9719590,117383542.95318356,56365154.93657843,0.5198206365345548,15591477.515613737,56766.0,0.0,0,0.0,0.0
2012-08-18,11.5775071648159,9727140,112616033.6697265,56537134.315039806,0.4979654985821247,8070939.479350314,51610.0,0.0,0,0.0,0.0
2012-08-19,7.83062184190532,9736240,76240813.99840784,55865117.08676313,0.26725445129783404,20656649.27686189,58130.0,0.0,0,0.0,0.0
2012-08-20,9.97987664874343,9744940,97253299.63960397,56679715.27670706,0.4171949385085371,5889110.226559134,47414.0,0.0,0,0.0,0.0
2012-08-21,9.90298201811806,9753590,96589626.85366285,56767217.83267365,0.41228453114661834,3376664.531689069,54397.0,0.0,0,0.0,0.0
2012-08-22,9.772554578609,9761390,95393716.99806915,56888754.08297543,0.4036425471907452,5210029.427637118,49524.0,0.0,0,0.0,0.0
2012-08-23,10.0886574260666,9769640,98562551.58563524,57070545.92173951,0.4209713019436774,4488608.964850647,43751.0,0.0,0,0.0,0.0
2012-08-24,10.5940425943892,9777040,103578378.67920926,57384258.99630629,0.44598226263002194,1360030.5906805424,45033.0,0.0,0,0.0,0.0
2012-08-25,10.5836766715371,9783940,103550058.00012715,57583148.29301938,0.44391003341641133,1633468.7653559796,36612.0,0.0,0,0.0,0.0
2012-08-26,10.545530742256,9792890,103271222.99416772,57729370.83293286,0.440992668052424,1884941.375099486,34704.0,0.0,0,0.0,0.0
2012-08-27,10.9003800806546,9800140,106825251.27439478,58401824.79084822,0.4532956946589771,14748699.381833768,38448.0,0.0,0,0.0,0.0
2012-08-28,10.9329585336061,9807690,107227068.49611966,58666912.26229427,0.4528721797106921,6326181.094743617,39917.0,0.0,0,0.0,0.0
2012-08-29,10.8677839018118,9816090,106679145.26131102,58801398.92512211,0.44880136805476056,1901182.6158503569,39372.0,0.0,0,0.0,0.0
2012-08-30,10.7277488383986,9823790,105387152.0671128,58873974.84342407,0.44135529152612596,1568399.1458741298,34110.0,0.0,0,0.0,0.0
2012-08-31,10.1024098205728,9830790,99314669.71799366,59378149.89807627,0.40212105556327254,21264680.163778078,49422.0,0.0,0,0.0,0.0
2012-09-01,10.0065329374635,9838840,98452676.77678344,59365759.89384359,0.39701223128305135,1385518.0319500142,44982.0,0.0,0,0.0,0.0
2012-09-02,10.2261162016365,9847040,100696975.46642359,59488987.256138,0.4092276656713089,2231766.963508511,34929.0,0.0,0,0.0,0.0
2012-09-03,10.4971343091759,9854890,103448104.08875766,59641202.17731834,0.4234674216344588,1472730.8815962095,32994.0,0.0,0,0.0,0.0
2012-09-04,10.3640018942139,9862540,102215383.38083136,59791676.72826207,0.4150422886397459,2538288.930620871,46041.0,0.0,0,0.0,0.0
2012-09-05,11.0255228784337,9871540,108838890.22473182,60133550.19125511,0.44749941801969273,1464748.7978302368,41546.0,0.0,0,0.0,0.0
2012-09-06,11.1607690157802,9880090,110269402.42791775,60356849.48915797,0.4526419100836901,3245344.2570414245,46844.0,0.0,0,0.0,0.0
2012-09-07,11.0761223366452,9888490,109526125.02360283,60483795.64605245,0.4477683234660386,1785338.329782263,44106.0,0.0,0,0.0,0.0
2012-09-08,11.0432700333139,9895740,109281329.00740206,60618423.92149916,0.4452993528529175,1642163.2456148139,33700.0,0.0,0,0.0,0.0
2012-09-09,11.0620954932788,9903689,109555564.47289456,60834196.10494402,0.44471833632882085,3550442.3790774737,40194.0,0.0,0,0.0,0.0
2012-09-10,11.1252888047925,9911189,110264851.08366379,61813451.17873132,0.4394092898032377,21629985.57542032,37360.0,0.0,0,0.0,0.0
2012-09-11,11.2680929552893,9918439,111761903.808209,61982706.61068597,0.4454039838382452,1131145.7051625527,45243.0,0.0,0,0.0,0.0
2012-09-12,11.3152859082408,9926189,112317677.72329092,62175938.56185614,0.4464278480273196,2595847.5837829765,34218.0,0.0,0,0.0,0.0
2012-09-13,11.38029928872,9932689,113036984.82954592,62326842.98848146,0.4486154856088279,1800284.4999984656,35078.0,0.0,0,0.0,0.0
2012-09-14,11.730107622443,9940789,116606536.43611586,62572313.83882914,0.46338931117201954,1597546.672838357,38280.0,0.0,0,0.0,0.0
2012-09-15,11.7183934155465,9947989,116574460.39804895,62816215.933904976,0.46114941712433355,3584413.938248321,30026.0,0.0,0,0.0,0.0
2012-09-16,11.8869112238457,9956039,118346563.46785621,63049925.50210789,0.4672432924574721,2013792.7460870047,31574.0,0.0,0,0.0,0.0
2012-09-17,11.908317157218,9964439,118659711.6486846,63295463.87588596,0.4665799958853379,8200486.185465982,33062.0,0.0,0,0.0,0.0
2012-09-18,12.2596508386908,9972789,122262923.09893362,63637168.37892754,0.4795055870909193,10210560.67718459,38786.0,0.0,0,0.0,0.0
2012-09-19,12.5048540981882,9979839,124796442.92458329,64032710.077589534,0.4869027627952053,3773108.0767062637,42887.0,0.0,0,0.0,0.0
2012-09-20,12.3671766493279,9987439,123516434.55807164,64483321.88509132,0.4779373116152063,6835072.041077512,47275.0,0.0,0,0.0,0.0
2012-09-21,12.3336578357686,9995889,123285886.82802175,64762140.31707165,0.47469948115462796,5894863.589249961,39201.0,0.0,0,0.0,0.0
2012-09-22,12.2137276250731,10003739,122182955.37967439,64944829.43713982,0.4684624444110996,4213940.773087975,27316.0,0.0,0,0.0,0.0
2012-09-23,12.1654630263004,10011639,121796236.041095,65090235.44637708,0.4655808950909195,1933264.2916495625,28639.0,0.0,0,0.0,0.0
2012-09-24,12.11358871654,10019289,121369558.08110891,65273058.15169105,0.4621957994765843,6382858.8585463045,33440.0,0.0,0,0.0,0.0
2012-09-25,12.1824053945061,10026239,122143720.0507831,65486520.237118974,0.4638568384040378,4846996.98574749,43272.0,0.0,0,0.0,0.0
2012-09-26,12.3198168597312,10033239,123607679.09551038,65722009.492633976,0.46830156529473177,3023895.804409383,48271.0,0.0,0,0.0,0.0
2012-09-27,12.3187514018118,10041289,123696155.04929826,65959089.03077601,0.46676524420271215,3143542.4514722563,42088.0,0.0,0,0.0,0.0
2012-09-28,12.3814573892461,10049189,124423617.56614712,66297015.14618831,0.4671669539672165,10987688.619521579,50031.0,0.0,0,0.0,0.0
2012-09-29,12.4047515055523,10057589,124761904.47903182,66526588.384662434,0.4667716186086013,2964298.0329272607,38451.0,0.0,0,0.0,0.0
2012-09-30,12.3916224728229,10065539,124728371.44963017,66703896.55432832,0.4652067065489926,2085326.2268184207,34674.0,0.0,0,0.0,0.0
2012-10-01,12.3893951601403,10072089,124787102.88306859,66855928.87241817,0.46424007507358084,2821865.7711385847,37977.0,0.0,0,0.0,0.0
2012-10-02,12.8072380958504,10079389,129089147.36823912,67204148.8048082,0.4793973763487495,3054551.636614891,53176.0,0.0,0,0.0,0.0
2012-10-03,12.9554304944477,10086039,130668989.95894805,67538935.85024601,0.48312957901132814,8008571.940656973,50099.0,0.0,0,0.0,0.0
2012-10-04,12.8623857779077,10092589,129814785.85460012,67784760.40775283,0.47783482473502226,4360888.084241226,51020.0,0.0,0,0.0,0.0
2012-10-05,12.7522194190532,10099389,128789637.05685392,67904273.27964035,0.47275048807176817,1956074.1531794022,45099.0,0.0,0,0.0,0.0
2012-10-06,12.5051297136178,10107139,126391096.51625368,67990087.91315123,0.4620658433451614,1402624.0636895995,38962.0,0.0,0,0.0,0.0
2012-10-07,11.8739970853302,10113389,120086363.1763405,67957047.61893065,0.43409854523498803,1613860.4293396364,43402.0,0.0,0,0.0,0.0
2012-10-08,11.7333297481005,10122289,118768166.16014574,68149963.8822774,0.4261933472106936,11157098.790011778,47643.0,0.0,0,0.0,0.0
2012-10-09,11.8286634354179,10129389,119817144.88083725,68180931.23813368,0.43095847171168833,2226256.153660941,52280.0,0.0,0,0.0,0.0
2012-10-10,12.109188478083,10136839,122748905.89134128,68336461.64752239,0.44328251929174345,3660540.072972086,47362.0,0.0,0,0.0,0.0
2012-10-11,12.0675518082992,10143739,122410107.73388164,68439861.64921361,0.4408969739819101,2458045.6702116914,41234.0,0.0,0,0.0,0.0
2012-10-12,12.0280681648159,10151189,122099205.0227532,68549033.3684752,0.438579199957108,3165357.858884767,44614.0,0.0,0,0.0,0.0
2012-10-13,11.9268038293396,10158589,121159509.85759845,68621604.30268474,0.4336259334216746,1174025.9569579125,39436.0,0.0,0,0.0,0.0
2012-10-14,11.6505779608416,10164939,118427425.68226738,68689314.13213694,0.41998811730970464,7637375.937153501,38589.0,0.0,0,0.0,0.0
2012-10-15,11.9083095268849,10173389,121147876.779202,68851727.84035333,0.431672022070688,3092091.4594918573,46286.0,0.0,0,0.0,0.0
2012-10-16,11.8480180689655,10181139,120626330.39963993,68982163.28202547,0.428133451017827,3312612.964812341,43061.0,0.0,0,0.0,0.0
2012-10-17,11.9193881607247,10188239,121437586.94392976,69225092.78272931,0.4299533239680399,11298319.641082779,44826.0,0.0,0,0.0,0.0
2012-10-18,11.9259328445354,10196089,121597884.32598726,69376013.20500493,0.4294636490630269,3666627.174400874,51055.0,0.0,0,0.0,0.0
2012-10-19,11.7574857971946,10202839,119959746.10430539,69464187.55779235,0.4209375243476006,3092794.777267174,44589.0,0.0,0,0.0,0.0
2012-10-20,11.6943775517241,10210739,119408248.35728687,69533230.57032678,0.41768486242028086,1975898.0401464573,43929.0,0.0,0,0.0,0.0
2012-10-21,11.657411405903,10218789,119124638.75793752,69795761.2033332,0.4140946664681276,5954913.341146539,38810.0,0.0,0,0.0,0.0
2012-10-22,11.7410779129164,10226639,120071776.64120479,69902551.61318494,0.4178269567704837,1668302.9424745722,41483.0,0.0,0,0.0,0.0
2012-10-23,11.7077817299825,10233139,119807369.13559781,69998962.60651734,0.4157374198969963,2885408.226496679,41455.0,0.0,0,0.0,0.0
2012-10-24,11.6343523869082,10241239,119150194.64463282,70127506.61136727,0.4114360717536083,2771999.311956351,41863.0,0.0,0,0.0,0.0
2012-10-25,10.7536298202805,10248389,110207391.93761463,70076877.50092621,0.3641363227196702,8338915.872891885,39577.0,0.0,0,0.0,0.0
2012-10-26,10.130619493571,10256639,103906116.75795761,69962117.54814291,0.32667950905031884,7272136.843689842,37808.0,0.0,0,0.0,0.0
2012-10-27,10.4581862957335,10265389,107357360.62630144,69969052.21463528,0.3482603166988292,1800341.6089112076,29748.0,0.0,0,0.0,0.0
2012-10-28,10.7099620838691,10273689,110030829.95457327,70057950.74578376,0.36328799142288115,1162421.2142648736,27648.0,0.0,0,0.0,0.0
2012-10-29,10.6307389760374,10281589,109300899.13947867,70125261.95600115,0.35842008155381744,2222714.4591629044,35698.0,0.0,0,0.0,0.0
2012-10-30,10.8593230584454,10288739,111728751.1009644,70234503.34006335,0.3713837964894507,4961188.1261529345,34202.0,0.0,0,0.0,0.0
2012-10-31,11.1460718381064,10295939,114759286.42954914,70418310.84705977,0.38638246160331735,2612156.1325455992,32828.0,0.0,0,0.0,0.0
2012-11-01,10.6135357510228,10302789,109349029.55463725,70363600.37563826,0.3565228638770823,4311214.2916497905,31737.0,0.0,0,0.0,0.0
2012-11-02,10.5305036388077,10309939,108568860.22793673,70340863.17914096,0.35210830221978345,2190472.4243863174,33143.0,0.0,0,0.0,0.0
2012-11-03,10.650747019287,10317239,109886312.70876174,70416164.84703033,0.3591907571449913,1357179.5378705375,32722.0,0.0,0,0.0,0.0
2012-11-04,10.7968828924605,10325089,111478787.10378143,70590866.81476589,0.3667775847879547,3637493.211719832,30666.0,0.0,0,0.0,0.0
2012-11-05,10.7408207352425,10333089,110985866.84254664,70672988.94812103,0.3632253280646685,2971273.024333826,37584.0,0.0,0,0.0,0.0
2012-11-06,10.8681974991233,10339839,112375422.72409245,70769104.2144141,0.3702439332471429,1845432.113902628,41150.0,0.0,0,0.0,0.0
2012-11-07,10.9540989444769,10347689,113349619.59753817,70917494.7605696,0.37434730692197354,5085550.25061933,43510.0,0.0,0,0.0,0.0
2012-11-08,10.892699371128,10355389,112798149.63440353,71015223.55728173,0.37042208770752716,1797245.5414053432,37674.0,0.0,0,0.0,0.0
2012-11-09,10.8158672180012,10362989,112084723.31325644,71092818.82248029,0.3657224934767535,2817912.2592050303,36730.0,0.0,0,0.0,0.0
2012-11-10,10.8632604430158,10370189,112654074.29225002,71177644.90077487,0.3681751383787147,1539386.163646319,34731.0,0.0,0,0.0,0.0
2012-11-11,10.8418406388077,10377539,112511634.37715144,71278677.79982865,0.3664772697115515,3449254.26985156,30163.0,0.0,0,0.0,0.0
2012-11-12,11.0313424552893,10384139,114551003.90877822,71458958.53419125,0.3761821712964033,4253950.911510189,31557.0,0.0,0,0.0,0.0
2012-11-13,10.9980027790766,10391139,114281786.04250498,71596272.53208649,0.37351108158689794,4520903.460018836,32691.0,0.0,0,0.0,0.0
2012-11-14,10.9589524184687,10398289,113954364.77918248,71694498.0991939,0.370849039103316,3069240.4586088415,37767.0,0.0,0,0.0,0.0
2012-11-15,11.1751098585622,10405089,116278023.25725345,71851126.2679236,0.38207475277628183,2927509.366008843,46302.0,0.0,0,0.0,0.0
2012-11-16,11.705044829924,10412339,121876905.875887,72210441.47191629,0.4075133352544117,6415256.543653446,48299.0,0.0,0,0.0,0.0
2012-11-17,11.7500423991818,10419339,122427686.14887765,72379655.51813519,0.40879667177473056,3465730.246118979,52914.0,0.0,0,0.0,0.0
2012-11-18,11.6656310321449,10426639,121633334.52686286,72517890.81807104,0.4037992043862336,2057539.933700474,42937.0,0.0,0,0.0,0.0
2012-11-19,11.7505293506721,10433939,122604317.57876207,72765484.81761067,0.406501449095661,3777560.767789482,42226.0,0.0,0,0.0,0.0
2012-11-20,11.6991703167738,10441289,122154429.38766158,72841650.03190963,0.403692110085145,2393086.4931616737,43969.0,0.0,0,0.0,0.0
2012-11-21,11.7291351759205,10448889,122556442.59749572,72998554.48343657,0.40436787380341116,2911726.8031555195,44126.0,0.0,0,0.0,0.0
2012-11-22,12.2919979465225,10456089,128526236.12044798,73262221.99231273,0.4299823584372668,2429376.4908779515,41378.0,0.0,0,0.0,0.0
2012-11-23,12.2802876195207,10464239,128503876.23214245,73478596.52438472,0.4281993767126096,3581265.14147693,35211.0,0.0,0,0.0,0.0
2012-11-24,12.4132043997662,10471789,129988469.0002285,73697940.12298264,0.4330424791536464,1676150.6908007523,37102.0,0.0,0,0.0,0.0
2012-11-25,12.5296894897721,10479089,131299743.12759669,73935441.39779782,0.43689576508959665,3849587.4540098663,36276.0,0.0,0,0.0,0.0
2012-11-26,12.1846262399182,10486939,127779443.61216055,74129682.59223697,0.419862221209561,5235005.665088678,41339.0,0.0,0,0.0,0.0
2012-11-27,12.1592753845704,10494339,127603569.35245731,74267934.29942559,0.4179791781976875,3627068.5421110904,38564.0,0.0,0,0.0,0.0
2012-11-28,12.3316598270018,10501464,129500493.36857258,74461296.69998045,0.4250114824809551,3167196.9747908046,43852.0,0.0,0,0.0,0.0
2012-11-29,12.4976616534191,10505614,131295621.01886562,74610314.87855671,0.4317379795337112,2292347.750136721,41960.0,0.0,0,0.0,0.0
2012-11-30,12.5861389275278,10508739,132264460.86971441,74799967.48811238,0.4344666209179711,4736387.101828917,37110.0,0.0,0,0.0,0.0
2012-12-01,12.5923868702513,10512914,132382692.08385846,74913841.93697535,0.4341115084023159,2539398.4332900117,34733.0,0.0,0,0.0,0.0
2012-12-02,12.4979447565751,10516489,131434510.32834151,74986036.02814536,0.42947985395296934,1591398.564855184,27800.0,0.0,0,0.0,0.0
2012-12-03,12.6569578369375,10520164,133153284.09601481,75153028.0867427,0.43559012759647003,3567635.595950515,30146.0,0.0,0,0.0,0.0
2012-12-04,13.3695895815313,10522964,140687722.4288013,75815688.97938292,0.46110657226858276,21562778.548337255,42417.0,0.0,0,0.0,0.0
2012-12-05,13.3127502220923,10526014,140130207.70376387,76123341.9414174,0.45676707978380643,4315592.744513631,44489.0,0.0,0,0.0,0.0
2012-12-06,13.4779245403273,10529439,141914996.92969304,76337307.75962386,0.4620913264195568,2159964.0955038015,41024.0,0.0,0,0.0,0.0
2012-12-07,13.4772824494448,10532664,141951700.29473352,76641464.7875941,0.46008772963998423,9541079.10102013,40896.0,0.0,0,0.0,0.0
2012-12-08,13.4999844091175,10536114,142237387.36207974,76764275.67784038,0.4603087338603239,1418523.6372818477,38318.0,0.0,0,0.0,0.0
2012-12-09,13.3465108907072,10539264,140662414.24185714,76920403.19486038,0.4531559577628019,3775388.824998473,38899.0,0.0,0,0.0,0.0
2012-12-10,13.4922565809468,10542839,142246701.48828596,77098150.98454644,0.457996915373848,5022680.937975571,35939.0,0.0,0,0.0,0.0
2012-12-11,13.615415666277,10546439,143594163.48737863,77304997.16138211,0.4616424840402589,3787054.772809851,37045.0,0.0,0,0.0,0.0
2012-12-12,13.6682136426067,10549689,144195415.86766285,77558602.37985286,0.4621285155761592,5800553.063967168,42722.0,0.0,0,0.0,0.0
2012-12-13,13.7552515207481,10552964,145158686.94321233,77917347.01725073,0.4632264271739186,9484207.361659065,47192.0,0.0,0,0.0,0.0
2012-12-14,13.6009222527762,10555614,143566098.02053642,78042983.43302682,0.456396847799937,3548062.5723757213,41676.0,0.0,0,0.0,0.0
2012-12-15,13.5309482887201,10558514,142866719.53720015,78106676.56343979,0.4532899137289837,1811151.9464235976,34599.0,0.0,0,0.0,0.0
2012-12-16,13.3328610765634,10561289,140812211.42615572,78176822.24018322,0.4448150380680552,2739879.5826097876,35748.0,0.0,0,0.0,0.0
2012-12-17,13.3200719514904,10564639,140721764.00268605,78220441.7284985,0.44414822907560014,2051679.754574108,40997.0,0.0,0,0.0,0.0
2012-12-18,13.2720338690824,10567764,140255734.06498218,78330252.38060364,0.4415183599958039,3700449.149415054,48135.0,0.0,0,0.0,0.0
2012-12-19,13.5385431800117,10571314,143120203.64269826,78521580.80208743,0.45135921551566727,3998388.2262586057,43743.0,0.0,0,0.0,0.0
2012-12-20,13.5700270263004,10573964,143488989.8550581,78711857.20394474,0.4514432272228441,5845170.442567534,39532.0,0.0,0,0.0,0.0
2012-12-21,13.4289680023378,10577114,142039737.91860586,78834244.04051812,0.44498458532996504,3761714.0996971093,46126.0,0.0,0,0.0,0.0
2012-12-22,13.4272139129164,10580939,142072543.78627867,78895831.42113367,0.44467925104644035,1673979.2918461477,55128.0,0.0,0,0.0,0.0
2012-12-23,13.3181057568673,10583989,140958697.1575846,78933831.28682452,0.44002156036827905,1628332.864485048,39925.0,0.0,0,0.0,0.0
2012-12-24,13.4266626715371,10587289,142151970.42889717,78998557.66206357,0.44426688266289094,2009558.320005314,40026.0,0.0,0,0.0,0.0
2012-12-25,13.3655670046756,10590389,141546566.14838704,79047531.32829572,0.4415439845751674,1332917.2884869003,30289.0,0.0,0,0.0,0.0
2012-12-26,13.4546990175336,10594239,142542309.50384453,79139971.08809276,0.44479662660469055,1567073.6806177064,38113.0,0.0,0,0.0,0.0
2012-12-27,13.3993031811806,10598139,142007690.00510848,79211513.44721726,0.442202648008937,1534872.8414052434,36571.0,0.0,0,0.0,0.0
2012-12-28,13.4555072215079,10602364,142660197.78664774,79328031.62194748,0.44393718182989805,2420136.313098379,42409.0,0.0,0,0.0,0.0
2012-12-29,13.3740038603156,10605964,141844215.79598406,79380043.90953715,0.4403716537605576,2246196.2544937762,39998.0,0.0,0,0.0,0.0
2012-12-30,13.445013798948,10610114,142653141.45420307,79483713.01224804,0.44281834804342357,2354326.2332642362,45781.0,0.0,0,0.0,0.0
2012-12-31,13.5455524436002,10614064,143773372.93929687,79770778.59477615,0.4451630579157624,12161769.51586219,34738.0,0.0,0,0.0,0.0
2013-01-01,13.3313714219755,10618114,141554033.67324936,79814318.6675223,0.4361565220263627,2200051.56909714,37847.0,0.0,0,0.0,0.0
2013-01-02,13.2806068129749,10621939,141065807.52927282,79866776.42909135,0.4338332029005821,2481860.6114093475,43104.0,0.0,0,0.0,0.0
2013-01-03,13.3840811484512,10625989,142219111.19806975,79970390.33785944,0.437695892878391,2741877.0933366334,51270.0,0.0,0,0.0,0.0
2013-01-04,13.4517211496201,10629814,142989305.95411703,80120677.83879307,0.43967363640115503,5071728.026199862,47341.0,0.0,0,0.0,0.0
2013-01-05,13.459406766803,10633339,143118447.01739496,80206409.877456,0.4395802110142551,2112793.768588536,53413.0,0.0,0,0.0,0.0
2013-01-06,13.5044965078901,10636964,143646855.35351154,80290094.90394224,0.4410591536699484,1406230.8307707564,42205.0,0.0,0,0.0,0.0
2013-01-07,13.5560616578025,10641164,144252287.4818481,80404811.01953909,0.44260980242925585,2131023.241098026,54060.0,0.0,0,0.0,0.0
2013-01-08,13.7803506312098,10644489,146684803.08497366,80658032.8953765,0.4501268625035971,5836215.7413858315,56023.0,0.0,0,0.0,0.0
2013-01-09,13.8209552565751,10647739,147161936.70025006,80783597.3121224,0.4510564407923755,4291070.457135054,56162.0,0.0,0,0.0,0.0
2013-01-10,14.12317285564,10651414,150431773.71939066,81084868.58095345,0.4609857573559833,4814517.478494269,61187.0,0.0,0,0.0,0.0
2013-01-11,14.2276211227352,10654339,151585911.31061542,81294768.98685475,0.4637049823167719,3346882.173602611,61057.0,0.0,0,0.0,0.0
2013-01-12,14.2142856560491,10657389,151487184.28716072,81406373.01407485,0.4626187462844378,1831761.2655098338,50737.0,0.0,0,0.0,0.0
2013-01-13,14.1607882670953,10660714,150964126.36164927,81545979.42392436,0.4598320714381308,4293548.972984126,55504.0,0.0,0,0.0,0.0
2013-01-14,14.3179703202805,10664639,152695997.4216689,81712814.93035686,0.46486603244283137,2616328.774302388,44314.0,0.0,0,0.0,0.0
2013-01-15,14.3136377516072,10667664,152693090.87685436,81906003.94076735,0.46359063484526736,3990825.3625412174,57628.0,0.0,0,0.0,0.0
2013-01-16,14.7078140479252,10670939,156946199.56740406,82206091.92496218,0.4762148293392926,3878498.481788849,58425.0,0.0,0,0.0,0.0
2013-01-17,15.598599739626,10673714,166495006.22618768,82833907.24339397,0.5024841337831958,5344629.248430617,58919.0,0.0,0,0.0,0.0
2013-01-18,15.7157911239042,10676739,167793413.89352918,83204896.8889696,0.5041229869620149,4316309.946165141,57056.0,0.0,0,0.0,0.0
2013-01-19,15.5881263997662,10680589,166490385.11265844,83393540.58374424,0.4991089694019589,2590139.1498854384,49358.0,0.0,0,0.0,0.0
2013-01-20,15.7195921373466,10683839,167945605.39022362,83575888.13133523,0.5023633518891688,2658574.533671742,46089.0,0.0,0,0.0,0.0
2013-01-21,16.7810195207481,10687139,179341102.93066302,84196930.64745909,0.5305207268630919,6429011.8259569835,45939.0,0.0,0,0.0,0.0
2013-01-22,17.3001788386908,10690739,184951711.7815779,85316726.54322833,0.5387080999607904,12650053.43367191,53488.0,0.0,0,0.0,0.0
2013-01-23,17.5363954228521,10693889,187532281.43910545,85791838.54909113,0.5425222906118751,3921418.9572664723,47351.0,0.0,0,0.0,0.0
2013-01-24,16.90108607218,10697789,180804267.41741794,86192962.22973506,0.5232802662188073,9436223.418146068,60700.0,0.0,0,0.0,0.0
2013-01-25,17.4072020292227,10701214,186278209.20041806,86637518.98083389,0.5349025559526398,5840039.691636286,49558.0,0.0,0,0.0,0.0
2013-01-26,17.5536291760608,10705114,187913616.6714379,87033001.23423326,0.5368456912496755,5330682.526408825,54651.0,0.0,0,0.0,0.0
2013-01-27,17.8646280148217,10708889,191310333.88119823,87814524.03055881,0.5409838964313829,12489917.70303121,49580.0,0.0,0,0.0,0.0
2013-01-28,18.7942648743425,10712564,201334781.50962177,88540796.23944691,0.5602309964748164,5498698.26504143,54296.0,0.0,0,0.0,0.0
2013-01-29,19.5147141861484,10716514,209129724.5842577,89900716.73759091,0.5701198530418845,14135194.719914366,55618.0,0.0,0,0.0,0.0
2013-01-30,19.7374466864407,10720339,211592136.37842757,91084507.87848508,0.5695279161245266,16350383.924160639,44536.0,0.0,0,0.0,0.0
2013-01-31,20.5116430306838,10725164,219990752.92047077,92399642.85221332,0.5799839692097564,9851775.909514112,47849.0,0.0,0,0.0,0.0
2013-02-01,20.443091956166,10728839,219330659.68787783,94199706.30756828,0.5705128209543493,29862734.283142086,64411.0,0.0,0,0.0,0.0
2013-02-02,19.6359017054354,10732664,210745552.04203182,94381237.6074535,0.5521554941827205,10953124.480146993,56581.0,0.0,0,0.0,0.0
2013-02-03,20.5789396832262,10737314,220962554.63762346,94975753.56725632,0.5701726307291493,3679029.6067538364,57506.0,0.0,0,0.0,0.0
2013-02-04,20.4404879614261,10741414,219559760.8894694,95393390.7934502,0.5655242545036607,8856985.477505105,57373.0,0.0,0,0.0,0.0
2013-02-05,20.6593447276446,10745589,221996844.95129523,95979649.14958182,0.5676530935805003,7512489.518709536,59940.0,0.0,0,0.0,0.0
2013-02-06,21.2085655318527,10749239,227975957.68113983,96648339.66965932,0.5760590693302967,4116793.659538725,53660.0,0.0,0,0.0,0.0
2013-02-07,22.1177651789246,10753089,237834316.1177326,97419204.1169929,0.5903904629609105,5429881.385392127,58309.0,0.0,0,0.0,0.0
2013-02-08,22.7873650499299,10756864,245120605.9932548,98521107.770467,0.598070886895661,8496299.800590167,60207.0,0.0,0,0.0,0.0
2013-02-09,23.7338601537113,10760439,255386774.4383329,99476767.66532624,0.6104858292521077,10849566.033034472,56352.0,0.0,0,0.0,0.0
2013-02-10,23.9002893571011,10764464,257273824.49842432,99998688.57597524,0.6113141755834252,3088168.3932117685,57585.0,0.0,0,0.0,0.0
2013-02-11,24.4972726949153,10768439,263797407.2963058,100805553.01710942,0.6178675368712727,5457779.411686303,52291.0,0.0,0,0.0,0.0
2013-02-12,24.9797364073641,10771914,269079593.30606914,101674896.18248612,0.6221382122172517,5344807.660108683,51859.0,0.0,0,0.0,0.0
2013-02-13,24.6416509347867,10776189,265543108.34599987,102746007.3052796,0.6130722128498902,7473843.064511077,53166.0,0.0,0,0.0,0.0
2013-02-14,27.2823898203039,10779964,294103202.90524316,104461863.27190132,0.6448122215603419,7216073.854222299,51477.0,0.0,0,0.0,0.0
2013-02-15,27.1712692291058,10784439,293026918.20144284,106135409.96898907,0.6377963819145593,22518227.20174987,50145.0,0.0,0,0.0,0.0
2013-02-16,27.3461635619521,10789164,295042266.2340762,107167523.63158274,0.6367723004589458,6011553.148127161,47113.0,0.0,0,0.0,0.0
2013-02-17,26.9272513763881,10793864,290649111.5735559,108020186.49774732,0.6283484717605609,5847525.433866997,45578.0,0.0,0,0.0,0.0
2013-02-18,26.9288676370544,10797889,290774945.9514911,108785724.67557952,0.6258765543929365,6752947.127700235,47237.0,0.0,0,0.0,0.0
2013-02-19,29.4136243807715,10801864,317721994.58947283,110466372.76174794,0.6523175145476439,6463635.767175079,49402.0,0.0,0,0.0,0.0
2013-02-20,29.8198072276447,10806689,322253407.3209824,111737783.64274664,0.6532611258584784,9586717.929799283,50783.0,0.0,0,0.0,0.0
2013-02-21,29.8180689158387,10811089,322365821.3829801,112631199.36652088,0.6506106047988515,3810991.671524605,50637.0,0.0,0,0.0,0.0
2013-02-22,30.4726565324372,10815339,329572135.6929933,113914987.7473156,0.6543549183616938,5478733.785530119,54319.0,0.0,0,0.0,0.0
2013-02-23,29.8064545458796,10819439,322489141.2815785,114628085.95254534,0.6445521064771019,5067116.706761267,51377.0,0.0,0,0.0,0.0
2013-02-24,29.8828484924021,10823339,323432224.08296186,115462507.2089974,0.64300864721698,5750646.850970913,52050.0,0.0,0,0.0,0.0
2013-02-25,30.3520330949737,10828439,328665163.7991061,118495795.40072843,0.6394634769593104,32591968.151821587,56630.0,0.0,0,0.0,0.0
2013-02-26,31.1555373506721,10832589,337495156.72631115,119771327.6516328,0.6451168994144697,7310484.679088498,58809.0,0.0,0,0.0,0.0
2013-02-27,31.2402610829924,10837414,338563668.3950003,120359419.71619733,0.6444998948446687,2504325.8396124346,55052.0,0.0,0,0.0,0.0
2013-02-28,33.3752939365868,10841614,361842081.2983998,123436399.83407182,0.658866654228982,22569991.37671912,59805.0,0.0,0,0.0,0.0
2013-03-01,34.6062570341204,10845414,375319212.7299567,125154907.66724044,0.6665374342099301,6355311.206173478,63073.0,0.0,0,0.0,0.0
2013-03-02,34.143515924021,10849039,370424363.66712254,126007845.87568264,0.6598284069972296,4023096.1435148614,49230.0,0.0,0,0.0,0.0
2013-03-03,34.451740484512,10853064,373906972.45114994,126718864.16876864,0.6610952094900445,3849875.4838283667,46060.0,0.0,0,0.0,0.0
2013-03-04,36.3762652507306,10857539,394956748.17210996,128335727.31458364,0.6750638445639143,4398879.400235147,53538.0,0.0,0,0.0,0.0
2013-03-05,40.6729539902747,10861014,441749555.7366492,132401676.85726452,0.7002788681100648,11851455.59788468,57386.0,0.0,0,0.0,0.0
2013-03-06,43.2849961852133,10864889,470286714.0656949,137921123.25535268,0.7067297052408623,21916605.702540513,69113.0,0.0,0,0.0,0.0
2013-03-07,41.9474407158387,10868889,455922110.99440205,140660438.07286602,0.6914814292158927,13147429.057605807,66343.0,0.0,0,0.0,0.0
2013-03-08,43.902928914962,10872889,477351708.473067,142471630.7589447,0.7015374026529054,3846418.191196966,56555.0,0.0,0,0.0,0.0
2013-03-09,46.8885866123086,10877114,510012539.9081529,145529095.61769786,0.7146558481799175,10075396.366274694,54085.0,0.0,0,0.0,0.0
2013-03-10,46.0660384590181,10881689,501276341.3331764,146968569.1685785,0.7068112794278177,3364119.371322024,56948.0,0.0,0,0.0,0.0
2013-03-11,48.275074577218,10885789,525512314.95851594,149094526.90495104,0.7162872825982763,6501513.475243691,53486.0,0.0,0,0.0,0.0
2013-03-12,44.4135452582116,10889164,483626414.11358553,150293603.98505932,0.6892361550174531,8071477.015646258,59705.0,0.0,0,0.0,0.0
2013-03-13,47.0161908515809,10893089,512151589.4474192,152808417.3943249,0.7016343978172634,7597856.735075626,63000.0,0.0,0,0.0,0.0
2013-03-14,46.9255625535453,10897564,511374359.1500613,154560218.1745577,0.6977552444525236,6535252.535779744,61078.0,0.0,0,0.0,0.0
2013-03-15,46.9025172478223,10901864,511324902.21465313,156352524.64035,0.6942207900238085,7229637.220740466,63449.0,0.0,0,0.0,0.0
2013-03-16,47.1570156995909,10906239,514305721.87349564,157579094.0230656,0.6936081258263241,3727056.327717004,50882.0,0.0,0,0.0,0.0
2013-03-17,47.3334997837522,10911464,516477817.1541145,158809312.25739905,0.692514747037023,5399037.638538823,51904.0,0.0,0,0.0,0.0
2013-03-18,51.3654363912578,10916214,560716137.379921,161701123.163184,0.7116167836389179,3786842.5248291446,58824.0,0.0,0,0.0,0.0
2013-03-19,59.4986011114249,10920464,649752379.5929985,168359890.48564282,0.7408860732590121,9036992.497692313,68705.0,0.0,0,0.0,0.0
2013-03-20,63.6874854981899,10925739,695832895.6115934,173894195.90128365,0.7500920163476296,7618262.71222508,62803.0,0.0,0,0.0,0.0
2013-03-21,70.9175250053215,10931189,775212926.5830532,182734833.3120404,0.7642778815396044,14128949.098735418,69722.0,0.0,0,0.0,0.0
2013-03-22,69.8460845417884,10936914,763900676.2718087,188573219.5205704,0.7531443217973106,14778888.021221822,74953.0,0.0,0,0.0,0.0
2013-03-23,64.3831163705435,10942339,704501937.1930648,190297584.82805905,0.7298835180123726,9228209.39150712,66964.0,0.0,0,0.0,0.0
2013-03-24,71.6904242064758,10947064,784799719.8663055,195165762.18002412,0.7513177473951296,9461463.95731863,68996.0,0.0,0,0.0,0.0
2013-03-25,74.3140892495617,10950664,813788681.8474686,202424522.68190905,0.75125665028621,12794530.459467653,66156.0,0.0,0,0.0,0.0
2013-03-26,78.6141974320088,10954439,861174493.7847915,207666258.9500107,0.7588569326556173,9184433.417545157,72997.0,0.0,0,0.0,0.0
2013-03-27,88.8520799138223,10957714,973615751.749915,216737846.61361703,0.7773887221688164,10271191.137517681,72740.0,0.0,0,0.0,0.0
2013-03-28,87.6731739608416,10962289,961098741.3031454,224174914.71596855,0.7667514220110082,10067190.537619757,94447.0,0.0,0,0.0,0.0
2013-03-29,90.29569935827,10966639,990240410.9392285,230442325.36577183,0.767286486372334,8436537.784547271,83259.0,0.0,0,0.0,0.0
2013-03-30,92.1899599883109,10970964,1011412806.5454928,238218747.90094995,0.7644693182058941,15857663.276909485,78034.0,0.0,0,0.0,0.0
2013-03-31,93.8992384231444,10975189,1030561964.3809184,241758839.1955697,0.7654106715060073,3206399.609722068,64234.0,0.0,0,0.0,0.0
2013-04-01,103.580346911163,10980139,1137326690.2915657,255376050.7482464,0.7754593707083599,25186898.987241082,75734.0,0.0,0,0.0,0.0
2013-04-02,116.679944241173,10984664,1281690077.015096,269991929.0317169,0.7893469459789406,12274635.997761007,91858.0,0.0,0,0.0,0.0
2013-04-03,131.384809378154,10989039,1443792900.0304258,297593170.3016805,0.7938809850807486,35716425.36822946,107117.0,0.0,0,0.0,0.0
2013-04-04,133.007120475745,10992889,1462132618.6717975,308698746.83732,0.7888708979642748,11043418.296706952,108872.0,0.0,0,0.0,0.0
2013-04-05,142.626065488019,10996839,1568435994.1908715,333232361.10053194,0.7875384380779653,33955727.7615237,100016.0,0.0,0,0.0,0.0
2013-04-06,143.081822964933,11000914,1574030944.583013,341583772.54256684,0.7829878925073751,11583366.169793213,83050.0,0.0,0,0.0,0.0
2013-04-07,162.852214576856,11005014,1792191032.4472635,355194714.972289,0.8018097911765213,11938414.415571637,87060.0,0.0,0,0.0,0.0
2013-04-08,186.351161848042,11008889,2051519405.8210192,385129781.923301,0.8122709535037658,18535209.648508824,113856.0,0.0,0,0.0,0.0
2013-04-09,230.682996695207,11013289,2540578695.6929007,449593429.9153814,0.8230350310826478,49699855.9590985,112032.0,0.0,0,0.0,0.0
2013-04-10,161.192889661017,11018064,1776033704.3922067,466707627.724308,0.7372191605541493,35980447.34823831,133413.0,0.0,0,0.0,0.0
2013-04-11,82.9015850379895,11022064,913746642.7269194,434560619.07267433,0.5244189157556814,22544434.963514835,124571.0,0.0,0,0.0,0.0
2013-04-12,111.476373194039,11026389,1229181944.8864455,432262595.12455046,0.6483331072972408,12748805.775636114,102913.0,0.0,0,0.0,0.0
2013-04-13,97.6090718702513,11030564,1076683192.8218641,430065459.165431,0.6005645281428807,10205984.818510596,82796.0,0.0,0,0.0,0.0
2013-04-14,88.8614913997663,11034389,980532334.7597276,426911022.1107701,0.56461300971234,9339607.631736288,71358.0,0.0,0,0.0,0.0
2013-04-15,80.8746931659848,11038489,892734475.996183,421439628.3488945,0.5279227590279639,10226561.362745682,100215.0,0.0,0,0.0,0.0
2013-04-16,68.2831387270602,11042914,754044883.5817298,415768500.0095776,0.4486157136500044,24491976.756768346,100318.0,0.0,0,0.0,0.0
2013-04-17,92.8640369135009,11047189,1025886641.8430693,422990253.8310633,0.5876832423988533,9157632.873276208,105207.0,0.0,0,0.0,0.0
2013-04-18,108.628345092344,11050864,1200437155.6076639,430221635.2097892,0.6416125299020671,3705489.367969288,82077.0,0.0,0,0.0,0.0
2013-04-19,119.012283239042,11054289,1315596269.2805223,438290824.6294047,0.6668500550939547,5180904.714561771,104978.0,0.0,0,0.0,0.0
2013-04-20,128.208288893045,11058139,1417745182.7406368,445306068.2862039,0.6859054266540446,5254718.066918537,74465.0,0.0,0,0.0,0.0
2013-04-21,118.483243756283,11062539,1310725600.2808,449719449.9023369,0.6568927548176428,9618119.936787253,69836.0,0.0,0,0.0,0.0
2013-04-22,126.31427175979,11066364,1397839811.3732398,454933049.67620647,0.6745456482389927,5561564.730162813,91677.0,0.0,0,0.0,0.0
2013-04-23,142.127218053185,11070564,1573428578.0138319,465269034.7942834,0.7042960568432022,11014340.53009318,93130.0,0.0,0,0.0,0.0
2013-04-24,154.1332778045,11074614,1706966680.318717,483749304.7323253,0.7166029599113195,12307113.788262062,102493.0,0.0,0,0.0,0.0
2013-04-25,141.008659278492,11078914,1562222922.9153535,494095408.7475119,0.6837228531857334,7609605.56075176,90725.0,0.0,0,0.0,0.0
2013-04-26,137.209600419638,11083189,1520720044.5206788,497223265.9808926,0.6730343183333167,3115506.414163306,86162.0,0.0,0,0.0,0.0
2013-04-27,128.226669605202,11086864,1421631750.3097942,500925000.8438368,0.6476408178597038,6692600.80287221,78208.0,0.0,0,0.0,0.0
2013-04-28,134.62356956166,11091289,1493149024.5935402,503720470.0132325,0.6626455486247573,3299652.0085601727,118021.0,0.0,0,0.0,0.0
2013-04-29,143.810378192577,11095639,1595668156.4747899,510938935.46430886,0.6797962449829829,5522069.909436985,86930.0,0.0,0,0.0,0.0
2013-04-30,139.129647545295,11099364,1544250713.1309922,514627521.7415757,0.6667461330173774,3758528.972013501,76873.0,0.0,0,0.0,0.0
2013-05-01,116.113801040327,11103139,1289227766.1027422,511070574.7278443,0.6035839529947608,9770172.48908068,83566.0,0.0,0,0.0,0.0
2013-05-02,106.340984697253,11106489,1181075062.2673502,508702304.0891812,0.5692887604344062,5382293.199524443,81921.0,0.0,0,0.0,0.0
2013-05-03,96.3168402741087,11109914,1070071889.6176996,507060975.2824493,0.526143074869853,15136108.29760272,82805.0,0.0,0,0.0,0.0
2013-05-04,112.497636369082,11113889,1250286333.7952714,508818418.0251936,0.5930384870474716,2179091.823211842,69963.0,0.0,0,0.0,0.0
2013-05-05,116.488715827002,11118014,1295123267.0416377,511209039.4756295,0.6052815569877378,4855644.462945505,72103.0,0.0,0,0.0,0.0
2013-05-06,112.118596195207,11122164,1247001504.4551222,512171537.2520325,0.5892775306026387,2800954.56412255,85166.0,0.0,0,0.0,0.0
2013-05-07,111.609212873466,11126364,1241804817.8964744,513130989.8961285,0.5867861176723936,4314031.418954179,109070.0,0.0,0,0.0,0.0
2013-05-08,113.136061854763,11130489,1259259782.917864,513916616.8396472,0.5918899151620348,2588706.806978281,102388.0,0.0,0,0.0,0.0
2013-05-09,111.974532710696,11134589,1246790490.20711,514729404.04373455,0.5871564564482438,3850540.389905592,81895.0,0.0,0,0.0,0.0
2013-05-10,117.691036883694,11138889,1310947490.743821,514886867.56598586,0.607240662801953,5857373.161906918,84296.0,0.0,0,0.0,0.0
2013-05-11,115.49977766277,11143439,1287064819.7387276,517415174.4165705,0.5979882547627982,6425914.252978588,80911.0,0.0,0,0.0,0.0
2013-05-12,114.885675559614,11147639,1280704129.756165,518507927.1795055,0.5951383968143954,2146473.3219931605,69607.0,0.0,0,0.0,0.0
2013-05-13,117.404456646113,11151989,1309293303.4395201,520078896.5403399,0.6027789226645474,2351449.9867516533,82800.0,0.0,0,0.0,0.0
2013-05-14,107.865566569258,11155839,1203330980.9940429,519297583.0880631,0.5684499183598815,4139454.803771009,83724.0,0.0,0,0.0,0.0
2013-05-15,108.986852425482,11159364,1216224044.9806645,520734442.7905936,0.5718433252987757,6911256.306632632,84716.0,0.0,0,0.0,0.0
2013-05-16,112.917874050263,11163064,1260509545.475289,521895071.2414584,0.585964998746065,2718932.1356506734,84115.0,0.0,0,0.0,0.0
2013-05-17,117.284616014027,11167089,1309727839.5755842,523577391.66301167,0.6002395491320729,2756589.1922992812,78407.0,0.0,0,0.0,0.0
2013-05-18,118.169876680304,11170814,1320053807.7258735,526966104.4949964,0.6007995269504742,6550785.290792103,68328.0,0.0,0,0.0,0.0
2013-05-19,117.033880187025,11174714,1307820233.4149714,527780257.656122,0.5964428105856829,1610652.5608102179,64190.0,0.0,0,0.0,0.0
2013-05-20,117.818636469901,11177939,1316969626.1688333,528911879.0117746,0.5983871848658954,2262050.2248072755,71629.0,0.0,0,0.0,0.0
2013-05-21,117.252040911748,11181714,1311078881.5814168,529801660.4470856,0.5959040543708236,2255571.5464746687,82539.0,0.0,0,0.0,0.0
2013-05-22,118.9781735827,11185614,1330844019.6976535,531194603.5136946,0.6008588567468836,2603233.2799635055,74760.0,0.0,0,0.0,0.0
2013-05-23,123.726156049094,11189964,1384491331.4384289,533382104.79117113,0.6147450744693292,2441943.8098470536,83225.0,0.0,0,0.0,0.0
2013-05-24,128.971080654588,11194189,1443726755.9856968,536453219.2917655,0.6284246883507365,2966733.44750798,84916.0,0.0,0,0.0,0.0
2013-05-25,128.844915254237,11198314,1442845921.8229806,543391409.1903474,0.6233891637550646,14561503.514543181,69589.0,0.0,0,0.0,0.0
2013-05-26,130.158601110462,11202389,1458087385.8931713,544458693.3092586,0.6265939212033284,937583.5148329542,69625.0,0.0,0,0.0,0.0
2013-05-27,126.392905902981,11206789,1416458729.084479,545858797.1760399,0.6146313436686905,2961092.8924391456,73955.0,0.0,0,0.0,0.0
2013-05-28,125.904595265926,11210739,1411483657.5675828,547272742.2826754,0.612271286777919,2932154.69299079,76191.0,0.0,0,0.0,0.0
2013-05-29,129.564812390415,11214939,1453061571.585895,550389469.4919395,0.6212208207452382,5246075.899715264,80524.0,0.0,0,0.0,0.0
2013-05-30,126.513068381064,11219414,1419402592.2069113,552235530.7803295,0.610938056748435,4386173.76014351,78186.0,0.0,0,0.0,0.0
2013-05-31,127.816488895383,11223789,1434585404.7591195,554528596.7695338,0.6134572435144463,8022668.769849128,75447.0,0.0,0,0.0,0.0
2013-06-01,128.791151081239,11229114,1446210621.1419115,556239341.9851614,0.6153815123097622,2435449.8371763085,67761.0,0.0,0,0.0,0.0
2013-06-02,122.626708942139,11234089,1377599460.5405715,557584965.1583064,0.5952488505334421,3427959.0755535187,65819.0,0.0,0,0.0,0.0
2013-06-03,122.949187901812,11239414,1381876922.5587935,559121725.9898168,0.5953896350229929,3127320.1936390446,79846.0,0.0,0,0.0,0.0
2013-06-04,120.189968731736,11244739,1351504925.3565562,560605972.803255,0.5851987201190887,5837568.743063307,78629.0,0.0,0,0.0,0.0
2013-06-05,120.869923845704,11249339,1359706845.3407476,562703785.0758832,0.586158011188899,10066645.90239273,78653.0,0.0,0,0.0,0.0
2013-06-06,119.053975669784,11253864,1339817346.4845252,566304476.6662487,0.5773271049578925,9735280.60127062,73257.0,0.0,0,0.0,0.0
2013-06-07,110.1977314436,11257889,1240593917.167,565962459.9788998,0.54379716670599,5640910.967763977,73768.0,0.0,0,0.0,0.0
2013-06-08,109.178545341321,11262414,1229614065.2561455,566157919.9488002,0.5395645382188583,2561513.4748898093,58258.0,0.0,0,0.0,0.0
2013-06-09,99.9036034482759,11266389,1125552939.2037642,565868432.9585072,0.4972529383124241,8796454.26227218,56600.0,0.0,0,0.0,0.0
2013-06-10,104.357566627703,11270739,1176186979.9676185,565985800.7472557,0.5187960669630625,1814278.0697671562,60964.0,0.0,0,0.0,0.0
2013-06-11,107.507520455874,11275239,1212173073.7994313,567479705.611204,0.5318492731137002,6042227.342739327,66609.0,0.0,0,0.0,0.0
2013-06-12,106.378116306254,11280314,1199978640.1178646,567716302.0015316,0.5268946604368148,1620396.4485406259,63764.0,0.0,0,0.0,0.0
2013-06-13,101.323897720631,11284964,1143436619.5116885,567012079.0510224,0.5041158649500238,2105668.6417700564,66341.0,0.0,0,0.0,0.0
2013-06-14,99.2132443015781,11289464,1120064429.565044,566917679.5105393,0.4938526172724803,6288044.939404278,75764.0,0.0,0,0.0,0.0
2013-06-15,99.8750374050263,11293789,1127967679.0502737,567299010.3387105,0.4970609345682981,2541374.626647004,53810.0,0.0,0,0.0,0.0
2013-06-16,99.0383512565751,11298414,1118976373.932885,567660083.9512885,0.49269698880582785,2955028.941873612,48785.0,0.0,0,0.0,0.0
2013-06-17,100.126305084746,11302039,1131631485.426343,567838171.7715058,0.49821282008818235,1327421.7045029998,56906.0,0.0,0,0.0,0.0
2013-06-18,104.289176382233,11305539,1179045434.6439433,568349045.2224339,0.5179583173619869,1936992.8479895126,63563.0,0.0,0,0.0,0.0
2013-06-19,104.417150789012,11308939,1180847272.7062712,568836633.5606983,0.5182809439386383,2894494.2258022106,69145.0,0.0,0,0.0,0.0
2013-06-20,104.323499707773,11312789,1180189823.7398992,569162315.079453,0.517736635555934,2077785.3764809566,67644.0,0.0,0,0.0,0.0
2013-06-21,101.416857393337,11316989,1147733541.004325,569076541.2698578,0.5041736422794728,1619851.6757835706,69098.0,0.0,0,0.0,0.0
2013-06-22,100.039508474576,11321389,1132586271.1723921,569415138.080559,0.49724347489120524,1895149.5940807033,58577.0,0.0,0,0.0,0.0
2013-06-23,100.314744593805,11325514,1136116124.887584,569647126.3636768,0.498601319103677,2080188.574125525,52069.0,0.0,0,0.0,0.0
2013-06-24,99.0456832261835,11329264,1122114772.8943737,570192402.0355487,0.49185910763406215,3518538.4648224683,64862.0,0.0,0,0.0,0.0
2013-06-25,97.8327887200468,11333189,1108757563.5515952,570104557.5226699,0.48581675898877374,6124723.257869776,61381.0,0.0,0,0.0,0.0
2013-06-26,98.6517007597896,11337539,1118467584.0285225,570698976.8660929,0.4897492023769378,3201332.5830495534,64996.0,0.0,0,0.0,0.0
2013-06-27,96.8039495990649,11341714,1097922788.1867666,570614167.588074,0.48027841873065547,3961451.1739824717,61025.0,0.0,0,0.0,0.0
2013-06-28,89.4245067212157,11345939,1014605070.1997676,569919125.0885056,0.4382847653458965,5767510.386424388,68612.0,0.0,0,0.0,0.0
2013-06-29,88.7972910578609,11350164,1007863887.5943692,569793894.3545765,0.43465193924688067,6832934.31023801,60981.0,0.0,0,0.0,0.0
2013-06-30,89.4809076563413,11353989,1015965313.1211866,569594891.3588531,0.43935596619044165,3623907.045821101,50786.0,0.0,0,0.0,0.0
2013-07-01,82.8675701344243,11357914,941202801.5442591,569583002.6934558,0.3948349901222943,15379784.732344404,68677.0,0.0,0,0.0,0.0
2013-07-02,87.8164666861484,11361739,997747844.9342196,570724609.7408004,0.427987128573124,6410415.069402794,64157.0,0.0,0,0.0,0.0
2013-07-03,77.6913308007014,11366339,883066065.6522787,568908056.8352545,0.3557582167818561,9962924.25076333,66026.0,0.0,0,0.0,0.0
2013-07-04,79.1348708357686,11370464,899800263.5527346,568278577.5263145,0.36843919640282546,3563399.6016309164,60868.0,0.0,0,0.0,0.0
2013-07-05,67.4476238527177,11375114,767224464.5352572,563356626.281698,0.2657212428399963,8105774.014700269,60510.0,0.0,0,0.0,0.0
2013-07-06,66.3416808883694,11379789,754954383.7080334,559696422.4824879,0.25863544266941885,3013620.0828280686,56535.0,0.0,0,0.0,0.0
2013-07-07,72.1095223728814,11384439,820926516.699636,560145016.2748245,0.3176672882650072,2545429.369991842,48848.0,0.0,0,0.0,0.0
2013-07-08,73.9885537697253,11389239,842673381.583633,560480417.295439,0.33487822263694833,2476053.1576820663,63047.0,0.0,0,0.0,0.0
2013-07-09,74.8919108708358,11393864,853308307.3239827,560374271.5740151,0.3432921409948806,2453693.9690537583,67987.0,0.0,0,0.0,0.0
2013-07-10,85.0136791350088,11398739,969048808.1822053,563893159.7806827,0.41809622485531533,8287878.174587673,64859.0,0.0,0,0.0,0.0
2013-07-11,87.4975493863238,11403089,997742413.2219622,565083007.7979436,0.4336383817009965,3291378.2569911727,73357.0,0.0,0,0.0,0.0
2013-07-12,90.0466987142022,11406939,1027157271.7198613,567095603.9206003,0.4478979806363427,6637610.404525636,78451.0,0.0,0,0.0,0.0
2013-07-13,91.5925978959673,11410864,1045150751.5749865,569162009.8483063,0.45542591918858644,5320492.530378092,63117.0,0.0,0,0.0,0.0
2013-07-14,89.892269275862,11415164,1026135068.3276494,569559705.3483738,0.4449466518315005,1560823.5305296346,48402.0,0.0,0,0.0,0.0
2013-07-15,93.7961525423729,11419264,1071083103.4131862,570607056.3291774,0.4672616396329639,2341070.8582798447,62325.0,0.0,0,0.0,0.0
2013-07-16,91.7810356516657,11423364,1048448252.2747463,570437529.008572,0.45592209460893013,2909648.532439786,66223.0,0.0,0,0.0,0.0
2013-07-17,91.0313512565751,11427964,1040303078.1580565,570198328.7089599,0.4518921065594233,4004955.8254354917,63007.0,0.0,0,0.0,0.0
2013-07-18,84.9617291174752,11431989,971281620.9427184,568711379.3310946,0.414473241263324,2977781.1870802194,63180.0,0.0,0,0.0,0.0
2013-07-19,86.2387945996493,11436264,986249691.3600076,568441763.175508,0.4236330128614342,2366023.090794988,58760.0,0.0,0,0.0,0.0
2013-07-20,84.9108591466978,11440914,971457905.3733807,568272456.7070249,0.41503131163608276,2928747.544938023,52401.0,0.0,0,0.0,0.0
2013-07-21,85.6643502618352,11445889,980504713.1692725,568512750.8862593,0.4201835613327518,2737263.0669316235,51123.0,0.0,0,0.0,0.0
2013-07-22,85.6490286382233,11450014,980682645.7969357,568508659.0130035,0.4202929342641582,3593962.1992483023,60318.0,0.0,0,0.0,0.0
2013-07-23,86.977056691993,11453539,996195180.7966514,568937538.4711607,0.42888948929045745,2776913.001953792,64299.0,0.0,0,0.0,0.0
2013-07-24,88.15173056692,11457514,1009999757.9080418,569538178.1421323,0.4361006785568087,2297706.2808372574,65891.0,0.0,0,0.0,0.0
2013-07-25,90.166092226768,11461164,1033408442.6816019,570363888.2873843,0.4480750642917709,3766030.911745055,66443.0,0.0,0,0.0,0.0
2013-07-26,89.9839859731151,11465264,1031690227.239262,571099809.8704778,0.446442551463626,2491745.3373928024,62560.0,0.0,0,0.0,0.0
2013-07-27,88.165275862069,11469789,1011237182.0889336,571269532.0570827,0.43507859266309873,1643109.924319044,52441.0,0.0,0,0.0,0.0
2013-07-28,92.7458421975453,11473989,1064164847.6742029,572270820.756316,0.46223480130259076,3337205.5175154917,49180.0,0.0,0,0.0,0.0
2013-07-29,93.2986972530684,11478439,1070923480.1467605,572610028.8468294,0.4653119112036293,5383666.739613327,67475.0,0.0,0,0.0,0.0
2013-07-30,96.659552893045,11483364,1109976907.4991915,574021811.0365419,0.48285247453496233,5483172.943006717,69873.0,0.0,0,0.0,0.0
2013-07-31,98.0244199298656,11488114,1126115789.5843198,575759922.9104689,0.48872049549807156,5796473.131649015,80901.0,0.0,0,0.0,0.0
2013-08-01,96.5680178258329,11492539,1109811788.493743,576529269.1970205,0.48051617835173954,3319744.8440873064,114307.0,0.0,0,0.0,0.0
2013-08-02,96.0745306838106,11497339,1104601525.6194048,578676240.5263063,0.4761221788084949,11192252.757563055,74760.0,0.0,0,0.0,0.0
2013-08-03,95.5067095265926,11501589,1098478996.3434155,582911686.8306385,0.4693465339155161,25593543.56161432,60497.0,0.0,0,0.0,0.0
2013-08-04,96.3654821741672,11506064,1108787482.6019933,583673807.4228855,0.4735927158438177,1817284.50876356,60256.0,0.0,0,0.0,0.0
2013-08-05,97.5271338398598,11510789,1122614337.6525593,585166354.8924383,0.47874676523725024,4627253.000677618,73178.0,0.0,0,0.0,0.0
2013-08-06,97.6712066043249,11515539,1124736667.1919255,585740116.2006077,0.47922021813070603,2267134.2891849717,71549.0,0.0,0,0.0,0.0
2013-08-07,97.0542068965517,11520189,1118082884.5611174,586415848.0390229,0.47551665790035813,3418956.9067294835,75671.0,0.0,0,0.0,0.0
2013-08-08,94.2572717708942,11525314,1086344729.566616,586832871.3242303,0.45980971292755285,4018007.035435662,72378.0,0.0,0,0.0,0.0
2013-08-09,92.4727767387493,11530189,1066228667.3445859,587212124.6397252,0.4492624869089654,2402338.1642476795,64635.0,0.0,0,0.0,0.0
2013-08-10,93.293552893045,11535439,1076182163.3415153,587829656.4806639,0.45378238322082076,3237016.889861162,59307.0,0.0,0,0.0,0.0
2013-08-11,94.271312390415,11540839,1087970114.251474,588480587.3268601,0.4591022495762798,3240512.9359552297,54138.0,0.0,0,0.0,0.0
2013-08-12,95.4464707773232,11546239,1102047839.879322,589117205.3156059,0.46543409097365845,3943068.428598495,103397.0,0.0,0,0.0,0.0
2013-08-13,97.7590750847458,11550814,1129196971.5491955,592513970.7944196,0.4752784627277884,24597411.419140916,75003.0,0.0,0,0.0,0.0
2013-08-14,99.1212875511397,11555014,1145347944.8776267,593696672.4259926,0.48164514104102624,4718619.157711985,78217.0,0.0,0,0.0,0.0
2013-08-15,98.1063331385155,11559264,1134037083.531921,595083241.3595355,0.4752523969444029,7006245.150432103,75759.0,0.0,0,0.0,0.0
2013-08-16,98.2909602571596,11563464,1136584059.3190958,595854752.6407474,0.47574950769790686,5150448.5539773805,82519.0,0.0,0,0.0,0.0
2013-08-17,99.6305043834015,11568214,1152547075.569859,597026728.7184103,0.48199362839628945,2704317.5056973887,61413.0,0.0,0,0.0,0.0
2013-08-18,99.1780397428405,11573064,1147793880.9101512,597712040.2557191,0.4792514142158006,2079562.9422329215,57552.0,0.0,0,0.0,0.0
2013-08-19,102.784012273524,11577489,1189980853.937418,599298391.7747645,0.49637980326170683,3632823.441800805,78553.0,0.0,0,0.0,0.0
2013-08-20,104.500210987726,11582239,1210346503.0520241,600790223.7392485,0.5036212999960848,5450478.401735374,79845.0,0.0,0,0.0,0.0
2013-08-21,110.801603740503,11587139,1283873672.8615656,603090366.4774636,0.5302572369653287,4222438.299754835,82676.0,0.0,0,0.0,0.0
2013-08-22,109.523216832262,11592539,1269652250.4052262,604394825.9799455,0.5239682158740356,2553242.8169737263,83890.0,0.0,0,0.0,0.0
2013-08-23,107.697571595558,11597439,1249016103.4346523,605907785.7738761,0.5148919344532881,3769600.07605075,81889.0,0.0,0,0.0,0.0
2013-08-24,108.882675043834,11602014,1263258407.573871,606811319.6802016,0.5196459283056721,1334214.151517912,64392.0,0.0,0,0.0,0.0
2013-08-25,113.082563413209,11605789,1312412461.2803018,608201225.2628584,0.5365776817834098,1730864.6322342723,68615.0,0.0,0,0.0,0.0
2013-08-26,112.11811484512,11609939,1301684564.1005275,609597119.9810741,0.5316859884542692,2831513.0465154587,75774.0,0.0,0,0.0,0.0
2013-08-27,117.759790765634,11614164,1367681617.037832,612020484.1851392,0.5525124586300484,3011252.800890422,95012.0,0.0,0,0.0,0.0
2013-08-28,118.317414377557,11618614,1374684462.0583463,614164713.4707183,0.5532322286154923,3418065.84353089,83876.0,0.0,0,0.0,0.0
2013-08-29,118.835638223261,11623339,1381267003.6935587,616678804.7484266,0.5535412030408279,10568436.311471676,74889.0,0.0,0,0.0,0.0
2013-08-30,124.885379602572,11628464,1452225241.0318604,619916382.6688005,0.5731265611191783,4153690.7543770145,89612.0,0.0,0,0.0,0.0
2013-08-31,128.377978959673,11634039,1493554516.9571862,623164108.9833274,0.5827644040386971,4901523.974651342,88168.0,0.0,0,0.0,0.0
2013-09-01,130.536372004676,11639564,1519386561.00711,626424972.1442823,0.5877119172825493,3727988.764247573,57003.0,0.0,0,0.0,0.0
2013-09-02,129.565371712449,11644939,1508780954.0556247,629177254.9630505,0.5829896624345549,4309092.517108225,62792.0,0.0,0,0.0,0.0
2013-09-03,129.182803623612,11649789,1504952508.2884066,633723085.5325828,0.5789082498999781,7085700.927737116,72102.0,0.0,0,0.0,0.0
2013-09-04,122.529238749269,11653864,1427939182.7141688,634104494.3655014,0.5559303210937728,3481812.822959663,76878.0,0.0,0,0.0,0.0
2013-09-05,122.370085037989,11658339,1426632033.0106704,635351548.428061,0.5546493183058164,2415749.4894013247,70425.0,0.0,0,0.0,0.0
2013-09-06,117.861146405611,11662964,1374610402.0887625,635970294.000375,0.537345059346271,2498901.3896056092,73273.0,0.0,0,0.0,0.0
2013-09-07,119.814989479836,11666589,1397832334.429554,637177207.1003366,0.5441676434245855,3073661.703123598,62595.0,0.0,0,0.0,0.0
2013-09-08,118.057386323787,11670514,1377790474.6140025,637844028.5922836,0.5370529551882843,1451727.888069121,56485.0,0.0,0,0.0,0.0
2013-09-09,121.259272647575,11675589,1415773527.1597764,640509522.7613934,0.5475904087242415,9773617.0098215,73996.0,0.0,0,0.0,0.0
2013-09-10,122.215530189363,11680364,1427521977.1197145,642095305.1748241,0.5502028581932109,2381506.357725466,70671.0,0.0,0,0.0,0.0
2013-09-11,127.088227060199,11685364,1485072295.2774632,644725375.6537869,0.5658626332845771,4392500.354222437,74681.0,0.0,0,0.0,0.0
2013-09-12,126.780723553478,11690689,1482154111.9763606,648559094.1915874,0.5624212833530691,6836484.1875216225,77033.0,0.0,0,0.0,0.0
2013-09-13,127.407745178258,11695789,1490134206.791414,650157193.3002372,0.5636921893765742,2295654.5007389947,66579.0,0.0,0,0.0,0.0
2013-09-14,124.348477498539,11701239,1455031354.2627816,652907823.8366919,0.5512757701585753,6089867.193521676,54055.0,0.0,0,0.0,0.0
2013-09-15,125.076417884278,11705764,1464115130.0690274,654061794.8195698,0.5532716100073816,2253724.593782839,54802.0,0.0,0,0.0,0.0
2013-09-16,126.204665984804,11709614,1477808024.9364812,655932359.6389011,0.5561450820602397,3231143.2924206313,69776.0,0.0,0,0.0,0.0
2013-09-17,126.897250146113,11714089,1486485783.8779957,657143979.5441581,0.5579211138973842,2417476.875156756,73046.0,0.0,0,0.0,0.0
2013-09-18,126.903819403857,11718214,1487086215.0081844,658917865.0528879,0.5569067493176504,6752858.587645266,79097.0,0.0,0,0.0,0.0
2013-09-19,124.180957334892,11722964,1455768991.954326,663306330.6405296,0.5443601736907029,11035239.919499187,79121.0,0.0,0,0.0,0.0
2013-09-20,122.921635885447,11727964,1441620619.1071131,664139661.4814262,0.5393103756432327,1778627.1302945525,77107.0,0.0,0,0.0,0.0
2013-09-21,123.508256867329,11732689,1449084065.848621,665073561.4293435,0.5410386622118716,3658338.8452138095,66371.0,0.0,0,0.0,0.0
2013-09-22,123.124935125658,11737764,1445211529.804876,666817412.7589487,0.5386022052778817,3719211.6077092276,63588.0,0.0,0,0.0,0.0
2013-09-23,122.865699006429,11743014,1442813722.1288857,667727429.9141423,0.5372046857657384,2373136.1219578707,80541.0,0.0,0,0.0,0.0
2013-09-24,123.797357685564,11748314,1454410329.7844038,669429721.3983966,0.5397243077215834,3886533.1630309285,78405.0,0.0,0,0.0,0.0
2013-09-25,123.614078609001,11753464,1452893722.001101,670889084.8438858,0.5382393944686772,4707217.7985318005,78501.0,0.0,0,0.0,0.0
2013-09-26,124.68567445938,11757514,1465993663.0923944,672162671.9255306,0.5414968776142879,2313408.9618300893,78182.0,0.0,0,0.0,0.0
2013-09-27,126.605347749854,11761964,1489127644.018232,673553551.0275567,0.547685818785787,2170628.0001546545,78102.0,0.0,0,0.0,0.0
2013-09-28,126.796551724138,11766389,1491937653.175202,674564278.2476369,0.5478602763245488,1699128.3936752565,68931.0,0.0,0,0.0,0.0
2013-09-29,127.108627703098,11770639,1496149872.4593215,675751085.2770449,0.5483399773538278,2859400.437422066,71313.0,0.0,0,0.0,0.0
2013-09-30,126.090261835184,11774714,1484676872.4581153,677217320.0407295,0.5438621476473261,3986269.1573409517,80461.0,0.0,0,0.0,0.0
2013-10-01,127.575424313267,11779389,1502760652.181302,678988022.0307385,0.5481728770012929,3743879.3756402708,89794.0,0.0,0,0.0,0.0
2013-10-02,104.105092928112,11784164,1226791571.8248596,675059571.0390586,0.4497357281034271,9957625.60800852,105736.0,0.0,0,0.0,0.0
2013-10-03,117.575495032145,11789139,1386113948.2599776,677761261.742949,0.5110349602976298,3719385.972074781,90271.0,0.0,0,0.0,0.0
2013-10-04,121.930347749854,11793639,1438002602.3324008,679255716.0162581,0.5276394389589254,1682555.415594769,77848.0,0.0,0,0.0,0.0
2013-10-05,121.393402688486,11799114,1432334694.5647159,680402426.4674193,0.5249696673205333,3222885.609584681,65744.0,0.0,0,0.0,0.0
2013-10-06,122.475261250731,11803739,1445666116.0237932,681699306.5421181,0.5284531476624175,2539563.2900575753,61110.0,0.0,0,0.0,0.0
2013-10-07,123.906872589129,11807639,1463047720.5633802,687907682.9555715,0.5298118623972998,19198589.507075768,76600.0,0.0,0,0.0,0.0
2013-10-08,124.76652893045,11811664,1473700418.274417,689377044.3147465,0.5322135789837457,2102983.6400787067,76021.0,0.0,0,0.0,0.0
2013-10-09,125.933520312683,11816139,1488048081.811939,691124232.9480572,0.5355497974860451,7180363.939703224,80276.0,0.0,0,0.0,0.0
2013-10-10,126.704650496785,11820939,1497768046.1954553,692403383.0672828,0.5377098711472138,3347864.0600587185,80600.0,0.0,0,0.0,0.0
2013-10-11,127.25529924021,11825564,1504865787.6026866,693916824.4835604,0.5388845768173129,2927713.0728193773,79797.0,0.0,0,0.0,0.0
2013-10-12,127.851263004091,11830914,1512597399.969363,695417412.1938066,0.54024949916753,1789943.9194086972,66983.0,0.0,0,0.0,0.0
2013-10-13,132.415658679135,11836439,1567329972.8390515,697510018.9605974,0.5549692591553441,3161132.779999592,87657.0,0.0,0,0.0,0.0
2013-10-14,135.339194915254,11842689,1602780103.4759717,700467541.7387092,0.5629671592381291,3665846.5911027715,82483.0,0.0,0,0.0,0.0
2013-10-15,141.493908533022,11849189,1676588178.078727,704577885.3371346,0.5797549484426521,4072898.638052851,85592.0,0.0,0,0.0,0.0
2013-10-16,138.327921917008,11854439,1639800023.3440628,709364396.705059,0.567407984750211,14039667.363772472,93274.0,0.0,0,0.0,0.0
2013-10-17,143.74713383986,11858614,1704641889.1432636,712741274.8593589,0.5818821070872688,4313524.379977611,81453.0,0.0,0,0.0,0.0
2013-10-18,152.775572180012,11863414,1812439984.432014,717143459.7607691,0.6043215411706396,4429028.281473353,86028.0,0.0,0,0.0,0.0
2013-10-19,165.772717124489,11868989,1967554689.0520835,723960724.2674003,0.6320505202240728,6968110.679581147,92556.0,0.0,0,0.0,0.0
2013-10-20,166.500151081239,11873964,1977016933.518234,728119952.3069016,0.6317077815761732,5834510.313994009,73526.0,0.0,0,0.0,0.0
2013-10-21,179.910628579778,11879239,2137201499.8838391,744325229.1599834,0.651729034814715,40424379.60093313,96422.0,0.0,0,0.0,0.0
2013-10-22,190.402781414378,11885364,2263006516.4847217,760306662.5974087,0.6640280719215764,18769456.491234243,109559.0,0.0,0,0.0,0.0
2013-10-23,204.600350964348,11890889,2432880226.831387,778006480.1395906,0.6802117623550766,19308073.818627045,108035.0,0.0,0,0.0,0.0
2013-10-24,194.41004376505,11896264,2312753360.858067,784955963.5161675,0.6605967688552242,6866993.798635443,112119.0,0.0,0,0.0,0.0
2013-10-25,185.64378762595,11902139,2209558313.754744,812308107.1800706,0.6323662959590778,56266737.79953341,101199.0,0.0,0,0.0,0.0
2013-10-26,179.808218001169,11906689,2140920675.6463814,813990246.4355013,0.6197942989224748,4410237.293685355,73941.0,0.0,0,0.0,0.0
2013-10-27,194.546133255406,11911164,2317271054.857659,818635226.2596192,0.6467244414314298,5434494.516642728,65295.0,0.0,0,0.0,0.0
2013-10-28,196.274687317358,11915539,2338718848.9162884,822499945.5917128,0.6483117472744355,3099663.802142733,86599.0,0.0,0,0.0,0.0
2013-10-29,204.428174167154,11919539,2436689758.699327,834356231.6282299,0.6575861868957834,7840043.667383251,85464.0,0.0,0,0.0,0.0
2013-10-30,197.900599420982,11924414,2359848837.1219416,837865418.2407724,0.6449495386905255,3150257.6918786545,95949.0,0.0,0,0.0,0.0
2013-10-31,203.283649912332,11929689,2425110885.3358755,843769541.331932,0.6520697068187582,6873240.528589287,96937.0,0.0,0,0.0,0.0
2013-11-01,203.037109849386,11934889,2423225531.832304,849378619.931432,0.649484289112297,5476167.957820533,87054.0,0.0,0,0.0,0.0
2013-11-02,204.792881355932,11939939,2445214675.3318167,852754877.960003,0.6512556191638742,2779335.5791603574,77883.0,0.0,0,0.0,0.0
2013-11-03,210.275382611748,11944739,2511684732.1288953,857912139.3481014,0.6584315983714493,4537472.312372661,83337.0,0.0,0,0.0,0.0
2013-11-04,228.79103886616,11949614,2733964784.6713667,880650392.4795674,0.6778852465777371,16556356.131067442,100578.0,0.0,0,0.0,0.0
2013-11-05,243.641668907072,11953964,2912483934.491651,899848614.9972053,0.6910373978923712,13045566.212961284,117734.0,0.0,0,0.0,0.0
2013-11-06,263.209583987142,11958039,3147470681.668183,913828261.8144536,0.7096626611530126,8339789.543694306,131403.0,0.0,0,0.0,0.0
2013-11-07,290.124226183518,11961639,3470361491.5316887,950299684.4568084,0.7261669463611465,20581509.208705947,130497.0,0.0,0,0.0,0.0
2013-11-08,333.750656511981,11964989,3993323201.680731,985761629.5994576,0.7531475465886245,14031130.15822317,130743.0,0.0,0,0.0,0.0
2013-11-09,331.051148451198,11968689,3962248504.511473,1007701628.1585166,0.7456742990725764,12502867.340714945,129817.0,0.0,0,0.0,0.0
2013-11-10,327.558653499708,11972964,3921848229.0446606,1022968080.3288132,0.7391617368686391,11966674.53716425,117027.0,0.0,0,0.0,0.0
2013-11-11,342.697692869667,11977639,4104709526.2761583,1043089941.2845018,0.7458797182584548,12187668.364154771,116258.0,0.0,0,0.0,0.0
2013-11-12,354.645488310929,11982664,4249598010.082061,1067206582.7366571,0.7488688153080039,13631889.728233598,116409.0,0.0,0,0.0,0.0
2013-11-13,394.50449522443,11986864,4728872048.159515,1103927553.412034,0.766555842033898,16091076.66168673,122999.0,0.0,0,0.0,0.0
2013-11-14,416.706303302747,11991439,4996908551.298786,1141919072.0204356,0.7714748908655472,22947955.04895734,133442.0,0.0,0,0.0,0.0
2013-11-15,408.398797334892,11995589,4898984448.586846,1168000136.6601355,0.7615832120069181,15766427.95987167,120013.0,0.0,0,0.0,0.0
2013-11-16,435.798442767387,12000439,5229772978.371264,1192510169.2752717,0.7719766853729354,12560831.911379337,103893.0,0.0,0,0.0,0.0
2013-11-17,485.33657685564,12005089,5826509189.498575,1229830264.1272187,0.7889250279835126,18778696.656437393,107739.0,0.0,0,0.0,0.0
2013-11-18,657.778503874927,12008989,7899255345.213931,1336844646.8774452,0.8307632063460989,22111594.52140619,164700.0,0.0,0,0.0,0.0
2013-11-19,546.878397311514,12013014,6569658281.967789,1386728700.9951365,0.7889192037885152,25221039.490481045,207757.0,0.0,0,0.0,0.0
2013-11-20,595.339099649328,12017114,7154258306.790937,1453101085.6452153,0.7968900445954114,24954302.267115667,165514.0,0.0,0,0.0,0.0
2013-11-21,720.764425260082,12020864,8664211710.367435,1522221877.8395045,0.8243092471969444,10493607.51434179,188792.0,0.0,0,0.0,0.0
2013-11-22,802.916933718294,12025164,9655208450.52937,1692917715.1242428,0.8246627482152988,15718506.130766083,165424.0,0.0,0,0.0,0.0
2013-11-23,834.295339989129,12029414,10036084712.36501,1793873284.1460333,0.8212576581845824,15436217.385258561,150899.0,0.0,0,0.0,0.0
2013-11-24,807.166695499708,12033614,9713133094.898413,1834506291.0208733,0.8111313545178946,9516488.865571652,124673.0,0.0,0,0.0,0.0
2013-11-25,816.243386616014,12037939,9825888752.11872,1910910960.3385365,0.8055228378271132,40517325.7073888,143018.0,0.0,0,0.0,0.0
2013-11-26,916.097160140269,12041914,11031563953.048937,2167017782.043697,0.8035620523738367,45866300.170331456,179514.0,0.0,0,0.0,0.0
2013-11-27,962.910560911748,12046239,11599451524.921509,2286522877.242079,0.8028766384057499,26296665.92910832,199268.0,0.0,0,0.0,0.0
2013-11-28,1007.38716364699,12050764,12139785773.977894,2424603284.6961527,0.8002762709459517,23028183.36770464,202036.0,0.0,0,0.0,0.0
2013-11-29,1128.7254880187,12055089,13606887120.223673,2591446367.349022,0.8095489185401266,17177252.240348626,189633.0,0.0,0,0.0,0.0
2013-11-30,1119.29671478667,12059489,13498147317.73098,2667761284.789891,0.8023609298377151,8587040.336835189,163659.0,0.0,0,0.0,0.0
2013-12-01,964.485793687902,12064364,11635908461.698114,2699410829.442588,0.7680103072030663,9390143.783783743,166648.0,0.0,0,0.0,0.0
2013-12-02,1040.80821770894,12068339,12560827240.350037,2760398877.061336,0.7802374935789331,11289993.9644978,178035.0,0.0,0,0.0,0.0
2013-12-03,1053.62102744828,12073339,12720724687.244005,2817783425.816632,0.7784887657664482,8019340.0304608885,174156.0,0.0,0,0.0,0.0
2013-12-04,1134.93223088837,12077614,13707274311.398165,2903292885.6414804,0.7881932746302981,6751030.460292433,184291.0,0.0,0,0.0,0.0
2013-12-05,1027.411772827,12081864,12413050135.59933,2956624421.358453,0.7618132216449234,8959246.890504334,184049.0,0.0,0,0.0,0.0
2013-12-06,824.581710337814,12087064,9966772567.65428,2953661307.717527,0.7036491715178483,7957592.835115202,169437.0,0.0,0,0.0,0.0
2013-12-07,703.748376025716,12091939,8509682998.877667,2965130447.3921366,0.6515580606488862,9433956.034865644,150908.0,0.0,0,0.0,0.0
2013-12-08,783.573348334307,12096814,9478741678.827488,2986122552.488056,0.6849663537979825,3248728.221040893,114541.0,0.0,0,0.0,0.0
2013-12-09,896.079289888954,12101214,10843647966.849283,3008740309.238669,0.7225343059423494,3688889.5165886264,156261.0,0.0,0,0.0,0.0
2013-12-10,977.165367329047,12106014,11829578401.19192,3044498393.1867805,0.7426367796099965,4550452.118395099,154548.0,0.0,0,0.0,0.0
2013-12-11,875.464034272355,12110139,10601991846.934134,3081663288.963603,0.7093316677229144,7688846.569781795,152926.0,0.0,0,0.0,0.0
2013-12-12,873.324805987727,12114214,10579644291.92263,3094666283.240972,0.7074886264745502,3307175.033713435,130829.0,0.0,0,0.0,0.0
2013-12-13,879.156135300994,12118564,10654110596.995123,3123713830.3586974,0.706806701327119,5026589.372777236,144950.0,0.0,0,0.0,0.0
2013-12-14,852.856120526008,12123514,10339613801.4393,3116962208.846449,0.6985417184138386,5872155.874603389,149176.0,0.0,0,0.0,0.0
2013-12-15,864.0616578609,12127939,10479287772.022757,3135235225.116531,0.7008160007317601,5750786.478601662,141319.0,0.0,0,0.0,0.0
2013-12-16,677.894106801286,12132964,8224865337.514619,3127937313.7155933,0.6196974436227317,14149132.732271483,177672.0,0.0,0,0.0,0.0
2013-12-17,682.62677270602,12138039,8285750937.2293415,3130447245.7834573,0.622189072602001,5254763.745450339,158832.0,0.0,0,0.0,0.0
2013-12-18,526.12097632671,12143014,6388694803.341991,3116415242.304209,0.5121984476901321,19985109.600290358,181250.0,0.0,0,0.0,0.0
2013-12-19,685.525128959673,12148664,8328215005.292658,3130450767.1560926,0.6241150396373458,4848806.100967508,157749.0,0.0,0,0.0,0.0
2013-12-20,600.216954260666,12153114,7294505551.423822,3124255307.346759,0.5716974529223667,12017941.97977638,153562.0,0.0,0,0.0,0.0
2013-12-21,597.033502548217,12157139,7258219757.1425705,3181338400.8903303,0.5616916396393644,125912114.26974511,127414.0,0.0,0,0.0,0.0
2013-12-22,615.013035271771,12161364,7479397880.11708,3134256622.1651406,0.5809480024458762,3739308.4550164174,124086.0,0.0,0,0.0,0.0
2013-12-23,657.926634155465,12165639,8004098447.482779,3144196689.1553845,0.6071766595844148,3038101.787111243,152464.0,0.0,0,0.0,0.0
2013-12-24,650.664745178258,12169864,7918501980.450079,3162262250.5260253,0.6006489285052516,6050268.273031111,130528.0,0.0,0,0.0,0.0
2013-12-25,678.290158094681,12173914,8257446595.891269,3225601187.37766,0.6093706268736088,28612403.733600546,130234.0,0.0,0,0.0,0.0
2013-12-26,749.996594956166,12178414,9133769633.697641,3243685116.1235595,0.6448689592349164,2704166.024157397,122664.0,0.0,0,0.0,0.0
2013-12-27,722.570567492694,12183014,8803087919.47835,3263040175.529017,0.6293300481176636,10314796.790414179,126410.0,0.0,0,0.0,0.0
2013-12-28,715.852363078901,12186764,8723924382.0217,3267023576.527605,0.6255098699318966,1030072.22125115,115927.0,0.0,0,0.0,0.0
2013-12-29,727.271215663355,12190964,8866137791.886496,3272929404.6884456,0.6308506046811565,2882813.278924032,129271.0,0.0,0,0.0,0.0
2013-12-30,735.741997077732,12195289,8972586874.094604,3276184972.218632,0.6348672887550926,2238499.999656948,152693.0,0.0,0,0.0,0.0
2013-12-31,729.557582910579,12199889,8900522115.950039,3280673576.438395,0.6314066148367503,2416099.0377315916,119181.0,0.0,0,0.0,0.0
2014-01-01,752.404549944594,12205014,9183108669.400541,3282767732.974055,0.6425210839644405,2058570.6604768515,97263.0,0.0,0,0.0,0.0
2014-01-02,784.954921314436,12208364,9583016032.776613,3297906844.326098,0.6558591957848836,4028897.942643074,137761.0,0.0,0,0.0,0.0
2014-01-03,807.222939029807,12212389,9858121188.799799,3318194030.85581,0.6634050274584024,4159154.1825474403,143118.0,0.0,0,0.0,0.0
2014-01-04,828.602062618352,12215914,10122132201.96564,3375012247.4254584,0.6665710168485985,11937483.437764032,116604.0,0.0,0,0.0,0.0
2014-01-05,902.487380263004,12220739,11029063449.064224,3408688019.7743998,0.6909358591038286,7750017.124692952,136213.0,0.0,0,0.0,0.0
2014-01-06,914.459960841613,12225389,11179629479.89553,3432402920.610446,0.6929770412532026,3742388.5182552664,178923.0,0.0,0,0.0,0.0
2014-01-07,803.351796198714,12229814,9824843688.61483,3441348452.1952305,0.6497299538533,4367948.9982556505,142546.0,0.0,0,0.0,0.0
2014-01-08,820.690009503214,12234639,10040846655.627697,3475141392.165119,0.6538995653103247,7815234.155297856,147464.0,0.0,0,0.0,0.0
2014-01-09,831.334750487434,12239814,10175383384.692307,3487626730.335417,0.6572486167369231,2765140.2328159995,134121.0,0.0,0,0.0,0.0
2014-01-10,853.298854844603,12244489,10448209126.469105,3497097247.9727526,0.6652921849436056,2235458.4548902954,127465.0,0.0,0,0.0,0.0
2014-01-11,889.555837119345,12249739,10896827544.33966,3527421424.3134265,0.6762891392049477,14303972.0288409,130050.0,0.0,0,0.0,0.0
2014-01-12,845.191332220924,12254914,10357747768.019857,3545845193.794025,0.6576625272974858,5568208.900198841,117033.0,0.0,0,0.0,0.0
2014-01-13,822.877012197545,12259139,10087764332.638361,3553836681.6326585,0.6477081973322443,3056259.0131918187,152181.0,0.0,0,0.0,0.0
2014-01-14,815.293602711864,12263189,9998100194.666203,3570124211.775526,0.6429197405242928,8306593.691269757,131490.0,0.0,0,0.0,0.0
2014-01-15,841.089857364115,12267789,10318313574.999401,3594639422.54362,0.6516252974465521,4984842.513033689,132932.0,0.0,0,0.0,0.0
2014-01-16,815.854800298071,12272414,10012508527.71521,3608748086.5920177,0.6395760286642661,5107664.452999424,132451.0,0.0,0,0.0,0.0
2014-01-17,792.829506475745,12276214,9732945323.107124,3613925580.5236673,0.628691474106631,2726414.1996492073,129278.0,0.0,0,0.0,0.0
2014-01-18,809.783528356386,12280564,9944599095.825317,3619956280.554455,0.6359877109501487,2044047.8044023071,106542.0,0.0,0,0.0,0.0
2014-01-19,838.428474734073,12284789,10299917576.381002,3631340825.191175,0.6474398170410322,5531973.733591529,108830.0,0.0,0,0.0,0.0
2014-01-20,828.885216592636,12289664,10186721471.515137,3642021251.849294,0.6424736592599117,3412204.595012974,179149.0,0.0,0,0.0,0.0
2014-01-21,823.817963763881,12293814,10127865477.330791,3649888297.871084,0.6396191965581858,3459566.53795035,159737.0,0.0,0,0.0,0.0
2014-01-22,818.976386323787,12298614,10072275107.585579,3663513927.876404,0.6362774161006228,5530527.940388569,152996.0,0.0,0,0.0,0.0
2014-01-23,810.922425195792,12303039,9976810873.771067,3669399679.2775593,0.6322071525957885,2290411.347385771,150317.0,0.0,0,0.0,0.0
2014-01-24,781.042513950906,12307764,9612887562.314108,3677847884.3885655,0.6174044624419598,5247919.238432463,142623.0,0.0,0,0.0,0.0
2014-01-25,804.403240800701,12311889,9903724057.360739,3688316849.512668,0.6275828336744295,3706687.6748099863,126976.0,0.0,0,0.0,0.0
2014-01-26,814.499381373466,12315689,10031121725.17049,3694826365.6952906,0.6316636895728137,1734674.9720194973,125564.0,0.0,0,0.0,0.0
2014-01-27,742.701374970777,12320039,9150110500.871696,3695471867.0422792,0.5961281706171498,5158778.041522924,170533.0,0.0,0,0.0,0.0
2014-01-28,790.176401876096,12323889,9738046901.108273,3705087413.475477,0.619524587311876,2874313.7569327974,158238.0,0.0,0,0.0,0.0
2014-01-29,793.38442490941,12327689,9780597084.26877,3715077396.23106,0.6201584254803385,4348139.084744877,141296.0,0.0,0,0.0,0.0
2014-01-30,799.474479836353,12332089,9859191079.998444,3723590222.711856,0.6223229479479321,3874007.19626216,151799.0,0.0,0,0.0,0.0
2014-01-31,803.237598784921,12336689,9909293093.763376,3729634724.750462,0.6236225238813669,2006194.148357077,149077.0,0.0,0,0.0,0.0
2014-02-01,813.219549216833,12341414,10036279782.233976,3746840787.309571,0.6266703530981516,4595952.384630785,135007.0,0.0,0,0.0,0.0
2014-02-02,814.490870426651,12346064,10055757067.1788,3753299413.8432894,0.6267511845434529,2561530.5071909335,135602.0,0.0,0,0.0,0.0
2014-02-03,806.997428372531,12350589,9966894209.349653,3759992504.44158,0.6227518396940102,1749573.9064119193,172445.0,0.0,0,0.0,0.0
2014-02-04,800.078231893629,12354889,9884878388.274277,3763485641.032909,0.6192683922649708,4392883.769653785,169024.0,0.0,0,0.0,0.0
2014-02-05,784.473692777791,12359089,9695380816.5919,3886127784.125337,0.5991773961601458,143572237.59546807,156804.0,0.0,0,0.0,0.0
2014-02-06,763.569382232612,12363639,9440496805.997778,3893800830.712124,0.5875428051372998,8645380.901356516,163366.0,0.0,0,0.0,0.0
2014-02-07,711.571273419053,12367514,8800368256.910017,3888357696.456609,0.5581596607160746,5524944.507262739,165386.0,0.0,0,0.0,0.0
2014-02-08,677.682300941379,12372064,8384329342.626529,3885584222.909276,0.5365658880842515,2956974.8788413405,148083.0,0.0,0,0.0,0.0
2014-02-09,687.406054576271,12375514,8507003803.607415,3888575911.6685658,0.5428971231892942,3319763.8533219565,129083.0,0.0,0,0.0,0.0
2014-02-10,685.457498836938,12379414,8485562707.457635,3891192054.571997,0.5414338225145424,5707455.29402757,171348.0,0.0,0,0.0,0.0
2014-02-11,671.89969169024,12383514,8320479777.714843,3889805530.079973,0.5325022553989934,4949022.343229755,154763.0,0.0,0,0.0,0.0
2014-02-12,653.765780911747,12387964,8098827482.89063,3886685696.277358,0.5200927906554044,5695601.689599714,215031.0,0.0,0,0.0,0.0
2014-02-13,612.918414962011,12392414,7595539238.18473,3884791442.09342,0.48854303555387163,2974143.054770087,163942.0,0.0,0,0.0,0.0
2014-02-14,668.788602659264,12397189,8291099244.789806,3893341630.457215,0.5304191259194224,3991526.5921945977,177117.0,0.0,0,0.0,0.0
2014-02-15,654.377060198714,12401864,8115495830.318722,3895314355.656711,0.5200152354087613,2701064.240763084,150319.0,0.0,0,0.0,0.0
2014-02-16,623.250321948568,12406739,7732504576.12296,3895977290.696238,0.49615583769241534,4158437.9649400935,127416.0,0.0,0,0.0,0.0
2014-02-17,631.334596306254,12410614,7835250486.129959,3895693816.087336,0.5027990715825189,2230124.199162422,180257.0,0.0,0,0.0,0.0
2014-02-18,627.271761415484,12414689,7787384339.722988,3897219930.955501,0.49954699024215204,8544025.816177385,158096.0,0.0,0,0.0,0.0
2014-02-19,623.54013694623,12419689,7744175080.163214,3893368650.939679,0.497251984796601,2485768.9445487494,177445.0,0.0,0,0.0,0.0
2014-02-20,563.768561098773,12424114,7004325325.025308,3888895738.859472,0.44478653426261,6279000.69385249,180978.0,0.0,0,0.0,0.0
2014-02-21,580.324315973115,12427914,7212221156.623763,3890960850.257043,0.46050450121270164,3400555.8086761814,178649.0,0.0,0,0.0,0.0
2014-02-22,607.12463333723,12432414,7548025278.34992,3892348693.810676,0.48432224982405125,1500595.6102644866,155207.0,0.0,0,0.0,0.0
2014-02-23,610.082323746347,12436614,7587358858.132618,3894268404.552939,0.48674255727619736,3366126.6918342495,163496.0,0.0,0,0.0,0.0
2014-02-24,542.266650753945,12441389,6746550778.823922,3873371740.776934,0.4258737734644085,6584078.83813732,215089.0,0.0,0,0.0,0.0
2014-02-25,533.707644436002,12445414,6642213018.170799,3843710390.836587,0.42132081878110145,13202079.404959444,209152.0,0.0,0,0.0,0.0
2014-02-26,587.57858829924,12450014,7315362121.847027,3851066670.055232,0.47356445164154204,2788162.5745275747,201181.0,0.0,0,0.0,0.0
2014-02-27,585.393925650058,12454714,7290914390.977208,3849992577.1911097,0.47194653911234696,3137815.6198887276,185099.0,0.0,0,0.0,0.0
2014-02-28,551.29477030976,12459239,6868713745.04972,3856608994.012725,0.43852529932664874,11192253.284105333,196530.0,0.0,0,0.0,0.0
2014-03-01,567.534235441262,12462839,7073088258.631973,3854248941.9485455,0.4550825889603692,12218573.649610657,181720.0,0.0,0,0.0,0.0
2014-03-02,558.527707156633,12466339,6962796186.4207,3852063110.63403,0.446764919222169,4977075.227075091,159492.0,0.0,0,0.0,0.0
2014-03-03,676.505732781999,12470039,8436053414.283658,3868476588.208604,0.5414352662041445,7586230.267296244,237378.0,0.0,0,0.0,0.0
2014-03-04,674.51139943308,12473764,8413696553.006449,3872567524.304677,0.5397305453188824,5016072.975983775,232482.0,0.0,0,0.0,0.0
2014-03-05,670.338851099514,12477664,8364263487.986557,3880833812.41153,0.5360220516743044,6974492.276566081,202142.0,0.0,0,0.0,0.0
2014-03-06,667.712834003507,12481989,8334384784.904507,3890297649.81554,0.5332231772089805,3944948.20335814,195769.0,0.0,0,0.0,0.0
2014-03-07,631.770295213326,12486139,7888372228.981405,4017026373.895564,0.490766122935065,172916552.57498002,180964.0,0.0,0,0.0,0.0
2014-03-08,621.524114496201,12490339,7763047385.3885145,4021961988.489191,0.4819093857317856,3604394.3457160364,171372.0,0.0,0,0.0,0.0
2014-03-09,640.578889322034,12494814,8003914588.349422,4100586418.797354,0.4876773891657704,102563722.19483039,173518.0,0.0,0,0.0,0.0
2014-03-10,628.151241165985,12498539,7850973289.5846405,4109426461.1655073,0.4765710811145915,15477676.58049162,208074.0,0.0,0,0.0,0.0
2014-03-11,633.73383823495,12502739,7923409283.371956,4116302213.4515,0.48048850359277034,5834453.9292637035,190771.0,0.0,0,0.0,0.0
2014-03-12,634.646823717125,12507289,7937711746.346791,4126800890.662423,0.4801019459340131,7357846.554390609,203508.0,0.0,0,0.0,0.0
2014-03-13,643.432100859147,12511339,8050197653.564166,4132631462.3628063,0.4866422365998537,3863680.1493554492,193732.0,0.0,0,0.0,0.0
2014-03-14,628.308590005845,12514664,7863071396.336323,4131184119.6232657,0.47460935919415315,2312701.0204216535,192305.0,0.0,0,0.0,0.0
2014-03-15,636.218650061368,12518789,7964687548.428852,4134951938.108277,0.48083940355903165,1849448.4563213782,146839.0,0.0,0,0.0,0.0
2014-03-16,634.168900970894,12523064,7941738242.469379,4138330582.743393,0.47891375207845766,2157360.696442472,140557.0,0.0,0,0.0,0.0
2014-03-17,622.760208649912,12527089,7801373059.0639,4140399565.746824,0.46927296843773325,2994797.5476934365,189494.0,0.0,0,0.0,0.0
2014-03-18,614.309513717125,12530739,7697752674.474004,4144731195.2503023,0.4615660738238103,5797066.057970658,142943.0,0.0,0,0.0,0.0
2014-03-19,610.511203474576,12534739,7652599081.950064,4147201350.3325872,0.45806629800920107,6485133.755979774,165226.0,0.0,0,0.0,0.0
2014-03-20,586.607595710111,12539164,7355569316.896992,4144942868.2079625,0.43648918395938097,6535288.1592607265,166800.0,0.0,0,0.0,0.0
2014-03-21,569.694517995324,12543814,7146142527.6256485,4160551293.5341625,0.41779060836664667,14831605.051777374,189850.0,0.0,0,0.0,0.0
2014-03-22,564.700026703682,12548064,7085892528.945024,4162751659.363574,0.41252966477275355,5168134.732313452,169615.0,0.0,0,0.0,0.0
2014-03-23,558.958861691408,12553414,7016842448.240292,4164115244.117803,0.40655426214363777,1742003.4453585292,149515.0,0.0,0,0.0,0.0
2014-03-24,585.023250518995,12558114,7346789142.039174,4168786761.9745374,0.43257024512650577,3895318.983275026,192807.0,0.0,0,0.0,0.0
2014-03-25,583.771189094097,12562039,7333356912.842953,4173980571.703646,0.43082266125712104,4276393.329205201,166921.0,0.0,0,0.0,0.0
2014-03-26,579.243850400994,12566014,7278786798.28699,4176445140.199313,0.4262168605924535,2853450.120396133,169363.0,0.0,0,0.0,0.0
2014-03-27,483.164012612507,12570339,6073535818.787692,4167819821.651271,0.31377373147966575,6169115.534139119,183147.0,0.0,0,0.0,0.0
2014-03-28,498.661328949153,12574689,6270511527.94418,4162669269.4159927,0.33615156421205944,6001038.15256287,182900.0,0.0,0,0.0,0.0
2014-03-29,489.517023547633,12579064,6157666361.040482,4162378993.197367,0.32403304285326107,2579957.1637103343,145207.0,0.0,0,0.0,0.0
2014-03-30,458.966328275862,12582564,5774973567.610158,4156068011.0750265,0.28033124958614813,4152077.5753531693,167313.0,0.0,0,0.0,0.0
2014-03-31,455.355354056108,12587064,5731587349.5838785,4147642605.47881,0.27635359063664366,3746232.713498495,170349.0,0.0,0,0.0,0.0
2014-04-01,479.008465867913,12591339,6031358361.926981,4147130268.405988,0.31240526270420343,2702097.517897985,179681.0,0.0,0,0.0,0.0
2014-04-02,439.011492524839,12596264,5529905011.101013,4141007124.120495,0.25116125578872944,2577447.80405027,179056.0,0.0,0,0.0,0.0
2014-04-03,449.441151519579,12601364,5663571907.469321,4141568568.171836,0.26873559021828836,13683792.911916224,169397.0,0.0,0,0.0,0.0
2014-04-04,449.719869736996,12606239,5669276521.769011,4140111672.7352366,0.26972839358991463,1533626.306426432,178173.0,0.0,0,0.0,0.0
2014-04-05,461.675331482174,12610514,5821963601.518176,4127488241.339292,0.29104877257168366,11413178.253747817,153924.0,0.0,0,0.0,0.0
2014-04-06,458.633480544535,12614289,5785335636.631709,4129103633.385556,0.28628105736151044,7862853.7693642,183743.0,0.0,0,0.0,0.0
2014-04-07,448.655275066394,12618064,5661161334.686798,4128067208.615642,0.27080912120939826,1953859.0881358518,158684.0,0.0,0,0.0,0.0
2014-04-08,452.803098796026,12621414,5715015733.676828,4126262749.544168,0.2779962572579859,1515867.6879044727,165204.0,0.0,0,0.0,0.0
2014-04-09,442.837984932203,12625439,5591024320.938602,4127997725.63857,0.2616741604612488,9816722.847648298,178880.0,0.0,0,0.0,0.0
2014-04-10,366.911866063413,12629314,4633845461.218517,4107178791.264351,0.11365650286828383,8105511.620000599,182889.0,0.0,0,0.0,0.0
2014-04-11,421.943528071303,12633539,5330640356.216685,4098873033.520581,0.2310730494619837,5227837.134599905,169506.0,0.0,0,0.0,0.0
2014-04-12,424.274212647575,12637564,5361792856.283559,4099360593.6763535,0.23544965209309487,1092047.140873317,132127.0,0.0,0,0.0,0.0
2014-04-13,416.362321654004,12642239,5263752314.9972105,4100171319.590207,0.22105542316111432,1578205.7399125295,172559.0,0.0,0,0.0,0.0
2014-04-14,461.108246586649,12647064,5831665875.461733,4104036865.909784,0.29624965600676856,3040185.110772912,183172.0,0.0,0,0.0,0.0
2014-04-15,521.615299606078,12651614,6599275845.608577,4110575374.733008,0.3771172063570657,3719721.5009818003,198899.0,0.0,0,0.0,0.0
2014-04-16,531.481846731999,12655589,6726216239.615346,4131351826.0814776,0.3857836740738299,17959300.35305369,184758.0,0.0,0,0.0,0.0
2014-04-17,499.837551544721,12659814,6327850833.797161,4136390803.5912185,0.3463197992122881,5788302.700988263,157387.0,0.0,0,0.0,0.0
2014-04-18,483.020013533606,12663814,6116875997.19974,4133888196.5239263,0.32418309633604,2660056.187602407,149228.0,0.0,0,0.0,0.0
2014-04-19,504.365595178488,12667789,6389197343.238987,4136761212.815205,0.35253819993638125,1032603.3453794781,140866.0,0.0,0,0.0,0.0
2014-04-20,501.55718444916,12672239,6355852915.912102,4136006669.641853,0.3492601662811903,2677013.3257201016,164142.0,0.0,0,0.0,0.0
2014-04-21,498.084530300994,12676514,6313975921.163086,4137840853.214811,0.34465368495536064,1860585.2905563663,142024.0,0.0,0,0.0,0.0
2014-04-22,489.503510029223,12680364,6207083079.182655,4136765829.1319575,0.3335410890494019,3339198.7528614844,183498.0,0.0,0,0.0,0.0
2014-04-23,490.63296754332,12684489,6223428873.481234,4145340353.302044,0.3339137575805149,5576930.358623327,155852.0,0.0,0,0.0,0.0
2014-04-24,503.291801028638,12688264,6385899644.283796,4148996973.87312,0.35028778950715156,3098256.1539270203,166396.0,0.0,0,0.0,0.0
2014-04-25,466.426171344243,12692814,5920261011.823842,4146451639.1885514,0.29961675154062795,2406037.0479495567,181619.0,0.0,0,0.0,0.0
2014-04-26,459.22670981882,12696889,5830750928.84779,4147055333.44523,0.28876136469359936,1403046.3584441212,135226.0,0.0,0,0.0,0.0
2014-04-27,438.709363717287,12701314,5572185735.295181,4146926065.065427,0.25578107728927896,1672410.3414472165,171823.0,0.0,0,0.0,0.0
2014-04-28,441.547805468089,12705114,5609915559.180922,4143496755.34835,0.2613976606889742,2837627.273203182,167475.0,0.0,0,0.0,0.0
2014-04-29,447.709930772047,12709389,5690120028.54799,4143193763.269771,0.2718617986118238,3752518.725259597,169233.0,0.0,0,0.0,0.0
2014-04-30,448.875715514009,12712814,5706473840.584808,4143722278.492012,0.2738559057220953,1953844.8726761516,166570.0,0.0,0,0.0,0.0
2014-05-01,460.194698255991,12717214,5852394828.606515,4145600467.5788097,0.2916403303285164,1966960.7526995894,154508.0,0.0,0,0.0,0.0
2014-05-02,452.239779761701,12721239,5753050686.493287,4146990378.068095,0.2791667231779857,2197206.0442396137,143678.0,0.0,0,0.0,0.0
2014-05-03,438.978588005844,12724789,5585910260.090011,4146597576.573205,0.2576684222445086,1050034.345444089,116971.0,0.0,0,0.0,0.0
2014-05-04,436.675398644705,12728564,5558251109.22448,4146654001.3798223,0.2539642560412518,1319466.6954030704,156444.0,0.0,0,0.0,0.0
2014-05-05,432.338179035394,12731689,5504395585.174992,4144632963.694555,0.24703214012137686,3072649.492507517,148060.0,0.0,0,0.0,0.0
2014-05-06,430.128205394506,12736539,5478345008.104083,4142935926.475212,0.24376140598180807,2263240.1499958197,168305.0,0.0,0,0.0,0.0
2014-05-07,442.18287609585,12740514,5633637478.227995,4143132780.571168,0.2645723484013832,2845914.788410515,161803.0,0.0,0,0.0,0.0
2014-05-08,440.402762711864,12744689,5612796598.84385,4144276471.273705,0.26163786656239024,2181707.296354236,166688.0,0.0,0,0.0,0.0
2014-05-09,452.697999723553,12748939,5771419547.102554,4146290136.759985,0.28158226881260756,1462993.8881188838,162502.0,0.0,0,0.0,0.0
2014-05-10,456.75584628872,12753414,5825196771.101029,4148127634.107703,0.28789913935840156,1571215.2960968341,135432.0,0.0,0,0.0,0.0
2014-05-11,439.114476037405,12757214,5601877693.613787,4148623734.6500697,0.2594226504838628,1662990.5323013067,165305.0,0.0,0,0.0,0.0
2014-05-12,441.280955581531,12761314,5631325190.440901,4148885442.101457,0.2632488265561125,1673819.7435031778,154720.0,0.0,0,0.0,0.0
2014-05-13,439.005774985389,12765364,5604068868.010112,4148533823.8480473,0.2597282578861124,1469997.4636308618,149392.0,0.0,0,0.0,0.0
2014-05-14,444.848205727645,12769114,5680317808.53873,4147827344.903674,0.2697895637690193,7440870.264253269,160777.0,0.0,0,0.0,0.0
2014-05-15,446.96155873758,12773389,5709214216.404004,4149039654.0507936,0.2732730815863307,2284592.7608766495,177228.0,0.0,0,0.0,0.0
2014-05-16,448.74215371128,12777914,5733989008.328655,4148954911.76364,0.2764278226314601,1639798.8649379716,155507.0,0.0,0,0.0,0.0
2014-05-17,449.2222893045,12782239,5742067026.43362,4150422866.858809,0.2771901045821432,1117862.3255439966,148258.0,0.0,0,0.0,0.0
2014-05-18,446.962641437756,12786539,5715105604.890298,4152272468.070644,0.2734565631617323,2046597.0781410313,177621.0,0.0,0,0.0,0.0
2014-05-19,447.404856808884,12790739,5722639109.733018,4152740987.373871,0.2743311420231056,2491437.5981084825,185484.0,0.0,0,0.0,0.0
2014-05-20,490.335648158971,12795164,6273925426.642424,4159606755.557133,0.3370009248287793,3236464.1366006574,191013.0,0.0,0,0.0,0.0
2014-05-21,493.933491817651,12799539,6322121388.214889,4164104414.2693834,0.34134380557264843,2888297.1244956553,157848.0,0.0,0,0.0,0.0
2014-05-22,526.81428842782,12803839,6745245754.598706,4172733807.154702,0.3813815005465357,3351385.2288041594,162944.0,0.0,0,0.0,0.0
2014-05-23,523.699320280538,12807964,6707522461.147761,4177272858.051656,0.37722566234435545,2839093.9750172542,176295.0,0.0,0,0.0,0.0
2014-05-24,527.691243132671,12811814,6760682479.817486,4180841779.014918,0.3815947145135286,11503620.625781022,124972.0,0.0,0,0.0,0.0
2014-05-25,573.312458796026,12815839,7347480628.599372,4197083405.0044217,0.4287724436226926,6700471.998954256,187262.0,0.0,0,0.0,0.0
2014-05-26,584.847974868498,12819789,7497628104.121896,4203583406.9975142,0.4393449036653935,4204100.885763405,170987.0,0.0,0,0.0,0.0
2014-05-27,573.928269245471,12823189,7359591129.447002,4240443987.5876594,0.4238207105526683,29369867.118712418,179096.0,0.0,0,0.0,0.0
2014-05-28,579.189318819404,12827414,7429501641.564928,4247100643.51678,0.4283464963846238,3146597.830982751,184293.0,0.0,0,0.0,0.0
2014-05-29,570.349310929281,12830939,7318117674.823638,4250403232.6929984,0.4191944675451764,2458962.9800789757,171729.0,0.0,0,0.0,0.0
2014-05-30,620.846360607832,12835114,7968634312.999013,4280811478.821406,0.4627923291901805,5384591.490196055,152356.0,0.0,0,0.0,0.0
2014-05-31,627.892420689655,12838789,8061378807.699232,4290291070.315007,0.46779686544224275,5815253.680779765,146493.0,0.0,0,0.0,0.0
2014-06-01,630.074953535944,12843164,8092156466.071098,4298697012.005911,0.4687822671213112,4528798.583603461,191162.0,0.0,0,0.0,0.0
2014-06-02,663.505723845704,12847989,8524714773.745134,4316958541.164495,0.49359495821958854,4395374.008347213,175332.0,0.0,0,0.0,0.0
2014-06-03,672.387897136178,12852439,8641824971.745768,4329309876.401697,0.4990282850490182,3595015.234797659,187102.0,0.0,0,0.0,0.0
2014-06-04,643.887368790181,12856964,8278437237.188534,4335674516.31948,0.47626896332043317,3992412.053729871,171278.0,0.0,0,0.0,0.0
2014-06-05,661.503558153127,12860764,8507441677.299772,4345224389.790551,0.48924429286599497,2928050.587100787,183224.0,0.0,0,0.0,0.0
2014-06-06,650.133315897136,12864239,8363470879.172907,4348403308.303478,0.4800719257441227,3570608.6587281907,174192.0,0.0,0,0.0,0.0
2014-06-07,656.800271770894,12868114,8451781299.337475,4353607552.039746,0.4848887592038118,2050577.5247281427,140293.0,0.0,0,0.0,0.0
2014-06-08,657.819974868498,12871514,8467139543.776268,4359942908.987125,0.4850748725179708,2532935.3900473868,173349.0,0.0,0,0.0,0.0
2014-06-09,648.336322326125,12875414,8347599081.354204,4369990647.758962,0.4764973011796786,6014658.674334767,166173.0,0.0,0,0.0,0.0
2014-06-10,650.936609585038,12879589,8383796518.762893,4379986806.763546,0.4775652299097243,10904868.922938269,178915.0,0.0,0,0.0,0.0
2014-06-11,631.489022209235,12883239,8135624505.648996,4385419493.551893,0.4609609267848014,13162428.738170642,173925.0,0.0,0,0.0,0.0
2014-06-12,591.975077147867,12887539,7629102368.719751,4447876163.669404,0.4169856493332377,50666596.83857044,175286.0,0.0,0,0.0,0.0
2014-06-13,597.044999707773,12891614,7696874155.878988,4453104008.589544,0.42143993543298397,4349615.2412996,173782.0,0.0,0,0.0,0.0
2014-06-14,575.559461718293,12896064,7422452115.9028225,4453440985.606231,0.4000040800445715,1584217.9318850087,149475.0,0.0,0,0.0,0.0
2014-06-15,589.724646405611,12900814,7607928447.637616,4456758528.508317,0.4141955252099917,1184226.5858807457,176498.0,0.0,0,0.0,0.0
2014-06-16,590.567482174167,12905514,7621577382.962741,4461303626.306206,0.4146482542735845,3549679.415714103,177681.0,0.0,0,0.0,0.0
2014-06-17,609.080002922268,12910114,7863292761.518906,4465656383.454019,0.43208824612153773,2254533.888934633,185058.0,0.0,0,0.0,0.0
2014-06-18,607.629796025716,12914064,7846970561.691616,4469495093.511946,0.43041775697085943,2460970.619788047,168040.0,0.0,0,0.0,0.0
2014-06-19,595.751476914085,12918239,7696060441.35759,4471290838.809923,0.41901562846598633,2774198.341313048,158765.0,0.0,0,0.0,0.0
2014-06-20,591.531522793688,12922889,7644296683.656539,4474544287.145542,0.4146558575215832,2128694.3245542496,155292.0,0.0,0,0.0,0.0
2014-06-21,592.764349503215,12927539,7662984721.594294,4477856013.601532,0.41565118863111755,1693385.244581169,153735.0,0.0,0,0.0,0.0
2014-06-22,599.634633547633,12932039,7754498947.882659,4481892923.958923,0.4220267545225872,2124739.3573132236,184086.0,0.0,0,0.0,0.0
2014-06-23,589.552299824664,12936439,7626707836.996262,4486312355.339651,0.4117629190439054,4501825.913099504,163332.0,0.0,0,0.0,0.0
2014-06-24,579.973718585622,12941139,7505520973.883193,4491205441.293554,0.4016130982883787,7773132.676269308,175690.0,0.0,0,0.0,0.0
2014-06-25,562.236779953244,12945814,7278613228.322845,4491793238.081356,0.38287787835700604,1777459.2646914686,175374.0,0.0,0,0.0,0.0
2014-06-26,580.749230274693,12950089,7520754684.680746,4498768269.585744,0.4018195702155501,4172234.553540152,159188.0,0.0,0,0.0,0.0
2014-06-27,600.638305376973,12955014,7781278136.994179,4504885322.211724,0.42106100785752,2407251.053002421,167909.0,0.0,0,0.0,0.0
2014-06-28,594.390304208065,12959564,7703039665.25026,4508150115.377935,0.41475699057931925,1132119.785704722,143714.0,0.0,0,0.0,0.0
2014-06-29,600.840518410286,12963489,7788989933.227496,4518997719.1518,0.4198223700516096,13706168.30557128,173601.0,0.0,0,0.0,0.0
2014-06-30,638.94611396844,12966789,8285079954.832741,4530464903.017282,0.45317788992795033,5434383.140039868,182779.0,0.0,0,0.0,0.0
2014-07-01,642.95659672706,12970114,8339220872.453678,4539357079.6506,0.4556617279864696,4722791.752082639,186238.0,0.0,0,0.0,0.0
2014-07-02,651.298347749854,12973539,8449645037.712662,4554900349.171071,0.4609358938935862,6058700.08924154,182044.0,0.0,0,0.0,0.0
2014-07-03,646.413389130333,12977014,8388516119.156889,4563903727.313362,0.45593431991019767,5550042.900388493,161281.0,0.0,0,0.0,0.0
2014-07-04,630.635502922268,12981164,8186383393.622765,4567862716.434963,0.4420170059475406,1901387.0748629807,144732.0,0.0,0,0.0,0.0
2014-07-05,630.468341905318,12984964,8186609228.612454,4571798138.247584,0.44155168390485683,2156384.5833126246,128230.0,0.0,0,0.0,0.0
2014-07-06,634.67267445938,12988514,8243455426.838494,4575534634.364116,0.4449494298874482,1586543.9476849379,183781.0,0.0,0,0.0,0.0
2014-07-07,622.854978959673,12992264,8092296820.082435,4579552251.903398,0.4340849880174382,2467748.6358195944,185977.0,0.0,0,0.0,0.0
2014-07-08,624.894331092928,12996014,8121135976.764442,4582458536.508723,0.4357367553480579,1137816.3440729359,214028.0,0.0,0,0.0,0.0
2014-07-09,621.939091759205,13000164,8085310689.869804,4591634616.695078,0.4321016479369186,6522507.688206468,184694.0,0.0,0,0.0,0.0
2014-07-10,616.522849795441,13003889,8017195199.347163,4595813024.663193,0.42675550359090325,3096136.2664873507,171218.0,0.0,0,0.0,0.0
2014-07-11,634.494378141438,13007789,8253369501.612384,4600389488.505543,0.4426046855642647,1466518.7526899457,170517.0,0.0,0,0.0,0.0
2014-07-12,636.923957934541,13011714,8287472891.403905,4604624538.886524,0.4443873784899347,2110958.782642707,153837.0,0.0,0,0.0,0.0
2014-07-13,629.87575043834,13015714,8198283128.597574,4608160456.6027565,0.4379115255816929,1365968.0714776125,188426.0,0.0,0,0.0,0.0
2014-07-14,619.197459088252,13019089,8061387325.233258,4610458928.582808,0.4280812045649472,1979052.3228721018,162456.0,0.0,0,0.0,0.0
2014-07-15,621.934601402689,13023064,8099494616.867198,4614345407.964707,0.43029218164361355,2324806.1722224383,179167.0,0.0,0,0.0,0.0
2014-07-16,616.351882232612,13026664,8029009370.118213,4617086709.567875,0.4249493932898603,1806120.4450887782,167308.0,0.0,0,0.0,0.0
2014-07-17,624.259274985389,13030964,8134700639.851306,4622317333.053282,0.4317778197750897,3287861.770637867,175162.0,0.0,0,0.0,0.0
2014-07-18,630.750140268849,13035264,8221995102.499777,4627163018.936156,0.43722138468200555,3062405.4249929995,170513.0,0.0,0,0.0,0.0
2014-07-19,629.17336440678,13039689,8204225503.741315,4629265573.290133,0.4357461808943352,3982500.1713109426,151927.0,0.0,0,0.0,0.0
2014-07-20,625.248676212741,13043564,8155471625.740574,4632906858.893021,0.431926555385162,2729038.01701634,187550.0,0.0,0,0.0,0.0
2014-07-21,621.305331385155,13047439,8106443910.103213,4639724461.0554,0.4276498409773953,5659371.574827883,164118.0,0.0,0,0.0,0.0
2014-07-22,619.823264465225,13050989,8089307103.771279,4642929269.177589,0.4260411664908815,2937207.9745888044,166622.0,0.0,0,0.0,0.0
2014-07-23,619.772816773817,13054639,8090910882.246388,4649452980.080027,0.42534863530852085,7348998.535991344,176844.0,0.0,0,0.0,0.0
2014-07-24,602.87964552893,13058214,7872531911.258384,4651866512.919388,0.4091015996687385,4526800.769827426,177668.0,0.0,0,0.0,0.0
2014-07-25,601.578514319112,13062289,7857992892.880437,4654741927.785473,0.4076423851181133,2880480.739245247,176908.0,0.0,0,0.0,0.0
2014-07-26,594.702607247224,13065639,7770170055.7879505,4656431387.112454,0.40072979694390237,1849503.9244319238,138531.0,0.0,0,0.0,0.0
2014-07-27,591.575444184687,13069464,7731574445.683753,4658922972.873251,0.3974160107228674,2713926.113163628,183913.0,0.0,0,0.0,0.0
2014-07-28,587.493004967855,13073214,7680422248.800419,4660297163.80158,0.39322383420658186,5043980.169211665,174479.0,0.0,0,0.0,0.0
2014-07-29,584.11239333723,13076939,7638402605.455246,4660599152.136081,0.38984636017908475,3732010.0135449693,166289.0,0.0,0,0.0,0.0
2014-07-30,562.914625073057,13081239,7363621198.8091135,4659433537.206371,0.3672361177459914,4355568.408010471,182619.0,0.0,0,0.0,0.0
2014-07-31,581.975561952075,13085089,7615202490.893794,4663758286.793324,0.3875726492670137,3327286.210075162,180432.0,0.0,0,0.0,0.0
2014-08-01,596.506759205143,13089014,7807685800.915175,4671769802.315092,0.4016447483366336,7707882.323929932,174634.0,0.0,0,0.0,0.0
2014-08-02,589.757261542957,13093089,7721744786.947442,4674994817.951723,0.39456755604586086,2743150.6210661656,142054.0,0.0,0,0.0,0.0
2014-08-03,586.753736703682,13096939,7684678368.389648,4676787446.489549,0.39141402902076355,2074716.117467124,171181.0,0.0,0,0.0,0.0
2014-08-04,587.60833547633,13100139,7697751343.743673,4683173338.376319,0.3916180025505039,7182496.238733112,175600.0,0.0,0,0.0,0.0
2014-08-05,581.881988603156,13103514,7624699250.860098,4711618474.223159,0.38205844988683735,25722568.87929749,199370.0,0.0,0,0.0,0.0
2014-08-06,582.248371420222,13107614,7631887371.849659,4714822333.548079,0.38222066130865906,4285639.687984177,204290.0,0.0,0,0.0,0.0
2014-08-07,586.046633547633,13111614,7684017715.268161,4718586335.8335085,0.38592198629921604,3983529.891977313,179570.0,0.0,0,0.0,0.0
2014-08-08,589.024412624196,13115564,7725387853.916305,4721974201.972727,0.3887718919408077,2224581.3985990686,173909.0,0.0,0,0.0,0.0
2014-08-09,588.978521332554,13120114,7727465815.978976,4725797674.46566,0.388441464898676,2565322.9369005333,151357.0,0.0,0,0.0,0.0
2014-08-10,589.373502045587,13124539,7735255986.025219,4729299696.212456,0.38860462992348643,2263738.6424823734,199448.0,0.0,0,0.0,0.0
2014-08-11,573.441483927528,13129089,7528764738.855471,4731009423.762066,0.3716088112906981,2505920.9032547185,196078.0,0.0,0,0.0,0.0
2014-08-12,568.307520163647,13133439,7463832605.270375,4733128088.388909,0.3658582207421501,3319000.145559084,200291.0,0.0,0,0.0,0.0
2014-08-13,548.370175336061,13137064,7203974529.044934,4732988931.309924,0.34300310027090014,4347365.298219379,197253.0,0.0,0,0.0,0.0
2014-08-14,505.107499707773,13141564,6637902939.543403,4724773341.755757,0.28821295147157466,3507415.21686783,198108.0,0.0,0,0.0,0.0
2014-08-15,500.323060132671,13145689,6577091749.447502,4723691940.090821,0.28179625280616966,4393168.296312934,194489.0,0.0,0,0.0,0.0
2014-08-16,521.7479628872,13149639,6860797779.55664,4726422750.815196,0.3110972072520948,2713426.9513391475,182930.0,0.0,0,0.0,0.0
2014-08-17,497.764658971362,13153889,6547541471.5946245,4728021007.091607,0.277893690692406,3349941.958333704,200719.0,0.0,0,0.0,0.0
2014-08-18,468.957918176505,13158839,6170942119.310288,4717187975.86149,0.2355805832142987,6213174.6270556925,194393.0,0.0,0,0.0,0.0
2014-08-19,486.794350672122,13163489,6407912470.895487,4717979162.223828,0.26372602877259577,3223157.827506721,187544.0,0.0,0,0.0,0.0
2014-08-20,515.120353886616,13167714,6782957908.844902,4721956545.919847,0.30384994137108423,2890510.1458216007,187324.0,0.0,0,0.0,0.0
2014-08-21,519.307852133255,13171839,6840239836.381874,4721902604.693222,0.30968756686302695,8106748.517450387,193868.0,0.0,0,0.0,0.0
2014-08-22,516.159368790181,13175764,6800794443.689158,4724071292.154195,0.3053647877068351,4600764.086522312,182566.0,0.0,0,0.0,0.0
2014-08-23,497.12575949737,13179814,6552025443.633947,4721897397.823895,0.27932248761155737,8372437.123313522,150748.0,0.0,0,0.0,0.0
2014-08-24,508.430741963764,13183464,6702878791.092571,4723678224.963125,0.2952761981552759,1841427.4272531683,206426.0,0.0,0,0.0,0.0
2014-08-25,501.610286674459,13186889,6614679574.082137,4724261344.72897,0.2857913536371843,6561436.694242613,180478.0,0.0,0,0.0,0.0
2014-08-26,511.852321741672,13191214,6751953923.156421,4727250625.681908,0.2998692408919757,3604074.033438047,190292.0,0.0,0,0.0,0.0
2014-08-27,510.162323787259,13195439,6731816232.942293,4728247846.173029,0.2976267202548931,2622780.4970089626,188466.0,0.0,0,0.0,0.0
2014-08-28,506.285151665693,13199764,6682844924.889921,4708731588.395982,0.2954001415088136,11782294.244010093,193291.0,0.0,0,0.0,0.0
2014-08-29,508.866571887785,13204014,6719081747.60799,4708016904.097708,0.29930650036014617,10047975.22976556,166081.0,0.0,0,0.0,0.0
2014-08-30,501.275723261251,13208564,6621132874.521966,4709296233.725628,0.288747662526614,2652444.9950702083,166245.0,0.0,0,0.0,0.0
2014-08-31,478.511425482174,13213264,6322698175.82767,4710110242.709869,0.2550474320097852,3451120.5718256948,191523.0,0.0,0,0.0,0.0
2014-09-01,474.541489772063,13216664,6271855805.107044,4712065701.989895,0.2486967416959816,5983555.726610366,191818.0,0.0,0,0.0,0.0
2014-09-02,474.430670660433,13220339,6272134678.769618,4709729381.409307,0.24910263847631584,4001404.271057322,189217.0,0.0,0,0.0,0.0
2014-09-03,473.95920338983,13224564,6267904198.880899,4710410976.814317,0.2484870815901533,3405686.38079788,172514.0,0.0,0,0.0,0.0
2014-09-04,489.555201344243,13228514,6476088227.531067,4713499853.260774,0.27216867842800524,5102093.521715587,179439.0,0.0,0,0.0,0.0
2014-09-05,478.749782875511,13232139,6334884057.335196,4714814987.684732,0.25573776173134166,5825184.267640763,184264.0,0.0,0,0.0,0.0
2014-09-06,480.64249181765,13236614,6362079521.813549,4718599906.086667,0.25832428062112595,9295333.061213532,156345.0,0.0,0,0.0,0.0
2014-09-07,478.36550087668,13240489,6333793536.135472,4716885841.511561,0.2552826651830615,3970618.16246877,234712.0,0.0,0,0.0,0.0
2014-09-08,468.975495908825,13244089,6211153582.900203,4716213915.929336,0.24068631487177428,2158981.0743697793,193159.0,0.0,0,0.0,0.0
2014-09-09,473.51202717709,13247739,6272964129.307296,4713838686.238691,0.248546844989017,10179496.71170307,233734.0,0.0,0,0.0,0.0
2014-09-10,477.778417592051,13251664,6331359439.708826,4713060322.600688,0.2556005755981155,4904620.384145238,229160.0,0.0,0,0.0,0.0
2014-09-11,477.270682057276,13255914,6326659498.992509,4713971885.066969,0.2549034943610215,3530209.461022056,174072.0,0.0,0,0.0,0.0
2014-09-12,473.997282291058,13259764,6285092480.114435,4712098689.901107,0.25027377006625817,4056122.6271656207,168370.0,0.0,0,0.0,0.0
2014-09-13,477.960973991818,13264289,6339812873.222701,4713760406.162206,0.25648272268861594,1714158.2305855763,154155.0,0.0,0,0.0,0.0
2014-09-14,475.648063997662,13268239,6311012574.626344,4715450683.592233,0.2528218526214202,1933676.1700316928,238653.0,0.0,0,0.0,0.0
2014-09-15,472.655629748685,13272189,6273175229.155773,4715168871.460876,0.24836008891538153,5584805.853322722,192922.0,0.0,0,0.0,0.0
2014-09-16,464.177754529515,13276464,6162639620.027247,4714953548.324791,0.23491331003646385,2455869.759157301,220260.0,0.0,0,0.0,0.0
2014-09-17,456.339891291642,13281114,6060702485.118798,4715577700.365827,0.22194205837619257,4086025.994718939,193672.0,0.0,0,0.0,0.0
2014-09-18,426.880106954997,13285589,5671353995.771091,4707656277.899095,0.16992374635591234,6574044.544803262,193268.0,0.0,0,0.0,0.0
2014-09-19,393.893890707189,13289864,5234796553.955133,4695805352.718997,0.10296316116218564,5546201.461686544,170448.0,0.0,0,0.0,0.0
2014-09-20,411.041342781999,13294264,5464492455.641721,4687067645.832266,0.1422684386739003,13910833.372911612,169048.0,0.0,0,0.0,0.0
2014-09-21,400.404530683811,13298364,5324725517.531779,4685625020.905121,0.12002505941806871,4375486.868841526,204145.0,0.0,0,0.0,0.0
2014-09-22,400.881622150789,13302564,5332753756.716756,4683895710.982247,0.12167410597522026,1911061.4700709411,205312.0,0.0,0,0.0,0.0
2014-09-23,438.491800993571,13306314,5834709942.253127,4685558804.157405,0.19695085950613114,4273085.7463775985,199250.0,0.0,0,0.0,0.0
2014-09-24,423.700091759205,13310214,5639539233.074251,4684182636.208819,0.16940330714653853,2439902.057987025,189844.0,0.0,0,0.0,0.0
2014-09-25,409.537749853887,13314514,5452796432.535058,4682500366.259661,0.14126624307470784,2645286.952692543,200077.0,0.0,0,0.0,0.0
2014-09-26,405.298251899474,13317864,5397707323.410519,4676673870.068891,0.13358142821386731,5216798.2440837,181141.0,0.0,0,0.0,0.0
2014-09-27,400.599334599649,13321214,5336469785.865114,4675157061.065853,0.12392325850900575,1722398.2928682817,170649.0,0.0,0,0.0,0.0
2014-09-28,375.549989772063,13324464,5004002620.226421,4673630485.0168495,0.06602157518347246,4978451.309722733,235336.0,0.0,0,0.0,0.0
2014-09-29,373.0645578609,13327889,4972163316.31826,4662225747.557453,0.06233455118893935,8356048.164535772,194282.0,0.0,0,0.0,0.0
2014-09-30,389.264040411455,13331714,5189557169.561106,4660115795.123364,0.10202053029555844,5058827.566018586,219754.0,0.0,0,0.0,0.0
2014-10-01,382.909365867914,13335589,5106322234.677844,4656398351.53598,0.0881111419264455,4022493.1346573466,212070.0,0.0,0,0.0,0.0
2014-10-02,372.525699006429,13339039,4969135126.430794,4653272053.557546,0.06356499971054816,4183964.160627367,184240.0,0.0,0,0.0,0.0
2014-10-03,357.665713617767,13342689,4772222669.724363,4637778614.840103,0.028172209091832982,8487291.693350162,176376.0,0.0,0,0.0,0.0
2014-10-04,328.826113091759,13346539,4388690806.418653,4629271464.782078,-0.05481832030900092,6571450.054992764,165391.0,0.0,0,0.0,0.0
2014-10-05,322.826261542957,13350764,4309977489.869624,4627611395.34178,-0.07369734673063547,23495230.513426393,249311.0,0.0,0,0.0,0.0
2014-10-06,326.803532729398,13354789,4364392486.254045,4592385908.5592575,-0.05223944066059457,12417282.128704853,189667.0,0.0,0,0.0,0.0
2014-10-07,333.570194915254,13358139,4455877297.562369,4588236616.646673,-0.029704435343565743,5522832.917481245,204102.0,0.0,0,0.0,0.0
2014-10-08,354.407334307423,13361739,4735498585.046729,4590810354.027741,0.030553959297098997,7408384.418962491,192185.0,0.0,0,0.0,0.0
2014-10-09,361.716424897721,13365439,4834499102.477939,4586039745.846874,0.05139298846983253,4069374.651331097,188891.0,0.0,0,0.0,0.0
2014-10-10,358.890390810053,13369314,4798118614.264319,4582759040.821751,0.04488417039177119,8276810.260630813,199899.0,0.0,0,0.0,0.0
2014-10-11,361.908376972531,13372914,4839769891.49661,4583196830.659404,0.05301348340713476,1431149.2190782542,164752.0,0.0,0,0.0,0.0
2014-10-12,377.871243717124,13376614,5054638072.074462,4579991358.41029,0.0939032047193388,6458981.569864693,245289.0,0.0,0,0.0,0.0
2014-10-13,391.994208942139,13380489,5245074515.315583,4589485319.615239,0.12499139788882463,5880683.5321838865,208782.0,0.0,0,0.0,0.0
2014-10-14,400.880592054354,13383789,5365301579.881792,4592341805.846934,0.14406641686894467,3953924.048730933,215790.0,0.0,0,0.0,0.0
2014-10-15,394.625879894798,13387564,5283079539.760934,4583685300.99048,0.13238381771592672,8275226.028846967,210614.0,0.0,0,0.0,0.0
2014-10-16,382.321476329632,13391264,5119768129.140897,4584268318.194218,0.10459454362761085,3170700.4883618206,185024.0,0.0,0,0.0,0.0
2014-10-17,382.200789596727,13394814,5119508793.945508,4580560255.206533,0.10527348627203298,4645722.452459452,184716.0,0.0,0,0.0,0.0
2014-10-18,391.293177089421,13398914,5242903942.547068,4582951238.806328,0.12587541388754236,1404480.5437834098,176009.0,0.0,0,0.0,0.0
2014-10-19,388.684497954413,13402239,5209242849.026225,4584016229.704787,0.12002255173001058,2241854.317200602,231491.0,0.0,0,0.0,0.0
2014-10-20,381.190858562244,13405664,5110116875.590901,4583380406.213174,0.10307718633476834,2194706.688849111,201550.0,0.0,0,0.0,0.0
2014-10-21,385.204633541204,13409489,5165397605.27404,4583848837.350535,0.11258547983406436,1729825.6540347177,210696.0,0.0,0,0.0,0.0
2014-10-22,380.778763296318,13413464,5107562538.942989,4582791709.254777,0.1027438872626734,5089012.7820289945,202511.0,0.0,0,0.0,0.0
2014-10-23,357.344793103448,13417239,4794580781.176469,4578735931.464864,0.045018503089782586,4977311.41462707,198694.0,0.0,0,0.0,0.0
2014-10-24,357.48843395675,13421214,4797929061.475608,4573463466.382351,0.04678385032733734,6534467.475866009,188329.0,0.0,0,0.0,0.0
2014-10-25,345.811246639392,13425089,4642547040.783242,4570708016.913801,0.015474054056611368,2110660.1032375516,211142.0,0.0,0,0.0,0.0
2014-10-26,353.081956165985,13428214,4741260350.217297,4570257924.531279,0.03606687105427163,1269785.5346701918,213767.0,0.0,0,0.0,0.0
2014-10-27,350.015711864407,13432189,4701477475.554004,4566979707.659527,0.02860755339014534,3473534.1499577407,222981.0,0.0,0,0.0,0.0
2014-10-28,354.653805084746,13435639,4765000779.637956,4566602297.830378,0.041636610565812415,3001464.1270290995,204116.0,0.0,0,0.0,0.0
2014-10-29,333.599350087668,13439514,4483413403.54482,4560495237.551087,-0.017192667074894908,3638244.175445754,201073.0,0.0,0,0.0,0.0
2014-10-30,344.609382232613,13443764,4632847483.405226,4558560353.399702,0.01603487493849491,3261657.581597703,205516.0,0.0,0,0.0,0.0
2014-10-31,337.182912624196,13448464,4534592532.367485,4551135744.095233,-0.003648224533883489,4182996.056236534,203249.0,0.0,0,0.0,0.0
2014-11-01,324.371315020456,13452439,4363585588.909411,4549004619.971919,-0.0424923557208945,4553805.880306885,173754.0,0.0,0,0.0,0.0
2014-11-02,324.248566627703,13456314,4363190786.740753,4547810373.012776,-0.0423129758233496,2249326.3988603107,269174.0,0.0,0,0.0,0.0
2014-11-03,325.361865575687,13460539,4379546341.735966,4544715804.546358,-0.03771382922390141,2864378.1436873483,211285.0,0.0,0,0.0,0.0
2014-11-04,329.657703974284,13464589,4438705759.185677,4540320458.329069,-0.02289286667247679,4935095.955160862,204277.0,0.0,0,0.0,0.0
2014-11-05,338.805765341905,13468039,4563049532.877499,4539816905.770663,0.005091469408657651,4099073.2515920256,202169.0,0.0,0,0.0,0.0
2014-11-06,349.689911747516,13471889,4710983956.042685,4545891656.865878,0.035044122569138844,5217064.176082093,226791.0,0.0,0,0.0,0.0
2014-11-07,342.133288135593,13475639,4610464955.295818,4545357958.407378,0.014121568544546655,14680833.902561015,222227.0,0.0,0,0.0,0.0
2014-11-08,345.716332554062,13479464,4660071136.24681,4546751472.243762,0.024317153255800906,5607230.55076381,167389.0,0.0,0,0.0,0.0
2014-11-09,363.610051724138,13483214,4902632431.676268,4545372353.328152,0.07287107147577133,5874717.090379967,249998.0,0.0,0,0.0,0.0
2014-11-10,365.502253945061,13486889,4929488621.453632,4546413554.557016,0.07771091411580394,3578626.6320198057,212175.0,0.0,0,0.0,0.0
2014-11-11,367.825466978375,13490114,4962007776.752238,4546224823.117323,0.08379328939848135,3863309.5235492787,202219.0,0.0,0,0.0,0.0
2014-11-12,422.591419637639,13493789,5702359788.850852,4555506702.259187,0.2011190330069967,5729241.599842281,227451.0,0.0,0,0.0,0.0
2014-11-13,421.914471654004,13497414,5694754635.012328,4572576367.873332,0.19705471772912772,8308948.993286053,216420.0,0.0,0,0.0,0.0
2014-11-14,398.388882817066,13501264,5378753801.210385,4571122700.058135,0.15015208559471682,4601684.346317246,221678.0,0.0,0,0.0,0.0
2014-11-15,377.993840736411,13504764,5104717915.867747,4570277310.663108,0.10469542372622763,2004568.5469351604,178215.0,0.0,0,0.0,0.0
2014-11-16,390.205823495032,13508514,5271101142.630918,4572302719.288122,0.13257162107764267,1991828.2533380056,247987.0,0.0,0,0.0,0.0
2014-11-17,387.501031560491,13512114,5235958424.459615,4569709674.850677,0.12724485100885793,3834260.5036184327,213408.0,0.0,0,0.0,0.0
2014-11-18,373.864564582116,13515964,5053140295.723517,4567784781.0642,0.09605027492905241,3184417.701608378,208756.0,0.0,0,0.0,0.0
2014-11-19,377.613398012858,13519489,5105140483.651152,4565180038.668204,0.10576798948278351,5286870.05814314,201489.0,0.0,0,0.0,0.0
2014-11-20,356.181265341905,13522939,4816617809.929838,4559033524.63299,0.05347824873416735,5197369.263708769,214324.0,0.0,0,0.0,0.0
2014-11-21,350.748858854471,13526114,4744269331.645443,4555918053.842573,0.03970079787555914,2467538.5642443066,199210.0,0.0,0,0.0,0.0
2014-11-22,352.455514611338,13529964,4768710707.072106,4556063613.968504,0.044592156279944166,1498455.492846481,179422.0,0.0,0,0.0,0.0
2014-11-23,367.773242255991,13533514,4977264617.96567,4557380404.695921,0.08436043600216814,1331224.9169988127,247147.0,0.0,0,0.0,0.0
2014-11-24,376.994223845704,13537189,5103442362.574528,4559433802.81882,0.10659639535563842,2634471.8891765797,208927.0,0.0,0,0.0,0.0
2014-11-25,376.755630040912,13540489,5101455766.532537,4559216730.721406,0.1062910393869183,3388103.845788864,211048.0,0.0,0,0.0,0.0
2014-11-26,367.530208065459,13543914,4977797825.314517,4557723954.191948,0.08438950031001453,4299883.209396668,199008.0,0.0,0,0.0,0.0
2014-11-27,369.530227352425,13547439,5006188510.191583,4558113954.332896,0.08950413172546293,1920246.8136028703,212717.0,0.0,0,0.0,0.0
2014-11-28,377.896931911163,13551139,5120934155.192884,4516599944.512052,0.11801249388610233,53217494.09901702,208529.0,0.0,0,0.0,0.0
2014-11-29,376.07633547633,13555064,5097739097.997616,4516895868.211348,0.11394134117503632,3035615.581185,187164.0,0.0,0,0.0,0.0
2014-11-30,378.690397136178,13559064,5134687634.7826395,4518785107.57312,0.1199493661576147,2668619.3427649317,278477.0,0.0,0,0.0,0.0
2014-12-01,379.111978959673,13562314,5141636003.978504,4518994053.321328,0.12109802214224948,5044684.776735855,216216.0,0.0,0,0.0,0.0
2014-12-02,382.946796317943,13566064,5195081054.686924,4515360156.803427,0.13083932487834107,6726123.764583155,254950.0,0.0,0,0.0,0.0
2014-12-03,375.916019286967,13568964,5100791234.33003,4515393159.032291,0.11476613105782771,3644879.4859619206,232497.0,0.0,0,0.0,0.0
2014-12-04,368.845568088837,13572614,5006198817.209665,4502667431.88402,0.10058157969968554,18216257.168384507,225119.0,0.0,0,0.0,0.0
2014-12-05,378.428329631794,13576514,5137737818.860191,4504418407.61554,0.1232681451590992,2657921.240873942,224219.0,0.0,0,0.0,0.0
2014-12-06,375.13795119813,13579939,5094350794.833199,4504978080.158171,0.11569142731057754,1835845.393232861,191199.0,0.0,0,0.0,0.0
2014-12-07,376.639793103448,13583089,5115932132.848283,4505448724.066868,0.11932984897544562,4088961.4039554247,257476.0,0.0,0,0.0,0.0
2014-12-08,363.215676797195,13587164,4935071259.426718,4471281563.041719,0.09397831804334968,29363617.549164247,246045.0,0.0,0,0.0,0.0
2014-12-09,351.106837814144,13590714,4771792897.873586,4471693937.526729,0.06289018965609083,23738733.692922268,221435.0,0.0,0,0.0,0.0
2014-12-10,347.881393921683,13594289,4729200485.80356,4461785875.9067335,0.056545416228297014,5135502.714942196,225200.0,0.0,0,0.0,0.0
2014-12-11,348.593006136762,13597989,4740164142.604916,4460085693.056293,0.05908623438400773,3586146.209266035,217525.0,0.0,0,0.0,0.0
2014-12-12,353.190612507306,13601514,4803927344.055704,4459976623.972279,0.07159781891976866,3115479.4446709934,220523.0,0.0,0,0.0,0.0
2014-12-13,349.242945061368,13605164,4751507823.604649,4459639941.145654,0.06142637101617448,2080507.4191385026,185581.0,0.0,0,0.0,0.0
2014-12-14,356.07972150789,13608689,4845778474.894459,4460791006.944262,0.07944801231521056,1909222.2182075635,282530.0,0.0,0,0.0,0.0
2014-12-15,347.095181472823,13612214,4724734167.055472,4458135368.991246,0.05642620063646346,3370436.6654476724,243662.0,0.0,0,0.0,0.0
2014-12-16,328.613320280538,13615789,4474329895.179581,4455469360.841299,0.004215275757516456,3203185.056634306,256519.0,0.0,0,0.0,0.0
2014-12-17,320.297613383986,13618989,4362129930.381323,4451789779.200481,-0.020554144477608623,3285521.3471569074,245403.0,0.0,0,0.0,0.0
2014-12-18,313.511651179427,13622214,4270723055.393614,4447146151.710431,-0.04130988922215588,4995180.759722615,240461.0,0.0,0,0.0,0.0
2014-12-19,318.242888661601,13625639,4336262970.550203,4443950734.73028,-0.02483423282015867,4062457.252700642,224498.0,0.0,0,0.0,0.0
2014-12-20,330.065758328463,13628989,4498462854.350944,4442699531.149776,0.012396083952817893,3037656.970386377,253653.0,0.0,0,0.0,0.0
2014-12-21,320.992670075979,13632289,4375865102.893614,4432125768.554935,-0.012857038400045361,5664006.541929929,237413.0,0.0,0,0.0,0.0
2014-12-22,331.842584453536,13636389,4525134834.615001,4431885359.460464,0.020607004777233536,3415881.108836881,259645.0,0.0,0,0.0,0.0
2014-12-23,336.084128579778,13640139,4584234499.166317,4433147806.512018,0.032957889192137796,4088051.4068383463,245665.0,0.0,0,0.0,0.0
2014-12-24,323.032297779077,13643964,4407441300.90764,4410113267.520448,-0.0006062398635364755,26987680.173188306,190459.0,0.0,0,0.0,0.0
2014-12-25,318.996144360023,13647914,4353632200.491559,4409724642.757307,-0.012884056273613272,1457293.2734552398,166810.0,0.0,0,0.0,0.0
2014-12-26,329.210341905319,13651714,4494285697.662982,4410223025.850218,0.018704345354919594,1758905.476932851,187842.0,0.0,0,0.0,0.0
2014-12-27,315.968443892461,13655514,4314711762.636936,4409327252.109985,-0.021928577081873228,1349100.4104374568,210439.0,0.0,0,0.0,0.0
2014-12-28,317.010480420807,13659739,4330280677.154093,4409596065.1518345,-0.018316454269626845,1040655.2678711634,268151.0,0.0,0,0.0,0.0
2014-12-29,313.065531560491,13663839,4277677270.868148,4404992290.142818,-0.029762651834843123,4748587.662017539,200413.0,0.0,0,0.0,0.0
2014-12-30,310.442004091175,13667714,4243032774.5763025,4385677286.013848,-0.03361852689242775,32972374.56999155,210009.0,0.0,0,0.0,0.0
2014-12-31,320.662287258913,13671514,4383939206.803397,4380872021.175346,0.0006996414601942621,8673624.277853765,180379.0,0.0,0,0.0,0.0
2015-01-01,314.77647194623,13675639,4304769648.579156,4381374893.499557,-0.017795434175132963,1074845.4626209564,141759.0,0.0,0,0.0,0.0
2015-01-02,315.942731735827,13679764,4322022261.146015,4381470177.72545,-0.01375465302755552,2357097.597071868,208959.0,0.0,0,0.0,0.0
2015-01-03,285.647309760374,13683814,3908744885.5395584,4371480552.144635,-0.1183847194317982,5079018.3187007485,244457.0,0.0,0,0.0,0.0
2015-01-04,263.334574810053,13688114,3604553891.417979,4363249900.652615,-0.21048263726643185,6741629.086856131,242953.0,0.0,0,0.0,0.0
2015-01-05,275.003851548802,13692014,3765356806.0989623,4355403652.97181,-0.1567040993079635,5754562.439170648,242383.0,0.0,0,0.0,0.0
2015-01-06,287.549521040327,13695964,3938268119.089944,4356404975.939948,-0.1061727754956987,18606746.818083104,214937.0,0.0,0,0.0,0.0
2015-01-07,297.535565166569,13699464,4076078002.4353695,4355107481.602481,-0.06845538260072483,6374518.746927267,202921.0,0.0,0,0.0,0.0
2015-01-08,284.342391876096,13703139,3896383547.6018786,4347272553.763034,-0.11571987219755753,11987152.720083708,231765.0,0.0,0,0.0,0.0
2015-01-09,292.501114552893,13706639,4009207418.9512553,4339456035.984516,-0.0823725446262016,6982823.9637575615,239382.0,0.0,0,0.0,0.0
2015-01-10,276.230532144944,13710314,3787207553.7172995,4335268861.767113,-0.14471382945776728,3748191.4801553166,273033.0,0.0,0,0.0,0.0
2015-01-11,268.755515488019,13714189,3685764149.8208494,4333549588.460456,-0.17575336139483932,6551786.9159192145,250412.0,0.0,0,0.0,0.0
2015-01-12,268.617232028054,13717739,3684821295.3780684,4328469151.746007,-0.17467546042878024,4219425.34729577,221198.0,0.0,0,0.0,0.0
2015-01-13,224.108117767388,13720914,3074968390.392797,4310603141.69969,-0.4018365701473285,13242229.580493888,255539.0,0.0,0,0.0,0.0
2015-01-14,175.637640561075,13724539,2410545788.6646123,4278485236.997154,-0.7749031182549484,14502114.737742418,252927.0,0.0,0,0.0,0.0
2015-01-15,212.341011396844,13728314,2915084249.8971586,4276589365.0436535,-0.4670551512171655,12111507.72996938,264954.0,0.0,0,0.0,0.0
2015-01-16,207.595204850964,13731789,2850653716.9813027,4271284578.7791386,-0.4983526597198244,4698011.918691655,243692.0,0.0,0,0.0,0.0
2015-01-17,199.824836645237,13735239,2744642049.780119,4267803034.5874186,-0.5549579716339784,2370091.835805329,279137.0,0.0,0,0.0,0.0
2015-01-18,211.132518410286,13739064,2900763352.3142147,4266974321.430835,-0.47098325619243075,3534078.0684348578,246060.0,0.0,0,0.0,0.0
2015-01-19,216.894694915254,13742664,2980711089.6200237,4265501017.547434,-0.4310347059134782,2058324.1746215962,254061.0,0.0,0,0.0,0.0
2015-01-20,211.919853886616,13745614,2912968680.4876294,4262073546.5559754,-0.46313744294789555,2657362.1328044855,226838.0,0.0,0,0.0,0.0
2015-01-21,227.904210403273,13749339,3133532431.2121716,4240508737.706856,-0.35326786328056703,15908707.205831924,226784.0,0.0,0,0.0,0.0
2015-01-22,233.647382817066,13752714,3213285820.189682,4240696268.8525214,-0.3197382698443523,2185028.9139241413,224459.0,0.0,0,0.0,0.0
2015-01-23,233.132852425482,13755814,3206932342.299625,4239616511.8502617,-0.3220162009436471,1929471.4482507315,215777.0,0.0,0,0.0,0.0
2015-01-24,249.08212390415,13758964,3427112175.682274,4241717167.970196,-0.23769428910676066,3666200.304634236,205115.0,0.0,0,0.0,0.0
2015-01-25,254.51794126242,13762089,3502698763.952952,4242444859.7782807,-0.21119318150856123,1418421.4546276059,321315.0,0.0,0,0.0,0.0
2015-01-26,273.952244886032,13765264,3771025194.044008,4231117667.3987994,-0.12200726584417043,18809928.0600419,261889.0,0.0,0,0.0,0.0
2015-01-27,264.753804500292,13768989,3645392434.287781,4229857296.329295,-0.16032975120707527,3084371.5197354853,251680.0,0.0,0,0.0,0.0
2015-01-28,235.735840444185,13773089,3246810900.061213,4226316805.684953,-0.3016824618906119,3892879.708611453,200727.0,0.0,0,0.0,0.0
2015-01-29,233.957373465809,13777189,3223275139.8888044,4222406185.3623095,-0.3099738626433153,3737824.936460091,214610.0,0.0,0,0.0,0.0
2015-01-30,228.896189947399,13780639,3154335945.7866554,4217810252.646824,-0.33714681160726845,2453948.1527143954,194308.0,0.0,0,0.0,0.0
2015-01-31,217.332156049094,13784789,2995878088.4199944,4211000704.0696855,-0.40559815178946035,3255868.342472398,277232.0,0.0,0,0.0,0.0
2015-02-01,227.111301285798,13788664,3131561606.2467203,4210809518.420136,-0.3446356955011113,1952140.214187633,252448.0,0.0,0,0.0,0.0
2015-02-02,240.092419929866,13792639,3311508267.358036,4210197629.9907975,-0.2713836989299584,4242828.436037881,227121.0,0.0,0,0.0,0.0
2015-02-03,227.775695791935,13795814,3142351315.613253,4208654624.704921,-0.33933293957094374,4196050.701757376,241165.0,0.0,0,0.0,0.0
2015-02-04,226.781134132087,13799789,3129531982.1526856,4205258884.1448207,-0.3437341136396323,6952487.48039368,232218.0,0.0,0,0.0,0.0
2015-02-05,217.011151081239,13803764,2995570889.0043817,4200461499.409393,-0.4022240351005256,2672715.862603731,215665.0,0.0,0,0.0,0.0
2015-02-06,222.724969316189,13808189,3075428650.0320163,4200347763.5448265,-0.3657763653535254,2591072.4665613063,233229.0,0.0,0,0.0,0.0
2015-02-07,228.647127410871,13812164,3158111805.374141,4199892733.105612,-0.32987461873853796,2002710.5070023448,195740.0,0.0,0,0.0,0.0
2015-02-08,224.035988895383,13815464,3095161319.035288,4198995387.073032,-0.35663216041411094,1484306.2686818824,292729.0,0.0,0,0.0,0.0
2015-02-09,220.768493863238,13819489,3050907949.6147594,4195969210.676343,-0.37531819378758097,4418753.694562512,231970.0,0.0,0,0.0,0.0
2015-02-10,220.888154295734,13823089,3053356793.096843,4194721463.20826,-0.3738065176961508,2298427.0902073993,232475.0,0.0,0,0.0,0.0
2015-02-11,219.495859731151,13827039,3034977988.945279,4191254218.744076,-0.38098339889464167,3536639.053489748,233899.0,0.0,0,0.0,0.0
2015-02-12,222.583227936879,13830014,3078329337.1133847,4190296971.056138,-0.3612243890010382,2555415.133598617,231680.0,0.0,0,0.0,0.0
2015-02-13,236.555363822326,13833664,3272427610.3069806,4191246297.716533,-0.28077586331187315,4497480.48566481,308839.0,0.0,0,0.0,0.0
2015-02-14,257.627695791935,13837664,3564965698.160759,4193136736.8490143,-0.17620675537280542,3309501.1622618944,262234.0,0.0,0,0.0,0.0
2015-02-15,234.445803039158,13841164,3245002997.0753255,4191913870.480641,-0.29180585480468046,3433405.02890722,348395.0,0.0,0,0.0,0.0
2015-02-16,235.086126826417,13845089,3254788537.1894116,4190744040.527927,-0.28756261509595193,2447041.561681158,266152.0,0.0,0,0.0,0.0
2015-02-17,243.905794272355,13848814,3377806174.088614,4191391420.743264,-0.24086202840640153,2466908.235721798,272640.0,0.0,0,0.0,0.0
2015-02-18,235.995232320281,13852989,3269239546.7270637,4191019387.375743,-0.28195542953452324,2080527.628862845,250600.0,0.0,0,0.0,0.0
2015-02-19,241.872253945061,13857139,3351657637.2169795,4183263529.9680815,-0.24811779207903192,9979721.393713707,214290.0,0.0,0,0.0,0.0
2015-02-20,245.530775277615,13861089,3403324125.3542666,4190352001.9119473,-0.231252695179527,28522494.046259783,248860.0,0.0,0,0.0,0.0
2015-02-21,245.596002630041,13864639,3405100113.3531475,4190855135.0134487,-0.23075827303254667,1311232.2701097517,272175.0,0.0,0,0.0,0.0
2015-02-22,236.690668322618,13868414,3282524368.134475,4189659225.9507833,-0.2763528175517707,1623411.7272921791,273844.0,0.0,0,0.0,0.0
2015-02-23,239.066017825833,13871964,3316315384.708808,4187681718.322576,-0.26275134676018735,4530842.670196253,250665.0,0.0,0,0.0,0.0
2015-02-24,239.869262127411,13875189,3328231539.7583165,4186275678.3761215,-0.25780782627885107,2775107.5791388494,236840.0,0.0,0,0.0,0.0
2015-02-25,238.236111046172,13879164,3306518247.071683,4181969657.4812,-0.2647653347096554,8013709.608616904,231846.0,0.0,0,0.0,0.0
2015-02-26,237.044402396259,13882914,3290867242.8321857,4181353298.955339,-0.2705931264965837,1977257.2273632535,227275.0,0.0,0,0.0,0.0
2015-02-27,255.116774400935,13886714,3542733887.3915114,4183657103.904877,-0.18091204049911655,3728422.9024467357,241614.0,0.0,0,0.0,0.0
2015-02-28,254.948448568089,13890264,3541301461.5493345,4183167277.207573,-0.18125139094411336,6718115.893587725,282572.0,0.0,0,0.0,0.0
2015-03-01,260.651330800701,13893764,3621428285.554517,4186796591.092597,-0.15611749314304327,18414765.680573277,276781.0,0.0,0,0.0,0.0
2015-03-02,276.322613676213,13897714,3840252878.3013988,4189796544.986056,-0.09102100246045919,3571081.487243411,282596.0,0.0,0,0.0,0.0
2015-03-03,282.705900935126,13901664,3930082672.4356966,4185934557.185108,-0.06510089127230638,12878292.999364434,267609.0,0.0,0,0.0,0.0
2015-03-04,273.447536528346,13905164,3802333060.2128353,4186812789.130153,-0.10111679403902525,9240173.53910419,241866.0,0.0,0,0.0,0.0
2015-03-05,276.268809175921,13908464,3842475008.3999004,4184781568.5600767,-0.0890849151684453,11065680.448923035,257577.0,0.0,0,0.0,0.0
2015-03-06,273.31811484512,13912164,3802446657.1825013,4186444055.55525,-0.10098692578564124,8191038.801612131,237193.0,0.0,0,0.0,0.0
2015-03-07,276.403357393337,13915664,3846336471.719277,4182817061.7439175,-0.08748079958647946,13231180.325737445,256320.0,0.0,0,0.0,0.0
2015-03-08,275.338033898305,13919564,3832585605.388588,4178270076.8909736,-0.0901961513961634,9259303.849951206,269340.0,0.0,0,0.0,0.0
2015-03-09,290.130059029807,13923164,4039528625.9764624,4174991628.961285,-0.03353435896300344,11689828.707373159,259910.0,0.0,0,0.0,0.0
2015-03-10,292.320383109293,13926964,4071135686.5614333,4184696074.3745112,-0.027894031679645003,24760669.270955034,249825.0,0.0,0,0.0,0.0
2015-03-11,296.693329339568,13930814,4133179824.1108327,4188546823.219441,-0.013395739228577914,5359880.111682447,252200.0,0.0,0,0.0,0.0
2015-03-12,295.800344827586,13934089,4121708568.382389,4200717114.301754,-0.01916888217799754,11058393.00256864,247389.0,0.0,0,0.0,0.0
2015-03-13,285.911026300409,13937739,3984953491.187035,4195438953.821005,-0.052820055014310974,7253723.745826639,242172.0,0.0,0,0.0,0.0
2015-03-14,283.608306253653,13941014,3953787595.540763,4195948391.232532,-0.06124780096049864,1635294.9841272256,260063.0,0.0,0,0.0,0.0
2015-03-15,287.270142022209,13944589,4005864292.951566,4196913503.5753126,-0.04769238213084327,1951423.0753618972,255991.0,0.0,0,0.0,0.0
2015-03-16,291.392118059614,13948064,4064356145.5783954,4196143866.577828,-0.03242523939315804,5804750.422909502,262469.0,0.0,0,0.0,0.0
2015-03-17,285.248396551724,13951264,3979575914.7279544,4197006212.6812496,-0.05463654987673702,2757677.255564171,226763.0,0.0,0,0.0,0.0
2015-03-18,257.286160140269,13955089,3590451469.649436,4191277913.811626,-0.1673400822267216,6140439.946908034,250915.0,0.0,0,0.0,0.0
2015-03-19,262.092947983635,13958514,3658428294.0111136,4189521910.857989,-0.1451698855807236,4949778.913506089,270187.0,0.0,0,0.0,0.0
2015-03-20,262.966492109877,13961914,3671515758.7009087,4188709898.5622153,-0.14086665395229173,2540870.3515345887,239140.0,0.0,0,0.0,0.0
2015-03-21,261.18429748685,13965689,3647618879.936081,4188870866.457801,-0.14838501618107772,3993438.1065505333,244929.0,0.0,0,0.0,0.0
2015-03-22,268.899415838691,13969239,3756320422.5522428,4189300036.839875,-0.11526695424812647,1784281.0407275155,274955.0,0.0,0,0.0,0.0
2015-03-23,266.777992986558,13972864,3727652828.2332683,4188724295.925475,-0.12368948744369336,3257415.033646812,261433.0,0.0,0,0.0,0.0
2015-03-24,246.835082992402,13977189,3450060804.8541956,4185336689.5455422,-0.2131196886897825,2889602.452495101,222374.0,0.0,0,0.0,0.0
2015-03-25,246.719136762127,13981239,3449439414.890666,4182938591.0546846,-0.21264300888939305,4955741.038489029,225027.0,0.0,0,0.0,0.0
2015-03-26,249.532993571011,13984939,3489703893.781254,4181185435.8859344,-0.19814905881754588,2973595.474378283,231012.0,0.0,0,0.0,0.0
2015-03-27,247.378898305085,13989214,3460636545.9490876,4180053741.272159,-0.2078857995547665,3948987.086800616,233504.0,0.0,0,0.0,0.0
2015-03-28,253.23161396844,13992914,3543448399.5122995,4180476016.282302,-0.17977617985284597,1991181.307705419,236797.0,0.0,0,0.0,0.0
2015-03-29,242.967614260666,13996739,3400754477.1950116,4179901932.6229687,-0.22911017559568383,1161799.6178783323,279157.0,0.0,0,0.0,0.0
2015-03-30,248.336934541204,14000289,3476789052.1945987,4178691809.590323,-0.20188246881204175,3036720.221278815,260695.0,0.0,0,0.0,0.0
2015-03-31,244.712485680888,14004039,3426963389.5978193,4177750353.786508,-0.2190822833029446,2262614.9681619424,268912.0,0.0,0,0.0,0.0
2015-04-01,247.185819403857,14007339,3462415766.70271,4168714059.7795577,-0.20399002912046632,9939596.439463448,268617.0,0.0,0,0.0,0.0
2015-04-02,253.630070426651,14011489,3553735145.342652,4170577353.9350114,-0.17357574027450026,13748246.885376971,261247.0,0.0,0,0.0,0.0
2015-04-03,254.83316364699,14015139,3571522414.7779737,4169779976.565804,-0.16750771584476293,3311827.841185921,238166.0,0.0,0,0.0,0.0
2015-04-04,253.945848626534,14018964,3560057913.588588,4170726817.625733,-0.17153341851722345,1870723.1817948897,249819.0,0.0,0,0.0,0.0
2015-04-05,261.112136177674,14022664,3661487961.435123,4171842122.191781,-0.13938436125749937,1736631.4543048847,269666.0,0.0,0,0.0,0.0
2015-04-06,256.367386908241,14025814,3595761490.12761,4171913764.4319463,-0.16023094854489053,2378087.2023477103,249299.0,0.0,0,0.0,0.0
2015-04-07,254.831898012858,14029614,3575193368.4624114,4171825548.973048,-0.16688109397764722,2491402.128204562,262924.0,0.0,0,0.0,0.0
2015-04-08,245.825210403273,14032739,3449601214.4376893,4170624787.331513,-0.2090165001902563,3772324.5766675835,255962.0,0.0,0,0.0,0.0
2015-04-09,243.860636177674,14036064,3422843692.122821,4167545393.134335,-0.21756812989308782,4701349.20521827,247756.0,0.0,0,0.0,0.0
2015-04-10,235.871900642899,14039864,3311609595.690631,4157597115.981848,-0.25546112723918096,11434965.617847437,258457.0,0.0,0,0.0,0.0
2015-04-11,237.40906779661,14043364,3334022146.444576,4157400337.007061,-0.2469624238820793,1366842.0902698687,271456.0,0.0,0,0.0,0.0
2015-04-12,237.141042372881,14046564,3331017018.9784484,4155760895.0649023,-0.24759521533137804,3440489.844999848,255694.0,0.0,0,0.0,0.0
2015-04-13,225.505635885447,14050464,3168458999.7314205,4150663286.713717,-0.30999431807877414,4401937.42367505,276166.0,0.0,0,0.0,0.0
2015-04-14,219.757236703682,14054189,3088509915.0651145,4147467162.714527,-0.3428699524272328,3068025.220006257,258154.0,0.0,0,0.0,0.0
2015-04-15,223.313907948568,14057239,3139177155.22441,4135667988.6182046,-0.31743695373654646,15944903.520729383,226847.0,0.0,0,0.0,0.0
2015-04-16,228.493815312683,14060689,3212780658.8583646,4135191363.7433257,-0.2871066539639629,2209406.9374654805,226724.0,0.0,0,0.0,0.0
2015-04-17,222.785060198714,14063839,3133213396.9831114,4133108998.0318,-0.319127832790279,2592211.765843599,231848.0,0.0,0,0.0,0.0
2015-04-18,223.398044126242,14067489,3142649707.602318,4133121443.6102986,-0.31517089977032803,1096740.1252398712,252404.0,0.0,0,0.0,0.0
2015-04-19,223.284135300994,14071114,3141856701.355214,4133217545.216825,-0.3155334371023336,1030433.1467327919,270931.0,0.0,0,0.0,0.0
2015-04-20,224.894903565167,14074964,3165387851.899039,4131794632.098888,-0.305304381458362,2791204.8523467327,250338.0,0.0,0,0.0,0.0
2015-04-21,234.939356516657,14078789,3307661816.688414,4131276369.955969,-0.24900204401553555,4573413.40675823,246120.0,0.0,0,0.0,0.0
2015-04-22,233.822418760958,14082589,3292825209.994953,4131041402.62481,-0.25455836224940154,2601814.415831784,263266.0,0.0,0,0.0,0.0
2015-04-23,235.933293687902,14085839,3323318578.919576,4132256968.842272,-0.2434128328996026,53682856.7341831,263208.0,0.0,0,0.0,0.0
2015-04-24,231.458592343659,14088939,3261006174.2576456,4131196415.3264375,-0.266847161449146,2308721.5871386672,260001.0,0.0,0,0.0,0.0
2015-04-25,226.445992986558,14093014,3191306731.0837626,4130820309.053413,-0.2943977677916886,3530264.715366807,265664.0,0.0,0,0.0,0.0
2015-04-26,220.503406779661,14096614,3108351587.970356,4129436998.4915833,-0.32849739858030674,1984623.0106979783,275960.0,0.0,0,0.0,0.0
2015-04-27,227.325990356517,14100039,3205305512.126845,4128187038.725222,-0.2879231084546476,5242158.050076034,255804.0,0.0,0,0.0,0.0
2015-04-28,225.549368790181,14103864,3181117803.663484,4127704526.6368537,-0.2975641838485981,3298170.205997689,254488.0,0.0,0,0.0,0.0
2015-04-29,225.66928842782,14107039,3183525634.010645,4127258021.544238,-0.29644252819936223,2753145.545233081,261315.0,0.0,0,0.0,0.0
2015-04-30,236.327976037405,14110389,3334679863.079194,4128591410.3808646,-0.2380772907443608,2141492.7021086547,246685.0,0.0,0,0.0,0.0
2015-05-01,232.746582700175,14114089,3285006169.411467,4128298491.1130767,-0.2567095092709344,2391073.499464897,223070.0,0.0,0,0.0,0.0
2015-05-02,235.540077147867,14117764,3325299410.69197,4128830906.423393,-0.24164184829426053,1155547.7268270638,268525.0,0.0,0,0.0,0.0
2015-05-03,240.464248977206,14121289,3395665346.9023924,4130250320.291081,-0.21633020287431876,3888351.005800626,248197.0,0.0,0,0.0,0.0
2015-05-04,238.976661309176,14124489,3375423415.6519847,4130430837.3088,-0.22367784087644038,2831297.25873089,257691.0,0.0,0,0.0,0.0
2015-05-05,236.02338340152,14128339,3334618561.9880004,4129686173.462925,-0.23842835295708573,3292727.0824000146,263464.0,0.0,0,0.0,0.0
2015-05-06,229.481219300429,14132364,3243112306.432985,4129118412.151089,-0.27319624545860993,2599038.2309804354,272587.0,0.0,0,0.0,0.0
2015-05-07,237.130687317358,14135889,3352053264.664636,4129086590.142749,-0.23180816774874632,2203134.0301012364,261782.0,0.0,0,0.0,0.0
2015-05-08,244.383472822911,14139639,3455494279.3540235,4130441405.9152822,-0.19532578322989863,2870117.7526212092,296988.0,0.0,0,0.0,0.0
2015-05-09,242.705950029223,14142864,3432557437.979952,4131055811.911383,-0.20349211529654554,2328922.966804381,235440.0,0.0,0,0.0,0.0
2015-05-10,240.731483927528,14146089,3405409189.882598,4131277950.622421,-0.21315170079894197,1652280.1460374033,270938.0,0.0,0,0.0,0.0
2015-05-11,242.24983722969,14150039,3427844838.9036756,4128494622.939456,-0.20439950375929752,6742013.571527754,266672.0,0.0,0,0.0,0.0
2015-05-12,242.209092051432,14153789,3428176577.104766,4127921376.684976,-0.20411574020238277,3717851.7714226097,274729.0,0.0,0,0.0,0.0
2015-05-13,236.550265926359,14157839,3349040770.1796536,4127410355.551846,-0.23241567923057505,2524610.578970904,249014.0,0.0,0,0.0,0.0
2015-05-14,236.948916715371,14161689,3355597057.516905,4126807856.937311,-0.22982819039395977,3520626.8674877677,238449.0,0.0,0,0.0,0.0
2015-05-15,237.484502337814,14165364,3364054610.510612,4126906613.1718097,-0.22676564175794053,2719903.256745083,246739.0,0.0,0,0.0,0.0
2015-05-16,235.812134424313,14168664,3341143088.9757895,4126842599.8235207,-0.23515889320639163,1760474.1575198527,263849.0,0.0,0,0.0,0.0
2015-05-17,236.963682933957,14172939,3358472013.55708,4127502535.3964143,-0.22898226298596613,1387013.200799981,259455.0,0.0,0,0.0,0.0
2015-05-18,232.88384961543,14176539,3301487163.388746,4126592559.509416,-0.24991931068838605,2786507.7344468455,245979.0,0.0,0,0.0,0.0
2015-05-19,231.974446814728,14179789,3289348895.340408,4125960610.898431,-0.2543396101104209,4573700.932144146,255945.0,0.0,0,0.0,0.0
2015-05-20,234.190306253653,14183414,3321618256.276003,4126266197.058656,-0.24224576056032876,2692176.8034366528,257455.0,0.0,0,0.0,0.0
2015-05-21,235.553821741672,14187289,3341870333.091202,4126604239.688801,-0.23481877762496153,1880596.3719821547,238231.0,0.0,0,0.0,0.0
2015-05-22,240.323203682057,14190739,3410364051.9100595,4126872063.818076,-0.21009722158744856,8547078.934071725,247334.0,0.0,0,0.0,0.0
2015-05-23,238.963281706604,14193539,3391734850.1937385,4126286526.519974,-0.21657107904065012,2349849.2154874736,222032.0,0.0,0,0.0,0.0
2015-05-24,240.711758328463,14197189,3417430520.6374044,4127059969.947558,-0.2076500004973902,1504044.2854024016,289932.0,0.0,0,0.0,0.0
2015-05-25,237.003543249562,14200714,3365619724.824407,4125731696.4879217,-0.22584606515614938,3413956.6726883273,261099.0,0.0,0,0.0,0.0
2015-05-26,236.796261250731,14204314,3363528638.8158574,4125420325.118336,-0.2265155936269077,2987830.203421164,271463.0,0.0,0,0.0,0.0
2015-05-27,237.203596434833,14207764,3370132908.4086003,4124565843.35946,-0.22385851106006022,4207013.570764542,260834.0,0.0,0,0.0,0.0
2015-05-28,236.956881940386,14211064,3367409604.6085796,4123070166.491733,-0.22440411194675255,4909523.806806994,256843.0,0.0,0,0.0,0.0
2015-05-29,236.646526592636,14214914,3363910213.777342,4123448331.598239,-0.2257902469305238,3901220.2762628496,294061.0,0.0,0,0.0,0.0
2015-05-30,232.788770017534,14218314,3309864014.552268,4111716583.5770655,-0.24226148430852246,13924509.28183272,311391.0,0.0,0,0.0,0.0
2015-05-31,229.45054792519,14222014,3263249088.990612,4110211135.110093,-0.2595456316763926,3543072.9239108837,295460.0,0.0,0,0.0,0.0
2015-06-01,223.282701928697,14225314,3176266724.8464737,4106112656.764525,-0.2927480632039791,6522865.857765071,311167.0,0.0,0,0.0,0.0
2015-06-02,225.320800993571,14229064,3206104278.6463294,4104064611.647864,-0.2800783302596347,4439389.734010126,307243.0,0.0,0,0.0,0.0
2015-06-03,225.213063413209,14232614,3205370780.0088315,4102840310.688142,-0.27998930303995523,3606389.844304574,293187.0,0.0,0,0.0,0.0
2015-06-04,223.54007685564,14236139,3182347785.5364223,4101692372.4697065,-0.2888887855411812,3332946.0877768993,277761.0,0.0,0,0.0,0.0
2015-06-05,224.731071887785,14239589,3200078279.51591,4101617816.2423415,-0.28172421359105354,2230355.6453909106,264896.0,0.0,0,0.0,0.0
2015-06-06,225.160513150205,14244039,3207195311.220476,4102130734.7655735,-0.2790398889690743,1213226.9911087241,268109.0,0.0,0,0.0,0.0
2015-06-07,223.411685856225,14247764,3183117154.1674705,4099844562.6390095,-0.2879967541475252,3598108.1331918812,261551.0,0.0,0,0.0,0.0
2015-06-08,228.774291350088,14251689,3260420235.0651646,4100540001.863827,-0.25767223432223346,2664862.608707934,248646.0,0.0,0,0.0,0.0
2015-06-09,229.370529514904,14255464,3269783510.1873407,4101056412.597247,-0.25422872793259604,2409955.0326652387,283771.0,0.0,0,0.0,0.0
2015-06-10,228.588487434249,14259689,3259600923.1920466,4100051150.9511366,-0.2578383819256186,4977031.557349676,361372.0,0.0,0,0.0,0.0
2015-06-11,229.584411747516,14263064,3274577342.355462,4099115978.687945,-0.2518000187894104,4060556.2834164156,284111.0,0.0,0,0.0,0.0
2015-06-12,229.811218510228,14266614,3278628131.7353373,4099780415.781572,-0.25045605998982534,8315632.845331419,300821.0,0.0,0,0.0,0.0
2015-06-13,233.015344535359,14270589,3325266399.5084715,4099043578.244208,-0.2326962973102285,3459646.581760324,283141.0,0.0,0,0.0,0.0
2015-06-14,232.507108708358,14274289,3318873850.8007226,4098947810.267504,-0.23504176251790299,3241667.003552839,291160.0,0.0,0,0.0,0.0
2015-06-15,236.7909628872,14277889,3380875274.286752,4099747121.617753,-0.21262891677737444,3576106.783000765,321596.0,0.0,0,0.0,0.0
2015-06-16,251.432676797195,14280839,3590669778.4071884,4103832825.575928,-0.14291568950581068,7329310.767164064,280901.0,0.0,0,0.0,0.0
2015-06-17,247.969317650497,14284789,3542189580.0600424,4104354424.3566656,-0.15870546496472224,8091093.804401942,323679.0,0.0,0,0.0,0.0
2015-06-18,249.012479544126,14288689,3558062077.110536,4105608273.830399,-0.15388888244595195,2826313.7398902574,282869.0,0.0,0,0.0,0.0
2015-06-19,244.803484219755,14292364,3498820701.345726,4105128970.682519,-0.17328932262907698,9346785.972363986,295148.0,0.0,0,0.0,0.0
2015-06-20,245.582513150205,14295714,3510777568.430325,4106263272.672992,-0.16961647174614652,11043376.675322684,263563.0,0.0,0,0.0,0.0
2015-06-21,244.300260081824,14298814,3493204175.066615,4107349451.125584,-0.1758114456757333,5607128.480393893,281726.0,0.0,0,0.0,0.0
2015-06-22,247.017892460549,14302639,3533007940.589432,4108404742.830356,-0.16286315001741197,2973604.949016526,266284.0,0.0,0,0.0,0.0
2015-06-23,244.184763296318,14306139,3493341361.311548,4108446591.44685,-0.17607933680559779,4318395.89213208,302111.0,0.0,0,0.0,0.0
2015-06-24,240.451545295149,14310039,3440871183.7009683,4107366198.547014,-0.19369949622152674,4086523.1368697574,268805.0,0.0,0,0.0,0.0
2015-06-25,242.347857685564,14313839,3468928411.3446293,4107061536.121623,-0.18395684462385317,3257603.9629568495,232618.0,0.0,0,0.0,0.0
2015-06-26,242.967997369959,14317689,3478740418.2319894,4107255894.738511,-0.180673290025461,3193410.438534917,291767.0,0.0,0,0.0,0.0
2015-06-27,251.529326709527,14320914,3602130058.0899935,4109079633.682879,-0.1407360554498391,3119016.0792471264,295959.0,0.0,0,0.0,0.0
2015-06-28,249.058285797779,14324439,3567620422.177261,4110034014.4911942,-0.15203792111463113,1851590.6104809407,272905.0,0.0,0,0.0,0.0
2015-06-29,256.65022238457,14327939,3677268936.576063,4112139937.639004,-0.11825923220830653,4534812.179419211,290838.0,0.0,0,0.0,0.0
2015-06-30,263.854356864991,14331564,3781445813.78293,4116036623.4657583,-0.0884822436072689,5497687.8837581845,314276.0,0.0,0,0.0,0.0
2015-07-01,258.042647574518,14334939,3699025819.4098825,4116710040.2481847,-0.11291735749628713,3528594.2399205635,309708.0,0.0,0,0.0,0.0
2015-07-02,254.747113383986,14338789,3652765311.558674,4116415775.4735465,-0.12693135867440333,4434478.955472782,316981.0,0.0,0,0.0,0.0
2015-07-03,256.087042833431,14342814,3673009028.6315975,4111419700.43929,-0.11936008552939091,7641201.46764105,301572.0,0.0,0,0.0,0.0
2015-07-04,260.50923962595,14346614,3737425713.3566537,4112883098.465521,-0.100458822169247,1418981.4190808777,277695.0,0.0,0,0.0,0.0
2015-07-05,271.302458211572,14350164,3893234986.6083765,4114232278.105837,-0.05676443683919114,5458641.495416829,308207.0,0.0,0,0.0,0.0
2015-07-06,269.137940093513,14354689,3863391644.0755634,4116350912.1974406,-0.06547595776622475,9619165.50890816,342463.0,0.0,0,0.0,0.0
2015-07-07,266.469919053185,14358039,3825985703.8844414,4118791785.593242,-0.07653088755964797,8794777.221871845,325233.0,0.0,0,0.0,0.0
2015-07-08,270.576142898889,14362064,3886032098.2734294,4120799185.50099,-0.060413059205524304,13004003.417264026,323755.0,0.0,0,0.0,0.0
2015-07-09,269.680304792519,14365389,3874062700.3507986,4118162049.038288,-0.06300862106991355,7548596.249477809,327963.0,0.0,0,0.0,0.0
2015-07-10,285.558780829924,14369239,4103262599.4009843,4122922864.781957,-0.004791373913978348,7523482.3820564905,322614.0,0.0,0,0.0,0.0
2015-07-11,293.917453828171,14372939,4224457870.721069,4125944607.905154,0.023319740859221658,5896778.144940914,320060.0,0.0,0,0.0,0.0
2015-07-12,311.481879894798,14376314,4477961560.5835,4133335473.861738,0.0769604834832158,9214776.398422776,319979.0,0.0,0,0.0,0.0
2015-07-13,292.649223845704,14380014,4208300170.7862916,4133598489.3236327,0.017751034486853487,3428101.733763681,297047.0,0.0,0,0.0,0.0
2015-07-14,287.740951490357,14383614,4138755009.0879893,4134566549.0799193,0.0010120096499727236,3199097.016407656,286032.0,0.0,0,0.0,0.0
2015-07-15,285.922885447107,14387439,4113698302.4735527,4135538719.336548,-0.005309192667304401,3538730.517871281,275475.0,0.0,0,0.0,0.0
2015-07-16,278.532749269433,14390789,4008306247.7964344,4135137547.128204,-0.03164211801468387,3982324.1223998233,276003.0,0.0,0,0.0,0.0
2015-07-17,280.064724722385,14394464,4031381822.385523,4136516191.878722,-0.026078990808910112,8249348.345596215,253623.0,0.0,0,0.0,0.0
2015-07-18,277.354635300994,14398189,3993404681.614689,4136243565.80935,-0.035768697535784384,2680620.11851168,258449.0,0.0,0,0.0,0.0
2015-07-19,275.281989479836,14401989,3964608405.2487106,4136851574.4102726,-0.04344519093828554,1928561.2960221586,290895.0,0.0,0,0.0,0.0
2015-07-20,279.114393045003,14405889,4020891188.4454646,4134804943.395799,-0.028330474417631597,7139395.026389242,284598.0,0.0,0,0.0,0.0
2015-07-21,276.652412624196,14409064,3986302541.217952,4134572254.467391,-0.03719479686158938,3952674.7987530814,306844.0,0.0,0,0.0,0.0
2015-07-22,277.764369082408,14412914,4003394186.702645,4135519681.174424,-0.0330033687191326,2419646.9349323316,295771.0,0.0,0,0.0,0.0
2015-07-23,276.811628579778,14416414,3990631259.709556,4136923786.201319,-0.03665899377092798,2623131.665392597,257129.0,0.0,0,0.0,0.0
2015-07-24,289.305976329632,14420639,4171977277.3057756,4140180240.77094,0.007621574716574211,2758799.428855965,274058.0,0.0,0,0.0,0.0
2015-07-25,289.507639976622,14424489,4176000000.5341487,4142682367.337508,0.007978360438788041,5038466.464324259,244344.0,0.0,0,0.0,0.0
2015-07-26,293.314842781999,14428089,4231972892.0096574,4144862229.601415,0.020583936766871765,2870479.178099442,299547.0,0.0,0,0.0,0.0
2015-07-27,294.426761835184,14431814,4249112499.649748,4146846590.6080008,0.024067592714990912,3942909.3619851354,285674.0,0.0,0,0.0,0.0
2015-07-28,295.410125268849,14435214,4264308613.0336814,4148655056.820344,0.027121291329583217,3825449.6853333637,298719.0,0.0,0,0.0,0.0
2015-07-29,289.85583635301,14439014,4185232711.6375866,4148539836.990417,0.008767224471208078,3605524.8682157937,321777.0,0.0,0,0.0,0.0
2015-07-30,288.236260666277,14442364,4162813225.796617,4148327820.4647074,0.0034797154102770623,3683872.8917129077,276646.0,0.0,0,0.0,0.0
2015-07-31,284.597324371712,14446139,4111332735.237639,4149838672.534936,-0.009365804175193162,4494757.665903586,304273.0,0.0,0,0.0,0.0
2015-08-01,281.66884628872,14450014,4070118998.2220993,4150481587.9995975,-0.019744530764973227,1734016.1676358727,299119.0,0.0,0,0.0,0.0
2015-08-02,282.423006428989,14453789,4082082770.26157,4151564982.036988,-0.017021264801782926,2186964.8078807243,299055.0,0.0,0,0.0,0.0
2015-08-03,282.185052308591,14457714,4079751007.7530546,4152334128.617569,-0.01779106634855393,2856811.3611883987,298408.0,0.0,0,0.0,0.0
2015-08-04,285.286617475161,14461114,4125562526.8715234,4151712589.822761,-0.006338544811988989,4870237.355189371,293427.0,0.0,0,0.0,0.0
2015-08-05,282.338886908241,14464439,4083873833.5359797,4152094294.4052734,-0.016704840465217242,3273681.8259055926,317071.0,0.0,0,0.0,0.0
2015-08-06,278.99574868498,14468014,4036514621.756362,4152444883.4449296,-0.02872038690599967,2850283.2303577885,296349.0,0.0,0,0.0,0.0
2015-08-07,279.488715078901,14471439,4044604115.689799,4152907662.1457057,-0.026777292253592024,2463427.107158164,273282.0,0.0,0,0.0,0.0
2015-08-08,261.450275569842,14475464,3784614261.5659766,4152423074.124044,-0.09718528418953784,8009621.5481740525,273545.0,0.0,0,0.0,0.0
2015-08-09,266.342020455874,14479014,3856370056.65824,4133828667.919999,-0.07194812924727267,45921499.3806612,268787.0,0.0,0,0.0,0.0
2015-08-10,264.928825248393,14483189,3837014460.1759787,4133223445.426575,-0.07719777663725859,2533040.473933919,293365.0,0.0,0,0.0,0.0
2015-08-11,271.421736119229,14487239,3932151778.7190733,4134559479.461728,-0.051475047793956355,4077173.321287885,269898.0,0.0,0,0.0,0.0
2015-08-12,268.143868497954,14490389,3885509177.6351967,4134615333.2767887,-0.06411158596032536,3384852.660740827,278350.0,0.0,0,0.0,0.0
2015-08-13,264.691627995324,14494064,3836457608.793642,4134178034.985732,-0.07760294953075396,4104324.3394062603,276851.0,0.0,0,0.0,0.0
2015-08-14,266.355941554646,14497614,3861525840.9663405,4133831650.562528,-0.07051767120326806,7062730.208271855,272944.0,0.0,0,0.0,0.0
2015-08-15,261.936836645237,14501039,3798356493.8842316,4132612470.352373,-0.08800015928108121,3597032.7870092364,268492.0,0.0,0,0.0,0.0
2015-08-16,258.930817389831,14504489,3755659400.335068,4130379998.819588,-0.0997749152788159,4688405.663941797,279997.0,0.0,0,0.0,0.0
2015-08-17,258.009398305085,14508164,3743242871.1554856,4129545849.0697303,-0.10320008378056389,5010837.503058433,284215.0,0.0,0,0.0,0.0
2015-08-18,217.885883116937,14511689,3161892348.0957603,4118328682.244792,-0.30248858242281473,4314801.699601461,302960.0,0.0,0,0.0,0.0
2015-08-19,227.218251899474,14515589,3298206940.1711235,4114142247.737316,-0.24738754188779277,9071966.137581792,288759.0,0.0,0,0.0,0.0
2015-08-20,235.523883109293,14519339,3419651290.4237947,4110963705.7706537,-0.20215874562496258,5687047.252509792,277900.0,0.0,0,0.0,0.0
2015-08-21,232.80061783986,14523464,3381071579.153652,4107875516.514474,-0.21496259997629358,4123622.2396839503,282938.0,0.0,0,0.0,0.0
2015-08-22,230.639173290473,14527414,3350590940.0529785,4106496535.025476,-0.22560366469579998,5170540.638731337,298200.0,0.0,0,0.0,0.0
2015-08-23,228.673073933372,14530764,3322794653.9474907,4107024822.320703,-0.2360152371864281,10096522.899051322,288620.0,0.0,0,0.0,0.0
2015-08-24,211.955917592051,14534639,3080702916.1689487,4097028756.099345,-0.32990063228630395,21893866.566211447,308445.0,0.0,0,0.0,0.0
2015-08-25,222.655039450614,14538014,3236962259.3423486,4077424166.3663383,-0.2596452598723674,28359542.416041918,288769.0,0.0,0,0.0,0.0
2015-08-26,226.116700175336,14542039,3288198053.9171443,4069899666.5305047,-0.23772947973195827,17008275.63033402,286023.0,0.0,0,0.0,0.0
2015-08-27,224.939877264757,14545464,3271855067.390864,4069579905.868437,-0.24381423444704028,6949452.0477317115,278484.0,0.0,0,0.0,0.0
2015-08-28,232.17080829924,14549339,3377931982.12304,4070878747.584471,-0.2051393483139089,3888173.03472198,298470.0,0.0,0,0.0,0.0
2015-08-29,229.826200175336,14553339,3344738786.6258016,4070092852.697282,-0.21686418950617758,3691371.448532871,288245.0,0.0,0,0.0,0.0
2015-08-30,229.019572472238,14557089,3333858482.965429,4070317687.7567,-0.220902959305039,5030386.963066821,285210.0,0.0,0,0.0,0.0
2015-08-31,230.689466101695,14561014,3359072730.6441917,4070653564.873098,-0.211838471890557,3750710.3269693176,305508.0,0.0,0,0.0,0.0
2015-09-01,227.955570426651,14564864,3320142064.198043,4069913862.94751,-0.2258252159853193,4694607.632927364,308848.0,0.0,0,0.0,0.0
2015-09-02,229.502180709527,14568864,3343586242.592835,4069279020.591578,-0.2170402452176599,5780403.2094382895,291350.0,0.0,0,0.0,0.0
2015-09-03,227.107121566335,14572514,3309521890.735847,4066909293.397937,-0.2288510025518189,7218772.183695444,304302.0,0.0,0,0.0,0.0
2015-09-04,231.177563413209,14576414,3369740057.298679,4067243482.7293487,-0.2069902762736592,2683808.2046676,266199.0,0.0,0,0.0,0.0
2015-09-05,235.903006136762,14580089,3439487014.109307,4068308539.764925,-0.18282421857564665,2470195.648473269,318982.0,0.0,0,0.0,0.0
2015-09-06,240.805472238457,14583689,3511832309.8248677,4069366100.160813,-0.1587586596251086,3861274.322706289,294852.0,0.0,0,0.0,0.0
2015-09-07,240.6336157218,14587489,3510240415.4351788,4070506782.967314,-0.15960911539521333,2095240.473237168,318392.0,0.0,0,0.0,0.0
2015-09-08,244.174952659264,14590889,3562729826.736027,4072004073.188298,-0.14294495266817353,3871374.0678152516,335362.0,0.0,0,0.0,0.0
2015-09-09,238.722463179427,14594614,3484062394.762804,4072072653.569289,-0.16877144901032035,7776726.99202041,307486.0,0.0,0,0.0,0.0
2015-09-10,238.750477206312,14598889,3485491906.984309,4069981063.211038,-0.16769201358795757,13811985.797459595,291465.0,0.0,0,0.0,0.0
2015-09-11,240.845008116891,14602839,3517021070.717449,4070712466.2137175,-0.15743192445057455,2438510.3384773056,333592.0,0.0,0,0.0,0.0
2015-09-12,236.351832176505,14606214,3452205629.6899867,4070623762.5108633,-0.17913710802806712,1288850.4958662207,283026.0,0.0,0,0.0,0.0
2015-09-13,230.548837317358,14609989,3368316162.141447,4069950472.493458,-0.20830417234525228,1688486.4373137546,323682.0,0.0,0,0.0,0.0
2015-09-14,230.948793980129,14613789,3375037130.323023,4069207631.0337753,-0.2056778855776066,2249117.348100596,308501.0,0.0,0,0.0,0.0
2015-09-15,230.398590005845,14617789,3367918159.454463,4068887378.54444,-0.20813131017516176,4225559.980260285,327318.0,0.0,0,0.0,0.0
2015-09-16,229.043285797779,14621339,3348919711.087348,4068613507.564437,-0.21490326987965153,3426692.682540463,299775.0,0.0,0,0.0,0.0
2015-09-17,233.202697837522,14624939,3410575417.6104727,4069344015.982788,-0.19315467852455928,2777439.1723207557,317537.0,0.0,0,0.0,0.0
2015-09-18,233.175130917592,14628614,3411029171.6720834,4069789563.2917566,-0.1931265780693249,2169581.5530320536,315212.0,0.0,0,0.0,0.0
2015-09-19,232.241568088837,14631739,3398098195.556747,4069753879.939312,-0.197656349442992,2456558.283568572,271629.0,0.0,0,0.0,0.0
2015-09-20,231.362323787259,14634939,3385973681.1495113,4069657008.285977,-0.2019163146313531,2464370.4602080616,342068.0,0.0,0,0.0,0.0
2015-09-21,226.773447983635,14638239,3319564112.3815355,4069928060.321201,-0.2260429148335792,11821258.358705146,351345.0,0.0,0,0.0,0.0
2015-09-22,230.626304792519,14642164,3376868362.52026,4070279754.115441,-0.20534155233627968,4174699.2626576317,356748.0,0.0,0,0.0,0.0
2015-09-23,230.132437755698,14646114,3370546103.105832,4067287314.0635,-0.2067146360394379,8360667.499702985,297024.0,0.0,0,0.0,0.0
2015-09-24,234.319868497954,14649614,3432695814.023386,4068341259.894522,-0.18517383430083495,2378102.7337855194,296457.0,0.0,0,0.0,0.0
2015-09-25,235.538221800117,14653714,3451509927.302579,4068950728.557952,-0.17889005515273565,3176744.1609791517,295872.0,0.0,0,0.0,0.0
2015-09-26,234.591814436002,14657389,3438503668.620083,4069432632.4894624,-0.18348939674756248,2514247.070149834,311116.0,0.0,0,0.0,0.0
2015-09-27,233.243309760374,14661114,3419606941.26802,4069876718.312853,-0.19015921660391383,1403896.4085194238,327920.0,0.0,0,0.0,0.0
2015-09-28,240.017265341905,14664689,3519778743.4382043,4070078859.808206,-0.15634508771209166,5675549.298586231,304444.0,0.0,0,0.0,0.0
2015-09-29,237.336233781414,14669039,3481494659.870345,4070745334.218164,-0.16925221260277998,2470182.7907726574,354824.0,0.0,0,0.0,0.0
2015-09-30,236.739848042081,14672739,3473622191.160294,4071168505.187668,-0.17202397991008211,4613095.155004904,330913.0,0.0,0,0.0,0.0
2015-10-01,238.229813851549,14676464,3496371477.853556,4070974095.200047,-0.16434255369776754,5150049.133640631,298844.0,0.0,0,0.0,0.0
2015-10-02,237.937007305669,14679914,3492894995.564266,4071846999.7716527,-0.16575133376257095,2287747.9223865974,313021.0,0.0,0,0.0,0.0
2015-10-03,239.735897720631,14683539,3520171596.2238407,4073031920.942612,-0.1570549359900057,3220174.554682318,260260.0,0.0,0,0.0,0.0
2015-10-04,239.516924897721,14687364,3517872452.300751,4073541342.0613694,-0.15795595130153195,2674837.3781895963,306844.0,0.0,0,0.0,0.0
2015-10-05,240.961213833431,14691189,3540006927.4223795,4074539319.4214034,-0.15099755536022025,3841638.670997889,291320.0,0.0,0,0.0,0.0
2015-10-06,246.940498246639,14694739,3628726368.3875985,4076263392.70707,-0.12333170894842964,3857741.9191529043,326856.0,0.0,0,0.0,0.0
2015-10-07,243.734486849795,14698064,3582425282.276505,4074173376.382311,-0.13726681098937457,13607613.482952394,310325.0,0.0,0,0.0,0.0
2015-10-08,243.029632963179,14701564,3572915897.890233,4073282817.847224,-0.14004441589359892,5078454.651134794,315903.0,0.0,0,0.0,0.0
2015-10-09,244.448887492694,14704714,3594551174.3224745,4074248323.461264,-0.133451194843319,2409643.8463107212,266498.0,0.0,0,0.0,0.0
2015-10-10,245.955924313267,14708714,3617695544.662836,4074924416.567912,-0.12638677474659882,3130003.925861355,324157.0,0.0,0,0.0,0.0
2015-10-11,248.528165400351,14712364,3656437033.0192547,4075807516.11254,-0.11469375222550884,2425127.893845152,295051.0,0.0,0,0.0,0.0
2015-10-12,246.093637346581,14715914,3621493000.5833087,4071793799.550036,-0.12434120372293912,10121094.952538824,311022.0,0.0,0,0.0,0.0
2015-10-13,250.471300701344,14719339,3686772185.7501054,4073755694.3790393,-0.10496539767894522,5161391.559770761,307364.0,0.0,0,0.0,0.0
2015-10-14,253.142325540619,14723139,3727049848.816864,4072062506.6625175,-0.09256990698827823,10265120.194004042,311144.0,0.0,0,0.0,0.0
2015-10-15,254.693015002922,14727289,3750937842.572585,4073696884.66991,-0.08604755814240851,5310127.71815848,366452.0,0.0,0,0.0,0.0
2015-10-16,262.737363237873,14730889,3870355144.8070803,4077076103.720423,-0.05341136696220343,4112559.975765271,336701.0,0.0,0,0.0,0.0
2015-10-17,271.930938924605,14734289,4006709260.3298864,4080857552.464888,-0.018506032586176908,4175393.349253815,370960.0,0.0,0,0.0,0.0
2015-10-18,263.481677381648,14737914,3883170513.2209377,4081665340.571192,-0.051116691032351905,2572012.679853029,335633.0,0.0,0,0.0,0.0
2015-10-19,264.362728229106,14742039,3897245861.8012233,4083014216.893624,-0.04766657318523456,5199643.120078784,350014.0,0.0,0,0.0,0.0
2015-10-20,270.832211864407,14745239,3993485910.1312017,4087399733.9070506,-0.023516753505401358,6217570.387417437,403306.0,0.0,0,0.0,0.0
2015-10-21,268.040217708942,14748839,3953282231.5659695,4088675491.207631,-0.03424831613604016,5494465.947517113,358860.0,0.0,0,0.0,0.0
2015-10-22,275.414956458212,14752539,4063070107.301749,4091419837.182684,-0.006977415878201898,5940041.036890982,345467.0,0.0,0,0.0,0.0
2015-10-23,278.612778026885,14756264,4111283929.8724394,4094835015.314829,0.004000919138202374,3644380.905464737,371523.0,0.0,0,0.0,0.0
2015-10-24,283.61114289889,14759889,4186069215.8953276,4098218908.711616,0.02098634844596612,1973349.5732434618,378332.0,0.0,0,0.0,0.0
2015-10-25,286.04969345412,14763764,4223170395.930023,4102079560.144777,0.02867296945961373,4736649.252751172,373627.0,0.0,0,0.0,0.0
2015-10-26,286.703382817066,14767864,4233996795.8078804,4104943364.5842505,0.03048028551920657,4043571.9628770174,376647.0,0.0,0,0.0,0.0
2015-10-27,295.562913793104,14771539,4365919345.182093,4111263098.25682,0.05832820691163074,5762381.067386647,356317.0,0.0,0,0.0,0.0
2015-10-28,304.442097019287,14775014,4498136489.906817,4119028739.781959,0.08428106861041736,41007316.51037609,353972.0,0.0,0,0.0,0.0
2015-10-29,314.879462302747,14778789,4653537386.437267,4129804957.800722,0.11254501364122767,8931558.189170185,387017.0,0.0,0,0.0,0.0
2015-10-30,328.492321157218,14783064,4856123270.72898,4146482558.312787,0.1461331751386255,14991730.48136473,380513.0,0.0,0,0.0,0.0
2015-10-31,314.119508182349,14786739,4644803434.322554,4150499929.263949,0.10642075860648322,15196220.070114208,368358.0,0.0,0,0.0,0.0
2015-11-01,329.854227644652,14790564,4878730329.294741,4160053033.390144,0.14730826411725187,14061453.370512262,394115.0,0.0,0,0.0,0.0
2015-11-02,364.616627995324,14794389,5394280522.967344,4181185837.280956,0.2248853541304293,6245369.150873663,399489.0,0.0,0,0.0,0.0
2015-11-03,400.923105201637,14798264,5932966276.138944,4213196883.484781,0.28986670623271343,25462585.619752854,449714.0,0.0,0,0.0,0.0
2015-11-04,405.481681472823,14802139,6001996536.437198,4245388826.943551,0.29267056367486244,25412234.222581334,497940.0,0.0,0,0.0,0.0
2015-11-05,384.341222969024,14805789,5690475359.642829,4261522856.222168,0.25111302889647363,13604787.178974142,446306.0,0.0,0,0.0,0.0
2015-11-06,372.975417884278,14809414,5523547674.513864,4263264909.474185,0.2281654543971322,5604244.414858364,432114.0,0.0,0,0.0,0.0
2015-11-07,386.504550847458,14813214,5725374933.7744465,4275617528.514424,0.25321615126160335,26896713.62024074,366757.0,0.0,0,0.0,0.0
2015-11-08,372.400129748685,14816689,5517737204.826941,4275343150.292392,0.22516368728972758,6324165.921814932,378260.0,0.0,0,0.0,0.0
2015-11-09,380.495644360023,14820414,5639103279.888459,4284887587.461352,0.2401473470537134,19576949.52624643,419274.0,0.0,0,0.0,0.0
2015-11-10,337.830502337814,14824064,5008021258.85331,4269385880.635243,0.14749046380589698,13055918.679786563,395558.0,0.0,0,0.0,0.0
2015-11-11,308.922185856225,14828264,4580779975.185092,4256665239.150269,0.07075535995848102,9183966.58025666,375813.0,0.0,0,0.0,0.0
2015-11-12,337.522988603156,14832289,5006238781.9044,4262170718.232797,0.14862816099805676,4557696.223331801,371166.0,0.0,0,0.0,0.0
2015-11-13,337.278958211572,14836289,5003968368.2487,4266162983.349159,0.1474440545190257,16324377.738764673,358779.0,0.0,0,0.0,0.0
2015-11-14,333.047117475161,14839839,4942365869.9531145,4267243086.952,0.1365991107832571,5443273.009968754,387334.0,0.0,0,0.0,0.0
2015-11-15,319.928021624781,14843839,4748960301.268802,4265056736.3511934,0.1018967382793917,3392839.4882376217,418917.0,0.0,0,0.0,0.0
2015-11-16,331.132725014611,14848164,4916713272.455546,4266794294.506889,0.13218565776239977,3931721.916227621,402994.0,0.0,0,0.0,0.0
2015-11-17,335.849786090006,14851889,4988004013.138766,4274764003.9907713,0.14299106561848562,9617482.326442553,381510.0,0.0,0,0.0,0.0
2015-11-18,335.744504967855,14855714,4987724612.245818,4277119902.010762,0.14247071871016803,3151828.720214672,414121.0,0.0,0,0.0,0.0
2015-11-19,326.232145528931,14859114,4847520902.618883,4276255843.075656,0.11784684811458988,5571843.231293082,358791.0,0.0,0,0.0,0.0
2015-11-20,321.940475452951,14863289,4785094585.751266,4276224831.875344,0.10634476388224384,4110323.0160907893,359052.0,0.0,0,0.0,0.0
2015-11-21,325.905231151373,14867639,4845441586.447788,4277814807.460772,0.11714655287035368,3250098.543198908,375003.0,0.0,0,0.0,0.0
2015-11-22,323.716966101695,14871939,4814299232.851424,4280118413.2782383,0.11095712869862476,6187147.386986134,377157.0,0.0,0,0.0,0.0
2015-11-23,323.012556341321,14876014,4805139569.466072,4280696977.0869856,0.10914201029905994,2772064.7970805424,342762.0,0.0,0,0.0,0.0
2015-11-24,319.961356527177,14879914,4760997725.15651,4281103394.691448,0.10079700898182772,4066325.3332022717,384951.0,0.0,0,0.0,0.0
2015-11-25,328.960457334892,14883614,4896120732.164865,4283594053.88928,0.12510448818216752,2855856.716915126,364858.0,0.0,0,0.0,0.0
2015-11-26,356.255292518995,14888014,5303934068.424726,4293011486.389537,0.19059863282490497,4434693.235794452,387764.0,0.0,0,0.0,0.0
2015-11-27,359.268824371712,14891339,5349994144.096251,4299034572.13866,0.1964412565044263,9390531.099275127,360879.0,0.0,0,0.0,0.0
2015-11-28,356.567322618352,14895189,5311137947.702506,4301650745.05151,0.19006985180787492,2852173.229316433,415041.0,0.0,0,0.0,0.0
2015-11-29,371.707612507306,14898914,5538040050.117088,4307424943.666072,0.22221130495887223,2100057.067002226,322343.0,0.0,0,0.0,0.0
2015-11-30,377.389839859731,14902964,5624227500.179666,4317579695.041118,0.2323248490742608,5447466.657886909,491625.0,0.0,0,0.0,0.0
2015-12-01,362.532375803624,14907139,5404320808.96887,4318228396.669495,0.2009674204567806,5520623.500468393,414336.0,0.0,0,0.0,0.0
2015-12-02,359.22240414962,14911164,5356424468.957645,4320222674.1444025,0.19345027654518326,8371998.524508767,428785.0,0.0,0,0.0,0.0
2015-12-03,361.210068088837,14914714,5387345149.268638,4322359008.081543,0.197682923903933,5245503.867810589,362262.0,0.0,0,0.0,0.0
2015-12-04,363.241631794272,14918539,5419034741.779542,4325841612.675486,0.20173207613447883,5954521.466232039,435787.0,0.0,0,0.0,0.0
2015-12-05,389.362958796026,14922914,5810430261.2891445,4335793148.921711,0.2537913796490967,6598578.963627509,457098.0,0.0,0,0.0,0.0
2015-12-06,393.319129748685,14926889,5871031306.899806,4345323296.007398,0.25987052889657597,10904971.520028388,430859.0,0.0,0,0.0,0.0
2015-12-07,395.346588252484,14930564,5902747855.276602,4353696313.121785,0.2624288856875504,5501871.310778268,436483.0,0.0,0,0.0,0.0
2015-12-08,413.798660432496,14934939,6180058083.836597,4366126081.343358,0.29351374661630125,3738507.3562107882,456345.0,0.0,0,0.0,0.0
2015-12-09,417.632671244886,14939139,6239072861.740284,4385070966.460852,0.2971598403103582,18981325.316285912,491038.0,0.0,0,0.0,0.0
2015-12-10,415.729924313267,14944539,6212892400.9117,4392482972.99693,0.29300514324819743,5574602.3236976005,493976.0,0.0,0,0.0,0.0
2015-12-11,453.86148012858,14948539,6784566400.438234,4413039834.01646,0.3495472557050352,9156017.276915839,461315.0,0.0,0,0.0,0.0
2015-12-12,435.85572238457,14952589,6517171829.806773,4418506362.400827,0.3220208891543326,5644501.936841838,532577.0,0.0,0,0.0,0.0
2015-12-13,434.403466393922,14956139,6496998973.996362,4423146444.052377,0.31920160958072924,6277006.903797775,478741.0,0.0,0,0.0,0.0
2015-12-14,442.991689655173,14961014,6627605226.232167,4438620257.639235,0.33028294442295614,23093887.884369466,529667.0,0.0,0,0.0,0.0
2015-12-15,464.617871712449,14965589,6953280482.871649,4455932105.228796,0.3591611734626111,7045564.565075912,495582.0,0.0,0,0.0,0.0
2015-12-16,454.142492402104,14969664,6798360883.745939,4460852499.980106,0.34383411291897337,4633849.330983902,483924.0,0.0,0,0.0,0.0
2015-12-17,456.240134611338,14973539,6831529815.014973,4468534231.943099,0.34589552370513876,4277338.799949015,458000.0,0.0,0,0.0,0.0
2015-12-18,463.175769725307,14977764,6937337741.075389,4476516994.427992,0.35472119687601283,3799023.578643396,452823.0,0.0,0,0.0,0.0
2015-12-19,461.399907948568,14981689,6912550295.700674,4487316214.495111,0.3508450539179382,14397298.551280169,505633.0,0.0,0,0.0,0.0
2015-12-20,442.15399006429,14985814,6626037809.206671,4488751996.7448845,0.3225586502829934,3136056.9149789517,474967.0,0.0,0,0.0,0.0
2015-12-21,437.640129456458,14989539,6560024139.576475,4490550602.750268,0.31546736609414605,6041221.96057218,502898.0,0.0,0,0.0,0.0
2015-12-22,435.268379018118,14993289,6526104948.401146,4494204689.714781,0.3113496143184408,5456233.581949133,487031.0,0.0,0,0.0,0.0
2015-12-23,442.665727060199,14997214,6638752994.343341,4501013908.691937,0.3220091314547927,6206788.985059154,473524.0,0.0,0,0.0,0.0
2015-12-24,455.878713033314,15000664,6838483764.722045,4510474398.638609,0.34042770973487274,7119486.896236866,449123.0,0.0,0,0.0,0.0
2015-12-25,455.718825832846,15004714,6837931011.666267,4519695374.750807,0.3390258885268503,12927491.223062785,378110.0,0.0,0,0.0,0.0
2015-12-26,418.221531560491,15008989,6277082702.29864,4515437774.841845,0.2806470793847736,3740941.0332814557,420365.0,0.0,0,0.0,0.0
2015-12-27,422.705894506137,15014114,6346554827.729051,4517395464.541175,0.28821296165220284,3144833.1864962555,407136.0,0.0,0,0.0,0.0
2015-12-28,421.052879602572,15017889,6323325746.8174925,4517984615.645789,0.2855050021865986,3687990.5862135356,412313.0,0.0,0,0.0,0.0
2015-12-29,431.340021332554,15021864,6479531484.283923,4521744445.983618,0.3021494753206941,2912423.9426764045,415970.0,0.0,0,0.0,0.0
2015-12-30,426.043646990064,15025989,6401727495.01244,4523661167.573526,0.29336867726752,2973791.0614709565,406526.0,0.0,0,0.0,0.0
2015-12-31,429.677153419053,15029539,6457849879.4557,4528981411.049196,0.29868586362510463,3808815.4726951392,356242.0,0.0,0,0.0,0.0
2016-01-01,434.678006428989,15032914,6534477437.085742,4532555748.938271,0.3063629352801457,1734513.5729805233,317196.0,0.0,0,0.0,0.0
2016-01-02,434.439877264757,15036539,6532472506.202981,4534855629.385523,0.30579797694067584,1894179.5408947647,420477.0,0.0,0,0.0,0.0
2016-01-03,430.136180011689,15040164,6469319034.812667,4538387771.227217,0.2984751954873044,3807881.2267183866,395012.0,0.0,0,0.0,0.0
2016-01-04,433.44897106955,15044689,6521105314.87261,4542626855.459015,0.30339618268413826,3561105.227079139,419385.0,0.0,0,0.0,0.0
2016-01-05,432.669502630041,15048614,6511076681.787329,4546073396.24361,0.3017939092992395,4981324.057807068,436793.0,0.0,0,0.0,0.0
2016-01-06,430.677869666862,15052139,6482623503.987436,4548896727.741618,0.2982938581974397,3992818.2860178803,380541.0,0.0,0,0.0,0.0
2016-01-07,459.208940093513,15055814,6913764757.613835,4568692092.487724,0.3391889581640136,43716009.11448795,431401.0,0.0,0,0.0,0.0
2016-01-08,454.134423728814,15060139,6839327910.398253,4574978757.633016,0.33107772904448807,13069856.20274956,415045.0,0.0,0,0.0,0.0
2016-01-09,449.845216247808,15063914,6776430011.784517,4577811626.099785,0.3244508364819287,2437157.12596624,452836.0,0.0,0,0.0,0.0
2016-01-10,448.580216247808,15068289,6759336698.005676,4587992356.666424,0.32123630444092266,11321060.887352971,435197.0,0.0,0,0.0,0.0
2016-01-11,449.033059029807,15072539,6768068654.7806,4595112794.885331,0.3210599612284384,6382774.375101838,449939.0,0.0,0,0.0,0.0
2016-01-12,441.768157218001,15076789,6660445647.730443,4598966040.490959,0.3095107619325647,4245244.199442708,459097.0,0.0,0,0.0,0.0
2016-01-13,432.310645236704,15080489,6519456276.922957,4598628708.88668,0.2946300253343929,11884847.328339092,427415.0,0.0,0,0.0,0.0
2016-01-14,429.823224722385,15083814,6483373919.444911,4599446168.704906,0.2905782967552952,2566419.050398395,429142.0,0.0,0,0.0,0.0
2016-01-15,367.823199883109,15086864,5549298887.790183,4583718486.125704,0.1740004316201084,16632078.106891753,418658.0,0.0,0,0.0,0.0
2016-01-16,388.071204558738,15090414,5856155449.624158,4586558766.798758,0.21679695727798376,8101778.228333158,503234.0,0.0,0,0.0,0.0
2016-01-17,382.482086499123,15094189,5773257209.60201,4586726093.20594,0.20552195637891305,3631122.799346184,539983.0,0.0,0,0.0,0.0
2016-01-18,384.865166569258,15098514,5810892414.340147,4585779301.393821,0.2108304586612181,4162065.358073565,476426.0,0.0,0,0.0,0.0
2016-01-19,378.161725014611,15101839,5710937790.5365505,4585061843.517864,0.19714379464688736,8023573.111347231,420076.0,0.0,0,0.0,0.0
2016-01-20,420.622924168323,15105639,6353778385.081806,4597406496.416922,0.2764295167720539,5948307.044629438,626730.0,0.0,0,0.0,0.0
2016-01-21,409.298459672706,15109064,6184116950.681326,4597971119.20803,0.2564870367302069,7359360.784264334,518794.0,0.0,0,0.0,0.0
2016-01-22,381.046459380479,15113464,5758932251.89241,4574341113.822497,0.20569631422225032,40946750.50976813,502427.0,0.0,0,0.0,0.0
2016-01-23,386.370602571596,15117939,5841127511.060333,4575039788.744221,0.2167539948269818,25182597.84481774,473759.0,0.0,0,0.0,0.0
2016-01-24,403.446926651081,15122214,6101011086.150188,4581070707.149875,0.24912926030419894,5784464.84630726,488509.0,0.0,0,0.0,0.0
2016-01-25,391.986097311514,15126264,5929285506.758731,4584044558.031622,0.2268807847410422,15429206.687324464,518607.0,0.0,0,0.0,0.0
2016-01-26,391.142935125657,15130264,5918096184.004664,4585990644.2884445,0.2250902145383533,10418275.622291273,535648.0,0.0,0,0.0,0.0
2016-01-27,394.62753037405,15134139,5972348214.521928,4588588560.242593,0.23169440303475367,6285362.348831998,530153.0,0.0,0,0.0,0.0
2016-01-28,378.900995616599,15137789,5735723627.530748,4583601277.573114,0.20086782850338053,9905993.336672,523725.0,0.0,0,0.0,0.0
2016-01-29,378.99999482291,15142014,5738823531.6846075,4579686602.754053,0.20198162960245175,6056554.630235692,532900.0,0.0,0,0.0,0.0
2016-01-30,377.262779076564,15146689,5714282288.63081,4582493418.020211,0.1980631710936676,9240088.601126868,498107.0,0.0,0,0.0,0.0
2016-01-31,366.341687609585,15151214,5550521600.014237,4581261179.051897,0.17462510567652853,4939250.11287371,480827.0,0.0,0,0.0,0.0
2016-02-01,371.22343509059,15155239,5625980179.035828,4573641537.826011,0.1870498309132268,13509497.302532386,601309.0,0.0,0,0.0,0.0
2016-02-02,372.927631209819,15159739,5653485854.233357,4573670071.701483,0.19099999723591835,4259235.740076112,689872.0,0.0,0,0.0,0.0
2016-02-03,368.098206604325,15164214,5581920273.29374,4571590247.736528,0.1810004400082632,3837768.9280802673,544016.0,0.0,0,0.0,0.0
2016-02-04,389.723081239042,15168414,5911481354.268857,4579082129.126859,0.22539176651209988,7390248.013287299,466157.0,0.0,0,0.0,0.0
2016-02-05,384.398413983051,15173114,5832521265.191419,4579632208.615058,0.2148108853119187,6182245.597501363,507360.0,0.0,0,0.0,0.0
2016-02-06,374.631555523086,15178114,5686200758.298054,4578738202.601729,0.19476318244306956,5318148.564542645,486551.0,0.0,0,0.0,0.0
2016-02-07,375.153917592051,15182514,5695779906.986584,4580387448.083709,0.1958278720592253,4650749.1858065985,530905.0,0.0,0,0.0,0.0
2016-02-08,370.814350327294,15186214,5631266375.849994,4579263797.156451,0.18681456505149807,3787323.416744557,476351.0,0.0,0,0.0,0.0
2016-02-09,373.5116128609,15190614,5673871035.160151,4578513675.014605,0.19305291807969838,7175732.212647639,508948.0,0.0,0,0.0,0.0
2016-02-10,379.082611630625,15194714,5760052170.242881,4581968610.995091,0.2045265432375613,6831356.571152631,500667.0,0.0,0,0.0,0.0
2016-02-11,377.639165108124,15199514,5739932079.993608,4584348965.18362,0.201323482352299,11720737.363868246,502726.0,0.0,0,0.0,0.0
2016-02-12,382.294456458212,15203789,5812324558.579703,4587326061.228343,0.21075879108352827,5392879.884700178,476106.0,0.0,0,0.0,0.0
2016-02-13,389.598432472238,15207689,5924892108.5047245,4590858386.296116,0.22515747084975715,4748281.643433846,446510.0,0.0,0,0.0,0.0
2016-02-14,406.150669491525,15211839,6178298919.906773,4598102810.981478,0.25576556418042967,4277908.140784355,495924.0,0.0,0,0.0,0.0
2016-02-15,399.26761864699,15215639,6075112270.059399,4600422234.426847,0.24274284491834297,13260923.460813988,499651.0,0.0,0,0.0,0.0
2016-02-16,407.035309468147,15219089,6194706927.507512,4608903479.733341,0.2559932965888075,10612656.277231377,481127.0,0.0,0,0.0,0.0
2016-02-17,415.324113383986,15222964,6322464359.595783,4619772082.65213,0.2693083234798198,8878588.710417427,541109.0,0.0,0,0.0,0.0
2016-02-18,421.289662981882,15227189,6415057659.9770975,4625526155.597131,0.2789579765657719,3555311.0395005066,497277.0,0.0,0,0.0,0.0
2016-02-19,419.626528541204,15230814,6391253942.348093,4632883504.986853,0.27512135384112585,10050439.212628571,511258.0,0.0,0,0.0,0.0
2016-02-20,440.195760081823,15234564,6706190832.669439,4642806537.492718,0.30768350419210766,6003395.852469616,501424.0,0.0,0,0.0,0.0
2016-02-21,438.718612681473,15237764,6685091034.436822,4647042425.725467,0.3048647502648479,4745942.474339997,523894.0,0.0,0,0.0,0.0
2016-02-22,437.535295094097,15240939,6668449093.915872,4651809193.205152,0.3024151301613223,6234204.021278297,539863.0,0.0,0,0.0,0.0
2016-02-23,420.032592609585,15244339,6403119569.786522,4651223658.081683,0.27360037441300605,5056748.73563216,547283.0,0.0,0,0.0,0.0
2016-02-24,423.995112507306,15247289,6464776355.1627,4655833110.4328985,0.27981528599751154,9791423.621391894,470016.0,0.0,0,0.0,0.0
2016-02-25,424.090870251315,15251164,6467879753.3586445,4658605592.482602,0.27973218888871915,9953878.408189915,527160.0,0.0,0,0.0,0.0
2016-02-26,431.762241963764,15254664,6586388275.45187,4663822933.319653,0.29189978812785927,5715370.967901208,475942.0,0.0,0,0.0,0.0
2016-02-27,432.947845996493,15258339,6606065350.893458,4667230385.922425,0.29349315545429916,4083096.392524249,477126.0,0.0,0,0.0,0.0
2016-02-28,433.102262711864,15261689,6609872386.18783,4672806844.245474,0.2930564205732778,10677887.23831659,490334.0,0.0,0,0.0,0.0
2016-02-29,437.775872589129,15265014,6682655175.168028,4683403103.397728,0.2991703176903828,13283535.725091543,564088.0,0.0,0,0.0,0.0
2016-03-01,432.807867153711,15268539,6608344146.390123,4694135463.371331,0.28966540492060305,39397641.10282186,566581.0,0.0,0,0.0,0.0
2016-03-02,423.079789392168,15272464,6461471192.061383,4695563212.185069,0.27329812783904744,10187683.815233259,559900.0,0.0,0,0.0,0.0
2016-03-03,419.268821332554,15275839,6404683348.780192,4698474002.421806,0.2664002657810309,15220011.759240584,568892.0,0.0,0,0.0,0.0
2016-03-04,407.990154295734,15279714,6233973199.79001,4696893419.793189,0.24656502855171042,9831597.837880297,528234.0,0.0,0,0.0,0.0
2016-03-05,397.314453945061,15283464,6072341472.319081,4698238542.871146,0.22628881061972836,29604239.52935714,522405.0,0.0,0,0.0,0.0
2016-03-06,403.705187463472,15287164,6171507732.302284,4700680396.719221,0.2383254464520245,9219327.953026762,418947.0,0.0,0,0.0,0.0
2016-03-07,413.22936616014,15290489,6318479409.287398,4706342042.153309,0.25514641462065113,13836132.02133213,410934.0,0.0,0,0.0,0.0
2016-03-08,411.425953243717,15294339,6292488332.399464,4707911762.441189,0.2518203429634396,10354132.555053793,467366.0,0.0,0,0.0,0.0
2016-03-09,412.540703506721,15298539,6311270372.671291,4707493369.960239,0.2541131829267903,13179120.847711196,512235.0,0.0,0,0.0,0.0
2016-03-10,416.340928696669,15302414,6371021590.096158,4711527017.185487,0.2604754275971029,13352662.480599968,442555.0,0.0,0,0.0,0.0
2016-03-11,419.511934248977,15306414,6421223680.135005,4715043910.547999,0.26570944333637253,7469960.822514764,426051.0,0.0,0,0.0,0.0
2016-03-12,410.264163296318,15310014,6281150412.924703,4715919626.816889,0.24919492182308572,6538428.129959477,377471.0,0.0,0,0.0,0.0
2016-03-13,411.805882466394,15313339,6306123410.798775,4718366811.630552,0.2517801342817531,8642078.854621103,427393.0,0.0,0,0.0,0.0
2016-03-14,415.026957276446,15317139,6357025926.331419,4722244981.282398,0.25716128327833293,10973751.325856375,457393.0,0.0,0,0.0,0.0
2016-03-15,415.266400292227,15321164,6362364955.74,4724940807.03295,0.25736092790932996,8928976.190287272,450299.0,0.0,0,0.0,0.0
2016-03-16,417.024118468732,15324964,6390879937.248433,4728655111.775298,0.26009326443219005,8144506.206890061,447640.0,0.0,0,0.0,0.0
2016-03-17,418.605363822326,15328489,6416588050.543554,4732321523.852015,0.26248631101522313,7675931.79411436,479106.0,0.0,0,0.0,0.0
2016-03-18,408.901587405026,15331889,6269234078.084234,4732970491.785929,0.24504805007500377,6996570.54775873,439258.0,0.0,0,0.0,0.0
2016-03-19,409.124429865576,15335289,6274041697.194205,4733660912.373432,0.24551650421922475,5152930.684895999,424536.0,0.0,0,0.0,0.0
2016-03-20,412.056953828171,15338939,6320516809.894297,4735136410.710136,0.25083081761642745,4010204.213952384,438470.0,0.0,0,0.0,0.0
2016-03-21,411.601774050263,15342414,6314965150.8465605,4738772829.967293,0.2495963609027944,13962789.818797959,439076.0,0.0,0,0.0,0.0
2016-03-22,416.581653828171,15346114,6392909884.184033,4743707623.154033,0.257973644382209,9419060.072546719,466081.0,0.0,0,0.0,0.0
2016-03-23,417.378299532437,15349839,6406690034.784226,4746366519.648574,0.25915465023610607,3735685.6884571146,433779.0,0.0,0,0.0,0.0
2016-03-24,413.560239918177,15353514,6349603265.231359,4748518755.62443,0.2521550469734097,5726463.106749281,429431.0,0.0,0,0.0,0.0
2016-03-25,416.373243834015,15357164,6394312524.832132,4753723914.016098,0.2565699759661191,9397181.399789745,401582.0,0.0,0,0.0,0.0
2016-03-26,416.823096668615,15360989,6402815337.294629,4757311365.764158,0.2569969435079386,7092036.649224134,458382.0,0.0,0,0.0,0.0
2016-03-27,425.454959848042,15364514,6536909028.302222,4762823504.730762,0.27139516794411156,4132241.616316598,426732.0,0.0,0,0.0,0.0
2016-03-28,422.917446814728,15368764,6499718769.844215,4767394054.243825,0.26652302614039264,7593576.967458207,517943.0,0.0,0,0.0,0.0
2016-03-29,415.863828755114,15372689,6392945638.42597,4768878332.222848,0.2540405312445281,5852833.548351995,671468.0,0.0,0,0.0,0.0
2016-03-30,412.777697779076,15376364,6347020462.2890005,4770662751.470702,0.24836184477177467,7447650.028657722,482917.0,0.0,0,0.0,0.0
2016-03-31,415.956811221508,15379464,6397193136.434695,4774077097.839308,0.25372315701257503,9432195.733715298,422436.0,0.0,0,0.0,0.0
2016-04-01,417.20066025716,15383289,6417918661.420303,4776985970.267161,0.255679882797081,6923794.071932628,508258.0,0.0,0,0.0,0.0
2016-04-02,419.763056691993,15386764,6458795424.981419,4779883466.080014,0.259941962615457,4622084.507535378,479453.0,0.0,0,0.0,0.0
2016-04-03,420.073578901227,15390314,6465064618.385129,4782494783.39156,0.26025568719123626,5959593.256816038,469608.0,0.0,0,0.0,0.0
2016-04-04,419.540727878434,15394464,6458604967.423623,4785059151.48198,0.2591187763275187,4338792.9368829895,489860.0,0.0,0,0.0,0.0
2016-04-05,422.50136440678,15398339,6505819575.031442,4788993425.223385,0.2638908334311991,6250773.553595646,463804.0,0.0,0,0.0,0.0
2016-04-06,421.907191233197,15402264,6498326280.330252,4794892871.205558,0.2621341766541959,9648702.241198305,480388.0,0.0,0,0.0,0.0
2016-04-07,421.467220046756,15405739,6493014326.20205,4806863523.060241,0.25968690633216074,22735306.868341547,448451.0,0.0,0,0.0,0.0
2016-04-08,418.643460549386,15409339,6451019338.586221,4807907024.829236,0.2547058422114547,5170317.7296517845,443929.0,0.0,0,0.0,0.0
2016-04-09,418.758635359439,15413389,6454490078.843914,4809771824.552701,0.2548176903520478,2784723.0634074784,426842.0,0.0,0,0.0,0.0
2016-04-10,421.954488544711,15417714,6505573962.8945265,4817368008.891518,0.25950146192049056,12933484.389441516,438047.0,0.0,0,0.0,0.0
2016-04-11,423.273044009351,15421539,6527522094.389452,4820610480.733952,0.2614945746599048,6475436.257742001,480023.0,0.0,0,0.0,0.0
2016-04-12,427.427664582116,15425239,6593174223.264533,4826157762.394711,0.2680069418816154,9608361.69606602,516425.0,0.0,0,0.0,0.0
2016-04-13,424.87251811806,15429339,6555502453.657042,4828391950.338153,0.26345966850419006,4223836.803771274,497408.0,0.0,0,0.0,0.0
2016-04-14,425.8565949737,15433439,6572432121.141431,4831169139.16271,0.2649343423993121,4046251.1948966337,471559.0,0.0,0,0.0,0.0
2016-04-15,430.724418760959,15436914,6649056153.864943,4835160533.063251,0.27280497845507234,4202093.565052012,437740.0,0.0,0,0.0,0.0
2016-04-16,432.216313033314,15440364,6673577544.914993,4838364799.425615,0.2749968413699993,5493066.86936455,410028.0,0.0,0,0.0,0.0
2016-04-17,429.339968731736,15444314,6630861632.490244,4840125092.116764,0.2700609120840548,3368705.213220715,479679.0,0.0,0,0.0,0.0
2016-04-18,429.656933664524,15447664,6637196289.41995,4842513332.111455,0.2703977521607002,4394586.833872801,480106.0,0.0,0,0.0,0.0
2016-04-19,437.568726183518,15451414,6761055890.928505,4847758836.992822,0.2829879067414317,4388501.41810003,481368.0,0.0,0,0.0,0.0
2016-04-20,442.661653302163,15455539,6841574799.694945,4853497858.972076,0.29058762038405456,6274373.661216729,466808.0,0.0,0,0.0,0.0
2016-04-21,452.164702805377,15459314,6990156481.248072,4860961566.885598,0.3045990343813179,4287615.7176215155,478606.0,0.0,0,0.0,0.0
2016-04-22,448.134421332554,15462889,6929453171.7911005,4866084611.22122,0.2977678771204609,6791548.018958702,441372.0,0.0,0,0.0,0.0
2016-04-23,453.914722969024,15466489,7020467431.998179,4870315733.968494,0.3062690225197305,4081710.747782953,435762.0,0.0,0,0.0,0.0
2016-04-24,463.382871420222,15469789,7168435616.901015,4878478506.511943,0.3194500491836799,6646851.843069468,458597.0,0.0,0,0.0,0.0
2016-04-25,465.31600666277,15472964,7199818191.075645,4889711430.2969055,0.3208562632376155,13583077.325445913,496054.0,0.0,0,0.0,0.0
2016-04-26,469.60876452367,15476739,7268012655.042977,4899199413.410371,0.3259231036133356,7145035.603502217,525942.0,0.0,0,0.0,0.0
2016-04-27,445.741113091759,15479964,6900056739.349444,4896684216.056071,0.2903414564504373,5601075.115926213,472970.0,0.0,0,0.0,0.0
2016-04-28,451.060061776739,15483339,6983916205.459834,4901690606.141853,0.29814584511912584,7103018.114298715,461349.0,0.0,0,0.0,0.0
2016-04-29,457.009965225015,15487289,7077845771.672986,4906958096.226878,0.30671587732731515,6099591.915596425,517814.0,0.0,0,0.0,0.0
2016-04-30,449.900484511981,15490939,6969381320.330707,4908600673.858793,0.2956906146690976,3473051.4690589053,441194.0,0.0,0,0.0,0.0
2016-05-01,455.010731151374,15494814,7050307009.9538765,4915298868.818557,0.30282484693518147,5705296.649330358,431985.0,0.0,0,0.0,0.0
2016-05-02,444.933061192285,15498739,6895901742.615117,4916387611.599917,0.28705660331298644,3570125.0071217036,485175.0,0.0,0,0.0,0.0
2016-05-03,451.628850379895,15502514,7001382935.881339,4919875421.693704,0.29729948115252086,2812387.956386311,467182.0,0.0,0,0.0,0.0
2016-05-04,448.367967562829,15506689,6952702987.147339,4922742336.562805,0.2919671175853604,6312294.505987849,500545.0,0.0,0,0.0,0.0
2016-05-05,449.336072472238,15510564,6969456266.947684,4925714974.275382,0.2932425736516417,3374340.8886324945,459050.0,0.0,0,0.0,0.0
2016-05-06,461.693862361192,15514614,7163002427.88961,4934769900.223977,0.3110752160281095,6270377.864969133,455876.0,0.0,0,0.0,0.0
2016-05-07,461.361842489772,15518364,7159581374.38948,4938186394.611136,0.3102688360697302,10119082.577174315,419894.0,0.0,0,0.0,0.0
2016-05-08,461.378872296902,15522564,7161783440.412563,4941890127.896667,0.30996375846684593,3374674.0902466695,441025.0,0.0,0,0.0,0.0
2016-05-09,463.462231677382,15526839,7196103822.428389,4946402559.838007,0.31262768271611735,5751256.048331412,487015.0,0.0,0,0.0,0.0
2016-05-10,451.079668322618,15530789,7005623509.653649,4948299773.066916,0.293667470675775,8915366.336367324,497367.0,0.0,0,0.0,0.0
2016-05-11,453.896305260082,15534114,7050877311.0740795,4952474935.337844,0.2976086922460689,7913352.607333327,472660.0,0.0,0,0.0,0.0
2016-05-12,455.607255932203,15537589,7079038650.438272,4956189536.675176,0.29987816405433365,5394110.50077171,454936.0,0.0,0,0.0,0.0
2016-05-13,457.241902688486,15541389,7106174640.427836,4959317602.638584,0.30211149407664967,4528765.525016409,460182.0,0.0,0,0.0,0.0
2016-05-14,458.119524839275,15544989,7121463338.655663,4963988071.297628,0.30295392460242676,8893920.94670663,460573.0,0.0,0,0.0,0.0
2016-05-15,460.85772063121,15548464,7165630044.878027,4967178556.543813,0.30680505057690793,2545207.860448416,425457.0,0.0,0,0.0,0.0
2016-05-16,455.224077323203,15551989,7079640205.10675,4968091717.976316,0.29825646868428596,8050966.409561836,512871.0,0.0,0,0.0,0.0
2016-05-17,453.545777030976,15555514,7055138044.952616,4985820553.827548,0.29330644956061463,50301185.843767434,480754.0,0.0,0,0.0,0.0
2016-05-18,454.486184102864,15559339,7071504970.72717,4989337566.800466,0.29444473454320336,8811362.540155608,512108.0,0.0,0,0.0,0.0
2016-05-19,437.724187142022,15562339,6812012536.927017,4988485228.36152,0.2676928879212123,12010062.156021314,461636.0,0.0,0,0.0,0.0
2016-05-20,442.396799240211,15566064,6886377242.207849,4993595590.228938,0.274858838748727,11704389.264282322,445378.0,0.0,0,0.0,0.0
2016-05-21,444.078207188778,15569589,6914115522.96292,4996056048.154583,0.27741212428952694,4177082.914925453,504056.0,0.0,0,0.0,0.0
2016-05-22,440.558668848627,15574189,6861344324.614631,4997976102.057942,0.2715748014382509,4804292.057502056,446634.0,0.0,0,0.0,0.0
2016-05-23,444.205057276447,15578689,6920132792.814641,5002397698.216539,0.27712403099971394,6275986.285740238,517757.0,0.0,0,0.0,0.0
2016-05-24,445.674454938632,15582364,6944661936.801663,5005148700.758338,0.27928115921169816,4900550.711945196,516978.0,0.0,0,0.0,0.0
2016-05-25,450.54952717709,15585814,7022181486.693533,5010764850.131386,0.28643757504325673,8238414.687359668,493390.0,0.0,0,0.0,0.0
2016-05-26,454.43372238457,15589189,7084253547.639168,5015517790.956675,0.29201887577441393,6274190.853506399,461195.0,0.0,0,0.0,0.0
2016-05-27,471.820117299825,15592664,7356932932.736789,5036529644.162076,0.3154036212902541,34658699.964957416,530736.0,0.0,0,0.0,0.0
2016-05-28,530.910597895967,15595989,8280076267.003801,5066425577.285231,0.3881184890198422,10390172.403170226,483184.0,0.0,0,0.0,0.0
2016-05-29,527.54971244886,15599664,8229598677.060786,5083068979.966234,0.3823430303916521,13078769.401703523,429074.0,0.0,0,0.0,0.0
2016-05-30,533.493149035652,15603264,8324234870.88341,5100279511.388464,0.3872975005512794,7692753.751431272,549842.0,0.0,0,0.0,0.0
2016-05-31,530.943692811221,15606439,8286140776.554256,5113303755.519566,0.38290889650490545,9851274.286264552,478937.0,0.0,0,0.0,0.0
2016-06-01,537.613678842782,15610014,8392157480.8931875,5126587811.623782,0.38912159080716474,9357207.8208585,509659.0,0.0,0,0.0,0.0
2016-06-02,538.771243191116,15613464,8412085838.286207,5143630005.830913,0.38854285313869036,18392822.676070157,479575.0,0.0,0,0.0,0.0
2016-06-03,570.175988252484,15617014,8904446844.465643,5160489797.289483,0.4204592505937785,5181300.471957505,497374.0,0.0,0,0.0,0.0
2016-06-04,574.26620163647,15619989,8970032209.349169,5171492671.741631,0.42346999976749755,3932823.178933069,448652.0,0.0,0,0.0,0.0
2016-06-05,575.137638047925,15624239,8986088372.165054,5182443698.627502,0.4232814675314755,6433330.837756801,464540.0,0.0,0,0.0,0.0
2016-06-06,585.857149035652,15628489,9156062475.209091,5200253061.117239,0.4320426411246736,11121648.953748008,512172.0,0.0,0,0.0,0.0
2016-06-07,578.469240677966,15631989,9042625267.174732,5208997622.826957,0.42395073676933975,11553411.05799213,511691.0,0.0,0,0.0,0.0
2016-06-08,583.097585330216,15635589,9117074654.85504,5221476290.693944,0.42728600034953157,5674762.005407806,483258.0,0.0,0,0.0,0.0
2016-06-09,577.101699707773,15639714,9025705991.314259,5230019422.296578,0.42054179170808326,6423550.174277525,526549.0,0.0,0,0.0,0.0
2016-06-10,579.814993571011,15643314,9070228467.468002,5240669434.92005,0.42221197032504215,7163206.050354772,507379.0,0.0,0,0.0,0.0
2016-06-11,605.44955698422,15647214,9473599265.85323,5255137571.2840805,0.4452860603650642,6406571.014049433,468648.0,0.0,0,0.0,0.0
2016-06-12,670.39237434249,15650864,10492220410.636576,5300686841.703709,0.49479837115029596,27332464.38773577,523017.0,0.0,0,0.0,0.0
2016-06-13,704.321778141438,15654889,11026079817.236174,5368556593.508751,0.5131037791766642,16796601.88736566,580048.0,0.0,0,0.0,0.0
2016-06-14,684.948319403857,15658189,10725050785.199524,5387047424.541104,0.497713574282074,16999832.34708996,528110.0,0.0,0,0.0,0.0
2016-06-15,695.001468439509,15661989,10885105906.420301,5419321094.566728,0.5021342795231528,18794554.051995937,596092.0,0.0,0,0.0,0.0
2016-06-16,767.420031268264,15665714,12022183338.051256,5503502784.685086,0.5422210234254188,21848689.49635039,583851.0,0.0,0,0.0,0.0
2016-06-17,750.014633927528,15669439,11752309151.92374,5529067401.766521,0.5295335299393935,9594513.318799382,587643.0,0.0,0,0.0,0.0
2016-06-18,758.28878012858,15673389,11884955628.360168,5550878704.951997,0.532949143562105,7293993.8096743245,562921.0,0.0,0,0.0,0.0
2016-06-19,766.767132670952,15677814,12021233097.140833,5568106697.53026,0.5368106871786227,5367233.276122296,515986.0,0.0,0,0.0,0.0
2016-06-20,722.497452367037,15681914,11330143487.843477,5574729643.5256815,0.5079736060265246,12663338.44708787,564349.0,0.0,0,0.0,0.0
2016-06-21,669.604204675628,15685639,10503170359.962353,5579362723.64232,0.4687925138384294,13559628.428227615,593632.0,0.0,0,0.0,0.0
2016-06-22,594.832974634716,15688864,9332254114.832054,5549941226.206784,0.4052946739431278,8181569.423702611,548244.0,0.0,0,0.0,0.0
2016-06-23,627.677855639977,15692364,9849749884.636154,5560193419.87362,0.4354990243410621,5616532.009136298,550628.0,0.0,0,0.0,0.0
2016-06-24,664.126985680889,15695589,10423864739.238409,5575958060.509299,0.46507766553034807,5884635.682189947,548714.0,0.0,0,0.0,0.0
2016-06-25,668.872684102864,15699639,10501060209.332563,5589719603.0871525,0.4676994997019992,16629667.427677302,531082.0,0.0,0,0.0,0.0
2016-06-26,630.4342421391,15703289,9899891601.19261,5584574053.574412,0.4358954341579199,3654918.8652140074,502813.0,0.0,0,0.0,0.0
2016-06-27,652.244807714787,15706964,10244786232.695438,5596904948.143459,0.45368260293402973,6638074.9242421,485119.0,0.0,0,0.0,0.0
2016-06-28,647.218768381064,15710664,10168237119.263853,5601662709.652403,0.449101880301357,3668440.6626368994,542760.0,0.0,0,0.0,0.0
2016-06-29,638.586345645821,15714314,10034946859.460703,5603004382.490496,0.4416508167944985,3670243.4942659275,467722.0,0.0,0,0.0,0.0
2016-06-30,674.284814728229,15718064,10598452408.38729,5625028782.205754,0.46925941963429685,17946743.413200088,508326.0,0.0,0,0.0,0.0
2016-07-01,677.512385739334,15721939,10651808939.166021,5635566423.656002,0.47092869804166465,4520421.651061819,496220.0,0.0,0,0.0,0.0
2016-07-02,702.739316773817,15725664,11051042934.065409,5649628239.33785,0.48876967784437975,5355305.2003134005,447489.0,0.0,0,0.0,0.0
2016-07-03,662.55008591467,15729514,10421591379.024183,5650976308.040163,0.4577626292838506,3038420.321810165,431317.0,0.0,0,0.0,0.0
2016-07-04,679.842453360608,15733289,10696158333.872318,5660835151.949494,0.470759970519237,3657820.805105617,506126.0,0.0,0,0.0,0.0
2016-07-05,668.165981297487,15736914,10514871116.798677,5669794683.011864,0.4607832449839794,8840649.901319595,490047.0,0.0,0,0.0,0.0
2016-07-06,677.651333138515,15740414,10666513070.190393,5679056562.130359,0.46758078063940445,5157473.579336156,466780.0,0.0,0,0.0,0.0
2016-07-07,640.053236119229,15743839,10076895609.926489,5675331067.024889,0.4367976719502515,6838108.2180724535,469248.0,0.0,0,0.0,0.0
2016-07-08,665.051708357685,15747464,10472878364.418869,5686646062.28223,0.45701211601937886,9206726.358765338,464480.0,0.0,0,0.0,0.0
2016-07-09,651.941914026885,15750589,10268469658.202265,5694302531.994547,0.4454575295505652,13309632.295737144,439729.0,0.0,0,0.0,0.0
2016-07-10,649.959340970193,15752539,10238510383.96198,5700532939.598229,0.4432263360764105,11857168.451151423,401286.0,0.0,0,0.0,0.0
2016-07-11,650.272594681473,15754327,10244607287.777939,5708367431.221521,0.44279294746302866,14160028.136552159,494146.0,0.0,0,0.0,0.0
2016-07-12,670.023127995324,15756114,10556961320.202427,5717772928.092666,0.458388379509282,3737815.308812817,478175.0,0.0,0,0.0,0.0
2016-07-13,658.333613383986,15757727,10373841549.036394,5720648222.524354,0.4485506458255347,3727991.5506233126,454015.0,0.0,0,0.0,0.0
2016-07-14,660.905960198714,15759489,10415540735.40667,5725003043.043532,0.4503402954796276,3303004.51338157,476587.0,0.0,0,0.0,0.0
2016-07-15,666.758671127995,15761177,10508901628.829062,5729609902.762055,0.45478508552749025,2995029.521360664,453990.0,0.0,0,0.0,0.0
2016-07-16,665.275622150789,15763139,10486832634.37017,5733802449.741322,0.45323791752439957,2404357.625488146,468936.0,0.0,0,0.0,0.0
2016-07-17,681.089601987142,15765002,10737379138.63441,5746304974.810173,0.4648316967653437,5983923.3316735495,435757.0,0.0,0,0.0,0.0
2016-07-18,675.118579193454,15766852,10644494919.958118,5750395866.751699,0.4597774802851496,3614518.6578086554,498406.0,0.0,0,0.0,0.0
2016-07-19,674.660360315605,15768452,10638349707.16866,5760365416.424822,0.45852828916282046,10024984.514910853,470530.0,0.0,0,0.0,0.0
2016-07-20,667.305364874343,15770327,10523624009.980087,5762324677.450563,0.4524391338966635,4891759.995977495,479163.0,0.0,0,0.0,0.0
2016-07-21,666.851739333723,15771989,10517578827.751642,5765558354.854221,0.4518169581347713,3004961.586021305,447524.0,0.0,0,0.0,0.0
2016-07-22,650.562911630625,15773602,10261720636.135933,5765086952.346154,0.43819490348969325,5222075.701241586,469400.0,0.0,0,0.0,0.0
2016-07-23,657.377942957335,15775239,10370294686.295082,5766969738.668518,0.4438952881165578,3627629.4964737957,448636.0,0.0,0,0.0,0.0
2016-07-24,661.393979836353,15776789,10434673791.757118,5778028725.11298,0.4462664726828988,7043144.946122384,434966.0,0.0,0,0.0,0.0
2016-07-25,655.119577849211,15778427,10336756628.823475,5783144658.328909,0.440526185728033,5907242.505328809,499971.0,0.0,0,0.0,0.0
2016-07-26,654.626339158387,15780039,10330029682.972971,5787404632.550057,0.43974946731378134,4660888.132223649,508858.0,0.0,0,0.0,0.0
2016-07-27,656.275146873174,15781639,10357097974.562109,5793883727.545046,0.4405881124446921,5653096.853992668,478496.0,0.0,0,0.0,0.0
2016-07-28,656.196453360608,15783339,10356971595.863277,5797467893.271509,0.4402352232396678,4759313.353251369,496261.0,0.0,0,0.0,0.0
2016-07-29,657.557567504383,15785177,10379662784.924961,5801954097.275976,0.4410267252899083,5583375.1183065865,466729.0,0.0,0,0.0,0.0
2016-07-30,655.361730157803,15786664,10345975953.671158,5806124530.764456,0.43880359312992456,5178802.5551523045,451395.0,0.0,0,0.0,0.0
2016-07-31,624.804487142022,15788589,9864781749.750154,5801162727.252447,0.41193197432884177,4421351.671113564,493190.0,0.0,0,0.0,0.0
2016-08-01,606.50924792519,15790502,9577085671.485308,5794192617.726725,0.3949941750047951,4330870.0218985295,517101.0,0.0,0,0.0,0.0
2016-08-02,526.981148334307,15792427,8322311471.064914,5755448044.472462,0.3084315499986927,14087763.929848848,539449.0,0.0,0,0.0,0.0
2016-08-03,570.347040911748,15794502,9008347646.799969,5759493199.460893,0.36064931935582717,7397184.862741343,518445.0,0.0,0,0.0,0.0
2016-08-04,583.542158036236,15796414,9217873978.886732,5770896348.787868,0.3739449723433044,18315499.40177302,489612.0,0.0,0,0.0,0.0
2016-08-05,581.279805669199,15798527,9183364876.073359,5772362380.301897,0.37143275278744503,4486451.820659918,478254.0,0.0,0,0.0,0.0
2016-08-06,590.795402980713,15800602,9334923200.39161,5774222902.821186,0.38143862794940275,4075601.3712760652,426155.0,0.0,0,0.0,0.0
2016-08-07,594.73232402104,15802452,9398229178.817266,5776729692.132771,0.38533849492061956,6923579.967810925,449194.0,0.0,0,0.0,0.0
2016-08-08,591.629283869083,15804302,9350288049.020714,5777880024.066723,0.3820639542038644,4069729.9875674252,532467.0,0.0,0,0.0,0.0
2016-08-09,587.932138223261,15805852,9292768536.418625,5777013310.623879,0.37833237877564696,3520155.9350464204,492713.0,0.0,0,0.0,0.0
2016-08-10,589.968758328463,15807739,9326072619.014437,5774951311.588474,0.3807734994670499,5281105.57658517,533289.0,0.0,0,0.0,0.0
2016-08-11,589.585884687317,15809614,9321125725.65451,5774969424.112691,0.3804429213717977,3088130.8228003825,533911.0,0.0,0,0.0,0.0
2016-08-12,587.19164956166,15811477,9284367435.035797,5776133066.083029,0.37786466267092994,2956419.3760405313,493313.0,0.0,0,0.0,0.0
2016-08-13,585.363581648159,15813514,9256655659.02481,5777741093.809629,0.3758284518041244,2760819.919540173,459857.0,0.0,0,0.0,0.0
2016-08-14,571.387062536528,15815552,9036801968.406116,5777292974.146133,0.36069275454476796,4057125.381292666,457341.0,0.0,0,0.0,0.0
2016-08-15,566.564441320865,15817377,8961563530.47477,5774413169.442344,0.3556466848886553,2560216.1544031254,501802.0,0.0,0,0.0,0.0
2016-08-16,578.414924137931,15819064,9149983163.508293,5779778545.260586,0.36832905132423227,8441421.964818545,539134.0,0.0,0,0.0,0.0
2016-08-17,573.663744418469,15820602,9075705951.679037,5779356455.9359455,0.3632058501337029,4423963.718717622,525509.0,0.0,0,0.0,0.0
2016-08-18,573.263191992987,15822527,9070472502.701653,5780577944.710277,0.3627037684102428,4479741.552199192,530307.0,0.0,0,0.0,0.0
2016-08-19,573.958457919345,15824452,9082578236.830442,5782613721.284368,0.3633290492521722,7926580.1243341295,510591.0,0.0,0,0.0,0.0
2016-08-20,581.797070134424,15826389,9207747213.712725,5794237192.3276825,0.3707215176695381,23457865.181867667,497318.0,0.0,0,0.0,0.0
2016-08-21,580.79219257744,15828427,9193026993.891722,5796556633.119455,0.36946158898794057,3169206.303959996,448494.0,0.0,0,0.0,0.0
2016-08-22,584.971897720631,15830402,9260340472.364523,5799150823.725606,0.3737648371534596,3594888.6118053333,528019.0,0.0,0,0.0,0.0
2016-08-23,582.627747399182,15832239,9224302208.221167,5800019915.78821,0.371223992355873,3995623.46984429,515833.0,0.0,0,0.0,0.0
2016-08-24,578.701831677382,15834139,9163245702.577665,5799507060.31695,0.36709030309145585,4305805.193136412,518459.0,0.0,0,0.0,0.0
2016-08-25,576.033436586791,15835764,9121930016.0186,5810246996.491608,0.36304630858946507,21744764.368141532,495285.0,0.0,0,0.0,0.0
2016-08-26,578.874653419053,15837414,9167878000.684898,5812949899.413912,0.3659437986653348,5345104.7086569965,488410.0,0.0,0,0.0,0.0
2016-08-27,570.200993746347,15839214,9031536016.443705,5812568655.997314,0.3564141641671606,2065597.6643876408,458847.0,0.0,0,0.0,0.0
2016-08-28,575.105232554062,15841114,9110308008.268417,5814263302.724043,0.36179289465876674,2781551.002859108,429219.0,0.0,0,0.0,0.0
2016-08-29,573.429267562829,15842977,9084826866.46022,5812721608.575466,0.36017254989909187,5722740.625751002,502688.0,0.0,0,0.0,0.0
2016-08-30,575.695698421976,15845027,9121914055.284826,5816740878.967222,0.36233329499555367,10849298.554708447,552238.0,0.0,0,0.0,0.0
2016-08-31,572.272758328463,15846702,9068636032.943127,5821535258.333551,0.35805834116773616,12949054.924970176,501876.0,0.0,0,0.0,0.0
2016-09-01,572.221702045587,15848452,9068828347.206665,5822343058.31951,0.357982879881845,4889487.885427391,488486.0,0.0,0,0.0,0.0
2016-09-02,576.846767387493,15850364,9143231694.083149,5824724628.379906,0.3629468416348615,3249451.2738054413,478909.0,0.0,0,0.0,0.0
2016-09-03,600.374406779661,15851939,9517098950.912035,5830968056.10847,0.3873166511997145,3380655.794661105,466278.0,0.0,0,0.0,0.0
2016-09-04,610.538913325541,15854177,9679592177.544855,5836988478.584475,0.3969799169715664,4900749.171270342,440931.0,0.0,0,0.0,0.0
2016-09-05,607.526964172998,15855927,9632903373.863304,5840957720.961974,0.3936451457812723,3438686.813740715,543332.0,0.0,0,0.0,0.0
2016-09-06,612.995458270017,15857627,9720653510.959492,5847599936.825359,0.3984355135966406,4965753.161837741,520836.0,0.0,0,0.0,0.0
2016-09-07,615.659819111631,15859527,9764073705.822319,5852728616.118383,0.40058537118289056,3751064.5786711657,527811.0,0.0,0,0.0,0.0
2016-09-08,630.550172004676,15861327,10001362654.275871,5861236546.36525,0.41395620287207546,7315700.839673061,502327.0,0.0,0,0.0,0.0
2016-09-09,622.977884044418,15863102,9882361902.308113,5865833226.829037,0.4064340807576558,5069753.908274292,494034.0,0.0,0,0.0,0.0
2016-09-10,624.752640444185,15865039,9911725502.867722,5869455869.334511,0.4078270360053531,3850109.5241362397,447544.0,0.0,0,0.0,0.0
2016-09-11,608.246675920514,15867089,9651104624.525455,5871310068.287114,0.39164372403891473,5886978.006783278,460211.0,0.0,0,0.0,0.0
2016-09-12,607.70737270602,15869127,9643785655.766073,5873025221.575787,0.39100417292411804,3825225.510829293,512373.0,0.0,0,0.0,0.0
2016-09-13,608.694296317943,15871189,9660702704.180574,5880161754.430156,0.3913318798346239,14742451.189101765,532516.0,0.0,0,0.0,0.0
2016-09-14,609.41308766803,15873139,9673299133.641981,5883498743.462055,0.39177950953668816,5333961.721619262,493956.0,0.0,0,0.0,0.0
2016-09-15,607.070262594974,15875064,9637279753.996916,5885754836.77261,0.38927218187979007,4069743.9363114634,496665.0,0.0,0,0.0,0.0
2016-09-16,607.806438047925,15876802,9650022650.699333,5890824391.914364,0.38955330933990523,6408683.379840784,476788.0,0.0,0,0.0,0.0
2016-09-17,607.381449678551,15878839,9644512734.0847,5893177548.408855,0.38896057158162484,3758202.9100979096,511964.0,0.0,0,0.0,0.0
2016-09-18,611.533460315605,15880652,9711550250.215696,5896345218.716269,0.39285231844572815,3526165.9075758415,467804.0,0.0,0,0.0,0.0
2016-09-19,608.871306312098,15882314,9670285756.676197,5898324522.842955,0.3900568534108877,4804595.545692163,506928.0,0.0,0,0.0,0.0
2016-09-20,608.371748626534,15884202,9663499925.931189,5907628216.950111,0.38866577717898165,12419507.322327675,535711.0,0.0,0,0.0,0.0
2016-09-21,596.945756633548,15886277,9483245820.1351,5907535374.718176,0.3770555475663061,5902153.073830151,516796.0,0.0,0,0.0,0.0
2016-09-22,595.564716540035,15888039,9462355917.066523,5908241678.218183,0.3756056388069337,3116150.641938343,498854.0,0.0,0,0.0,0.0
2016-09-23,602.378784921099,15889739,9571642150.607151,5910775749.300552,0.38247004471164664,3844887.708428084,490769.0,0.0,0,0.0,0.0
2016-09-24,602.687359731151,15891814,9577795900.317703,5910954954.0154,0.3828480982958377,12209423.784194387,475442.0,0.0,0,0.0,0.0
2016-09-25,600.610054880187,15894127,9546172667.10471,5916495451.088076,0.3802232939410566,10945548.921855988,467724.0,0.0,0,0.0,0.0
2016-09-26,606.778810637055,15896039,9645380120.833347,5920948441.640954,0.3861363297800862,4607587.751512833,542760.0,0.0,0,0.0,0.0
2016-09-27,605.151613734658,15898127,9620777388.111721,5924724849.088009,0.3841740006988292,6468338.3738836385,551597.0,0.0,0,0.0,0.0
2016-09-28,604.686494389246,15899977,9614501531.565474,5926870683.509335,0.38354883359779374,4118253.326284674,549575.0,0.0,0,0.0,0.0
2016-09-29,605.202561952075,15901764,9623788793.676786,5928833511.134052,0.3839397727608556,3803795.7300365497,555930.0,0.0,0,0.0,0.0
2016-09-30,608.865840736412,15903539,9683122128.152245,5930851297.151308,0.38750630027599925,3315276.523689597,562569.0,0.0,0,0.0,0.0
2016-10-01,615.408478842782,15905502,9788380972.782894,5934299639.519125,0.3937404300037201,2746097.2007356687,502198.0,0.0,0,0.0,0.0
2016-10-02,611.748578316774,15907264,9731246623.435177,5936156238.771414,0.389990155580301,2372955.001734406,464360.0,0.0,0,0.0,0.0
2016-10-03,612.590347399182,15909152,9745793131.406256,5942755780.409325,0.3902234840940213,7941550.398625752,631285.0,0.0,0,0.0,0.0
2016-10-04,610.007881355932,15911127,9705913051.392422,5949117617.214798,0.3870625477773747,12775278.628027314,603051.0,0.0,0,0.0,0.0
2016-10-05,612.147780946815,15913214,9741239124.674854,5952747874.522362,0.3889126631288754,4674916.148446451,587932.0,0.0,0,0.0,0.0
2016-10-06,611.76086277031,15915227,9736313181.360249,5955985451.049873,0.38827096662704413,4510419.44467809,623620.0,0.0,0,0.0,0.0
2016-10-07,617.905705143191,15917014,9835214250.866404,5959792931.462647,0.39403527168331515,3789448.4416520814,580462.0,0.0,0,0.0,0.0
2016-10-08,619.301001753361,15919127,9858731481.02052,5963667735.230282,0.39508772029026223,4244522.675289046,552766.0,0.0,0,0.0,0.0
2016-10-09,617.101041320865,15921127,9824944232.933626,5965951406.53104,0.3927750361642848,2582254.5498852283,513106.0,0.0,0,0.0,0.0
2016-10-10,618.0852,15922677,9841571180.602913,5969119930.210316,0.39347896584083475,5080797.767269241,516752.0,0.0,0,0.0,0.0
2016-10-11,642.981387258913,15924414,10239102316.370384,5982878947.504743,0.4156832539958847,9075497.668385195,605156.0,0.0,0,0.0,0.0
2016-10-12,636.59793220339,15926214,10138595406.517027,5994401062.080285,0.40875428777568923,12068184.942385599,548246.0,0.0,0,0.0,0.0
2016-10-13,635.444095324372,15927814,10121235863.095564,5998137129.256292,0.407371074996194,5918569.3942027,550459.0,0.0,0,0.0,0.0
2016-10-14,639.586090298071,15929514,10188296088.273226,6002492878.709177,0.4108442838034445,4595288.757553642,534463.0,0.0,0,0.0,0.0
2016-10-15,637.283759322034,15931289,10152752251.599556,6005224083.868104,0.40851269340074886,3146752.8357013003,504153.0,0.0,0,0.0,0.0
2016-10-16,642.913042548217,15932914,10243478727.709858,6009466117.629244,0.4133373751855504,3565017.5841426626,485076.0,0.0,0,0.0,0.0
2016-10-17,639.137536469901,15934477,10184322563.455633,6019687628.135664,0.4089260635031252,17407226.183731433,552872.0,0.0,0,0.0,0.0
2016-10-18,635.576508591467,15936414,10128810875.06418,6026971287.510528,0.40496753648069883,12161485.873158822,592897.0,0.0,0,0.0,0.0
2016-10-19,629.640708036236,15937977,10035199308.880135,6029868224.216967,0.3991282047700693,5923343.100636203,461997.0,0.0,0,0.0,0.0
2016-10-20,628.598901110462,15939652,10019647916.91042,6032466794.31362,0.39793625042128783,6208407.165485219,626608.0,0.0,0,0.0,0.0
2016-10-21,630.90620338983,15941702,10057718870.700655,6040603571.659555,0.3994062024087231,13665776.78504312,587046.0,0.0,0,0.0,0.0
2016-10-22,654.508630976037,15943564,10435200767.05161,6047590285.028198,0.4204624884532145,4824580.655105332,526724.0,0.0,0,0.0,0.0
2016-10-23,651.961956750438,15945364,10395771233.045397,6051862239.911343,0.41785346135031526,4325460.251838261,527519.0,0.0,0,0.0,0.0
2016-10-24,650.027167153711,15947152,10366082230.684713,6057860381.718388,0.41560753166837977,13923474.168729514,583738.0,0.0,0,0.0,0.0
2016-10-25,655.792505084746,15948889,10459162392.182402,6066542002.112368,0.4199782186528871,7894009.58228829,620109.0,0.0,0,0.0,0.0
2016-10-26,675.109869316189,15950614,10768417469.969988,6080811110.2374525,0.4353106083419331,10431554.580596447,615605.0,0.0,0,0.0,0.0
2016-10-27,686.523327060199,15952639,10951859347.664457,6098083461.33083,0.443191948714053,10515763.523033008,724982.0,0.0,0,0.0,0.0
2016-10-28,690.390654938632,15954539,11014865178.523817,6106155439.58356,0.4456441054322654,6133823.312599497,572670.0,0.0,0,0.0,0.0
2016-10-29,715.445469316189,15956402,11415935728.761086,6120762915.979365,0.46384045413300334,7033707.848191745,543926.0,0.0,0,0.0,0.0
2016-10-30,699.333410987726,15958502,11160313844.429813,6124086174.657799,0.4512621902909683,4078137.811581595,474176.0,0.0,0,0.0,0.0
2016-10-31,698.897727995325,15960339,11154645220.970749,6135123661.823023,0.4499938330365737,6993970.862320404,581821.0,0.0,0,0.0,0.0
2016-11-01,730.578480011689,15962139,11661595829.386675,6152205981.8673935,0.47243875779298383,6658890.080645296,604956.0,0.0,0,0.0,0.0
2016-11-02,740.367055523086,15963802,11819073300.326283,6164576422.67532,0.4784213393020299,5755781.371581218,587588.0,0.0,0,0.0,0.0
2016-11-03,689.939206954997,15965739,11015389852.821299,6163909233.851677,0.44042750041452633,6924347.788807631,596130.0,0.0,0,0.0,0.0
2016-11-04,705.432016656926,15967189,11263766897.644598,6171896795.564909,0.45205748204399243,5319603.980110293,550065.0,0.0,0,0.0,0.0
2016-11-05,706.819325569842,15969027,11287217102.872578,6176160141.687315,0.45281816718883766,3195195.3174155923,559093.0,0.0,0,0.0,0.0
2016-11-06,715.896879777908,15970939,11433545966.578354,6182419015.786917,0.45927369917793837,3517860.743646596,522329.0,0.0,0,0.0,0.0
2016-11-07,706.181216773816,15972764,11279666478.389158,6187238129.656761,0.45146976273536443,4682123.052998995,631014.0,0.0,0,0.0,0.0
2016-11-08,711.835846580947,15974877,11371490303.528873,6199719967.193585,0.454801455067886,12825168.147941409,665461.0,0.0,0,0.0,0.0
2016-11-09,721.50150993571,15976714,11527223848.623428,6212756710.526426,0.4610361703639208,8887311.530353047,616611.0,0.0,0,0.0,0.0
2016-11-10,713.407615604909,15978814,11399408163.30967,6219472660.700921,0.45440389785155494,10651036.419922713,614029.0,0.0,0,0.0,0.0
2016-11-11,715.703310637055,15980852,11437548894.550251,6226672163.843651,0.4555938321006411,7979473.444678446,560201.0,0.0,0,0.0,0.0
2016-11-12,703.847551139685,15982952,11249561833.031538,6229060702.922356,0.44628414907394265,3335414.732086064,573774.0,0.0,0,0.0,0.0
2016-11-13,703.626435300994,15984727,11247276686.052662,6232114236.165439,0.4459001578672234,3208518.9971396723,541240.0,0.0,0,0.0,0.0
2016-11-14,705.643584161309,15986877,11281037394.204777,6238319178.504001,0.44700837693271805,8309218.974485274,635432.0,0.0,0,0.0,0.0
2016-11-15,712.3471528346,15988827,11389595600.973345,6247147298.293735,0.4515040290140013,7282787.466348002,655879.0,0.0,0,0.0,0.0
2016-11-16,742.050117592051,15990964,11866097306.765059,6269985988.96269,0.4716050419215703,18212715.52346765,619129.0,0.0,0,0.0,0.0
2016-11-17,735.318080537697,15992952,11759906983.913277,6282126112.789864,0.4658013773932592,14076267.459003666,630314.0,0.0,0,0.0,0.0
2016-11-18,749.57872729398,15994802,11989363547.832172,6295775866.270322,0.4748865658170256,8530670.112511396,628723.0,0.0,0,0.0,0.0
2016-11-19,751.213819403858,15996577,12016849927.393724,6302652932.180465,0.4755153829613135,4586929.113857954,581466.0,0.0,0,0.0,0.0
2016-11-20,730.350813617767,15998177,11684281804.025951,6304567044.49881,0.4604232292372048,4465511.037810273,581201.0,0.0,0,0.0,0.0
2016-11-21,736.506983927528,15999914,11784048988.986162,6312832005.768312,0.46429007451780496,7535157.268153303,611179.0,0.0,0,0.0,0.0
2016-11-22,747.997677966102,16001589,11969152010.652836,6325090839.843261,0.47155062996829045,18526358.028352164,610870.0,0.0,0,0.0,0.0
2016-11-23,741.240317942724,16003427,11862385536.543783,6333193294.001153,0.4661113252059764,7037498.915550924,647968.0,0.0,0,0.0,0.0
2016-11-24,737.35497597896,16005452,11801699892.735653,6363582956.064515,0.4607909865610533,36611084.74965387,737208.0,0.0,0,0.0,0.0
2016-11-25,739.685200175336,16007352,11840401586.828444,6369090277.586058,0.46208832269074457,5205819.463598004,687126.0,0.0,0,0.0,0.0
2016-11-26,734.652925891292,16009264,11761253223.237923,6374701119.691091,0.4579913382788209,7847909.467083821,668057.0,0.0,0,0.0,0.0
2016-11-27,727.741115838691,16011064,11651910159.899506,6379211713.4899,0.4525179454743652,5126592.821825703,574090.0,0.0,0,0.0,0.0
2016-11-28,730.082483752192,16013114,11690894622.363905,6386339791.426621,0.4537338674484348,7628451.269275103,711492.0,0.0,0,0.0,0.0
2016-11-29,731.646435710111,16014977,11717301056.08691,6391754545.794968,0.4545028317357626,6442818.04649907,653139.0,0.0,0,0.0,0.0
2016-11-30,742.20445131502,16016752,11887704849.18407,6401006472.477269,0.4615439604461065,7471041.816929778,640452.0,0.0,0,0.0,0.0
2016-12-01,753.674910111046,16018577,12072799803.144451,6413386231.077557,0.4687739103064442,8919005.229655966,599182.0,0.0,0,0.0,0.0
2016-12-02,772.302382729398,16020364,12372565903.606794,6431612028.584034,0.4801715279844159,10329746.258806147,734332.0,0.0,0,0.0,0.0
2016-12-03,766.110468147283,16022514,12275016310.726473,6482049573.009477,0.47193149003434204,42021466.09198704,709304.0,0.0,0,0.0,0.0
2016-12-04,766.380139099942,16024364,12280754920.812649,6487434369.302045,0.47173977405024586,3049260.576645898,647500.0,0.0,0,0.0,0.0
2016-12-05,752.670726241964,16026264,12062500362.42685,6493695074.032629,0.4616626007109056,9401624.517992096,673209.0,0.0,0,0.0,0.0
2016-12-06,759.117325774401,16028139,12167238618.54879,6500594724.9342985,0.4657296590678981,5321976.208662949,752109.0,0.0,0,0.0,0.0
2016-12-07,764.987650087668,16030314,12262992845.424541,6509762612.095921,0.46915384407772975,6422166.508884641,772767.0,0.0,0,0.0,0.0
2016-12-08,767.659224634717,16032277,12307325557.641203,6521883242.93638,0.4700811957568504,11412961.591204181,656090.0,0.0,0,0.0,0.0
2016-12-09,771.902321098773,16033964,12376654641.910522,6528971652.493011,0.47247686540559664,4678982.157903314,619017.0,0.0,0,0.0,0.0
2016-12-10,775.474561309176,16035614,12435211348.710651,6540699113.306402,0.47401785704393545,9296715.928758886,598161.0,0.0,0,0.0,0.0
2016-12-11,770.496150496786,16037952,12357180505.382177,6546034675.501979,0.4702647037768163,5012721.502648083,572056.0,0.0,0,0.0,0.0
2016-12-12,778.506599064874,16039902,12487169785.249329,6556216030.561943,0.47496381139090627,6140904.207756978,640598.0,0.0,0,0.0,0.0
2016-12-13,778.930694564582,16042127,12495705356.423931,6565842389.668977,0.47455207990371384,11478187.736172615,667961.0,0.0,0,0.0,0.0
2016-12-14,776.963961484512,16043864,12465504748.880642,6574610948.021563,0.47257563328015745,7619012.364786934,622723.0,0.0,0,0.0,0.0
2016-12-15,776.176781998831,16045452,12454107528.284163,6583983701.578265,0.47134038415634594,8384226.519249779,614050.0,0.0,0,0.0,0.0
2016-12-16,782.230215897136,16047114,12552538070.856115,6594411474.124058,0.4746551305480883,10608128.727370141,641112.0,0.0,0,0.0,0.0
2016-12-17,789.60293220339,16048914,12672270181.053743,6603885639.019195,0.47887114584309953,7367396.5165189,588899.0,0.0,0,0.0,0.0
2016-12-18,790.632966526008,16050677,12690194604.73718,6614180628.236419,0.47879596536940566,12179091.178264031,567437.0,0.0,0,0.0,0.0
2016-12-19,790.279031677382,16052564,12686005362.370613,6620775864.079729,0.4781039677219153,4989992.237602326,662361.0,0.0,0,0.0,0.0
2016-12-20,799.777520748101,16054289,12839860089.859098,6635008688.457605,0.48324914430353294,10510810.535183294,654484.0,0.0,0,0.0,0.0
2016-12-21,828.4836792519,16056277,13302363688.701508,6667366913.831933,0.49878329371682073,29905248.021786623,708875.0,0.0,0,0.0,0.0
2016-12-22,858.50143395675,16058264,13786043353.62496,6699930484.468912,0.5140062806557761,23978634.05497044,687023.0,0.0,0,0.0,0.0
2016-12-23,915.562438340152,16060164,14704083640.13243,6753430330.198776,0.5407105607202631,19685461.497200634,666299.0,0.0,0,0.0,0.0
2016-12-24,891.155272063121,16061877,14313626630.940353,6764444062.3106985,0.5274122878342609,9707025.257263005,553797.0,0.0,0,0.0,0.0
2016-12-25,896.003279310345,16063939,14393342735.235582,6778100086.049963,0.5290808944987564,7456039.794769762,472781.0,0.0,0,0.0,0.0
2016-12-26,903.201246639392,16065714,14510573631.270739,6795143258.402018,0.5317109143253805,6086823.214653684,591804.0,0.0,0,0.0,0.0
2016-12-27,925.950810461719,16067664,14877867239.438192,6821073504.866427,0.5415288095335901,10560608.32029195,650563.0,0.0,0,0.0,0.0
2016-12-28,979.960973991818,16069714,15747693362.576014,6869941332.580697,0.5637493584357608,25050498.990996372,662997.0,0.0,0,0.0,0.0
2016-12-29,973.462559438925,16071589,15645090936.388325,6903172514.105948,0.5587643087423595,20473319.43689339,656768.0,0.0,0,0.0,0.0
2016-12-30,961.182658153127,16073552,15449619721.162788,6928253368.782255,0.551558323517052,12230625.50038771,644381.0,0.0,0,0.0,0.0
2016-12-31,968.970597019287,16075402,15576592159.405119,6941314723.419625,0.5543752669143056,4985380.557755302,573846.0,0.0,0,0.0,0.0
2017-01-01,997.257357977791,16077352,16033257873.292204,6964507033.99812,0.5656212175318766,7669853.744846141,465503.0,0.0,0,0.0,0.0
2017-01-02,1017.07788609001,16079339,16353940928.729912,7003421233.722718,0.5717594147952801,16587346.296719909,706006.0,0.0,0,0.0,0.0
2017-01-03,1032.60905318527,16081389,16605788690.431261,7043424528.793192,0.5758452272217689,11966699.733571827,656633.0,0.0,0,0.0,0.0
2017-01-04,1134.49644535359,16083302,18246449283.56867,7135191669.665431,0.6089545117092545,21028955.847440254,699029.0,0.0,0,0.0,0.0
2017-01-05,1000.49812893045,16085052,16093064725.199251,7195808056.343128,0.5528627903251017,47444501.21524134,653188.0,0.0,0,0.0,0.0
2017-01-06,892.463955639977,16087064,14357125481.852877,7173202390.254145,0.5003733582101145,17203914.592217725,719669.0,0.0,0,0.0,0.0
2017-01-07,903.453283635301,16088789,14535469970.284761,7177454118.462544,0.5062110731104257,8356000.1392193325,649281.0,0.0,0,0.0,0.0
2017-01-08,912.484997077732,16090877,14682684121.782848,7187159998.910503,0.5105009452428511,8082064.595156781,599763.0,0.0,0,0.0,0.0
2017-01-09,903.508666803039,16092577,14539783057.504213,7197289025.486538,0.5049933690880001,9909613.889739824,612985.0,0.0,0,0.0,0.0
2017-01-10,906.498947399182,16094577,14589717377.02709,7206119478.038122,0.5060823118215539,8159426.073789487,703934.0,0.0,0,0.0,0.0
2017-01-11,788.314655990649,16096489,12689098815.641403,7177060492.05112,0.4343916304596658,18372143.855751686,640611.0,0.0,0,0.0,0.0
2017-01-12,807.109833547633,16098639,12993370485.530434,7176767022.003396,0.44765932519237206,8599469.9417167,626373.0,0.0,0,0.0,0.0
2017-01-13,826.746927410871,16100514,13311051136.750156,7182271972.667372,0.4604278881599356,9508717.238280095,593639.0,0.0,0,0.0,0.0
2017-01-14,820.045157276447,16102664,13204912284.634285,7182250250.132982,0.4560925437959547,3226413.366407266,595370.0,0.0,0,0.0,0.0
2017-01-15,824.547065166569,16104752,13279126240.326788,7186071672.113369,0.45884453976419715,5678125.672063563,554309.0,0.0,0,0.0,0.0
2017-01-16,830.838035067212,16106864,13382195897.622929,7190156165.672876,0.46270730000671567,5645379.263586245,635071.0,0.0,0,0.0,0.0
2017-01-17,906.026828112215,16108839,14595041024.306345,7216428857.885415,0.5055561100604451,8176846.606989555,660229.0,0.0,0,0.0,0.0
2017-01-18,881.259815371128,16110714,14197725546.005762,7221514993.886396,0.49136113594490344,5311001.242780603,652518.0,0.0,0,0.0,0.0
2017-01-19,902.263869959088,16112889,14538078302.934526,7233852147.613304,0.5024203339066385,3989926.4842496193,688534.0,0.0,0,0.0,0.0
2017-01-20,895.174516189363,16115252,14425963176.717527,7241067856.093517,0.49805307504319135,4289954.108258615,665651.0,0.0,0,0.0,0.0
2017-01-21,924.46825949737,16117514,14900130850.237022,7254855439.881312,0.5131012262374927,4809618.999058498,638697.0,0.0,0,0.0,0.0
2017-01-22,922.467077381648,16119689,14869883133.772081,7267796750.83441,0.5112404929176623,6203013.561217269,566617.0,0.0,0,0.0,0.0
2017-01-23,919.115744126242,16121414,14817446155.952871,7278357630.85795,0.5087981050004431,5563415.431022938,621713.0,0.0,0,0.0,0.0
2017-01-24,887.743193804792,16123277,14313329680.732716,7286842835.52218,0.49090512144556725,10607019.55467477,725088.0,0.0,0,0.0,0.0
2017-01-25,895.690033255406,16125139,14443126999.503159,7300620623.226456,0.49452631528632296,9058254.72551387,713203.0,0.0,0,0.0,0.0
2017-01-26,916.6674685564,16127077,14783167119.498941,7316154359.924397,0.5051023707717938,6629112.251827174,727693.0,0.0,0,0.0,0.0
2017-01-27,920.454463471654,16129202,14846196244.94904,7325167383.152802,0.5065963522040223,5767342.15010805,664610.0,0.0,0,0.0,0.0
2017-01-28,922.774948568089,16131102,14885377090.894957,7331483033.64634,0.5074707890248316,3112757.0335591207,663149.0,0.0,0,0.0,0.0
2017-01-29,915.63202314436,16133189,14772065212.045376,7353178231.431372,0.5022240881095303,31377718.314262494,647475.0,0.0,0,0.0,0.0
2017-01-30,920.313260783168,16134989,14849245071.218592,7360921008.185501,0.5042898832309841,3951654.7653003624,646744.0,0.0,0,0.0,0.0
2017-01-31,968.499105669199,16136802,15628478591.36179,7382321284.048416,0.527636600012442,7615612.61884491,679602.0,0.0,0,0.0,0.0
2017-02-01,987.532590414962,16139202,15937988249.91183,7403414753.535779,0.5354862459773281,5931666.377064447,793057.0,0.0,0,0.0,0.0
2017-02-02,1007.7043659848,16141164,16265522236.307146,7426060139.51125,0.5434477890334721,7607129.702671227,641874.0,0.0,0,0.0,0.0
2017-02-03,1015.30203945061,16143027,16390048535.828163,7455161599.83257,0.5451409687081886,19694572.969826546,717712.0,0.0,0,0.0,0.0
2017-02-04,1033.78597299825,16144827,16690295994.363682,7472715852.878581,0.5522718197806605,6349730.5099189365,657826.0,0.0,0,0.0,0.0
2017-02-05,1014.56787574518,16146814,16382039586.921572,7484731829.753195,0.5431135549368009,7104427.602976527,693090.0,0.0,0,0.0,0.0
2017-02-06,1023.3174811806,16148377,16524916778.98362,7503911138.611685,0.5459032418151022,12442911.06249611,620847.0,0.0,0,0.0,0.0
2017-02-07,1053.62445902981,16150264,17016314008.139477,7533523028.596957,0.5572764451224032,17875347.74456276,719293.0,0.0,0,0.0,0.0
2017-02-08,1052.36764535359,16152089,16997936705.422935,7553321005.448333,0.5556330667451796,6349623.438836776,667561.0,0.0,0,0.0,0.0
2017-02-09,982.751939450614,16154202,15875573635.986742,7557981969.3860035,0.5239238503953285,14375334.907329109,761694.0,0.0,0,0.0,0.0
2017-02-10,996.650153126827,16156039,16101919535.912006,7581977806.268115,0.5291258418377959,12856789.745196115,661072.0,0.0,0,0.0,0.0
2017-02-11,1011.37532220923,16157777,16341577218.222216,7589405140.540238,0.5355769495690158,2789916.80408798,631529.0,0.0,0,0.0,0.0
2017-02-12,1006.29646487434,16159527,16261275191.303976,7599613820.0327635,0.5326557277564062,5514100.408185683,571393.0,0.0,0,0.0,0.0
2017-02-13,999.953184979545,16161564,16160808191.316683,7614023639.700077,0.5288587334517623,8832165.946017655,672280.0,0.0,0,0.0,0.0
2017-02-14,1012.2134635301,16163677,16361091778.46165,7628267782.968303,0.5337555777903258,6664679.521394791,681190.0,0.0,0,0.0,0.0
2017-02-15,1013.90384050263,16165414,16390176144.275911,7636154199.067779,0.5341017612105029,3431017.3027209733,636428.0,0.0,0,0.0,0.0
2017-02-16,1036.80686475745,16167302,16762370004.379196,7652135186.792224,0.5434932420180981,4799521.045973063,674062.0,0.0,0,0.0,0.0
2017-02-17,1058.66992033898,16169189,17117834872.539446,7683059837.575381,0.5511663773611579,12182505.87004641,698698.0,0.0,0,0.0,0.0
2017-02-18,1060.66880488019,16171077,17152157228.434378,7697670115.262788,0.5512127126200894,5787863.396310067,692671.0,0.0,0,0.0,0.0
2017-02-19,1058.78640035067,16172752,17123490186.507069,7709441248.280416,0.549773955875229,6560506.439156152,600451.0,0.0,0,0.0,0.0
2017-02-20,1088.68842922268,16174602,17609102366.17515,7728369611.943041,0.5611150726917088,5216906.5387822045,660628.0,0.0,0,0.0,0.0
2017-02-21,1128.85529316189,16176327,18260732691.22213,7760274380.320791,0.5750294080997567,10626355.741876334,647509.0,0.0,0,0.0,0.0
2017-02-22,1129.70179064874,16178052,18276374647.212936,7800972046.235753,0.5731663310247711,15629900.447548024,636234.0,0.0,0,0.0,0.0
2017-02-23,1188.86178550555,16179927,19235697253.6441,7846823231.721689,0.5920697270157363,9761679.791478293,702520.0,0.0,0,0.0,0.0
2017-02-24,1185.48889158387,16181964,19183539508.833153,7903706687.793497,0.5879953913533945,33765796.9423967,768914.0,0.0,0,0.0,0.0
2017-02-25,1151.60473687902,16184052,18637631285.168896,7914480548.889253,0.5753494407206516,5481287.510648502,756336.0,0.0,0,0.0,0.0
2017-02-26,1181.71086586791,16186277,19127499757.810787,7929364026.009024,0.585446915362211,3774434.241197112,660041.0,0.0,0,0.0,0.0
2017-02-27,1194.15245014611,16188077,19331032165.34088,7956097829.398556,0.5884287108236644,7390341.842090515,666864.0,0.0,0,0.0,0.0
2017-02-28,1188.39994073641,16189989,19240182913.261356,7976116156.184467,0.5854448893681304,6183689.267373913,711021.0,0.0,0,0.0,0.0
2017-03-01,1228.45965061368,16191789,19890960434.74827,8017243478.162845,0.5969403536614943,8579492.092329513,693533.0,0.0,0,0.0,0.0
2017-03-02,1262.93146738749,16193752,20451599348.816757,8066317223.206637,0.6055899059222808,11253035.235463504,740534.0,0.0,0,0.0,0.0
2017-03-03,1289.36319111631,16195639,20882061808.642384,8121331980.69115,0.6110857225156759,28357773.466372427,736368.0,0.0,0,0.0,0.0
2017-03-04,1268.94066440678,16197289,20553399674.441147,8143037526.21231,0.6038106758397515,6658702.93657995,626906.0,0.0,0,0.0,0.0
2017-03-05,1276.27368293396,16199127,20674519853.4926,8164637357.846583,0.6050869661929629,6423390.037134243,698112.0,0.0,0,0.0,0.0
2017-03-06,1282.25465663355,16200902,20773682409.817646,8202533493.706025,0.605147834077337,11030415.727254506,687507.0,0.0,0,0.0,0.0
2017-03-07,1234.47646206897,16202814,20001993484.06461,8219286674.315732,0.5890766247442308,11826492.080914715,751777.0,0.0,0,0.0,0.0
2017-03-08,1152.13938924606,16204589,18669946189.743523,8225245086.5364895,0.5594392719216785,13199308.53737387,697324.0,0.0,0,0.0,0.0
2017-03-09,1193.45552659264,16206439,19341665140.095448,8241592109.62657,0.573894385517942,11100260.498165326,712606.0,0.0,0,0.0,0.0
2017-03-10,1098.53014903565,16208389,17805404857.46229,8234225307.467638,0.5375434946082311,16135803.58765906,750293.0,0.0,0,0.0,0.0
2017-03-11,1176.822921391,16210252,19076596462.643826,8254521261.774692,0.5672959126677097,7881593.494337606,700490.0,0.0,0,0.0,0.0
2017-03-12,1231.74835663355,16212189,19969338137.795876,8277637782.923543,0.5854826171100536,5841480.933132375,596817.0,0.0,0,0.0,0.0
2017-03-13,1239.39629631794,16214002,20095574393.289314,8335870126.048624,0.585188760325642,24678133.89691363,696371.0,0.0,0,0.0,0.0
2017-03-14,1246.53656487434,16215952,20213777470.35337,8359819496.936453,0.5864296265654739,7265035.367909116,744191.0,0.0,0,0.0,0.0
2017-03-15,1258.65138147282,16217727,20412464864.582783,8397951139.711113,0.5885871110900374,12006304.006810984,680434.0,0.0,0,0.0,0.0
2017-03-16,1178.02075037989,16219639,19107072242.554554,8413889549.57878,0.5596452746517762,18226625.31441954,741427.0,0.0,0,0.0,0.0
2017-03-17,1072.08253816482,16221564,17390856358.753704,8400962989.784351,0.516932184564004,24021304.654887058,719836.0,0.0,0,0.0,0.0
2017-03-18,962.569056165985,16223527,15616265356.32306,8383755209.730598,0.46313955235551896,31350804.533958897,688602.0,0.0,0,0.0,0.0
2017-03-19,1020.22025353594,16225589,16553675334.73435,8396926036.382866,0.49274551623205326,17661949.228728704,679122.0,0.0,0,0.0,0.0
2017-03-20,1037.7563458796,16227289,16839972961.503132,8398890842.433113,0.5012527121252913,10952509.978535539,657214.0,0.0,0,0.0,0.0
2017-03-21,1111.81826358854,16229064,18043770640.379864,8433616167.547076,0.5326023404069644,15012034.862714654,697185.0,0.0,0,0.0,0.0
2017-03-22,1037.30257013442,16231052,16836512261.904144,8440148327.934832,0.498699719001049,18572093.768202167,748042.0,0.0,0,0.0,0.0
2017-03-23,1028.17285628288,16232902,16690229518.72277,8437697438.250072,0.4944528816224589,9008513.644979728,684544.0,0.0,0,0.0,0.0
2017-03-24,935.063496201052,16235102,15180851513.427896,8426987227.232466,0.444893639873985,91973543.48439899,714958.0,0.0,0,0.0,0.0
2017-03-25,968.543329281122,16236764,15726010231.597439,8441576244.764015,0.46320928700638875,30696586.851159126,619575.0,0.0,0,0.0,0.0
2017-03-26,962.95805458796,16238839,15637321578.050676,8450185111.054234,0.45961429079291083,22082608.623282634,591426.0,0.0,0,0.0,0.0
2017-03-27,1042.91919777908,16240489,16937518588.856905,8474086106.590471,0.49968550221013347,12553482.841567468,604343.0,0.0,0,0.0,0.0
2017-03-28,1045.16293161894,16242427,16975982928.566544,8490722476.690005,0.4998391249320746,12839837.246182524,739717.0,0.0,0,0.0,0.0
2017-03-29,1039.68861578025,16244152,16888860214.427315,8498648496.208279,0.49678969520108257,9581756.245539654,689331.0,0.0,0,0.0,0.0
2017-03-30,1037.98766142607,16246202,16863357527.556578,8510446172.245864,0.49532907913866736,11126618.103274716,708782.0,0.0,0,0.0,0.0
2017-03-31,1081.74353109293,16247889,17576049679.980022,8543699723.045332,0.5139010256225537,14389094.98345943,634621.0,0.0,0,0.0,0.0
2017-04-01,1089.52477182934,16249539,17704276137.809456,8558564757.603799,0.5165820567311403,11132885.352548536,643940.0,0.0,0,0.0,0.0
2017-04-02,1105.56295575687,16251514,17967072732.621864,8573106278.268106,0.5228434589290458,10909507.083658272,659287.0,0.0,0,0.0,0.0
2017-04-03,1144.6647710111,16253714,18605054724.24542,8603170352.078272,0.5375896239172606,9661868.369183922,745400.0,0.0,0,0.0,0.0
2017-04-04,1141.92191870251,16255277,18562257438.093933,8620334483.695122,0.535598807825806,5727614.927994827,639720.0,0.0,0,0.0,0.0
2017-04-05,1135.81164377557,16257302,18465233243.38463,8639653607.739548,0.5321124031382166,9266808.19122656,753543.0,0.0,0,0.0,0.0
2017-04-06,1194.59645938048,16259139,19423110832.041416,8672991825.460224,0.5534705073528805,7952422.639698811,707107.0,0.0,0,0.0,0.0
2017-04-07,1191.73145108124,16261164,19378941517.77781,8704293728.296825,0.5508375047052131,20565698.113091316,729777.0,0.0,0,0.0,0.0
2017-04-08,1184.41772033898,16262877,19262040052.255524,8716169054.41479,0.5474950196983858,6677878.333150378,603135.0,0.0,0,0.0,0.0
2017-04-09,1213.63413980129,16264864,19739595194.832035,8737472511.691912,0.5573631361002052,5073967.734276714,666687.0,0.0,0,0.0,0.0
2017-04-10,1211.64987621274,16266702,19709547822.49357,8759579698.273521,0.5555666838649322,8277686.994174337,696001.0,0.0,0,0.0,0.0
2017-04-11,1229.78493290473,16268789,20007112566.858055,8786491578.668392,0.5608316017962889,6539323.615396158,762618.0,0.0,0,0.0,0.0
2017-04-12,1216.11436785506,16270564,19786867620.684895,8809266563.5557,0.5547922626041817,15745956.048352817,694225.0,0.0,0,0.0,0.0
2017-04-13,1172.5583396844,16272152,19080047878.47237,8813357411.21692,0.5380851522306266,4664357.065126348,616906.0,0.0,0,0.0,0.0
2017-04-14,1174.33323354763,16273889,19110969625.71614,8826738024.850355,0.5381323816781697,16134663.125739945,706227.0,0.0,0,0.0,0.0
2017-04-15,1175.56218901227,16275764,19133173690.615425,8834193733.019318,0.5382787050455526,4528168.124146475,694637.0,0.0,0,0.0,0.0
2017-04-16,1173.6913798948,16277589,19104866828.210884,8840163697.281609,0.5372821084401422,3620850.1831628354,596004.0,0.0,0,0.0,0.0
2017-04-17,1191.90120146113,16279314,19403334863.485786,8868606583.68634,0.54293390048245,10762738.325256227,608599.0,0.0,0,0.0,0.0
2017-04-18,1202.13145803624,16281139,19572070320.61964,8889893791.582905,0.5457867437653139,9654349.783297513,715618.0,0.0,0,0.0,0.0
2017-04-19,1209.56090888369,16282927,19695192338.593933,8906806872.815624,0.547767459200579,7599090.399167022,727714.0,0.0,0,0.0,0.0
2017-04-20,1235.80307451783,16284652,20124623373.989483,8933689140.954287,0.5560816729370035,6410454.885328053,691995.0,0.0,0,0.0,0.0
2017-04-21,1247.33607025132,16286739,20315038013.479233,8952145749.119892,0.5593340389921961,5034030.008968855,797402.0,0.0,0,0.0,0.0
2017-04-22,1243.55039257744,16288552,20255635601.342407,8961738004.506212,0.5575681661694047,3563367.348444295,695315.0,0.0,0,0.0,0.0
2017-04-23,1250.00148322618,16290464,20363105156.57282,8975788457.163704,0.5592131755865096,5147287.522386495,647988.0,0.0,0,0.0,0.0
2017-04-24,1257.23944225599,16292014,20482963594.47328,9001186707.993917,0.5605525212951792,10898170.686163455,611649.0,0.0,0,0.0,0.0
2017-04-25,1279.86471741672,16293864,20853942661.86692,9030453292.77254,0.5669666192529897,8955003.053120578,742833.0,0.0,0,0.0,0.0
2017-04-26,1296.48545745178,16295777,21127238281.233448,9059613994.681334,0.5711879672068328,8168949.50968519,771925.0,0.0,0,0.0,0.0
2017-04-27,1345.8899556692,16297614,21934796054.36427,9101417822.960163,0.5850694120700842,6259934.925004295,727280.0,0.0,0,0.0,0.0
2017-04-28,1347.98515552309,16299314,21971234389.266533,9150485533.158604,0.583524285844002,26430022.84160337,730815.0,0.0,0,0.0,0.0
2017-04-29,1357.71525341905,16301477,22132764377.09742,9175763928.109718,0.5854216955562663,8455163.343366906,837115.0,0.0,0,0.0,0.0
2017-04-30,1381.9563722969,16303364,22530538868.75015,9206355104.98172,0.5913832705638953,13811975.291676287,738971.0,0.0,0,0.0,0.0
2017-05-01,1436.9414880187,16305239,23429675533.96465,9277081297.63091,0.6040456777055038,34221243.22119118,716362.0,0.0,0,0.0,0.0
2017-05-02,1463.81906846873,16307214,23870811970.980164,9335962097.729458,0.6088963329324858,19714876.87965305,793141.0,0.0,0,0.0,0.0
2017-05-03,1519.40894447691,16308864,24779835044.24821,9395852080.999807,0.6208266897571325,11013152.699231045,693529.0,0.0,0,0.0,0.0
2017-05-04,1539.8300515488,16310964,25116113761.562325,9487757967.947027,0.6222441872170892,18076011.193815988,855571.0,0.0,0,0.0,0.0
2017-05-05,1529.85044301578,16312577,24955803601.948692,9558800076.640442,0.616970856594895,30989368.459206704,666647.0,0.0,0,0.0,0.0
2017-05-06,1573.28550961426,16314677,25667645382.73323,9608933648.968878,0.6256402367381598,7409637.556721052,877657.0,0.0,0,0.0,0.0
2017-05-07,1526.26777171245,16316764,24903752245.683506,9632631295.755844,0.6132056245690671,7765079.981283523,794082.0,0.0,0,0.0,0.0
2017-05-08,1685.08649631794,16319014,27498951464.778027,9750037222.491043,0.6454396730370117,17348017.54070808,894508.0,0.0,0,0.0,0.0
2017-05-09,1719.22801355932,16320952,28059438394.050476,9845441753.767138,0.6491219241275088,24305587.087483957,798779.0,0.0,0,0.0,0.0
2017-05-10,1782.499,16322802,29095378768.57559,9931241626.242737,0.6586660134162282,11022216.160353381,740818.0,0.0,0,0.0,0.0
2017-05-11,1835.48754821742,16324489,29963397750.281292,10049700855.651932,0.6646007592527591,36104394.86126792,708026.0,0.0,0,0.0,0.0
2017-05-12,1704.66164108708,16326414,27831013038.02987,10090262613.878048,0.6374453707419797,12682433.203322709,749974.0,0.0,0,0.0,0.0
2017-05-13,1779.84025669199,16328389,29061925484.639244,10143778883.446066,0.6509598481763506,8533295.792456605,796331.0,0.0,0,0.0,0.0
2017-05-14,1794.59355055523,16330439,29306501934.381523,10177312924.91581,0.6527284986893612,5153789.101387869,896627.0,0.0,0,0.0,0.0
2017-05-15,1736.88284611338,16332564,28367751625.99735,10220544112.119278,0.6397125776174394,13143594.281274416,829143.0,0.0,0,0.0,0.0
2017-05-16,1757.02694856809,16334214,28699655579.04726,10266694213.720757,0.6422711699294344,8312706.7551144725,662459.0,0.0,0,0.0,0.0
2017-05-17,1808.74606469901,16336152,29547951176.453293,10363122774.015556,0.6492777887668263,19104113.562498476,765222.0,0.0,0,0.0,0.0
2017-05-18,1894.24726455289,16337927,30948074087.59201,10431410404.369844,0.6629383019167548,8514872.75181701,744563.0,0.0,0,0.0,0.0
2017-05-19,1967.54554769141,16339977,32149649576.75246,10534720583.82959,0.6723223822804187,17976596.699621916,811091.0,0.0,0,0.0,0.0
2017-05-20,2048.11767799532,16342039,33470420599.26342,10626186059.278671,0.6825200917997272,11782400.013468303,854723.0,0.0,0,0.0,0.0
2017-05-21,2045.22249316189,16343877,33426865469.831936,10704529505.072966,0.6797626892436593,11429854.551082825,793969.0,0.0,0,0.0,0.0
2017-05-22,2078.94350002922,16345702,33981791540.233208,10875961220.962831,0.6799473857025435,31047361.691181764,775500.0,0.0,0,0.0,0.0
2017-05-23,2257.28836382233,16347802,36901703895.255806,11088260429.911522,0.6995190124178233,25758679.200740304,881824.0,0.0,0,0.0,0.0
2017-05-24,2415.00722665108,16349727,39484709571.93155,11297317917.702862,0.7138811950200142,37273497.05015339,814969.0,0.0,0,0.0,0.0
2017-05-25,2319.60137866745,16351764,37929576162.83108,11503557581.92876,0.6967127306526135,58005537.237767346,846813.0,0.0,0,0.0,0.0
2017-05-26,2279.4185836353,16353677,37276875937.68869,11623432021.377106,0.6881865304161591,18768569.04869917,822114.0,0.0,0,0.0,0.0
2017-05-27,2044.30049982466,16355777,33436123699.809074,11628188115.4047,0.6522267886133254,14323906.250165364,896081.0,0.0,0,0.0,0.0
2017-05-28,2225.7008666277,16357839,36407658208.563324,11706035778.574068,0.6784732566012519,11892588.833905661,860227.0,0.0,0,0.0,0.0
2017-05-29,2284.71579748685,16359727,37377327394.15595,11785759792.418932,0.6846815806776579,10578842.770904025,773589.0,0.0,0,0.0,0.0
2017-05-30,2167.26447790766,16361964,35460705089.636215,11834947529.676758,0.6662517708048717,16919237.46385173,851549.0,0.0,0,0.0,0.0
2017-05-31,2299.43261025716,16364014,37627949255.05073,11971136859.108688,0.6818551875371782,30871506.04137679,822814.0,0.0,0,0.0,0.0
2017-06-01,2399.88763194039,16366139,39276896477.35548,12108805651.491608,0.6917066586848897,17753974.528801095,841950.0,0.0,0,0.0,0.0
2017-06-02,2479.4238943308,16367964,40583123015.04,12216283571.47795,0.698981185677834,9169940.139088303,729203.0,0.0,0,0.0,0.0
2017-06-03,2549.55195151958,16370364,41737095510.95261,12328839515.018929,0.704607151885219,8788790.357088307,887650.0,0.0,0,0.0,0.0
2017-06-04,2524.99383354763,16372377,41340151711.1557,12411338240.24008,0.6997752130432829,11935853.516552582,738062.0,0.0,0,0.0,0.0
2017-06-05,2685.31891671537,16374427,43970559366.45807,12565555435.779314,0.7142279830680376,13238542.561254796,770564.0,0.0,0,0.0,0.0
2017-06-06,2871.34167735243,16376314,47021995193.19719,12752714074.171902,0.7287925784140934,14800787.81826719,805566.0,0.0,0,0.0,0.0
2017-06-07,2706.76000885447,16378377,44332336672.856636,12829483844.449656,0.7106066404953393,10033700.124247802,882022.0,0.0,0,0.0,0.0
2017-06-08,2802.56354681473,16380439,45907223451.10998,12965953090.308256,0.7175618101992889,12132060.165869854,824760.0,0.0,0,0.0,0.0
2017-06-09,2804.87226691993,16382327,45950335498.201225,13082517181.318483,0.7152900617704824,17299067.442152098,769003.0,0.0,0,0.0,0.0
2017-06-10,2916.3278597896,16384089,47781377527.33709,13258122715.225231,0.7225253142264499,39095903.85247272,705037.0,0.0,0,0.0,0.0
2017-06-11,2974.21455920514,16385914,48735226350.08557,13385227556.285069,0.7253479965367686,11700872.970290544,669902.0,0.0,0,0.0,0.0
2017-06-12,2665.43326995909,16387752,43680460187.74949,13520396605.458073,0.6904703717098207,70722815.37438162,725787.0,0.0,0,0.0,0.0
2017-06-13,2707.13782402104,16389514,44368675419.71764,13686478395.906136,0.691528352684971,77493375.0985643,771394.0,0.0,0,0.0,0.0
2017-06-14,2443.82445137347,16391264,40057373695.69901,13718740074.788193,0.6575227278002705,19287666.594751682,746993.0,0.0,0,0.0,0.0
2017-06-15,2409.886764173,16393177,39505700986.69242,13746642415.813215,0.6520339578218394,15869329.254447598,799480.0,0.0,0,0.0,0.0
2017-06-16,2476.35909538282,16395027,40599974961.77358,13836524866.28082,0.6591986847452878,27235323.04717035,732366.0,0.0,0,0.0,0.0
2017-06-17,2652.75536335476,16396839,43496804709.05923,13908998293.4226,0.6802294240586889,6845924.574437032,667832.0,0.0,0,0.0,0.0
2017-06-18,2508.21420742256,16398652,41131332669.66196,14006375179.55002,0.6594718850458989,22459045.24561389,631938.0,0.0,0,0.0,0.0
2017-06-19,2589.64221338399,16400539,42471530176.20109,14118898936.569689,0.667567924254323,15259099.999350434,733101.0,0.0,0,0.0,0.0
2017-06-20,2733.22655628288,16402264,44831105721.706375,14253966337.837248,0.6820518675956782,16187699.423037246,745150.0,0.0,0,0.0,0.0
2017-06-21,2639.26131420222,16404014,43294481646.84448,14312962401.018969,0.6694044631883895,10712656.327014295,758122.0,0.0,0,0.0,0.0
2017-06-22,2686.64751431911,16405752,44076473624.71127,14409409711.391376,0.6730816118802933,14597123.649608202,739260.0,0.0,0,0.0,0.0
2017-06-23,2685.87047101111,16407752,44069097385.61952,14474648547.650064,0.6715465165761851,8530375.201766241,715915.0,0.0,0,0.0,0.0
2017-06-24,2562.18914874342,16409577,42044440881.49216,14502584607.061932,0.6550653474512982,9731437.511841126,649570.0,0.0,0,0.0,0.0
2017-06-25,2497.72894137931,16411102,40990485162.91513,14516067876.360888,0.6458673807185418,6566117.114630003,538529.0,0.0,0,0.0,0.0
2017-06-26,2426.36505119813,16412877,39823631858.92688,14524379788.733152,0.635282391114276,9398240.659011465,707687.0,0.0,0,0.0,0.0
2017-06-27,2530.34553600234,16414514,41534394237.93971,14587163713.669577,0.6487931512831625,9306426.96479134,700142.0,0.0,0,0.0,0.0
2017-06-28,2562.79226420222,16416477,42072021017.854324,14660452062.453491,0.6515391533905167,13754722.437008549,749184.0,0.0,0,0.0,0.0
2017-06-29,2540.44303161894,16417977,41708936013.13089,14721162129.797125,0.6470501638986288,10089937.25457347,624172.0,0.0,0,0.0,0.0
2017-06-30,2452.71206428989,16419902,40273292454.15131,14786068503.387203,0.6328567245844069,17462057.83967663,727419.0,0.0,0,0.0,0.0
2017-07-01,2412.3662131502,16421952,39615762871.153725,14802535501.089931,0.6263473317620138,7936224.405648709,647826.0,0.0,0,0.0,0.0
2017-07-02,2518.8721873758,16424302,41370718248.69164,14857356337.19422,0.640872651814207,11035877.774937302,608987.0,0.0,0,0.0,0.0
2017-07-03,2551.92743173583,16426427,41919050420.29833,14935481482.684092,0.6437065884619388,17134755.414350137,672266.0,0.0,0,0.0,0.0
2017-07-04,2599.74474991233,16428339,42709490132.6152,14992335147.89928,0.6489694655368796,11066043.616186444,722198.0,0.0,0,0.0,0.0
2017-07-05,2608.10489117475,16430202,42851690969.37077,15077621049.291405,0.64814408234045,20609821.160587523,658038.0,0.0,0,0.0,0.0
2017-07-06,2603.19547369959,16431977,42775648919.06762,15123469013.587742,0.646446765957855,9459901.041074421,629689.0,0.0,0,0.0,0.0
2017-07-07,2495.78092220923,16433827,41015232642.49894,15185410834.840698,0.6297616798324347,13615377.56372204,741975.0,0.0,0,0.0,0.0
2017-07-08,2553.4941581239,16435889,41968948575.87484,15224661478.57439,0.6372398643475659,7988255.729213088,645699.0,0.0,0,0.0,0.0
2017-07-09,2506.17321355932,16437614,41195509894.79515,15238909158.150002,0.6300832494350225,9495934.281124271,553222.0,0.0,0,0.0,0.0
2017-07-10,2319.36689736996,16440077,38130571068.92962,15210044965.611864,0.6011062898031013,7506021.409035124,775806.0,0.0,0,0.0,0.0
2017-07-11,2319.16744061952,16442239,38132307184.125656,15227646784.92888,0.6006628523314714,11675376.926429428,775097.0,0.0,0,0.0,0.0
2017-07-12,2374.88626645237,16444452,39053703915.446625,15249316077.08824,0.6095295823898335,8263370.18468983,754350.0,0.0,0,0.0,0.0
2017-07-13,2343.73834824664,16446414,38546093046.92293,15275603384.741705,0.6037055333689355,10768045.077365655,684759.0,0.0,0,0.0,0.0
2017-07-14,2214.82523728814,16448152,36429782810.39629,15269275249.909197,0.5808573625217534,13631011.276451094,643748.0,0.0,0,0.0,0.0
2017-07-15,1989.63319023963,16449739,32728948267.540825,15209082399.168669,0.5353018289850643,8706978.75759515,639499.0,0.0,0,0.0,0.0
2017-07-16,1910.74954161309,16451777,31435225925.721157,15166224685.854689,0.5175404585387353,7840118.392433784,613820.0,0.0,0,0.0,0.0
2017-07-17,2215.74629614261,16453627,36457063737.678925,15272293191.716827,0.5810882274665284,29641566.36026529,696719.0,0.0,0,0.0,0.0
2017-07-18,2303.7611458796,16455689,37909978779.06685,15326918895.09726,0.5957022560096898,9794940.89945445,815536.0,0.0,0,0.0,0.0
2017-07-19,2257.06523588545,16457552,37145769153.49556,15357889389.26142,0.5865507771343003,10122899.545576198,721931.0,0.0,0,0.0,0.0
2017-07-20,2823.89792635885,16459577,46480166192.9498,15594747335.83015,0.6644859815885169,13801681.15392435,661660.0,0.0,0,0.0,0.0
2017-07-21,2666.1397182934,16461502,43888665092.28573,15654382284.269545,0.6433160532143617,10780164.642194742,754513.0,0.0,0,0.0,0.0
2017-07-22,2829.75405496786,16463502,46587662379.10679,15757572649.77125,0.6617651145158538,8846244.681826025,653793.0,0.0,0,0.0,0.0
2017-07-23,2753.24386493279,16465652,45333956164.15994,15806348869.096537,0.6513353299266501,6044401.467948739,538475.0,0.0,0,0.0,0.0
2017-07-24,2755.1595242256,16467877,45371628973.933014,15880563877.976591,0.6499891179331401,14138840.184539108,680066.0,0.0,0,0.0,0.0
2017-07-25,2558.69299894798,16469727,42140975925.074646,16012896985.06629,0.6200159907654552,90203598.91070129,703420.0,0.0,0,0.0,0.0
2017-07-26,2522.32464628872,16471564,41546633846.13477,16053009507.178429,0.6136146777467052,11350497.38824116,671131.0,0.0,0,0.0,0.0
2017-07-27,2665.14754649328,16473489,43904280910.13431,16207639932.551165,0.6308414670148943,24338031.656871736,689863.0,0.0,0,0.0,0.0
2017-07-28,2793.83348486265,16475364,46029425840.44525,16540930236.044077,0.6406444370307602,61503051.17903616,689043.0,0.0,0,0.0,0.0
2017-07-29,2706.4507654588,16477327,44595075071.08842,16823302845.824278,0.6227542431758109,115279028.11632255,650841.0,0.0,0,0.0,0.0
2017-07-30,2749.3845277031,16479164,45307560717.67613,17196581043.011246,0.620447872924171,58930857.77489213,574465.0,0.0,0,0.0,0.0
2017-07-31,2862.61129088252,16480977,47178631690.31328,17704777824.641857,0.6247288827522948,200770260.58789536,710263.0,0.0,0,0.0,0.0
2017-08-01,2727.38918199883,16482839,44955118946.32964,17890666811.108505,0.6020327110586104,33915580.82047552,480718.0,0.0,0,0.0,0.0
2017-08-02,2690.14567197545,16484739,44346351413.976265,18045290293.94004,0.5930828643491771,37971466.95817214,595251.0,0.0,0,0.0,0.0
2017-08-03,2789.74631244886,16486464,45993054368.01494,18269493449.51069,0.6027771214469312,51589388.37273721,599416.0,0.0,0,0.0,0.0
2017-08-04,2860.27284324956,16488702,47162187395.68232,18656041200.20188,0.6044279913550016,99821035.49394484,669245.0,0.0,0,0.0,0.0
2017-08-05,3237.42336329632,16490914,53388072840.443405,19030392917.783367,0.6435459849869847,57867777.19627815,662041.0,0.0,0,0.0,0.0
2017-08-06,3230.11670894214,16492664,53273232130.29054,19419803473.088013,0.6354678945404904,64882811.22649941,542263.0,0.0,0,0.0,0.0
2017-08-07,3392.56241864407,16494577,55958883043.465256,19851653495.68684,0.6452457158541325,31765947.564858787,686863.0,0.0,0,0.0,0.0
2017-08-08,3425.67661659848,16496627,56512110378.26026,20203713738.75072,0.6424887762371917,39489496.09384422,793854.0,0.0,0,0.0,0.0
2017-08-09,3347.21543161894,16498352,55223539399.1245,20435354796.75,0.6299520997910906,29084276.8009696,710244.0,0.0,0,0.0,0.0
2017-08-10,3437.03215546464,16500027,56711124380.00121,20633345594.78718,0.6361675805168239,16155450.88978804,736580.0,0.0,0,0.0,0.0
2017-08-11,3660.52053728813,16501827,60405277717.23905,20861507391.799877,0.6546409820437559,15671673.063226692,741177.0,0.0,0,0.0,0.0
2017-08-12,3871.08240619521,16503514,63886465764.4804,21155727068.2848,0.6688543212536424,23689090.4577004,697206.0,0.0,0,0.0,0.0
2017-08-13,4063.80105271771,16505364,67074518830.64281,21445469380.418427,0.6802739735701074,22520941.85578238,709669.0,0.0,0,0.0,0.0
2017-08-14,4304.60393120982,16506989,71056053165.30237,21832724767.675816,0.6927394107172699,18044201.08074124,692112.0,0.0,0,0.0,0.0
2017-08-15,4160.0305458796,16508889,68677485827.021164,22047592439.84428,0.6789691385124984,16222024.874626668,825388.0,0.0,0,0.0,0.0
2017-08-16,4364.67857463472,16510514,72063090183.24925,22321012431.499844,0.6902573512357055,12993340.341305133,691449.0,0.0,0,0.0,0.0
2017-08-17,4308.51686142607,16512752,71145471692.8657,22638210841.34958,0.6818039110194039,20424318.440100316,879054.0,0.0,0,0.0,0.0
2017-08-18,4108.50716218586,16514614,67850413167.2436,22805619871.54052,0.6638838467301998,26650052.423952203,763319.0,0.0,0,0.0,0.0
2017-08-19,4160.33245686733,16516502,68714140573.07349,23080969676.49335,0.6641016029015443,29658243.3564182,721040.0,0.0,0,0.0,0.0
2017-08-20,4085.8103943308,16518127,67489936198.02896,23361488236.357086,0.6538522696508438,35980182.84099504,621899.0,0.0,0,0.0,0.0
2017-08-21,3992.62603524255,16519564,65956444492.60367,23485229924.60293,0.6439281998101557,15773138.48316804,637529.0,0.0,0,0.0,0.0
2017-08-22,4074.33046125073,16520677,67310698744.74699,23687685301.1068,0.6480843945635697,26785075.2300813,532361.0,0.0,0,0.0,0.0
2017-08-23,4146.9153452367,16522664,68518092183.84172,23918359965.79479,0.6509190608865882,30697022.722471464,846627.0,0.0,0,0.0,0.0
2017-08-24,4325.81642799532,16523927,71479476149.0194,24088502988.92272,0.663001125823819,14092608.695361903,550862.0,0.0,0,0.0,0.0
2017-08-25,4353.13177255991,16525189,71936328745.51367,24244050380.356987,0.6629790426736369,14394759.223433081,580873.0,0.0,0,0.0,0.0
2017-08-26,4341.97871677382,16526502,71757721228.91672,24383161209.786137,0.6602015672710594,13414801.620808346,620766.0,0.0,0,0.0,0.0
2017-08-27,4344.90344476914,16528439,71814475003.26874,24504068866.71429,0.6587864930350189,13884074.567445781,767729.0,0.0,0,0.0,0.0
2017-08-28,4379.76392068966,16530052,72397726650.07875,24681631057.32039,0.6590827889304512,12427624.065046174,657289.0,0.0,0,0.0,0.0
2017-08-29,4600.45683097604,16531914,76054360349.16278,25021564006.98413,0.6710042147207465,27904102.833827134,802531.0,0.0,0,0.0,0.0
2017-08-30,4586.63273670368,16534014,75835453529.277,25224665151.77201,0.6673763526444292,21254243.18587546,804606.0,0.0,0,0.0,0.0
2017-08-31,4740.35621770894,16536052,78386778314.39691,25558564233.69291,0.6739429176285117,20946172.13118133,802344.0,0.0,0,0.0,0.0
2017-09-01,4918.16624488603,16538227,81337751234.00905,25889420987.074776,0.6817047361858972,18123850.514072794,787643.0,0.0,0,0.0,0.0
2017-09-02,4595.02001782583,16540277,76002905272.30461,26035756326.87222,0.6574373540907307,13686554.92862511,700573.0,0.0,0,0.0,0.0
2017-09-03,4625.296314436,16542202,76512587309.11693,26163350681.21523,0.6580516801044355,14709055.189193754,590837.0,0.0,0,0.0,0.0
2017-09-04,4374.75349649328,16544389,72377627104.34692,26304608579.570374,0.63656436896381,18767535.052725084,758033.0,0.0,0,0.0,0.0
2017-09-05,4454.05253769725,16546852,73700549456.79323,26444550094.727505,0.6411892409264797,12118727.632453952,789687.0,0.0,0,0.0,0.0
2017-09-06,4607.51652980713,16548877,76249225687.85571,26645488431.21853,0.6505474227332071,13830253.094698966,780742.0,0.0,0,0.0,0.0
2017-09-07,4635.11187580362,16551077,76716094928.79982,26961068479.389305,0.6485604682509992,15012341.953175439,773169.0,0.0,0,0.0,0.0
2017-09-08,4345.45765634132,16553264,71931511242.19205,26983914922.66117,0.6248665646435978,7023531.953403701,831233.0,0.0,0,0.0,0.0
2017-09-09,4335.593449737,16555377,71777385359.43774,27030710040.21421,0.6234091015595897,7285308.544135435,631540.0,0.0,0,0.0,0.0
2017-09-10,4261.84352104033,16557102,70563779144.43652,27156548641.852745,0.6151488912425426,10396491.996362396,562566.0,0.0,0,0.0,0.0
2017-09-11,4212.54757334892,16559277,69756743386.73799,27205867369.45249,0.6099894282819285,11583841.492140636,740040.0,0.0,0,0.0,0.0
2017-09-12,4164.31943424898,16561627,68967906408.61615,27253524591.314808,0.604837583007884,8099683.755361507,715983.0,0.0,0,0.0,0.0
2017-09-13,3887.11858679135,16564002,64386241193.72455,27194376976.09862,0.5776368293611596,12460414.279840937,723605.0,0.0,0,0.0,0.0
2017-09-14,3247.4687390415,16566177,53798142891.91361,26970499358.33096,0.49867229780556444,14680302.058870884,778850.0,0.0,0,0.0,0.0
2017-09-15,3699.22294389246,16568427,61290306394.996735,27090056803.632706,0.5580042196388151,26397212.741334748,839597.0,0.0,0,0.0,0.0
2017-09-16,3711.23435067212,16570539,61497156497.50563,27146315036.15352,0.5585760938840385,11740586.71165419,651464.0,0.0,0,0.0,0.0
2017-09-17,3711.85620397428,16572739,61515627026.044655,27168187497.07771,0.5583530752994655,7854331.746820871,592822.0,0.0,0,0.0,0.0
2017-09-18,4080.42844301578,16574327,67630356519.60471,27284959481.55989,0.5965575092946536,7162800.758603709,677054.0,0.0,0,0.0,0.0
2017-09-19,3925.73619023963,16576277,65074091677.61613,27332077919.38349,0.579985256578156,10032697.479985714,793723.0,0.0,0,0.0,0.0
2017-09-20,3895.777078609,16577739,64583178709.68335,27374181694.862022,0.5761406879968631,9002411.82087236,625110.0,0.0,0,0.0,0.0
2017-09-21,3617.24346580947,16579939,59973678888.07201,27351278863.674767,0.543945287820011,11587725.130732063,699465.0,0.0,0,0.0,0.0
2017-09-22,3619.2137182934,16581677,60012633939.47265,27386445582.15177,0.5436553308129567,19125538.21786498,653300.0,0.0,0,0.0,0.0
2017-09-23,3775.60059409702,16583752,62613625018.50156,27436988492.317142,0.5618048230842753,5778925.6456126515,572873.0,0.0,0,0.0,0.0
2017-09-24,3676.89694418469,16585564,60983412513.42457,27445229668.691296,0.5499558234355999,3770440.7939925487,536331.0,0.0,0,0.0,0.0
2017-09-25,3918.73807130333,16587127,65000607225.65615,27748665766.576355,0.5731014378028182,89208550.40920836,661988.0,0.0,0,0.0,0.0
2017-09-26,3890.09093687902,16588852,64532143967.180595,27814254570.9352,0.5689860453872286,21245529.31850494,734012.0,0.0,0,0.0,0.0
2017-09-27,4207.78748538866,16590689,69810096894.63878,27959560435.97736,0.5994911670417038,7914043.43174424,696326.0,0.0,0,0.0,0.0
2017-09-28,4187.76979631794,16592902,69487255065.522,28079448751.068027,0.595905051586929,10758759.322890507,764660.0,0.0,0,0.0,0.0
2017-09-29,4155.01011981298,16595014,68952454412.9276,28151227093.409847,0.591729876288031,8732274.409895953,749352.0,0.0,0,0.0,0.0
2017-09-30,4334.54461250731,16596739,71939309064.9137,28302740119.962708,0.6065747574191459,15393079.529933136,632166.0,0.0,0,0.0,0.0
2017-10-01,4382.08689801286,16598364,72735476897.93256,28393090910.884155,0.6096390355599469,9514147.174744394,627850.0,0.0,0,0.0,0.0
2017-10-02,4386.8757150789,16600239,72823188822.49843,28546399102.6192,0.608003994823694,18428486.82833206,818801.0,0.0,0,0.0,0.0
2017-10-03,4306.56464202221,16602527,71499857018.15796,28633542961.718197,0.5995300668301129,11158818.915180916,789978.0,0.0,0,0.0,0.0
2017-10-04,4216.68482144944,16604202,70014687790.8776,28689370765.515545,0.5902378247946203,8372998.176827803,642442.0,0.0,0,0.0,0.0
2017-10-05,4319.42091583869,16605764,71727287780.32698,28892938450.962505,0.5971834521409699,46149585.80422012,731057.0,0.0,0,0.0,0.0
2017-10-06,4365.91571040327,16607752,72508046660.54672,28989374890.459297,0.6001909274128456,10831433.87489012,823151.0,0.0,0,0.0,0.0
2017-10-07,4438.85593308007,16609727,73728186551.59505,29079506847.169125,0.6055849437335711,10480917.398413666,675358.0,0.0,0,0.0,0.0
2017-10-08,4600.73979661017,16612002,76427500061.37724,29224308894.51091,0.6176205047784958,21393762.64060056,693183.0,0.0,0,0.0,0.0
2017-10-09,4777.53465692577,16614014,79374031475.23473,29512259838.35315,0.6281874652220332,28125608.803258374,804357.0,0.0,0,0.0,0.0
2017-10-10,4741.07791496201,16616014,78777820780.69022,29711828986.69855,0.6228401764322298,14737565.690934518,830235.0,0.0,0,0.0,0.0
2017-10-11,4814.96711805962,16617752,80013930877.94083,29833480989.1423,0.6271464148580264,8319519.880433969,785192.0,0.0,0,0.0,0.0
2017-10-12,5393.66898275862,16619664,89640970510.26794,30148700164.664925,0.6636727604236331,13235492.117120644,787273.0,0.0,0,0.0,0.0
2017-10-13,5614.07751461134,16621364,93313630359.45973,30580871808.30894,0.672278618991606,25839695.023857135,822103.0,0.0,0,0.0,0.0
2017-10-14,5785.73831502046,16623127,96177064507.89352,30815110673.020267,0.6796002162190011,10243902.968101595,802721.0,0.0,0,0.0,0.0
2017-10-15,5689.86505961426,16625564,94597220225.14403,31010994698.58712,0.6721785838444292,23280783.99671068,830849.0,0.0,0,0.0,0.0
2017-10-16,5756.14881180596,16627739,95711744665.74858,31300296154.759155,0.6729732984800528,35446862.943191245,854172.0,0.0,0,0.0,0.0
2017-10-17,5590.41632437171,16629789,92967448342.52863,31513832338.54872,0.6610229397451097,18160081.33039844,878775.0,0.0,0,0.0,0.0
2017-10-18,5583.8704257744,16631677,92869130980.26263,31683425844.19172,0.6588379205257626,10461933.310833076,822778.0,0.0,0,0.0,0.0
2017-10-19,5708.31299094097,16633902,94951520562.3175,31987695802.133354,0.6631154971221387,38465977.450293824,914741.0,0.0,0,0.0,0.0
2017-10-20,6000.88313033314,16636139,99831530651.49399,32227925660.68792,0.6771768853951191,10090185.686915739,854048.0,0.0,0,0.0,0.0
2017-10-21,6030.20789275278,16638052,100330914271.16605,32415114055.59241,0.6769179839427802,7986093.695129718,809071.0,0.0,0,0.0,0.0
2017-10-22,5996.59813880772,16640327,99785355688.16167,32726662323.21108,0.6720294065445347,25117977.279587053,985562.0,0.0,0,0.0,0.0
2017-10-23,5888.25001665693,16642464,97994993608.15173,33321849573.774864,0.6599637558320839,31271189.29592349,881597.0,0.0,0,0.0,0.0
2017-10-24,5517.77535330216,16644552,91840900421.76848,33516242322.03888,0.6350619150278416,19591894.051885057,962660.0,0.0,0,0.0,0.0
2017-10-25,5736.01780157802,16646864,95486712806.31702,33719917753.79015,0.6468627229613944,22984674.21341015,926100.0,0.0,0,0.0,0.0
2017-10-26,5900.31772910579,16649114,98235067200.64027,33889552607.773823,0.6550157334492775,8281054.898992763,738100.0,0.0,0,0.0,0.0
2017-10-27,5771.94504617183,16650414,96105279194.45183,34046198226.444218,0.6457406033069439,8992419.049286794,675820.0,0.0,0,0.0,0.0
2017-10-28,5762.38857685564,16651477,95952282554.2216,34132459594.81395,0.6442767312437193,5818041.578379676,557169.0,0.0,0,0.0,0.0
2017-10-29,6174.72884482758,16653402,102830243517.32156,34354566717.95929,0.665909896321773,10332486.527761182,924880.0,0.0,0,0.0,0.0
2017-10-30,6119.25638398597,16655239,101917682444.2214,34588382615.30097,0.660624321650653,12920808.746019838,895467.0,0.0,0,0.0,0.0
2017-10-31,6428.51463705435,16656964,107079541995.50049,34862992430.73952,0.6744196717594807,13126368.389098857,833766.0,0.0,0,0.0,0.0
2017-11-01,6726.41183459965,16658914,112054721630.70927,35314915940.197495,0.6848422322034556,36226770.81775695,967652.0,0.0,0,0.0,0.0
2017-11-02,7043.77793892461,16660789,117354903605.21132,35905773902.785324,0.694041128238029,18808023.242511533,922066.0,0.0,0,0.0,0.0
2017-11-03,7198.63211075394,16662277,119945604376.25017,36311145355.81871,0.6972698954276269,19208350.20265934,821734.0,0.0,0,0.0,0.0
2017-11-04,7420.498078609,16663902,123654454964.41957,36644842727.62459,0.7036512535017941,10004772.892216533,805930.0,0.0,0,0.0,0.0
2017-11-05,7371.13902980713,16665664,122844932230.33618,37005750273.19444,0.6987604649102815,38371573.131226934,808766.0,0.0,0,0.0,0.0
2017-11-06,6985.26384395091,16667327,116425678731.17197,37215781680.583145,0.6803473075169718,9245588.043843238,829426.0,0.0,0,0.0,0.0
2017-11-07,7118.20254383402,16669277,118655292047.29622,37545582422.41313,0.6835743119873036,17582854.533199225,947188.0,0.0,0,0.0,0.0
2017-11-08,7451.21278667446,16671077,124219744310.39552,37887428500.63665,0.6949967276863411,16908990.489670984,866204.0,0.0,0,0.0,0.0
2017-11-09,7117.73804967855,16672989,118673973867.92607,38249748085.254265,0.6776905092280558,15332716.457759382,949958.0,0.0,0,0.0,0.0
2017-11-10,6620.56733635301,16674489,110394582489.13066,38467944446.295845,0.6515413747763993,24458344.41575674,798484.0,0.0,0,0.0,0.0
2017-11-11,6346.72144915254,16675489,105834688758.97005,38683023148.42896,0.6344958009322782,39678359.788415395,580285.0,0.0,0,0.0,0.0
2017-11-12,5829.09782758621,16676489,97208890437.56082,39355759667.21767,0.5951423836845804,186327935.85194677,600267.0,0.0,0,0.0,0.0
2017-11-13,6519.44517212157,16678239,108732869912.97008,39865763006.33153,0.6333605188730865,33208725.845482685,922985.0,0.0,0,0.0,0.0
2017-11-14,6592.37439713618,16679839,109959748814.88472,40116408254.92323,0.6351718816449964,19826624.432116706,820592.0,0.0,0,0.0,0.0
2017-11-15,7257.37321215664,16681739,121065611522.59503,40682448233.11925,0.6639636332607423,19496812.676671576,954914.0,0.0,0,0.0,0.0
2017-11-16,7833.7044333723,16683639,130694703029.24695,41380908832.94392,0.6833773070077396,35643575.21958263,907558.0,0.0,0,0.0,0.0
2017-11-17,7729.03327001753,16685727,128964541399.83188,42071032493.26433,0.6737782956725252,25368818.69967825,996202.0,0.0,0,0.0,0.0
2017-11-18,7796.15424108708,16687427,130097757081.10411,42412999172.62955,0.6739913114244629,14777061.075684898,853526.0,0.0,0,0.0,0.0
2017-11-19,8018.32068848626,16689427,133821180160.91052,42789447164.9177,0.6802490673489323,11571787.501071353,912452.0,0.0,0,0.0,0.0
2017-11-20,8269.87425745178,16691614,138037555510.9726,43350060434.86903,0.6859545920354759,31428391.357494194,993656.0,0.0,0,0.0,0.0
2017-11-21,8091.99808357686,16693777,135086013881.24593,43893863873.038376,0.6750672951855293,18492661.911703467,1002109.0,0.0,0,0.0,0.0
2017-11-22,8249.59733021625,16695627,137732202361.6122,44237496986.80547,0.6788151483219508,9623668.703204839,875893.0,0.0,0,0.0,0.0
2017-11-23,8071.66982144945,16697589,134777431641.68468,44503001152.71744,0.6698037600906968,12124411.206139687,964637.0,0.0,0,0.0,0.0
2017-11-24,8232.42233313851,16699452,137476944027.02863,45085975798.727554,0.6720470030970179,25931015.53221598,917417.0,0.0,0,0.0,0.0
2017-11-25,8760.1654421391,16701402,146307047222.5707,45755642848.589325,0.6872628918620495,18133565.163595576,945305.0,0.0,0,0.0,0.0
2017-11-26,9319.90331472823,16703314,155673278927.68793,46488851638.64561,0.7013690984164327,24826620.36347745,942276.0,0.0,0,0.0,0.0
2017-11-27,9730.72857948568,16705439,162556100449.02646,47364116110.907295,0.7086291072431361,19158685.59200537,1064910.0,0.0,0,0.0,0.0
2017-11-28,9932.19418001169,16707389,165941039688.0892,48464072676.59442,0.7079440217580303,25554682.30185113,1030380.0,0.0,0,0.0,0.0
2017-11-29,9800.02755172414,16709552,163754072870.93182,49376796878.92816,0.6984698089442568,25269774.66707828,1136368.0,0.0,0,0.0,0.0
2017-11-30,9996.71497194623,16711639,167061499747.46475,50021643731.71354,0.7005794644048583,16313792.77295796,1089783.0,0.0,0,0.0,0.0
2017-12-01,10808.9583325541,16713927,180660143708.25452,50854259089.82758,0.718508697901008,18148970.28334383,1149323.0,0.0,0,0.0,0.0
2017-12-02,10934.8599856809,16715939,182786461190.6953,51567618727.6861,0.7178805345222629,15486686.081068113,965635.0,0.0,0,0.0,0.0
2017-12-03,11213.9426554646,16718139,187476260970.5537,52088176332.9874,0.7221612162343651,13493173.819454245,1032301.0,0.0,0,0.0,0.0
2017-12-04,11562.1285669199,16720402,193323441028.90063,52916675986.00895,0.7262790497397663,15595176.977011973,1154127.0,0.0,0,0.0,0.0
2017-12-05,11736.7540672122,16722627,196269363922.60574,53730461062.67496,0.7262412228336241,15378061.239093656,1162240.0,0.0,0,0.0,0.0
2017-12-06,13992.1323372297,16724977,234018095653.02313,55548609199.30711,0.7626311373729464,21905287.34266169,1243969.0,0.0,0,0.0,0.0
2017-12-07,17032.2933763881,16726877,284897081364.42334,60364173210.05797,0.7881193695598315,87497043.42218983,1074279.0,0.0,0,0.0,0.0
2017-12-08,16298.4873386908,16728827,272654579863.61948,62725946859.434494,0.7699435421520897,34290201.926217124,1129057.0,0.0,0,0.0,0.0
2017-12-09,15050.0219541204,16731002,251801951858.7291,63519284826.91093,0.7477410943083247,16118888.946127307,1192760.0,0.0,0,0.0,0.0
2017-12-10,15474.9995432496,16733052,258943976626.96515,64613722125.21599,0.7504721949246242,19435873.41418336,1081862.0,0.0,0,0.0,0.0
2017-12-11,16873.4977849211,16735189,282381187941.2571,66316358450.38088,0.7651530580564861,15936900.69190036,1157674.0,0.0,0,0.0,0.0
2017-12-12,17433.9307381648,16737139,291794135946.27124,68836475223.52986,0.7640923283112007,42324910.49494085,1101614.0,0.0,0,0.0,0.0
2017-12-13,16515.15257218,16739464,276454815071.0431,70222685890.5915,0.7459885592061555,21590091.62307158,1266283.0,0.0,0,0.0,0.0
2017-12-14,16602.8928033314,16741777,277961933771.1413,71277023712.66142,0.7435727160707298,17379854.21861534,1289172.0,0.0,0,0.0,0.0
2017-12-15,17702.0021721216,16743889,296400373526.181,72698149701.89696,0.7547298984915903,20169390.7326616,1186307.0,0.0,0,0.0,0.0
2017-12-16,19640.5138834015,16746027,328900581585.1776,74225171943.12772,0.774323378859988,11121656.488006072,1143000.0,0.0,0,0.0,0.0
2017-12-17,19250.467650789,16748339,322413373433.8618,75846320453.87614,0.7647544217968524,42081249.11984595,1182591.0,0.0,0,0.0,0.0
2017-12-18,18982.0250242548,16750614,317960589216.05414,76999307361.8998,0.7578338008753067,16163496.715624228,1204506.0,0.0,0,0.0,0.0
2017-12-19,17653.3260894214,16752364,295734958500.3898,77697687626.70155,0.7372725631738287,14535149.957651423,1054026.0,0.0,0,0.0,0.0
2017-12-20,16453.6272603741,16754064,275665137238.03674,78933779505.31293,0.7136606380619192,48257378.019534975,1030900.0,0.0,0,0.0,0.0
2017-12-21,15633.8336504968,16755714,261956057804.90213,79325611441.53372,0.6971797021750369,13400647.347053818,1006303.0,0.0,0,0.0,0.0
2017-12-22,14305.7183436587,16757652,239730253837.54025,79636525599.34013,0.667807778432054,29780743.56938607,1118979.0,0.0,0,0.0,0.0
2017-12-23,14910.8581049094,16759389,249896883162.59814,80092757649.3146,0.6794967722858657,16521772.923902841,989778.0,0.0,0,0.0,0.0
2017-12-24,14026.3468661601,16761289,235099664593.1199,80374805725.33408,0.6581245410773495,13585848.513556946,1028472.0,0.0,0,0.0,0.0
2017-12-25,14080.9422600818,16762977,236038515402.194,80547611133.87627,0.6587522549164129,10750417.18648144,884229.0,0.0,0,0.0,0.0
2017-12-26,15727.1454792519,16764752,263661698271.8193,81429810978.83025,0.6911579819421438,16169255.60152585,917770.0,0.0,0,0.0,0.0
2017-12-27,15389.0005739334,16766702,258022791245.35583,82405514294.07118,0.6806269946296677,19102112.632163472,1036878.0,0.0,0,0.0,0.0
2017-12-28,14289.4522095266,16768564,239613605264.80228,82607923378.30338,0.6552452717072909,10741602.739645189,1008308.0,0.0,0,0.0,0.0
2017-12-29,14571.7460821157,16770627,244377322584.92337,83094904303.11888,0.6599729327411604,16947559.811319113,1100149.0,0.0,0,0.0,0.0
2017-12-30,12948.7158828171,16772452,217181719429.95474,83455765563.95627,0.6157330102045152,27179477.231851455,1014272.0,0.0,0,0.0,0.0
2017-12-31,13921.4806414378,16774489,233525734955.27725,83830500798.84482,0.6410224302906089,25143283.25676399,1011390.0,0.0,0,0.0,0.0
2018-01-01,13464.6536116306,16776439,225888950680.10144,83841389786.13982,0.6288380218080077,9793264.11745359,971215.0,0.0,0,0.0,0.0
2018-01-02,14754.322204851,16778577,247556535553.86676,84625023540.48868,0.6581587985501809,23364697.495521978,1147833.0,0.0,0,0.0,0.0
2018-01-03,15010.2861595558,16780539,251880704239.28027,85096965858.21887,0.6621536924981005,12050192.289775316,1138158.0,0.0,0,0.0,0.0
2018-01-04,15070.3007986558,16782639,252919429910.67563,85867140461.66896,0.6604960698670128,14435982.355650451,1261665.0,0.0,0,0.0,0.0
2018-01-05,16997.2274079486,16784427,285288727650.3962,87465181144.41405,0.6934152223091083,25612780.563070238,1074215.0,0.0,0,0.0,0.0
2018-01-06,17103.589279661,16786527,287109868290.6322,88450203020.79143,0.6919290738859031,14919521.132757785,1178753.0,0.0,0,0.0,0.0
2018-01-07,16231.6949994155,16788552,272506660339.04892,89569238354.96355,0.6713135809468922,89474815.49995877,1133382.0,0.0,0,0.0,0.0
2018-01-08,14937.4150894214,16790627,250808569521.66714,89538737591.55699,0.6429996879200661,8567107.48655985,1165435.0,0.0,0,0.0,0.0
2018-01-09,14378.5862174167,16792677,241454958311.72894,89772043450.46451,0.628203769025257,12455061.469501996,1156809.0,0.0,0,0.0,0.0
2018-01-10,14669.0882656341,16794752,246363703819.21866,90150317266.4161,0.634076303169365,11236288.343028275,1131299.0,0.0,0,0.0,0.0
2018-01-11,13186.7549427236,16797164,221500095888.167,90194644392.92676,0.5928008787930048,19754399.264322717,1230730.0,0.0,0,0.0,0.0
2018-01-12,13789.4436639392,16799389,231654239170.8464,90591060671.88568,0.6089384722846611,20908685.33085299,1158813.0,0.0,0,0.0,0.0
2018-01-13,14231.2250645821,16801252,239102402781.24292,90884921881.19048,0.6198912230742324,10122228.310035506,948768.0,0.0,0,0.0,0.0
2018-01-14,13681.0654611338,16803189,229885539545.3567,91024672867.97264,0.6040435033539229,10943843.334807402,972482.0,0.0,0,0.0,0.0
2018-01-15,13591.6961966686,16805064,228409335263.0503,91089359510.4295,0.6012012407219461,7509997.572126788,959309.0,0.0,0,0.0,0.0
2018-01-16,11431.0401052016,16807052,192122088837.7965,90630631674.23366,0.5282654263105028,17728824.726295047,1006185.0,0.0,0,0.0,0.0
2018-01-17,11159.6085905903,16809139,187583420860.06473,90481533782.115,0.5176464243627731,26766621.84086083,1097693.0,0.0,0,0.0,0.0
2018-01-18,11246.0397302747,16811302,189060573530.60364,90337688578.37346,0.5221759519112519,8505464.129498383,1060979.0,0.0,0,0.0,0.0
2018-01-19,11440.2555616598,16813364,192349190109.64752,90355077059.15591,0.5302549649018562,11279615.110744748,1033373.0,0.0,0,0.0,14189.9354
2018-01-20,12768.4045856224,16815589,214708253852.25555,90603756631.27112,0.5780145615938123,8958317.331673905,979253.0,0.0,0,0.0,16665.43779
2018-01-21,11422.3942589129,16817927,192100996184.65088,90387481139.1445,0.5294793731716911,8160368.134792885,991753.0,0.0,0,0.0,17442.47445
2018-01-22,10737.3505774401,16820014,180602395574.867,90222066027.04608,0.5004381545446036,16152437.805700064,951619.0,0.0,0,0.0,18587.59044
2018-01-23,10849.3918793103,16822227,182510936209.5414,90055865792.27792,0.5065727694866214,11170051.38869811,937623.0,0.0,0,0.0,24826.12561
2018-01-24,11225.8961747516,16824427,188869274016.69626,90084052035.72856,0.5230349007019266,8207809.213031924,953050.0,0.0,0,0.0,30134.71419
2018-01-25,11130.4649473992,16826402,187285680938.67566,90070626738.33932,0.5190736083671457,9251745.416828051,847798.0,0.0,0,0.0,33939.54698
2018-01-26,11035.5546098773,16828339,185710062804.60608,90276616196.73802,0.5138840898905833,16572905.789731625,813618.0,0.0,0,0.0,35130.21758
2018-01-27,11320.9701852718,16830302,190535350494.20444,90374281203.38878,0.5256823420484499,7129098.04375955,876978.0,0.0,0,0.0,40136.48469
2018-01-28,11615.95871128,16832277,195523038079.02222,90806229273.1084,0.535572737794672,17786140.828152,777053.0,0.0,0,0.0,42993.10845
2018-01-29,11132.5543138515,16834127,187406836441.21887,90769199144.40813,0.5156569479103376,8153432.952394342,785524.0,0.0,0,0.0,41300.25193
2018-01-30,9959.54671537113,16836214,167681067763.81436,90230706181.1383,0.46189091359895235,9664075.614407444,845787.0,0.0,0,0.0,42097.81698
2018-01-31,10050.0957971946,16837677,169220269820.0149,90137879154.25316,0.46733403007733587,14678685.563333265,681637.0,0.0,0,0.0,40090.27003
2018-02-01,9039.86507510228,16839677,152228410657.77655,89753220216.49107,0.4104042745459351,22555458.251525793,848867.0,30.0,Fear,0.0,38494.77528
2018-02-02,8786.0773798948,16841777,147973158531.46237,89102141610.35603,0.3978492958139368,15170398.16997307,859641.0,15.0,Extreme Fear,0.0,36200.17144
2018-02-03,9132.10032232613,16843752,153818835765.09192,89011444778.34657,0.42132285467117625,8266531.335495068,722946.0,40.0,Fear,0.0,36972.85374
2018-02-04,8250.52689596727,16845977,138988188763.72778,89017333003.92802,0.35953311000222793,93975792.41856493,727589.0,24.0,Extreme Fear,0.0,39407.64214
2018-02-05,6849.54255932203,16848289,115403078004.69415,88249836878.47144,0.23529044108440703,39095498.62593221,910414.0,11.0,Extreme Fear,0.0,41452.51863
2018-02-06,7738.64395967271,16850414,130399360673.62321,88099745890.58966,0.32438513934823143,35769862.78021124,1007033.0,8.0,Extreme Fear,0.0,36978.61467
2018-02-07,7624.59538953828,16852177,128491033309.42134,87753941630.7293,0.31704229181963534,9854364.66352046,819774.0,36.0,Fear,0.0,44531.95791
2018-02-08,8218.58085184103,16853814,138514439557.12256,87658182539.60638,0.36715491309152176,28737218.90518628,750414.0,30.0,Fear,0.0,45871.96659
2018-02-09,8660.45346785505,16855502,145976293305.76428,87657744104.13637,0.39950698761389253,5532275.041190686,778813.0,44.0,Fear,0.0,46426.41664
2018-02-10,8530.29280479252,16857289,143797617849.14468,87628665479.47289,0.39061114648364736,5724089.899965782,746250.0,54.0,Neutral,0.0,48970.29949
2018-02-11,8096.72848129749,16859177,136504180978.09448,87554641100.53384,0.35859370406695323,9167687.385490324,821981.0,31.0,Fear,0.0,48129.48191
2018-02-12,8907.67017913501,16861252,150194474253.71002,87679696915.59341,0.4162255479020887,8624068.70990213,918499.0,42.0,Fear,0.0,51395.44602
2018-02-13,8523.96693191116,16863302,143742231127.9535,87553809489.95146,0.39089710238312203,4702563.504619381,856264.0,35.0,Fear,0.0,50696.82274
2018-02-14,9467.3010327294,16865539,159671142321.57663,87791798316.78691,0.4501711640543361,6168298.33088004,941610.0,55.0,Greed,0.0,50879.30805
2018-02-15,10106.7330835769,16867177,170472058796.9594,88146638999.14917,0.4829261779249341,10485940.572228191,792480.0,71.0,Greed,703.0,56299.38182
2018-02-16,10189.3164833431,16869139,171885004176.06302,88299433121.66838,0.4862877448504894,7645429.648380515,777065.0,67.0,Greed,703.0,48268.81152
2018-02-17,11085.5984143776,16871002,187025156293.7317,88527371124.5281,0.5266552752641909,3369522.196759565,773696.0,74.0,Greed,703.0,49403.88257
2018-02-18,10452.0919772063,16873027,176358433224.3816,88611683284.67424,0.4975477970371101,6790157.255166569,733485.0,63.0,Greed,703.0,49870.35325
2018-02-19,11139.3557305669,16875052,187977210489.25928,88890776052.66733,0.5271194001586357,4369459.152538358,853281.0,67.0,Greed,703.0,50857.76692
2018-02-20,11245.9323179427,16876814,189795516930.3908,89228372204.45561,0.5298710230485533,10567098.185914427,718120.0,74.0,Greed,703.0,53227.37888
2018-02-21,10458.8650888369,16878927,176534423425.82294,89274479721.69846,0.494294211920599,6523858.22268859,709530.0,54.0,Neutral,703.0,44491.76646
2018-02-22,9878.15894272355,16880789,166751124676.67303,90365342251.54929,0.45808256210106046,75283000.4546949,717202.0,44.0,Fear,826.0,41571.99487
2018-02-23,10159.0656125073,16882639,171511845392.77322,90503188931.73347,0.4723210590820983,7523591.002690516,743350.0,39.0,Fear,826.0,37936.03387
2018-02-24,9686.60177995325,16884452,163552965657.1827,90424656973.1449,0.4471230979529857,6064833.392258716,707478.0,31.0,Fear,826.0,33405.75559
2018-02-25,9603.22747749854,16886589,162165763123.46545,90418988891.65248,0.44242861655815924,4406670.005774566,531590.0,33.0,Fear,826.0,32939.81783
2018-02-26,10312.3657130333,16888352,174158865159.67255,90546189075.13266,0.4800942863740069,4691542.401823527,675606.0,37.0,Fear,826.0,39722.94735
2018-02-27,10654.1072948568,16890352,179951625602.0504,90700262509.33884,0.4959741974772948,6211635.950128628,720099.0,44.0,Fear,826.0,41805.11091
2018-02-28,10307.0249663939,16892289,174109252659.70407,90828441525.23512,0.47832501640358543,16095197.682460837,809780.0,41.0,Fear,826.0,41519.06822
2018-03-01,10923.6308617767,16894352,184547668122.65237,91055261939.31314,0.5066030209669361,8237501.879748102,824245.0,38.0,Fear,902.0,42312.02974
2018-03-02,11014.0584672706,16896302,186096861361.0978,91209063745.46724,0.5098839223919667,5135109.943029241,752587.0,47.0,Neutral,902.0,46894.35139
2018-03-03,11425.6805654588,16898552,193077460544.783,91339316668.58672,0.5269291588419188,5388398.236311026,934998.0,56.0,Greed,902.0,50894.78792
2018-03-04,11462.5831975453,16900402,193722267381.84634,91537381920.6274,0.5274813620666648,4725429.329368016,805420.0,44.0,Fear,902.0,51362.93357
2018-03-05,11540.6623205728,16902264,195063330455.44727,91851751229.57382,0.529118307294805,7814436.6314749,854274.0,55.0,Greed,902.0,53120.18033
2018-03-06,10677.0352308591,16904214,180486896919.41333,91873772448.1442,0.4909670784069967,5755884.19649599,845636.0,59.0,Greed,902.0,50734.66757
2018-03-07,9903.0850490941,16906177,167423311610.4062,91651491621.4769,0.45257628259826926,5914119.690128324,928854.0,37.0,Fear,902.0,48788.17952
2018-03-08,9330.47545295149,16908202,157761566469.8221,91451580761.97028,0.4203177439958809,4127280.0601635873,920571.0,39.0,Fear,970.0,44275.67358
2018-03-09,9278.13918439509,16910027,156893586857.70093,91004618396.64651,0.41995960307041913,10582054.955647102,887968.0,37.0,Fear,970.0,40457.6263
2018-03-10,8786.56042314436,16911777,148596353067.9025,90844900421.72346,0.3886465007643153,4258672.215785661,814938.0,39.0,Fear,970.0,37786.26091
2018-03-11,9513.53539976622,16913689,160908986608.2384,90957684338.09853,0.43472588911673893,7439536.1119574495,888960.0,40.0,Fear,970.0,35678.16315
2018-03-12,9147.89018059615,16915702,154742986925.0503,90876562335.65292,0.412725809799258,5174134.584039241,851087.0,41.0,Fear,970.0,37591.2111
2018-03-13,9160.54293278784,16917677,154975109186.63333,90829578479.64334,0.4139086014757431,6816605.7884520255,771479.0,41.0,Fear,970.0,35621.47506
2018-03-14,8222.12723904149,16919477,139114095140.01907,90547158181.873,0.3491158599656145,4891230.973991508,579629.0,40.0,Fear,970.0,30526.44885
2018-03-15,8268.58912244302,16921277,139915089381.74847,90432142684.47838,0.353664118115662,6760415.0886751795,622467.0,32.0,Fear,1015.0,26363.97012
2018-03-16,8376.90449824664,16923227,141764258854.8376,90336653212.76866,0.36276848662348155,7648686.992159837,598706.0,33.0,Fear,1015.0,25639.87332
2018-03-17,7881.66192051432,16925089,133397835740.89088,90214952754.54538,0.3237150194117318,5141619.3132481435,464246.0,31.0,Fear,1015.0,26807.17307
2018-03-18,8189.01671917008,16926977,138615300076.21298,90192452841.45184,0.3493326292850606,5695959.993119809,539648.0,29.0,Fear,1015.0,26312.07953
2018-03-19,8537.0156233197,16928914,144522410093.3126,90197456440.10156,0.3758929401892446,5320413.775638852,588003.0,29.0,Fear,1015.0,35053.69715
2018-03-20,8895.54717913501,16930502,150606081934.2827,90211422535.77415,0.40101076014222253,3792524.3657779004,574339.0,37.0,Fear,1015.0,38631.60143
2018-03-21,8879.5942565751,16932402,150352862171.35294,90221975603.64508,0.39993177182871564,5511674.701495039,579306.0,36.0,Fear,1015.0,43259.84671
2018-03-22,8710.66493512566,16934189,147508053254.67075,90150204611.62016,0.38884554014161515,5600877.138084254,600339.0,36.0,Fear,1043.0,45370.50528
2018-03-23,8771.74632349503,16935852,148557000106.52817,90145266752.48782,0.3931940824878942,3298573.5277225045,629231.0,28.0,Fear,1043.0,44768.599
2018-03-24,8610.9885163647,16937802,145851221057.25992,90168406650.36427,0.38177818466830016,4891262.576821769,542040.0,32.0,Fear,1043.0,46636.05456
2018-03-25,8440.61092255991,16939489,142979642588.77777,90065181122.1835,0.3700838840308266,4950541.057036005,446628.0,30.0,Fear,1043.0,45374.62001
2018-03-26,8171.18435447107,16941364,138431014958.71954,89876163920.66612,0.35075124640625216,6052977.73550252,589112.0,31.0,Fear,1043.0,44797.41834
2018-03-27,7837.26531940386,16943264,132788861577.65916,89748412028.72589,0.3241269564146526,4284463.993391843,608151.0,24.0,Extreme Fear,1043.0,48331.82677
2018-03-28,7933.64272969024,16944952,134435197582.53265,89636249838.3949,0.3332382333624698,4258309.773418634,548051.0,24.0,Extreme Fear,1043.0,53979.08659
2018-03-29,7108.5708132671,16946852,120467899603.0983,89310474185.24803,0.25863674489638844,8541193.991554096,570133.0,18.0,Extreme Fear,1407.0,52993.21676
2018-03-30,6832.14906633548,16948877,115797256188.49944,89034534320.28853,0.2311170639885065,6563354.559625139,575605.0,12.0,Extreme Fear,1407.0,54568.91534
2018-03-31,6922.2812969024,16950477,117335971954.80464,88984114569.04732,0.24162971434436037,4706191.707622754,483686.0,16.0,Extreme Fear,1407.0,60393.96999
2018-04-01,6804.52487931035,16952502,115353723634.91568,88872034800.22192,0.2295694321798051,5336096.641975289,427495.0,16.0,Extreme Fear,1407.0,62799.00376
2018-04-02,7033.25960958504,16954452,119245064531.15024,88815232351.50339,0.25518735135321013,3502620.650926722,498639.0,11.0,Extreme Fear,1407.0,62838.2715
2018-04-03,7420.80051548802,16956489,125830728213.80888,88775215015.41498,0.29448699633550535,5725455.368019299,599016.0,22.0,Extreme Fear,1407.0,66902.20502
2018-04-04,6780.54360140269,16958327,114986677632.62007,88596624914.15186,0.22950530671721692,3741114.5192367984,572123.0,22.0,Extreme Fear,1407.0,66255.56086
2018-04-05,6798.42261659848,16960277,115303132748.13025,88485939584.70235,0.23257991803230316,5432398.640706533,539742.0,17.0,Extreme Fear,1604.0,63111.82172
2018-04-06,6610.49234979544,16962002,112127186410.27489,88317729886.15796,0.21234329769943397,4113631.48718268,643514.0,19.0,Extreme Fear,1604.0,71164.54234
2018-04-07,6886.46947194623,16964252,116823805545.958,88268038496.4188,0.24443448761224854,5094262.330274482,504280.0,20.0,Extreme Fear,1604.0,76571.54956
2018-04-08,7009.99610432496,16966264,118933450119.97914,88262492106.23244,0.2578833623577394,5638076.155092979,410506.0,17.0,Extreme Fear,1604.0,83851.10953
2018-04-09,6736.89282378726,16968102,114312286586.47589,88117205995.80438,0.22915367519007016,4457039.233327301,549006.0,21.0,Extreme Fear,1604.0,81793.60375
2018-04-10,6816.71861542957,16970152,115680753058.02733,88047672290.09338,0.23887362450063535,5416442.218385642,571413.0,18.0,Extreme Fear,1604.0,83277.73178
2018-04-11,6944.78585710111,16972164,117868050034.76942,88018830418.46317,0.25324266930267497,12645018.950927934,543094.0,20.0,Extreme Fear,1604.0,84174.39936
2018-04-12,7904.33027527762,16974089,134168811864.24863,88148238646.66264,0.3430049992851497,10244672.784953948,625417.0,18.0,Extreme Fear,1803.0,98677.63828
2018-04-13,7919.06469462303,16976152,134435248292.23184,88235200325.82208,0.34366022715992833,9215505.423572471,654824.0,23.0,Extreme Fear,1803.0,103838.5946
2018-04-14,8006.41794330801,16977864,135931881336.12495,88247009755.25052,0.35079976170536387,4640176.3548131995,497550.0,0.0,0,1803.0,107304.7968
2018-04-15,8342.27110140269,16979902,141650948222.69913,88303128357.11107,0.3766146329053605,4380699.266800017,591040.0,0.0,0,1803.0,114724.8815
2018-04-16,8046.98213354763,16981664,136651153205.65141,88293938578.33574,0.3538734470432247,4938801.788106435,742493.0,0.0,0,1803.0,114402.8222
2018-04-17,7887.73795791935,16983689,133962894663.89331,88258627685.82591,0.34117109138868107,6896121.646997535,613346.0,26.0,Fear,1803.0,116768.8802
2018-04-18,8162.83486177674,16985689,138651380812.37747,88316520088.6141,0.36303180270434027,10308453.058331637,593728.0,24.0,Extreme Fear,1803.0,134811.8162
2018-04-19,8272.96731589714,16987914,140540463866.73926,88610853260.06943,0.36949935397900485,51999168.620545395,649808.0,25.0,Extreme Fear,1955.0,137304.2434
2018-04-20,8839.5011320865,16989627,150179829710.5074,88802634307.84221,0.4086913370522413,15607109.210024226,658434.0,26.0,Fear,1955.0,138713.6356
2018-04-21,8863.54082904734,16991614,150605871489.56168,88922453750.14444,0.4095684791657837,11575228.921772894,625490.0,32.0,Fear,1955.0,144152.9627
2018-04-22,8800.95908708358,16993614,149560108555.06894,88982966830.94568,0.4050354222751743,6737686.430889845,515380.0,31.0,Fear,1955.0,147674.5477
2018-04-23,8930.78463354763,16995527,151783394007.87964,89112910377.51198,0.41289420387525533,11911061.323760279,651277.0,28.0,Fear,1955.0,152821.8011
2018-04-24,9652.21378872005,16997514,164063646681.14078,89392396206.94666,0.4551358694307118,9279419.338510957,783129.0,29.0,Fear,1955.0,152704.5154
2018-04-25,8855.50893658679,16999052,150535259514.51062,89362735929.78653,0.4063667461165632,9340791.070389193,694535.0,64.0,Greed,1955.0,146910.7108
2018-04-26,9264.72742694331,17000814,157507915114.37366,89644548771.0176,0.4308568638857126,27978133.670241393,666588.0,47.0,Neutral,2061.0,142140.582
2018-04-27,8981.33079018118,17002589,152705883241.32315,89619694900.49147,0.4131221862692463,4417571.523340537,681912.0,55.0,Greed,2061.0,151798.4135
2018-04-28,9341.82468468732,17004189,158850159972.8157,89704570273.88626,0.4352881338662954,2919947.758452051,580639.0,54.0,Neutral,2061.0,153798.966
2018-04-29,9396.99762974869,17006164,159806890272.5235,89754844760.58061,0.4383543500063172,4595730.577810185,549015.0,61.0,Greed,2061.0,158922.4425
2018-04-30,9228.7264836353,17008102,156963124088.9877,89829931351.84279,0.42770041133409675,7134244.038452516,648402.0,59.0,Greed,2061.0,156751.4072
2018-05-01,9072.16875745178,17010077,154318291800.23523,89855305067.60776,0.4177274513644481,3206498.000025231,638058.0,56.0,Greed,2061.0,152291.3901
2018-05-02,9204.12764056108,17011827,156579029825.0965,90064212331.22798,0.4248002913810845,18730698.17997432,689285.0,52.0,Neutral,2061.0,154392.1999
2018-05-03,9750.70014640561,17013714,165895631345.4078,90213836381.73848,0.45620125346214724,5222025.852480474,670350.0,55.0,Greed,2180.0,157067.4572
2018-05-04,9696.64290999416,17015439,164992643651.50116,90333546178.25162,0.45249955283427734,6602819.866204289,702440.0,56.0,Greed,2180.0,164066.787
2018-05-05,9795.92577206312,17017452,166701699514.35663,90414691105.15134,0.4576258588331628,4808273.686793422,634527.0,63.0,Greed,2180.0,170205.5527
2018-05-06,9595.08681940386,17019164,163300363804.61844,90441304758.82576,0.44616593220187356,4693378.451888865,539975.0,67.0,Greed,2180.0,170600.9909
2018-05-07,9339.5108471654,17021039,158968185798.21222,90453851014.1737,0.43099400323413034,3922751.2507110815,667046.0,56.0,Greed,2180.0,168176.4893
2018-05-08,9212.36963471654,17022777,156820116653.73138,90452258817.48068,0.4232101037317494,4113685.5270790495,675737.0,62.0,Greed,2180.0,168948.494
2018-05-09,9293.04227352425,17024777,158211975102.52594,90558495547.82776,0.42761288777829093,6469065.393540099,617853.0,53.0,Neutral,2180.0,169763.2905
2018-05-10,9037.53050905903,17026702,153879341462.4073,90587253015.17332,0.4113098473500825,15348089.964148909,623602.0,63.0,Greed,2285.0,171966.6095
2018-05-11,8419.75858737581,17028289,143374089232.27136,90467322215.1137,0.3690120530177997,6632691.07432464,765652.0,41.0,Fear,2285.0,159584.6812
2018-05-12,8485.77526680304,17030352,144515742292.3692,90472905404.61205,0.3739581310001738,3022235.936910092,594830.0,44.0,Fear,2285.0,156936.8987
2018-05-13,8695.83309380479,17032202,148109188379.81696,90493061212.9602,0.3890111599227977,3417297.3516358333,488183.0,40.0,Fear,2285.0,160007.229
2018-05-14,8671.07417475161,17033852,147701796734.27866,90978874784.01009,0.38403677683295445,40685191.90759107,641731.0,40.0,Fear,2285.0,163714.3753
2018-05-15,8488.463421391,17035677,144606723579.74524,90979311513.7224,0.37085005965472495,6037225.567736211,645888.0,40.0,Fear,2285.0,162876.9921
2018-05-16,8327.75620134424,17037914,141887600594.50497,90887491968.31242,0.3594402076890691,6119234.060644382,611014.0,32.0,Fear,2285.0,156327.1483
2018-05-17,8050.51623933372,17039564,137177293095.7134,91204798509.85582,0.3351319562325884,52268939.76292953,635081.0,31.0,Fear,2351.0,157582.2422
2018-05-18,8233.08645528931,17041414,140303441330.12225,91160172739.79652,0.3502641711737899,4798678.99875402,710774.0,37.0,Fear,2351.0,155207.8335
2018-05-19,8229.48293571011,17043339,140257874012.90134,91192260061.1871,0.3498243096655025,3990522.0345914303,520661.0,31.0,Fear,2351.0,160934.0946
2018-05-20,8511.44883021625,17045139,145078835171.5486,91234606663.1165,0.3711377227750964,4174451.278513505,480126.0,32.0,Fear,2351.0,162754.6352
2018-05-21,8398.62312653419,17047102,143172187577.67102,91270136194.5406,0.3625149008425503,4910949.712681951,628007.0,41.0,Fear,2351.0,166834.1089
2018-05-22,8007.52653214495,17048989,136520238132.105,91196147390.18169,0.3319953976205715,4519957.232872752,593725.0,30.0,Fear,2351.0,165532.1227
2018-05-23,7520.86767913501,17051014,128238426070.39809,91082148894.77728,0.2897437087634201,8237113.4766566595,648115.0,26.0,Fear,2351.0,160801.9398
2018-05-24,7575.62448597312,17052802,129185626622.70657,91096862851.46144,0.29483747354096423,11162931.04585064,576658.0,27.0,Fear,2398.0,156880.5801
2018-05-25,7425.37567445938,17055002,126639799171.3433,91020082616.98695,0.2812679488393927,3428597.6464312556,624362.0,25.0,Extreme Fear,2398.0,155789.2811
2018-05-26,7326.30318644068,17057027,124964953424.73619,90984848452.53958,0.2719170778762553,1835846.9086437663,472330.0,23.0,Extreme Fear,2398.0,157424.835
2018-05-27,7338.19304441847,17059077,125182802352.53647,90957572022.51031,0.2734020143888613,2658689.239800337,447063.0,19.0,Extreme Fear,2398.0,153290.9363
2018-05-28,7110.82388164816,17061027,121317960336.84029,90820325774.92554,0.2513859817395365,4855690.527009743,597041.0,22.0,Extreme Fear,2398.0,151649.8094
2018-05-29,7453.63372501461,17062764,127179599120.20857,90798567738.2478,0.28606027722711935,3700432.8309069807,610910.0,16.0,Extreme Fear,2398.0,156788.1863
2018-05-30,7374.6690490941,17064939,125848283333.02193,90772117233.2488,0.27871787497453554,6049195.0718511045,598662.0,38.0,Fear,2398.0,160208.2063
2018-05-31,7478.74186703682,17067064,127640172032.00867,90734387657.75343,0.2891392559781279,3356040.1827818207,633573.0,25.0,Extreme Fear,2443.0,164969.7131
2018-06-01,7519.83573728814,17069139,128357127437.43231,90705615598.7351,0.2933340172874345,4140907.073477707,697999.0,24.0,Extreme Fear,2443.0,166676.4332
2018-06-02,7637.44825306838,17071039,130379183062.64249,90720528647.85403,0.30417934430325355,2334805.507127991,528283.0,27.0,Fear,2443.0,171453.8378
2018-06-03,7702.15793308007,17073077,131499537732.05154,90748915514.3594,0.30989175262902563,3447085.4442484947,536364.0,40.0,Fear,2443.0,163732.0072
2018-06-04,7486.65319959088,17075364,127837334478.88255,90703657150.7867,0.2904759981070316,5620426.446762865,708310.0,41.0,Fear,2443.0,159633.9794
2018-06-05,7611.14985271771,17077552,129979809637.1194,90669371621.93506,0.30243495605149845,4290225.825554067,661375.0,26.0,Fear,2443.0,162920.4038
2018-06-06,7650.77580713033,17079389,130670582246.39162,90669297766.6728,0.3061231058440732,6074939.886712649,657354.0,42.0,Fear,2443.0,157651.7832
2018-06-07,7665.9478962595,17081177,130943415152.50224,90658720386.24867,0.3076496417886788,3264557.9420233537,641563.0,38.0,Fear,2509.0,171844.2097
2018-06-08,7622.60233021625,17082983,130216790179.41153,90618572345.38568,0.3040945624559458,5460516.555534518,655502.0,40.0,Fear,2509.0,170547.4658
2018-06-09,7556.17169783752,17084771,129095463436.48665,90592625500.22108,0.2982508982990597,3052988.4489762727,498529.0,39.0,Fear,2509.0,161461.0919
2018-06-10,6744.73580099357,17086358,115242974189.05879,90358888105.05228,0.21592714227579368,4805050.451773737,537080.0,24.0,Extreme Fear,2509.0,153551.4629
2018-06-11,6849.45268731736,17088108,117044190996.7317,90215999950.49542,0.2292142037786858,5270558.349416951,596637.0,15.0,Extreme Fear,2509.0,145538.4469
2018-06-12,6526.69968001169,17089921,111540782217.74252,90045876851.15945,0.1927089351464484,3685129.638781977,662455.0,19.0,Extreme Fear,2509.0,142251.3337
2018-06-13,6306.51316803039,17091708,107789085005.02634,89762178165.48462,0.16724241456081662,9558944.519784685,668120.0,19.0,Extreme Fear,2509.0,133974.2448
2018-06-14,6629.77012419638,17093621,113326778120.41139,89722635011.85295,0.20828389812228393,3370340.417340263,592409.0,17.0,Extreme Fear,2594.0,135214.1798
2018-06-15,6399.67404646406,17095533,109405842340.25159,89611560816.48943,0.18092526962318933,3237753.2139025885,637868.0,26.0,Fear,2594.0,139887.9443
2018-06-16,6495.31530917592,17097608,111054358534.52269,89597323219.58452,0.19321200534662467,1668184.5980870542,448710.0,22.0,Extreme Fear,2594.0,142674.6285
2018-06-17,6450.69397282291,17099571,110304099879.70793,89557846042.72624,0.18808234562093798,2544585.8502697446,442320.0,23.0,Extreme Fear,2594.0,152127.5714
2018-06-18,6703.81258971362,17101621,114646062467.92502,89533911616.68385,0.21904067449561898,4085555.845709256,581843.0,27.0,Fear,2594.0,152610.7422
2018-06-19,6732.50880917592,17103558,115149858574.41454,89501928631.68979,0.22273522747012328,2771391.9486119,630709.0,32.0,Fear,2594.0,159516.9095
2018-06-20,6753.20682583285,17105496,115516952652.29742,89469073065.94386,0.22548967046210872,3790424.9384769355,593537.0,34.0,Fear,2594.0,153941.2267
2018-06-21,6720.37323436587,17107621,114969598576.42451,89501388657.65227,0.22152125635058725,14028179.471427992,572839.0,37.0,Fear,2684.0,158622.5737
2018-06-22,6059.5758591467,17109508,103676364942.88843,89298122974.2675,0.13868389363903125,3890986.893076113,628369.0,28.0,Fear,2684.0,151638.6014
2018-06-23,6174.22577936879,17111508,105650317184.20355,89251447291.15552,0.1552183687669982,3037651.638201135,490610.0,17.0,Extreme Fear,2684.0,148516.0694
2018-06-24,6146.48719491526,17113646,105188806275.66751,89179466059.03934,0.1521962344041876,6329832.1369924685,465350.0,15.0,Extreme Fear,2684.0,143453.0282
2018-06-25,6243.53544097019,17115608,106861908546.27039,89132602135.31429,0.16590856978077878,3906567.987971448,622588.0,16.0,Extreme Fear,2684.0,144353.7815
2018-06-26,6096.12876621859,17117433,104350079039.25792,89057036318.02081,0.14655516183637635,5067676.976353623,620533.0,21.0,Extreme Fear,2684.0,144525.0351
2018-06-27,6139.18968322618,17118946,105096456948.93034,88331857124.03537,0.15951631778644468,14129318.125590071,596902.0,18.0,Extreme Fear,2684.0,146313.275
2018-06-28,5858.63577819988,17120908,100305167358.70532,88181034909.74435,0.12087246119238676,6641777.494157915,562178.0,20.0,Extreme Fear,2773.0,154576.1974
2018-06-29,6220.9137150789,17122796,106519436758.62341,88167173825.23227,0.17229027388661453,3831070.576920253,597327.0,16.0,Extreme Fear,2773.0,155051.3873
2018-06-30,6375.5412314436,17124558,109178329075.7411,88163856394.04407,0.19247842369082704,3275067.084596569,575032.0,22.0,Extreme Fear,2773.0,167053.0507
2018-07-01,6361.40253886616,17126396,108947899284.1052,87973800804.23495,0.1925149417078318,10448215.723743692,491880.0,27.0,Fear,2773.0,170578.1466
2018-07-02,6608.367157218,17128158,113189160394.28613,88004285219.94377,0.2225025354602216,5699707.448598578,647267.0,27.0,Fear,2773.0,172620.0679
2018-07-03,6498.3078591467,17129608,111313469833.9288,87952246737.26035,0.2098687888493784,5541213.941805835,667968.0,31.0,Fear,2773.0,185179.9309
2018-07-04,6579.33337638808,17131283,112712425609.5001,87973453294.61212,0.21948753370456106,6276086.380942614,619804.0,33.0,Fear,2773.0,190703.225
2018-07-05,6535.29840268849,17132996,111969241687.65553,87950930322.73709,0.21450811850560592,2898287.3378210915,554495.0,37.0,Fear,2882.0,198705.6946
2018-07-06,6598.45909585038,17134996,113064570511.64897,87889456767.96744,0.22266138393094376,5712766.373534497,655860.0,34.0,Fear,2882.0,203290.2261
2018-07-07,6737.85608036236,17136946,115466276109.32785,87899747476.15036,0.23874095157512878,2655742.6329305824,482583.0,34.0,Fear,2882.0,218841.455
2018-07-08,6704.91998012858,17138921,114915094153.64383,87822847001.02954,0.23575882134675363,5820997.289828875,499535.0,38.0,Fear,2882.0,260801.2607
2018-07-09,6664.02409351257,17140621,114225511622.81328,87809965033.87029,0.23125785311577665,4205980.776834669,636032.0,39.0,Fear,2882.0,310822.9846
2018-07-10,6309.08400409118,17142483,108153368724.91751,87723864589.1079,0.18889383083176078,5270640.132736809,675007.0,37.0,Fear,2882.0,350539.9544
2018-07-11,6377.97651139684,17144171,109345120233.14987,87664868111.62059,0.1982736136308764,5265714.925006007,625256.0,29.0,Fear,2882.0,357084.6771
2018-07-12,6159.46667621274,17145933,105609806303.72935,87566045435.63956,0.17085308173179203,3965075.9104637275,952136.0,33.0,Fear,2945.0,384997.5488
2018-07-13,6208.98557188779,17147721,106469952559.91127,87481623928.01324,0.17834448288321703,7108440.448061073,940736.0,29.0,Fear,2945.0,432503.9434
2018-07-14,6255.11247866744,17149383,107271323014.53879,87460709725.32309,0.18467762615858396,1949747.9911746255,816908.0,29.0,Fear,2945.0,435050.12
2018-07-15,6347.60427381648,17151046,108868053176.43163,87469032957.70271,0.1965592255429575,3005414.7957133004,515491.0,32.0,Fear,2945.0,460896.896
2018-07-16,6710.80743746347,17152546,115107433571.03087,87503426836.35661,0.23981080872279448,6008541.338555689,591038.0,36.0,Fear,2945.0,488316.9599
2018-07-17,7320.59482787843,17154533,125581389545.07791,87641892313.65292,0.30211082524936117,4340177.001932528,696985.0,39.0,Fear,2945.0,520722.0631
2018-07-18,7376.03833927528,17156708,126548540004.57155,87687148368.05322,0.30708684300201694,5828317.089594841,780123.0,42.0,Fear,2945.0,587827.9019
2018-07-19,7467.0342980713,17158846,128125691934.22545,87759446485.82623,0.3150519215858878,6352426.728098088,645071.0,44.0,Fear,3015.0,608690.7959
2018-07-20,7327.25668293396,17160771,125741374324.64465,87781538610.46405,0.30188818849851456,4499092.286228865,659353.0,47.0,Neutral,3015.0,653502.8906
2018-07-21,7410.56562039743,17162483,127183710520.09229,87827775997.67607,0.3094416286604472,6960909.7154259365,511235.0,43.0,Fear,3015.0,687323.4905
2018-07-22,7399.48374693162,17164758,127010351874.6105,87866097217.97897,0.30819735619090516,4162120.1451413278,463918.0,46.0,Fear,3015.0,754977.8335
2018-07-23,7716.15862741087,17166833,132462010764.493,87956273121.85814,0.33598869129174364,6157016.305168628,717811.0,44.0,Fear,3015.0,816479.6281
2018-07-24,8397.61652162478,17168821,144177175265.30054,88152702088.76949,0.3885807380637079,6320235.086726072,728366.0,49.0,Neutral,3015.0,913951.2129
2018-07-25,8202.72039538282,17171033,140849187070.33453,88244907443.33043,0.3734794692193403,6022372.7935117725,785008.0,54.0,Neutral,3015.0,933129.9877
2018-07-26,7913.93077819989,17173096,135906693348.43495,88240785763.74945,0.35072523957654217,3963887.978001897,648178.0,53.0,Neutral,3111.0,942806.3266
2018-07-27,8173.7746113384,17175183,140386079206.1426,88332113358.2257,0.3707915068379464,3386170.151652111,726244.0,47.0,Neutral,3111.0,597546.9527
2018-07-28,8190.36005669199,17176996,140685782301.8648,88387334083.51498,0.3717393994094924,3225077.3868953367,570161.0,54.0,Neutral,3111.0,622077.4225
2018-07-29,8229.60583869083,17179121,141377394855.56018,88479622965.50876,0.3741600412434748,6965071.650307773,490273.0,54.0,Neutral,3111.0,622865.2842
2018-07-30,8171.83951928697,17180796,140398708093.3916,88518957123.78506,0.36951729595044935,4226363.8922244655,643272.0,53.0,Neutral,3111.0,682271.6039
2018-07-31,7725.13303594389,17182633,132738130043.03966,88501775615.26512,0.33326034059264753,4015019.7136127674,697539.0,48.0,Neutral,3111.0,735558.5103
2018-08-01,7596.6980119813,17184508,130545521900.70708,88488265201.81842,0.3221654491593929,3228193.052777393,713286.0,39.0,Fear,3111.0,709427.48
2018-08-02,7542.69466189363,17186421,129631926273.19632,88466615607.85005,0.31755534187304535,5595655.5519862,640780.0,39.0,Fear,1396.0,701491.5061
2018-08-03,7411.34425014611,17188496,127389861331.78806,88417607935.44785,0.3059290039953542,3762285.564594938,696717.0,36.0,Fear,1396.0,679870.6483
2018-08-04,7002.2086528346,17190696,120372840594.56569,88333288442.16187,0.266169278669081,5051735.886920379,548836.0,31.0,Fear,1396.0,698606.2295
2018-08-05,7031.58775102279,17192696,120891950917.0972,88322060924.9672,0.2694132218485341,3061940.1134714345,501320.0,23.0,Extreme Fear,1396.0,664033.5728
2018-08-06,6929.99089421391,17194333,119156574898.93828,88249102044.85674,0.259385374917796,6701673.383129904,661003.0,25.0,Extreme Fear,1396.0,658842.3996
2018-08-07,6722.57843278784,17196221,115602944722.58054,88176779299.37383,0.23724452252512218,3208361.87844798,713518.0,25.0,Extreme Fear,1396.0,661799.9964
2018-08-08,6267.3886735827,17198183,107787700756.1305,88035527850.78711,0.18325071197160653,5268252.3886891,657849.0,23.0,Extreme Fear,1396.0,612759.9494
2018-08-09,6558.09690794857,17200046,112799568784.28873,87955145290.5343,0.22025282331766216,9412557.152887285,636351.0,19.0,Extreme Fear,1496.0,593885.4182
2018-08-10,6135.75185856224,17202246,105548713142.05032,87859617385.22299,0.16759177094865066,7801170.427888959,664526.0,21.0,Extreme Fear,1496.0,591377.8076
2018-08-11,6313.74931180596,17204371,108624085845.41966,87816962452.13168,0.19155165478582806,4768504.337774587,531740.0,18.0,Extreme Fear,1496.0,562347.0559
2018-08-12,6314.69165575687,17206308,108652532995.48148,87797862310.15105,0.19193911186771606,1885068.1668473254,483751.0,18.0,Extreme Fear,1496.0,579475.2573
2018-08-13,6265.84804383402,17208183,107823863203.36218,87773899280.34425,0.18595108102556585,16195165.17449818,618981.0,21.0,Extreme Fear,1496.0,491874.7166
2018-08-14,6184.82908562244,17209883,106440188309.27835,87644990786.68193,0.17657989732209117,8650711.502170345,665121.0,16.0,Extreme Fear,1496.0,480801.963
2018-08-15,6270.21479865576,17211896,107922285294.26581,87560750640.57956,0.18866849046207243,8518205.829021439,690148.0,18.0,Extreme Fear,1496.0,512457.9391
2018-08-16,6290.7504552893,17213871,108288167113.60724,87547608088.33743,0.19153116705272588,12893079.31717198,627184.0,21.0,Extreme Fear,1504.0,511220.6799
2018-08-17,6563.07828872005,17215771,112988453168.99622,87603434768.78635,0.2246691382015969,16407001.61456797,659138.0,19.0,Extreme Fear,1504.0,524526.6871
2018-08-18,6399.28744681473,17217771,110181466110.38054,87584837597.46992,0.2050855675697141,1607869.3520915008,508162.0,24.0,Extreme Fear,1504.0,530938.7492
2018-08-19,6490.71612711865,17219583,111767428617.76993,87623615386.93248,0.21601832957440714,11400967.066143535,518565.0,27.0,Fear,1504.0,525648.5389
2018-08-20,6272.95272881356,17221458,108029395373.9798,87591133182.66722,0.1891916743638036,9899199.157697098,629942.0,26.0,Fear,1504.0,532537.0162
2018-08-21,6473.07603945061,17223308,111487785862.67163,87614011134.57494,0.21413802905283205,15215507.37674653,595335.0,19.0,Extreme Fear,1504.0,523323.078
2018-08-22,6365.00983167738,17225308,109639258242.55957,87595212890.8777,0.20105978191600762,17614335.93422291,644821.0,21.0,Extreme Fear,1504.0,550131.0167
2018-08-23,6516.40902542373,17227171,112259292880.10878,87642060867.76619,0.21928903506129707,18389272.3729576,575312.0,18.0,Extreme Fear,1544.0,532220.6435
2018-08-24,6697.73187872589,17228996,115395196048.98988,87667457645.17033,0.24028503224733908,4961218.672591488,637451.0,19.0,Extreme Fear,1544.0,546733.475
2018-08-25,6745.43893921683,17230683,116228523733.71645,87747645620.5664,0.24504207055404673,21991130.849749174,553308.0,22.0,Extreme Fear,1544.0,565906.1674
2018-08-26,6689.86933313852,17232846,115285488279.08461,87794621159.98996,0.23845904223907524,12249320.950637352,506700.0,19.0,Extreme Fear,1544.0,568569.1565
2018-08-27,6839.15895236704,17235158,117873988858.43741,87872898676.08606,0.254518324805158,21620269.36461134,670294.0,18.0,Extreme Fear,1544.0,567750.613
2018-08-28,7092.97380829924,17237071,122262093453.91118,87979604498.91968,0.2804016190669505,15086850.659392284,669854.0,19.0,Extreme Fear,1544.0,593965.7794
2018-08-29,7033.42806808884,17238808,121247919880.74628,88052217589.16943,0.2737836849013704,21410092.968059678,677008.0,19.0,Extreme Fear,1544.0,628905.9339
2018-08-30,6966.96374371713,17240733,120115565523.03157,88101241239.82266,0.26652935565682634,17041934.08127376,627450.0,22.0,Extreme Fear,1603.0,636648.5338
2018-08-31,7025.14078024547,17242671,121132191518.50458,88106126480.59319,0.2726448240050723,4585024.938385219,657089.0,17.0,Extreme Fear,1603.0,639136.7052
2018-09-01,7192.35254734074,17244558,124028944578.81262,88153351473.66989,0.28925178092075143,2794682.594712049,572708.0,21.0,Extreme Fear,1603.0,657789.5352
2018-09-02,7286.66779105786,17246358,125668485322.79561,88194592245.16072,0.29819642515288053,3167508.134676642,501969.0,18.0,Extreme Fear,1603.0,683290.5447
2018-09-03,7257.47021391,17248158,125177996885.03821,88213946423.76587,0.2952919153612885,3798377.740035652,619111.0,19.0,Extreme Fear,1603.0,699081.1018
2018-09-04,7358.81147895967,17249733,126937537219.84381,88257951652.90746,0.30471353402695195,4213045.817156238,635287.0,26.0,Fear,1603.0,721805.2384
2018-09-05,6790.89732846289,17251383,117152374427.91827,88156675534.09415,0.24750415034621986,4842838.227975877,671172.0,17.0,Extreme Fear,1603.0,685272.72
2018-09-06,6488.07593687902,17253258,111940451598.45576,88054659035.00284,0.2133794550796902,6627933.067211497,674169.0,14.0,Extreme Fear,1638.0,641012.8147
2018-09-07,6408.65362244301,17255158,110582334315.133,87990455170.77641,0.20429917024517835,3989273.323482977,695709.0,17.0,Extreme Fear,1638.0,654400.8686
2018-09-08,6187.79050233781,17257033,106782908268.17006,87946045479.99063,0.17640335043950414,2530032.046646567,551233.0,18.0,Extreme Fear,1638.0,700632.705
2018-09-09,6249.24631034483,17259071,107856186047.83855,87917759695.98752,0.1848612219887651,4402321.400379582,512602.0,13.0,Extreme Fear,1638.0,691676.0981
2018-09-10,6295.3886025716,17260758,108663182615.82558,87882990462.16768,0.19123489348849143,7591881.292251094,619761.0,15.0,Extreme Fear,1638.0,704422.6995
2018-09-11,6278.42463968439,17262521,108381437471.89084,87802332614.34012,0.189876655427162,8635894.696904661,657663.0,18.0,Extreme Fear,1638.0,709869.0829
2018-09-12,6327.53636323787,17264621,109242517459.64662,87763680761.57283,0.19661609048883294,5899219.452508899,606278.0,14.0,Extreme Fear,1638.0,708742.7952
2018-09-13,6490.91231648159,17266471,112075149568.04245,87666116271.4974,0.21779166381326992,25302234.435577948,614283.0,20.0,Extreme Fear,1622.0,727993.9498
2018-09-14,6494.69547895967,17268121,112151187680.96898,87666593530.22789,0.21831774283471006,3202662.182676446,626751.0,23.0,Extreme Fear,1622.0,732852.2378
2018-09-15,6524.16566744594,17269871,112671499752.88632,87668246883.8252,0.22191284330020303,2708609.3521302235,563724.0,24.0,Extreme Fear,1622.0,731402.9211
2018-09-16,6497.40470134424,17271608,112220630559.93437,87669873926.26413,0.2187722213925564,2583080.772276918,476503.0,28.0,Fear,1622.0,724201.9844
2018-09-17,6258.59487492694,17273296,108106562100.21144,87628460925.82372,0.1894251447512054,4641728.493543114,641004.0,25.0,Extreme Fear,1622.0,719491.1844
2018-09-18,6340.34779018118,17275071,109529958525.26572,87615197905.40392,0.20008005950998908,3409852.1427086643,648567.0,21.0,Extreme Fear,1622.0,696235.6486
2018-09-19,6383.95187580362,17277021,110295670908.4026,87605247648.81451,0.20572360703469347,4069165.403315136,646915.0,24.0,Extreme Fear,1622.0,683312.2265
2018-09-20,6498.60711104617,17278946,112289081639.2941,87593404459.74783,0.21992946080791825,5756674.660145687,641789.0,24.0,Extreme Fear,1569.0,688490.7091
2018-09-21,6741.14289888954,17280746,116491978488.62964,87498689758.33386,0.24888656804061154,9303403.243498763,727401.0,31.0,Fear,1569.0,713291.4245
2018-09-22,6705.47605113969,17282683,115888620610.28342,87496792632.00012,0.24499237137148164,3119741.4006628594,573266.0,35.0,Fear,1569.0,720601.4221
2018-09-23,6703.13684950321,17284558,115860761310.24507,87509434101.30612,0.2447017168566798,3189890.919920228,517487.0,38.0,Fear,1569.0,720907.6749
2018-09-24,6576.5450032145,17286408,113684843740.0068,87495988910.92183,0.23036364362674375,3890226.1953302133,625285.0,43.0,Fear,1569.0,715093.8805
2018-09-25,6416.44402162478,17288521,110930827501.79042,87394290874.31505,0.21217309162410686,11149918.9991325,659797.0,37.0,Fear,1569.0,694748.6365
2018-09-26,6463.25040356517,17290258,111751270518.58237,87389880755.15819,0.21799653507629058,3651347.64635614,638494.0,37.0,Fear,1569.0,703255.6392
2018-09-27,6677.90048860316,17292046,115474562732.71434,87421832104.92238,0.24293428755149143,4062601.9572113757,645102.0,42.0,Fear,1568.0,705338.4937
2018-09-28,6623.12615984804,17293971,114540152035.65569,87435085672.79216,0.23664248633462504,11565647.842750097,684920.0,42.0,Fear,1568.0,731581.0685
2018-09-29,6584.49914757452,17295871,113884648152.22377,87417177846.93877,0.23240595404840952,3285597.364319883,563082.0,37.0,Fear,1568.0,720789.3227
2018-09-30,6604.485028346,17297908,114243778007.01288,87420916125.26695,0.2347861944840392,5359119.792506115,543251.0,34.0,Fear,1568.0,721648.1061
2018-10-01,6561.81383226184,17299883,113518615141.96292,87371073785.88406,0.23033703611852152,6607122.822156677,682977.0,35.0,Fear,1568.0,725983.7686
2018-10-02,6508.72093863238,17301596,112611260449.7147,87337180651.31177,0.224436523465509,8330286.885943375,686741.0,33.0,Fear,1568.0,725538.9407
2018-10-03,6464.45684365868,17303408,111857137787.21228,87303110221.77417,0.21951238920620025,4993943.513296825,703346.0,36.0,Fear,1568.0,714777.2213
2018-10-04,6545.28566773816,17305283,113268024363.09679,87298341057.88687,0.2292763862637914,4627565.001773575,652956.0,29.0,Fear,1672.0,722765.6654
2018-10-05,6585.14957977791,17306908,113968581532.2239,87300148483.58752,0.23399811325278316,3231250.1045545726,697143.0,37.0,Fear,1672.0,723718.1112
2018-10-06,6550.47831589714,17308471,113378764261.46918,87297803473.23311,0.23003391294766004,4220066.28201856,597484.0,34.0,Fear,1672.0,726278.2076
2018-10-07,6564.56826008182,17310246,113634291761.07213,87301155302.61531,0.23173582595846126,2099452.431218241,607631.0,29.0,Fear,1672.0,724842.9687
2018-10-08,6604.68527410871,17311933,114339872550.8675,87318801551.62059,0.23632238165409689,6646038.124577928,656647.0,26.0,Fear,1672.0,730577.3204
2018-10-09,6590.42862215079,17313558,114103771786.1091,87314719844.48071,0.2347779702834474,7030535.710505646,632012.0,31.0,Fear,1672.0,730247.1274
2018-10-10,6529.10243600234,17315358,113053749656.27248,87315193935.98822,0.22766653736421402,8741903.516175386,653130.0,28.0,Fear,1672.0,723511.1902
2018-10-11,6159.25164260666,17317346,106661892073.12123,86911454567.17209,0.18516864010259057,11024309.027649177,699364.0,19.0,Extreme Fear,1665.0,692038.2944
2018-10-12,6191.67722326125,17318996,107233633341.4445,86883355171.57437,0.18977514363494943,4869558.170474572,704004.0,13.0,Extreme Fear,1665.0,692601.2176
2018-10-13,6197.68569637639,17320758,107348617484.60184,86865581529.47191,0.1908085677774847,3968085.5866834354,583521.0,15.0,Extreme Fear,1665.0,696959.1838
2018-10-14,6182.87934424313,17322183,107100970837.43524,86838044877.55423,0.18919460581396025,4114906.566656483,533594.0,18.0,Extreme Fear,1665.0,704667.7752
2018-10-15,6442.71541408533,17324208,111614945429.56119,86852848635.98001,0.22185287730314066,12168088.78393437,716730.0,20.0,Extreme Fear,1665.0,737025.943
2018-10-16,6461.93715926359,17325896,111958851470.58405,86807739966.8595,0.22464602997765412,10166648.759109927,694684.0,24.0,Extreme Fear,1665.0,731620.5263
2018-10-17,6442.73070017534,17327621,111637196067.48671,86776429931.98589,0.2226924986585299,5545596.597806731,688270.0,23.0,Extreme Fear,1665.0,724069.8834
2018-10-18,6396.47981209819,17329346,110846812133.56802,86744826501.1795,0.217435081519044,4840293.445586008,670449.0,26.0,Fear,1668.0,722697.4796
2018-10-19,6383.07784015196,17331121,110625894687.19298,86777403681.14014,0.2155778362153554,12033384.22130485,701213.0,24.0,Extreme Fear,1668.0,716657.65
2018-10-20,6408.25274634717,17332908,111073658785.54222,86353981352.2004,0.2225521127477205,16659672.986217916,611382.0,21.0,Extreme Fear,1668.0,726092.7726
2018-10-21,6415.34050292227,17334633,111207576684.41505,86356322137.48926,0.22346727882982925,3139880.5554470737,572487.0,21.0,Extreme Fear,1668.0,733417.9282
2018-10-22,6408.03363559322,17336571,111093330382.07315,86337454045.87054,0.2228385471122522,6646459.625344857,692310.0,27.0,Fear,1668.0,729899.8571
2018-10-23,6395.98766686149,17338496,110896806865.6035,86316238024.34346,0.22165262946704478,5941271.4047460845,697982.0,24.0,Extreme Fear,1668.0,724908.9853
2018-10-24,6413.80364114553,17339908,111214768562.90787,86306766970.14151,0.22396307535970206,3981391.383509245,652140.0,23.0,Extreme Fear,1668.0,725658.256
2018-10-25,6402.3248591467,17341621,111026691514.16171,86282247713.24826,0.22286932505556326,4722788.774110084,674939.0,25.0,Extreme Fear,1690.0,725117.2953
2018-10-26,6404.10855230859,17343408,111069070989.073,86203468394.64359,0.22387512898956088,9476113.602461034,705489.0,29.0,Fear,1690.0,719729.1812
2018-10-27,6409.40532758621,17345108,111171831115.74059,86203376027.60136,0.22459336000452,2400026.727182164,599622.0,33.0,Fear,1690.0,720116.1693
2018-10-28,6406.63325306838,17346858,111134960790.52693,86203052944.21332,0.22433901689412206,2928927.1642095465,583228.0,35.0,Fear,1690.0,720050.2454
2018-10-29,6263.0417346581,17348683,108655529083.571,86172453234.4725,0.20692067894497967,4104770.59408134,732339.0,34.0,Fear,1690.0,713475.2992
2018-10-30,6272.16772822911,17350608,108825926980.9448,86155301515.22038,0.20832007679285833,3496316.2787612374,722182.0,31.0,Fear,1690.0,693646.4514
2018-10-31,6306.31693132671,17352646,109431285556.76176,86126802394.71649,0.21295996883777163,7856379.3084568335,732489.0,32.0,Fear,1690.0,684478.3835
2018-11-01,6342.97750058445,17354571,110079653670.58734,86089240087.8935,0.21793685556538,5660440.330125184,716315.0,29.0,Fear,1739.0,689923.5489
2018-11-02,6348.16858270018,17356358,110181090025.30667,86093483272.23676,0.2186183377523077,7499018.989524101,789904.0,36.0,Fear,1739.0,683518.2752
2018-11-03,6332.43413296318,17358371,109920741297.85127,86094470327.01875,0.21675864527032876,2088476.1849991286,664453.0,36.0,Fear,1739.0,683005.216
2018-11-04,6420.42200029223,17359908,111457938745.23059,86105681794.29866,0.22746030687757343,4027719.539119422,638478.0,41.0,Fear,1739.0,685168.1831
2018-11-05,6402.94683898305,17361708,111166096847.40466,86103360600.22682,0.2254530559040939,4802354.954865103,736327.0,42.0,Fear,1739.0,694539.0942
2018-11-06,6441.14521887785,17363308,111839591818.3787,86108400332.77191,0.23007229432125265,4899773.399962671,715659.0,42.0,Fear,1739.0,689380.5012
2018-11-07,6500.86980508475,17364933,112887172149.83861,86130132398.4512,0.2370246259324484,6650364.850135703,727138.0,48.0,Neutral,1739.0,702287.557
2018-11-08,6406.75293746347,17366446,111262529211.95168,86131191414.03065,0.2258742271627369,4662725.684296367,721490.0,51.0,Neutral,1745.0,711081.4552
2018-11-09,6331.37876709527,17368033,109963598812.86026,86129073010.4983,0.2167492339253497,6665356.108354624,725137.0,47.0,Neutral,1745.0,702223.0063
2018-11-10,6353.11273407364,17369671,110351478302.50804,86133422802.8743,0.2194629004719307,3598682.948662515,616851.0,52.0,Neutral,1745.0,701907.4719
2018-11-11,6335.41420397428,17371496,110055622787.6248,86139224938.9171,0.21731191231237101,2814195.4319166234,614618.0,54.0,Neutral,1745.0,700415.6221
2018-11-12,6320.65605376972,17373246,109810312787.80922,86135768392.13385,0.2155949090266469,6536152.782119158,708377.0,52.0,Neutral,1745.0,715588.4011
2018-11-13,6267.9379912332,17374746,108903830823.33467,86101666892.20741,0.2093788965800225,8053653.734481598,669416.0,56.0,Greed,1745.0,721308.417
2018-11-14,5574.25834891876,17376433,96860729762.5152,85919178889.70096,0.11296168116470856,15183050.330650644,746296.0,49.0,Neutral,1745.0,775292.1385
2018-11-15,5538.56060783168,17378021,96249222801.77077,85312104163.87251,0.11363331899753311,44375714.19181706,736370.0,28.0,Fear,1765.0,752595.9778
2018-11-16,5496.01623115137,17379596,95518541954.03906,85188224583.14752,0.108149864513868,8190400.601023048,728970.0,23.0,Extreme Fear,1765.0,812971.3363
2018-11-17,5501.09234044418,17381408,95616733412.8953,85155540790.8316,0.10940755084039346,3595120.3033729084,616208.0,24.0,Extreme Fear,1765.0,1560842.694
2018-11-18,5555.3763383986,17382946,96568807149.91595,85142356348.6392,0.11832444801288708,3293940.3147416296,572198.0,26.0,Fear,1765.0,1860595.449
2018-11-19,4792.20002367037,17384521,83310102163.22925,84806574110.01778,-0.017962670887817365,13098405.93192799,693779.0,28.0,Fear,1765.0,1787555.927
2018-11-20,4317.53067007598,17386171,75065326721.86832,84113959669.39287,-0.12054344319383971,19896773.647294793,781612.0,21.0,Extreme Fear,1765.0,1581071.177
2018-11-21,4549.32200993571,17387483,79101261588.55167,83979961845.41011,-0.06167664281051794,6242099.9837928675,642223.0,15.0,Extreme Fear,1765.0,1550329.559
2018-11-22,4303.61554850964,17389008,74835607547.3232,83804922112.68755,-0.1198535678312292,7980908.907255109,674743.0,14.0,Extreme Fear,1939.0,1985224.66
2018-11-23,4289.89285330216,17390571,74603686440.68352,83664551574.66646,-0.12145331640128969,6809472.144141384,658686.0,12.0,Extreme Fear,1939.0,1907803.169
2018-11-24,3806.31692489772,17392358,66200828693.629425,83482459776.31216,-0.26104856122965375,9157391.679478833,602082.0,15.0,Extreme Fear,1939.0,1930176.626
2018-11-25,3946.85087434249,17393946,68651311155.87733,83279206398.87885,-0.2130752493537657,10006961.908224922,588383.0,9.0,Extreme Fear,1939.0,1713007.712
2018-11-26,3700.28599269433,17395333,64367709054.718346,83003503421.2537,-0.2895208582100265,8855688.238302598,649586.0,17.0,Extreme Fear,1939.0,1788412.948
2018-11-27,3776.55590531853,17396971,65700633734.557396,82750700965.5939,-0.25951145768124406,11429843.058185443,664481.0,11.0,Extreme Fear,1939.0,1700953.014
2018-11-28,4208.47526914085,17398446,73220929901.75734,82700572576.5044,-0.1294662972385924,15934454.641815946,634480.0,14.0,Extreme Fear,1939.0,1838544.884
2018-11-29,4239.03948831093,17399758,73758263559.22316,82754078527.98907,-0.12196348632235426,45120423.23314997,627362.0,18.0,Extreme Fear,1881.0,1928257.294
2018-11-30,3973.33405230859,17401021,69140069462.93626,82509183621.31964,-0.19336275277464282,105670017.35370477,611126.0,19.0,Extreme Fear,1881.0,1826357.373
2018-12-01,4148.07372559906,17402571,72187147709.5304,82658440749.83975,-0.14505758119775247,60076861.0514607,611558.0,13.0,Extreme Fear,1881.0,1877591.694
2018-12-02,4098.74676388077,17403996,71334572467.93365,82612064154.54929,-0.15809293161019636,2661421.3529478004,529339.0,15.0,Extreme Fear,1881.0,1886826.968
2018-12-03,3843.9766659848,17405421,66906032358.52341,82761969943.67244,-0.23698816124954517,146264019.67638817,594011.0,17.0,Extreme Fear,1881.0,1823992.918
2018-12-04,3892.95164699006,17407146,67765177865.18065,83327552077.69748,-0.22965149214952693,397454113.91977084,697950.0,12.0,Extreme Fear,1881.0,1805943.137
2018-12-05,3709.52085827002,17408771,64578199308.18071,82322946952.05476,-0.27477922633290525,61341362.52811332,623022.0,19.0,Extreme Fear,1881.0,1768181.326
2018-12-06,3511.96898158971,17410458,61144990365.20455,81711116562.1911,-0.33635014208277647,51287328.284133054,678392.0,13.0,Extreme Fear,1945.0,1714071.821
2018-12-07,3372.99569257744,17411883,58730208196.859566,81472046420.12785,-0.3872255679230564,12415547.494372554,680055.0,11.0,Extreme Fear,1945.0,1556756.052
2018-12-08,3407.95119462303,17413471,59344259450.25497,81403244280.73256,-0.3717121931392274,5052382.919078796,557711.0,11.0,Extreme Fear,1945.0,1563204.786
2018-12-09,3540.43957597896,17415071,61657006746.11359,81376305099.83777,-0.31982250508726073,2706683.841760141,545149.0,14.0,Extreme Fear,1945.0,1603623.61
2018-12-10,3413.59258416131,17416621,59453248440.27334,81227158379.32085,-0.36623583252850433,8846089.021551155,642137.0,19.0,Extreme Fear,1945.0,1630021.196
2018-12-11,3352.56420017534,17418183,58395578584.96272,80854938496.01611,-0.3846071989572997,16406211.192545636,643541.0,15.0,Extreme Fear,1945.0,1584352.737
2018-12-12,3423.01291788428,17419683,59627801799.90192,80753924232.34099,-0.35429987010646136,5960082.024711873,649836.0,14.0,Extreme Fear,1945.0,1613019.236
2018-12-13,3260.34158240795,17421321,56799457423.407166,80635414639.92122,-0.41965114277114923,7699420.458304255,669063.0,14.0,Extreme Fear,1978.0,1591678.155
2018-12-14,3198.94747369959,17423146,55735729024.46829,80460751042.02179,-0.4436117092269319,7169569.395452414,723411.0,10.0,Extreme Fear,1978.0,1537092.018
2018-12-15,3185.07404383402,17425008,55499942430.1824,80386031742.33168,-0.44839847074535943,3836739.7386550554,629913.0,11.0,Extreme Fear,1978.0,1521645.064
2018-12-16,3195.41455523086,17426446,55684719338.054886,80315920449.22797,-0.44233321823245936,4019694.2607939523,560818.0,13.0,Extreme Fear,1978.0,1557891.116
2018-12-17,3499.15648188194,17428446,60984859947.40012,80280938076.752,-0.3164076812834346,4915226.239482623,727558.0,17.0,Extreme Fear,1978.0,1611624.108
2018-12-18,3659.52737931035,17430046,63785730724.22211,80093753105.18463,-0.25566881802248737,15215742.602086667,669373.0,23.0,Extreme Fear,1978.0,1704867.398
2018-12-19,3697.72530333139,17431908,64458409312.1087,80008838137.50589,-0.24124748021785253,13255374.954643054,734702.0,21.0,Extreme Fear,1978.0,1844744.588
2018-12-20,4067.73770777323,17433596,70915296014.22662,80039035886.70735,-0.12865686791535602,6617591.269077569,674513.0,27.0,Fear,2113.0,2001382.375
2018-12-21,3839.08510841613,17435346,66935777361.34141,79916644543.92487,-0.19393017746710334,8255318.169088199,684413.0,35.0,Fear,2113.0,1998276.735
2018-12-22,3964.94611630625,17437533,69138880907.10426,79920570601.22798,-0.15594249650366934,2551175.3385958476,580321.0,28.0,Fear,2113.0,1933461.499
2018-12-23,3942.66699590883,17439733,68759061865.21274,79877705088.72879,-0.16170440552711068,3788908.4041729523,556083.0,31.0,Fear,2113.0,2002698.358
2018-12-24,4040.04578959673,17441633,70464998167.06093,79848676527.70825,-0.13316793592189083,6668940.388415367,613774.0,25.0,Extreme Fear,2113.0,2098181.508
2018-12-25,3761.58401081239,17443621,65615646013.44437,79774148715.78314,-0.2157793691376255,2982116.8159814635,526830.0,33.0,Fear,2113.0,1925239.746
2018-12-26,3807.65745353594,17445583,66426806216.303856,79745752396.48335,-0.20050559313072142,2971016.4457572605,578203.0,26.0,Fear,2113.0,1927816.825
2018-12-27,3585.46053594389,17447758,62558249703.68174,79651176544.72336,-0.2732321783618516,6721925.796555848,651447.0,29.0,Fear,2212.0,1914855.78
2018-12-28,3881.05488486265,17449846,67723810232.94718,79558438494.76938,-0.17474841154263246,8216771.716334494,671829.0,21.0,Extreme Fear,2212.0,1851755.157
2018-12-29,3823.13832612507,17451571,66719770113.13429,79405622004.9749,-0.19013632496529392,13183077.205794428,595172.0,24.0,Extreme Fear,2212.0,1980331.754
2018-12-30,3825.4074628872,17453771,66767786010.96772,79359647358.1521,-0.1885918659204299,4488477.583626773,566949.0,23.0,Extreme Fear,2212.0,1947999.745
2018-12-31,3687.19994009351,17455708,64362687501.31757,79257715721.56557,-0.2314233416673764,5513898.986095213,581304.0,26.0,Fear,2212.0,1919535.877
2019-01-01,3808.11783167738,17457571,66480487594.139854,79235365107.6334,-0.19185896456357932,3377844.5728660054,461096.0,24.0,Extreme Fear,2212.0,1971498.22
2019-01-02,3898.1974880187,17459458,68060417442.18392,79233366522.52882,-0.16416221792697816,3549498.2488452476,613245.0,30.0,Fear,2212.0,2050140.628
2019-01-03,3784.38863471654,17461396,66080708738.883606,79157953899.1582,-0.19789807660733527,5298495.623422866,630055.0,33.0,Fear,2391.0,2096876.172
2019-01-04,3827.52459438925,17463258,66841051579.06587,79134752517.27432,-0.18392440944269564,3886777.443786378,615945.0,48.0,Neutral,2391.0,2084208.479
2019-01-05,3798.61395499708,17465296,66343917284.5932,79123452943.19064,-0.19262558169089583,2270972.74916403,545832.0,36.0,Fear,2391.0,2125827.685
2019-01-06,4045.99377498539,17467058,70671610140.2698,79106481907.08649,-0.1193530436065494,3688635.9259891063,545447.0,31.0,Fear,2391.0,2144821.938
2019-01-07,4001.01827819988,17468821,69893072299.54335,79086138250.62521,-0.13153043139501433,10752640.322051944,633237.0,39.0,Fear,2391.0,2259517.805
2019-01-08,3992.6227893045,17470933,69754847422.0873,79024114834.91516,-0.1328834877487357,6015157.515803136,654993.0,39.0,Fear,2391.0,2261323.783
2019-01-09,4004.25903565167,17472983,69966352239.75473,79027784579.15672,-0.12951128720204033,5031648.321710498,646331.0,42.0,Fear,2391.0,2277911.662
2019-01-10,3627.90345002922,17474933,63397371696.84219,78719827583.9099,-0.24168913437512285,15845182.664889472,680066.0,37.0,Fear,2493.0,2168102.042
2019-01-11,3624.16142109877,17476783,63338684688.58824,78215797641.2248,-0.23488193709391894,56442407.936631486,655744.0,19.0,Extreme Fear,2493.0,2101295.394
2019-01-12,3617.02207831677,17478508,63220151303.218956,78185704239.28447,-0.2367212451657565,2730731.257140805,542085.0,22.0,Extreme Fear,2493.0,2096465.466
2019-01-13,3508.6701081239,17480221,61332329063.89828,78143776082.08247,-0.2741041678144884,5199824.345108285,518565.0,21.0,Extreme Fear,2493.0,2097954.088
2019-01-14,3666.94519374635,17482083,64105842231.91423,78127186112.31648,-0.21872177936103793,29153466.260180783,636605.0,16.0,Extreme Fear,2493.0,2062117.665
2019-01-15,3581.29301548802,17483733,62614372829.26866,78149487208.15045,-0.24810780140274769,148910525.19604665,645082.0,27.0,Fear,2493.0,1776021.442
2019-01-16,3606.98657568673,17485396,63069588804.78673,78158461606.22928,-0.23924165493048793,27354998.165427323,678054.0,24.0,Extreme Fear,2493.0,1836618.059
2019-01-17,3640.12913062536,17486983,63654878208.82586,78118419398.00636,-0.2272181111042501,5687933.878190064,636322.0,28.0,Fear,2607.0,1820703.836
2019-01-18,3609.42673611923,17488708,63124212202.42567,78085069997.50075,-0.2370066456766043,3227953.2459604726,652367.0,29.0,Fear,2607.0,1819742.601
2019-01-19,3687.30196113384,17490371,64492279455.09083,78060505328.3141,-0.21038527383221897,3700460.6465533976,557297.0,31.0,Fear,2607.0,1853488.109
2019-01-20,3538.31372296903,17492333,61893363828.932686,78028467162.52798,-0.26069197625437157,2076770.2211362515,549767.0,35.0,Fear,2607.0,1988609.756
2019-01-21,3535.623393045,17494208,61852932974.41749,78000107561.00414,-0.2610575410104668,12654291.723197434,631339.0,30.0,Fear,2607.0,1959986.705
2019-01-22,3577.30834979544,17495833,62587991427.066315,77845233913.52228,-0.2437726812855978,7729035.678603032,626610.0,27.0,Fear,2607.0,1975693.222
2019-01-23,3551.89382115722,17497658,62149825270.611664,77808068834.20056,-0.251943484883667,3291537.373414449,708853.0,33.0,Fear,2607.0,2028580.231
2019-01-24,3567.58893366452,17499683,62431677357.6772,77787951061.09248,-0.24596926357492666,3259074.2271640496,660853.0,37.0,Fear,3251.0,2027542.764
2019-01-25,3561.35049795441,17501408,62328650036.54359,77741060457.87233,-0.24727649984866307,2980887.883826724,657349.0,35.0,Fear,3251.0,2051116.624
2019-01-26,3557.03991525424,17503283,62259878217.48212,77708853217.52505,-0.24813692930907436,2889527.9807154844,621147.0,41.0,Fear,3251.0,2060924.15
2019-01-27,3537.61413062536,17504996,61925921365.237946,77679707870.93567,-0.2543972888636114,2727156.4178811973,532590.0,39.0,Fear,3251.0,2067765.259
2019-01-28,3435.05251402689,17506808,60136806704.99736,77586839599.31964,-0.29017225640070754,6437614.986820174,666172.0,35.0,Fear,3251.0,2006624.242
2019-01-29,3395.82376329632,17508633,59456233854.86681,77507713534.33759,-0.3036095377910177,6218303.658681814,664305.0,21.0,Extreme Fear,3251.0,1998512.931
2019-01-30,3437.89586616014,17510333,60198703309.34832,77429164280.55461,-0.28622644714891315,17940131.096220065,647205.0,22.0,Extreme Fear,3251.0,2105441.958
2019-01-31,3410.13161601403,17512271,59719149158.66989,77383108419.85916,-0.2957838400252033,5301569.8939402765,678646.0,17.0,Extreme Fear,2902.0,2148439.781
2019-02-01,3445.04989129164,17514246,60337451433.28968,77342417459.07213,-0.2818310290182456,5226742.55001525,700873.0,23.0,Extreme Fear,2902.0,2170077.295
2019-02-02,3461.93511747516,17516046,60639414922.40433,77326612992.63504,-0.2751873198576216,2542768.18674605,597355.0,22.0,Extreme Fear,2902.0,2192042.969
2019-02-03,3413.02161630625,17517771,59788531245.99699,77303169522.10258,-0.29294310984229527,2642670.7850891193,561523.0,19.0,Extreme Fear,2902.0,2195358.836
2019-02-04,3411.38796171829,17519608,59766181684.33819,77232748018.38353,-0.2922483224091005,5009659.05939533,650395.0,27.0,Fear,2902.0,2200937.849
2019-02-05,3426.46501139684,17521446,60036621822.17794,77201747189.88805,-0.28591091315149897,5205169.785018626,683669.0,21.0,Extreme Fear,2902.0,2205734.354
2019-02-06,3367.50636499123,17523496,59010484468.34563,77127912872.68797,-0.3070204992819689,11499194.80898285,722298.0,14.0,Extreme Fear,2902.0,2205791.176
2019-02-07,3358.87359906487,17525671,58866513778.85585,77071915513.16939,-0.3092658383458186,5744276.412793159,685349.0,18.0,Extreme Fear,3042.0,2225541.806
2019-02-08,3612.47961922852,17527708,63318489890.49297,77066602146.2129,-0.2171263446032398,4663959.555304915,727375.0,37.0,Fear,3042.0,2257115.884
2019-02-09,3621.26812098188,17529583,63479322065.499695,77068569698.33908,-0.2140736099673155,4649583.805225214,604401.0,42.0,Fear,3042.0,2414052.511
2019-02-10,3642.0223591467,17531333,63849508756.45068,77068142772.80103,-0.20702796738455517,2395400.9972941014,537936.0,40.0,Fear,3042.0,2402099.88
2019-02-11,3590.6184836353,17533146,62954838265.35764,77039326940.8148,-0.22372368929120856,6062292.207102142,723276.0,46.0,Fear,3042.0,2395235.112
2019-02-12,3587.90246580947,17534746,62912958572.101906,76997485418.70045,-0.22387322367707224,5989980.218054478,842862.0,38.0,Fear,3042.0,2402950.134
2019-02-13,3576.08537258913,17536658,62712588106.768555,76834140062.56972,-0.22517890557728437,13414235.4122466,792184.0,48.0,Neutral,3042.0,2408845.062
2019-02-14,3561.91638340152,17538421,62470389259.08376,76816015181.09477,-0.22963881115764018,4812057.05334069,658996.0,48.0,Neutral,3269.0,2464722.839
2019-02-15,3565.00692372881,17540008,62530251905.09166,76787777572.61829,-0.22801004686766146,4373750.445253577,645064.0,43.0,Fear,3269.0,2493995.795
2019-02-16,3584.73600263004,17541883,62883021497.60861,76731632131.97034,-0.22022813637999847,5391362.261003771,642928.0,43.0,Fear,3269.0,2521594.589
2019-02-17,3622.7574289889,17543871,63557189161.39963,76714002146.71071,-0.20700747089208354,2698044.185261295,568061.0,38.0,Fear,3269.0,2530194.344
2019-02-18,3866.12921712449,17545808,67834363053.79311,76719607987.06418,-0.13098442342894862,6418735.2785497,719352.0,63.0,Greed,3269.0,2628581.553
2019-02-19,3895.43521098773,17547758,68356156509.99911,76691583544.99026,-0.12194113099047421,8734260.987645682,748390.0,65.0,Greed,3269.0,2773232.065
2019-02-20,3931.61382904734,17549383,68997399036.67215,76759046165.22894,-0.1124918799392927,23188590.911342207,719157.0,59.0,Greed,3269.0,2813178.347
2019-02-21,3892.26179427236,17550871,68312584824.54989,76715644932.7157,-0.12300896137582476,11651432.972705066,671008.0,59.0,Greed,3418.0,2812265.562
2019-02-22,3948.30051052016,17552896,69304108415.47467,76722611948.50511,-0.10704276705439861,6229277.933243572,765880.0,61.0,Greed,3418.0,2849374.083
2019-02-23,4110.15112127411,17554683,72152402255.98343,76698938493.83371,-0.06301295723626786,7360940.218258136,600619.0,63.0,Greed,3418.0,2866901.953
2019-02-24,3754.18378988895,17556396,65909937440.908554,76644988819.52531,-0.16287454965711737,4531991.061093175,600036.0,69.0,Greed,3418.0,3004833.299
2019-02-25,3822.01869666861,17558183,67107705788.4264,76602861874.77618,-0.14149129335885222,8249881.829226272,698345.0,47.0,Neutral,3418.0,2785947.424
2019-02-26,3796.17506838106,17560196,66661578421.81065,76592072537.07045,-0.14896878157344515,6568143.929594319,734078.0,40.0,Fear,3418.0,2799949.438
2019-02-27,3799.3819924021,17561958,66724589047.08306,76574060638.6698,-0.14761382171475987,3512670.4551236145,706524.0,39.0,Fear,3418.0,2815397.829
2019-02-28,3792.94772296902,17563833,66618702451.00985,76546645567.90059,-0.14902636574453793,55190768.28320639,723141.0,39.0,Fear,3562.0,2815905.294
2019-03-01,3810.63269257744,17565858,66937034844.6625,76536635736.56985,-0.14341240113465856,4836756.040307287,752382.0,42.0,Fear,3562.0,2831762.749
2019-03-02,3809.64339099942,17567508,66925942824.679825,76523355452.56702,-0.14340347289583524,12398097.611119863,664603.0,41.0,Fear,3562.0,2825172.837
2019-03-03,3782.38187025132,17569333,66453928672.90185,76519122481.11028,-0.15146123049776508,1903273.0095741823,595412.0,44.0,Fear,3562.0,2845229.733
2019-03-04,3698.16185505552,17571046,64980572236.94098,76440449134.25145,-0.17635850997931987,7620477.238674,700422.0,36.0,Fear,3562.0,2762242.283
2019-03-05,3840.1280490941,17572908,67482219007.71379,76457394613.4548,-0.13300059982786094,6578500.349145489,717990.0,35.0,Fear,3562.0,2880564.975
2019-03-06,3851.99842548218,17574508,67696979243.8567,76448336677.53636,-0.12927249533772697,4095761.1093930174,748442.0,42.0,Fear,3562.0,2921594.737
2019-03-07,3855.92316832262,17576283,67772798934.0666,76444775521.93921,-0.1279565950390986,5078908.046511752,700363.0,56.0,Greed,3803.0,2995266.632
2019-03-08,3839.23355289304,17578108,67486464122.25378,76417932168.58617,-0.13234458439180877,7138200.8014969565,722917.0,54.0,Neutral,3803.0,3045631.804
2019-03-09,3910.36116656926,17579833,68743498409.01158,76422329075.84189,-0.11170264598904511,2100423.407977283,611401.0,55.0,Greed,3803.0,3082099.093
2019-03-10,3903.9119509059,17581533,68636758921.47062,76414360364.72495,-0.11331539492056893,7399384.60492747,530827.0,55.0,Greed,3803.0,3114181.612
2019-03-11,3851.56892168323,17583308,67723324732.18276,76384488274.4189,-0.12789040668761306,5070078.517465801,762228.0,56.0,Greed,3803.0,3109769.617
2019-03-12,3858.91482378726,17585096,67859387805.6666,76351662546.59209,-0.12514517173726014,8392142.571911361,710435.0,56.0,Greed,3803.0,3164374.398
2019-03-13,3851.95746639392,17586783,67743542185.910065,76344747117.61444,-0.12696715663464872,5476252.950004151,728417.0,54.0,Neutral,3803.0,3261766.827
2019-03-14,3853.78326504968,17588721,67783118816.74164,76328369073.39244,-0.12606752840266514,5194285.789880086,754378.0,55.0,Greed,4039.0,3271545.724
2019-03-15,3901.91420689655,17590633,68637142937.43871,76326535558.2249,-0.11202961387531679,7358224.576748031,732205.0,55.0,Greed,4039.0,3355106.754
2019-03-16,3989.79607685564,17592671,70191169916.64258,76292976944.17497,-0.08693126264712157,8499649.32164578,624218.0,54.0,Neutral,4039.0,4221464.519
2019-03-17,3967.14349444769,17594496,69799890522.89775,76300410330.2087,-0.09313080233526237,3777501.838576598,549101.0,58.0,Greed,4039.0,4346860.88
2019-03-18,3969.44014582116,17596508,69848287444.69843,76290342773.63087,-0.09222925234971398,6002861.1417325,729514.0,56.0,Greed,4039.0,4350735.529
2019-03-19,3996.16790356517,17598683,70327294327.4191,76306374300.03839,-0.0850179155874077,6855855.622964928,764390.0,56.0,Greed,4039.0,4356082.706
2019-03-20,4030.65527586207,17600696,70942338372.51256,76312432061.06491,-0.07569659827611573,6274979.115453277,753336.0,55.0,Greed,4039.0,4345295.297
2019-03-21,3976.27385008767,17602483,69992295016.47215,76290735340.22337,-0.08998762395587873,11653823.113512397,721356.0,62.0,Greed,4100.0,4351511.382
2019-03-22,3983.88764582116,17604496,70134334304.4729,76279324770.94211,-0.08761743484713312,4430128.844955923,735015.0,56.0,Greed,4100.0,4297952.359
2019-03-23,3981.77603302163,17606308,70104377394.35492,76275519883.7415,-0.08802791949313434,2845841.2962556276,593787.0,50.0,Neutral,4100.0,4279631.741
2019-03-24,3970.6669880187,17608183,69916233120.99588,76272354689.4965,-0.09091052656542332,2603850.322659873,569848.0,44.0,Fear,4100.0,4242422.517
2019-03-25,3908.23883869082,17610033,68824217051.1092,76243040390.57333,-0.10779379203042544,4668905.968599501,738483.0,46.0,Fear,4100.0,4229757.118
2019-03-26,3917.76340210403,17611708,68998507186.01556,76222559952.45706,-0.10469868205939462,10745030.62199248,724985.0,43.0,Fear,4100.0,4164654.744
2019-03-27,4027.00791788428,17613571,70929990060.32103,76240555801.34991,-0.07487052707201308,4776188.358333632,823614.0,44.0,Fear,4100.0,4269915.205
2019-03-28,4010.93746201052,17615396,70654251904.93164,76242348191.72717,-0.07909072895307925,3663570.51180371,816964.0,49.0,Neutral,4140.0,4267202.217
2019-03-29,4089.46104003507,17617233,72044990215.36343,76290894991.06732,-0.058934073875388744,17113618.677048933,809947.0,50.0,Neutral,4140.0,4326560.927
2019-03-30,4091.89103834015,17618971,72094909723.69704,76297303507.91647,-0.0582897433442259,2290492.4593868437,735921.0,57.0,Greed,4140.0,4343857.196
2019-03-31,4094.31781472823,17620708,72144780903.81433,76232072375.0958,-0.05665401460891215,6016626.003845823,691799.0,56.0,Greed,4140.0,4352511.851
2019-04-01,4138.41780771479,17622408,72928889337.33894,76246538945.4537,-0.045491569092306935,4998514.340688162,742925.0,62.0,Greed,4140.0,4385150.458
2019-04-02,4903.71946206897,17624371,86424971299.95584,76559436619.12674,0.1141514371649452,20282804.700087786,931387.0,60.0,Greed,4140.0,5027523.32
2019-04-03,4960.22760274693,17626146,87429696142.32059,76663355070.5006,0.12314283986866695,15312441.624815052,897707.0,71.0,Greed,4140.0,5374733.473
2019-04-04,4911.26970245471,17627896,86575351763.69402,76730591293.50383,0.11371320207928574,6120913.392273238,839066.0,61.0,Greed,4089.0,5385338.933
2019-04-05,5033.22548369375,17629871,88735116217.7895,76757138930.69325,0.13498576209330443,13324834.91887878,925297.0,59.0,Greed,4089.0,5384904.905
2019-04-06,5044.35684593805,17631608,88940125268.7312,76782107104.0521,0.13669890983337213,3268406.670192553,716028.0,65.0,Greed,4089.0,5423937.312
2019-04-07,5189.11195558153,17633371,91501536506.67131,76819054321.10379,0.1604615916422019,3673731.4874735656,663843.0,69.0,Greed,4089.0,5568117.924
2019-04-08,5283.42302483928,17635221,93174332917.13725,76897331824.79361,0.17469404483764076,9304244.519594958,815859.0,65.0,Greed,4089.0,5671743.168
2019-04-09,5195.57790882525,17636871,91633737582.05815,76943751898.41818,0.16031197756705126,5030248.572674902,809783.0,64.0,Greed,4089.0,5627634.971
2019-04-10,5311.74160327294,17638721,93692328403.10568,77022930592.79889,0.17791635766151204,10421763.65537582,820123.0,62.0,Greed,4089.0,5677909.614
2019-04-11,5050.66600859147,17640683,89097200748.91083,77015448994.63318,0.13560192298662474,6926213.153380986,853797.0,65.0,Greed,4219.0,5491380.876
2019-04-12,5082.86143202805,17642571,89674743926.30489,77066394853.58539,0.1406008929680479,10474986.174281204,807070.0,42.0,Fear,4219.0,5468582.654
2019-04-13,5074.79069257744,17644258,89540919041.45575,77092002535.73299,0.13903047499388688,5850181.630140173,634215.0,62.0,Greed,4219.0,5466387.15
2019-04-14,5156.80404061952,17645783,90995847884.61096,77031858412.17455,0.15345743566391867,22402711.655410394,632297.0,51.0,Neutral,4219.0,5459006.743
2019-04-15,5042.89773845704,17647596,88995022184.39458,77020820579.12158,0.13454911647151307,4324561.799811813,812393.0,60.0,Greed,4219.0,5528801.562
2019-04-16,5205.96295745178,17649408,91882167106.05908,77072812838.44221,0.16117767717126774,4400971.2000973,805388.0,50.0,Neutral,4219.0,5435734.122
2019-04-17,5226.35221519579,17651133,92251040903.48308,77129872518.39903,0.16391325492906306,10492810.991887832,782032.0,61.0,Greed,4219.0,5580144.001
2019-04-18,5278.5023395675,17652996,93181380923.76248,77167542267.6405,0.17185663592197567,5580754.12694088,784138.0,64.0,Greed,4272.0,5615642.682
2019-04-19,5289.95121911163,17654896,93393538856.39069,77369464416.98778,0.17157583528388184,14069924.59273078,828908.0,61.0,Greed,4272.0,5618417.397
2019-04-20,5313.97326212741,17656533,93826347159.83887,77389364598.3339,0.17518514851168168,3677503.594555221,727197.0,62.0,Greed,4272.0,5679282.389
2019-04-21,5295.73382817066,17658558,93515025843.34225,77395609217.01024,0.17237247683955623,4439524.997345098,736162.0,62.0,Greed,4272.0,5633623.649
2019-04-22,5383.79997533606,17660233,95079164923.85132,77435841130.89468,0.1855645640881168,11487298.739104113,684016.0,61.0,Greed,4272.0,5665970.851
2019-04-23,5544.86271186441,17661683,97931610517.26653,77525741816.6234,0.20836856039496385,6544775.564244379,744632.0,68.0,Greed,4272.0,5841478.046
2019-04-24,5431.94791963764,17663721,95948412783.29727,77451037072.6663,0.19278459303342427,23593033.77870081,918385.0,65.0,Greed,4272.0,5749516.012
2019-04-25,5127.67316738749,17665508,90582954154.30925,77403610333.51851,0.14549474505257973,6106316.199247654,793484.0,58.0,Greed,4322.0,5763606.632
2019-04-26,5150.16466066628,17667396,90989998756.8119,77329500360.84984,0.15013186704697457,14735598.101335002,808787.0,41.0,Fear,4322.0,5614506.948
2019-04-27,5181.80776364699,17669108,91557923835.0592,77331475996.16864,0.15538194012043552,4572145.678785949,653072.0,42.0,Fear,4322.0,5576191.607
2019-04-28,5148.66961542957,17671146,90982892711.56766,77337967073.31139,0.14997243142744615,3740349.05493393,637879.0,40.0,Fear,4322.0,5597688.265
2019-04-29,5148.80049327878,17673183,90995696154.16016,77310749428.1964,0.15039114270612797,11128640.35509464,828558.0,42.0,Fear,4322.0,5571698.318
2019-04-30,5266.61820251315,17674933,93087126736.16177,77363564554.94043,0.168912316155024,3628984.7356917458,865427.0,42.0,Fear,4322.0,5417608.951
2019-05-01,5315.17532904734,17677071,93956731908.05423,77144602048.4791,0.17893480880143248,28737795.231630072,802669.0,51.0,Neutral,4322.0,5736627.218
2019-05-02,5393.12937638808,17679371,95347135338.70532,77166478941.73878,0.1906785802466187,5683120.920048694,828822.0,50.0,Neutral,4366.0,5811274.348
2019-05-03,5658.43038836938,17681271,100048241385.8673,77252006787.13937,0.22785242681884954,5324141.606158913,837490.0,63.0,Greed,4366.0,6142385.065
2019-05-04,5774.71242869667,17682921,102113783934.06386,77305956937.8938,0.24294298027569697,4099295.3617346324,694235.0,66.0,Greed,4366.0,6188498.364
2019-05-05,5728.35170222092,17684533,101303227835.32544,77361829462.74654,0.23633401308295035,4261845.466785371,652071.0,67.0,Greed,4366.0,6194110.282
2019-05-06,5691.68837405026,17686421,100665597040.2271,77474399100.21544,0.23037858634806682,8835795.97532598,801725.0,57.0,Greed,4366.0,6206111.432
2019-05-07,5825.744893045,17688008,103045825449.00911,77555022923.1791,0.2473734614163852,11617875.716394916,785307.0,69.0,Greed,4366.0,6445215.097
2019-05-08,5931.8005949737,17689908,104933010032.09744,77661383415.92015,0.25989559060428463,7561168.0168139655,872619.0,63.0,Greed,4366.0,6490809.618
2019-05-09,6150.14044476914,17691783,108806953520.03574,77760909433.06305,0.28533143409125833,12710855.189116403,856022.0,69.0,Greed,4365.0,6722240.268
2019-05-10,6357.46349357101,17693346,112484801560.03087,77860085847.10175,0.3078168359878433,17954539.232485108,808103.0,71.0,Greed,4365.0,6937081.096
2019-05-11,7325.08286031561,17694971,129617129115.3081,78297029851.60626,0.39593608972813465,14151281.357729504,802406.0,76.0,Extreme Greed,4365.0,7465257.531
2019-05-12,6942.62317451783,17696946,122863227730.01685,78482551363.27293,0.3612201729248663,8970441.049634954,855424.0,75.0,Greed,4365.0,7606676.524
2019-05-13,7798.90573600234,17699033,138033094235.58286,78994966853.04463,0.4277099467304348,20167323.511199016,905168.0,78.0,Extreme Greed,4365.0,7775051.884
2019-05-14,7955.5576823495,17700933,140820797848.46292,79506191013.32204,0.43540874481567315,43089694.23029886,928468.0,78.0,Extreme Greed,4365.0,8301229.801
2019-05-15,8215.2068383986,17702796,145432131127.43274,80062570841.04164,0.44948499193147345,19870181.175054215,906193.0,77.0,Extreme Greed,4365.0,8337690.025
2019-05-16,7862.07160233782,17704621,139194998347.82983,80559064229.41275,0.42125029501342903,11610700.418451123,912985.0,75.0,Greed,4291.0,8274708.974
2019-05-17,7326.92068188194,17706508,129734183662.07736,80552157907.24963,0.3790984331695775,5753002.913769173,934336.0,65.0,Greed,4291.0,7553441.841
2019-05-18,7277.98756341321,17708421,128881668132.99368,80585538185.92378,0.37473234670762384,4749598.697082129,887993.0,67.0,Greed,4291.0,7615059.723
2019-05-19,8219.74278696669,17710458,145575413878.90924,80793772285.56311,0.44500400079392527,7047217.988135286,786639.0,70.0,Greed,4291.0,8254833.127
2019-05-20,7981.13937895967,17712471,141365700155.7119,80916723137.2013,0.4276070995434331,13167314.140289806,869869.0,73.0,Greed,4291.0,8216919.239
2019-05-21,7983.80847738165,17714383,141428245517.94043,81054966343.3847,0.42688275565786654,11710448.90648525,919195.0,68.0,Greed,4291.0,8125592.702
2019-05-22,7667.90211484512,17716471,135848165793.33598,81091186156.31279,0.4030748543217305,14395567.915655782,912104.0,69.0,Greed,4291.0,8130995.829
2019-05-23,7897.4712936879,17718446,139930919008.92722,81220624130.7666,0.41956627808908376,6888669.027869505,870419.0,65.0,Greed,4444.0,7909352.382
2019-05-24,7987.10036762127,17720358,141534282248.92953,81398189340.96007,0.42488711535062945,6369785.6815335285,897988.0,64.0,Greed,4444.0,8232509.268
2019-05-25,8061.59176072472,17722108,142868404228.81842,81507201532.65414,0.42949456198788366,7407219.185484315,749281.0,69.0,Greed,4444.0,8281350.313
2019-05-26,8731.52495587376,17724171,154759041801.35135,81712435219.24667,0.472002189544875,6476070.985963258,705369.0,67.0,Greed,4444.0,8253054.369
2019-05-27,8816.78670835769,17726258,156288640728.2243,81957455003.66959,0.4756019719552861,9194900.708633509,920991.0,70.0,Greed,4444.0,9019370.122
2019-05-28,8719.12584833431,17728308,154575353281.71463,82180990895.88751,0.4683435026921006,9161463.71699669,985711.0,71.0,Greed,4444.0,9008758.152
2019-05-29,8655.48850613676,17730483,153465996531.7553,83380253007.03954,0.45668581385201884,38176257.00987126,932889.0,71.0,Greed,4444.0,8853169.878
2019-05-30,8271.62196317942,17732483,146676400352.31113,83440539554.37537,0.43112498429226265,5323838.243225898,887744.0,73.0,Greed,4491.0,8829924.67
2019-05-31,8556.222185564,17733946,151735582587.58755,83624035384.04814,0.44888315609308604,7631976.033396921,791688.0,61.0,Greed,4491.0,8496763.821
2019-06-01,8554.80732963179,17735833,151726638807.65903,83722208352.31487,0.4482036311471454,4309747.967999262,881679.0,62.0,Greed,4491.0,8700483.868
2019-06-02,8744.35374547049,17737471,155102721367.2785,83825851118.20598,0.4595462260155389,3968784.163571479,731074.0,63.0,Greed,4491.0,8852668.39
2019-06-03,8173.40127054354,17738958,144987626309.59637,83958712811.78941,0.4209249785736206,22962865.82024602,758320.0,66.0,Greed,4491.0,8709062.054
2019-06-04,7649.93933196961,17740883,135716682814.57658,83571270540.66391,0.38422256713389125,29644188.302465435,939588.0,42.0,Fear,4491.0,8122356.71
2019-06-05,7798.54446639392,17742883,138368666287.51602,83556432707.18307,0.3961318342581889,33626747.02300539,908400.0,27.0,Fear,4491.0,7968413.164
2019-06-06,7776.71332612507,17744846,137996580707.9744,83576996489.75961,0.3943545842876819,7725663.5608896,852861.0,34.0,Fear,4525.0,7452226.018
2019-06-07,8023.950093045,17746821,142399606375.05902,83684883310.02057,0.4123236331875297,4618562.7327736635,888584.0,27.0,Fear,4525.0,7639539.477
2019-06-08,7939.80515488019,17748371,140918607913.59793,83715930764.97897,0.40592706666313294,3441835.0739284283,661522.0,62.0,Greed,4525.0,7678299.265
2019-06-09,7634.06575073057,17750208,135506259121.49867,83739477253.52617,0.38202502381500303,6630506.210749479,610413.0,62.0,Greed,4525.0,7607681.786
2019-06-10,7993.30253857393,17752171,141898473878.9763,83919693297.72594,0.40859340482195633,11949534.503215887,833898.0,46.0,Fear,4525.0,7555879.332
2019-06-11,7922.48362711864,17753958,140655445889.08667,83978262758.19203,0.4029505062718099,6955083.0827196855,869311.0,61.0,Greed,4525.0,7549393.736
2019-06-12,8146.75612507306,17755596,144650510833.70166,84103964145.24902,0.41857126075455303,7920681.994045992,824197.0,60.0,Greed,4525.0,7609283.192
2019-06-13,8232.77734137931,17757483,146193408168.96448,84200951057.71025,0.4240441336425089,4066079.8505294025,926411.0,63.0,Greed,4521.0,7729344.121
2019-06-14,8698.00481502046,17759596,154473051911.988,84467663556.62726,0.45318835543721087,26809194.148904163,1060597.0,67.0,Greed,4521.0,7897390.401
2019-06-15,8850.58481601403,17761421,157198963411.4645,84582323994.24127,0.4619409558519221,3691664.927603492,893186.0,75.0,Greed,4521.0,8264902.622
2019-06-16,9019.51700672121,17763046,160214095893.80023,84763348216.43642,0.4709370124797085,8309194.917976181,723847.0,80.0,Extreme Greed,4521.0,8659187.571
2019-06-17,9340.57218877849,17764708,165932542576.92453,85056136537.91957,0.48740533220909055,9405266.35465118,823863.0,84.0,Extreme Greed,4521.0,8824366.134
2019-06-18,9047.13274447691,17766746,160738109906.27518,85170918633.02353,0.47012616558272424,7276885.0013222005,982554.0,83.0,Extreme Greed,4521.0,8721472.287
2019-06-19,9285.05567656341,17768958,164985769404.61563,85433148689.32294,0.4821786812424753,17876783.334425893,940163.0,82.0,Extreme Greed,4521.0,8700573.857
2019-06-20,9546.71977819988,17770758,169652452074.90225,85658356029.54312,0.49509509009793384,6259170.606353265,851978.0,81.0,Extreme Greed,4569.0,8845960.888
2019-06-21,10083.4863136762,17772421,179207964367.86978,85978535648.50073,0.5202303873503747,13273867.172092663,867237.0,84.0,Extreme Greed,4569.0,9327577.053
2019-06-22,10685.2952327878,17774183,189922398699.78864,86455151519.45615,0.5447869650376717,13835778.094963549,875146.0,83.0,Extreme Greed,4569.0,10187391.73
2019-06-23,10794.4276963764,17776446,191886561530.99048,86699590073.2586,0.5481726839987371,7903012.486221768,932345.0,84.0,Extreme Greed,4569.0,10192364.84
2019-06-24,11004.2069094681,17778658,195640037201.65903,87076613192.8825,0.5549141451903992,10486886.810263809,1001959.0,80.0,Extreme Greed,4569.0,10341298.67
2019-06-25,11726.2638308007,17780483,208498641087.55655,87615309088.36838,0.5797799514118878,18281981.25288336,942995.0,87.0,Extreme Greed,4569.0,10751923.3
2019-06-26,12863.4606849795,17782546,228745081928.3398,88954417353.9488,0.611119869314541,30126241.69156134,1067040.0,95.0,Extreme Greed,4569.0,11999538.44
2019-06-27,11109.7978418469,17784321,197580211564.14645,89197044484.38693,0.5485527433225357,22887171.364520382,921101.0,92.0,Extreme Greed,4580.0,11198410.86
2019-06-28,12358.2079582116,17786358,219807517718.08246,90040433231.62785,0.5903669075272002,29958729.63465052,1040011.0,62.0,Greed,4580.0,11205917.35
2019-06-29,11944.3515473407,17788533,212472498172.8127,90305550366.2336,0.5749776976181438,9048521.92706394,892289.0,74.0,Greed,4580.0,11265624.02
2019-06-30,10842.6167109877,17790433,192894852050.4336,90571359315.5362,0.5304625377360732,33572606.56224003,710838.0,78.0,Extreme Greed,4580.0,10937239.7
2019-07-01,10569.5517282291,17792221,188055800694.9219,90617431823.76282,0.5181354072094317,6300602.557354108,862800.0,65.0,Greed,4580.0,10323505.57
2019-07-02,10766.0833162186,17794196,191573797165.30005,90806994240.9252,0.5259947049931254,10982797.279634539,925020.0,63.0,Greed,4580.0,9749413.639
2019-07-03,11952.0248935126,17796346,212702370943.07428,91242817675.96655,0.5710305565875148,11138605.690737113,927994.0,79.0,Extreme Greed,4580.0,10684691.4
2019-07-04,11177.0103787551,17798433,198933276457.7391,91510822870.04764,0.5399923808650084,19066444.729219418,853828.0,76.0,Extreme Greed,4578.0,11100353.72
2019-07-05,10998.3991004676,17800796,195780259208.63135,91559091608.24712,0.5323374686582775,9887530.52867635,854082.0,67.0,Greed,4578.0,10545275.73
2019-07-06,11208.225600526,17803021,199540276242.9625,91657221764.79095,0.5406580391159322,2372440.1403312464,711094.0,72.0,Greed,4578.0,10741036.08
2019-07-07,11456.1836039158,17804933,203976587746.7229,91763536502.69807,0.5501271125456781,3615068.9626111137,637482.0,67.0,Greed,4578.0,10630070.06
2019-07-08,12319.6228758036,17807158,219377477763.70316,92229071311.77003,0.5795873293287097,9104604.522585897,863244.0,74.0,Greed,4578.0,11199080.79
2019-07-09,12579.107616014,17809083,224022378454.79156,92607682695.77704,0.5866141439326538,9800508.039734608,846353.0,84.0,Extreme Greed,4578.0,11897239.2
2019-07-10,12106.7829313267,17810696,215630230872.31946,93213699295.92154,0.5677150698265685,15950516.986682909,820431.0,83.0,Extreme Greed,4578.0,12254677.44
2019-07-11,11294.678028346,17812308,201184289957.01913,93271727702.20468,0.5363866248098637,13412969.92517578,804123.0,62.0,Greed,4589.0,10981595.59
2019-07-12,11813.3237158971,17814358,210446784282.81628,93595917701.4521,0.5552513761594478,8208716.074679424,940394.0,33.0,Fear,4589.0,11015868.89
2019-07-13,11346.837148159,17816121,202156624109.18985,93644901619.3472,0.536770550893414,3691757.590906296,687596.0,65.0,Greed,4589.0,10824448.14
2019-07-14,10283.0757891292,17817933,183223161048.6184,93546318122.3678,0.4894405402298173,4431098.445489721,625442.0,61.0,Greed,4589.0,10197821.58
2019-07-15,10926.3802741087,17819758,194705458255.16608,93687529002.56905,0.5188243316744139,6178836.0325924875,790994.0,16.0,Extreme Fear,4589.0,9810573.614
2019-07-16,9471.14086475745,17821783,168792622415.64972,93548201055.69536,0.44578027335025294,9068879.791341355,819171.0,34.0,Fear,4589.0,10128924.39
2019-07-17,9674.88246113384,17823446,172439745537.4685,93716929006.82063,0.4565236180631142,21854922.828743372,768172.0,19.0,Extreme Fear,4589.0,8693538.633
2019-07-18,10679.8906896552,17824958,190368608807.94034,94101032117.23338,0.5056903934609812,12030621.974849224,764256.0,40.0,Fear,4576.0,8995478.009
2019-07-19,10532.2027291058,17826433,187751612032.5812,94256515087.45876,0.49797227269024946,17398387.597299684,763382.0,42.0,Fear,4576.0,9614976.159
2019-07-20,10862.6485479252,17828646,193666316071.8915,94387728120.76942,0.5126270275842318,10188007.134196825,750014.0,34.0,Fear,4576.0,9833918.003
2019-07-21,10589.7064907656,17830508,188819852072.34543,94504264424.05235,0.49950037886988974,5992733.321337863,568938.0,42.0,Fear,4576.0,9724350.969
2019-07-22,10318.5609251899,17832483,184005567906.24377,94514022833.8028,0.4863523755870232,4862416.264433968,731296.0,42.0,Fear,4576.0,9664473.43
2019-07-23,9866.64894038574,17834271,175964491508.4287,94460977219.9595,0.46318159754728233,3706951.082922118,736953.0,40.0,Fear,4576.0,9168635.567
2019-07-24,9792.78753652835,17836008,174664242180.6186,94757072728.54846,0.45749014483135536,47047246.17658817,741804.0,20.0,Extreme Fear,4576.0,8828774.685
2019-07-25,9897.18678603156,17837883,176544865312.07034,94831353877.0993,0.4628484169762161,9682115.849665837,802338.0,42.0,Fear,4606.0,9138937.66
2019-07-26,9836.69678813559,17839958,175486262919.80182,94895777037.8416,0.45924099437225185,6714405.513603842,777924.0,24.0,Extreme Fear,4606.0,8914475.99
2019-07-27,9446.67205207481,17841858,168546186473.86264,94883155758.16614,0.4370495248619572,4373060.816151309,610522.0,47.0,Neutral,4606.0,8656776.635
2019-07-28,9529.78879193454,17844046,170049990002.14154,94907336246.33215,0.4418856699424862,1958570.6053727411,556642.0,16.0,Extreme Fear,4606.0,8662465.096
2019-07-29,9504.15891595558,17846146,169612608048.7696,96650281772.47745,0.4301704166668607,262289370.77667135,753692.0,19.0,Extreme Fear,4606.0,8688982.454
2019-07-30,9589.10920601987,17847921,171145664000.66034,96698460037.672,0.4349932228648288,6147384.02283444,770259.0,22.0,Extreme Fear,4606.0,8662535.823
2019-07-31,10059.0040189947,17850058,179553810643.16776,96809056345.32808,0.4608354119661688,4398530.918146164,804214.0,31.0,Fear,4606.0,8892461.306
2019-08-01,10400.3070143776,17851833,185664549637.2775,96949372000.0504,0.4778250765186192,8609424.856944365,784650.0,57.0,Greed,4600.0,8393708.672
2019-08-02,10529.6944544126,17853946,187996596659.12735,97077097358.69456,0.48362311295074495,4054941.22219844,803405.0,61.0,Greed,4600.0,8755916.584
2019-08-03,10810.4216686148,17856108,193032062731.70718,97186274732.94516,0.496527813267876,2237553.745607897,653465.0,61.0,Greed,4600.0,9024014.134
2019-08-04,10986.5089291058,17858196,196199230305.81082,97292807946.73312,0.5041121833399383,7647766.858178663,609520.0,62.0,Greed,4600.0,9039951.676
2019-08-05,11790.0239375804,17859983,210569633520.0163,97852326219.6103,0.5352970673698367,30991895.499036774,820646.0,64.0,Greed,4600.0,9824750.166
2019-08-06,11423.4970017534,17861996,204046458265.07297,98216942702.48346,0.5186540186113319,20558071.007578786,885038.0,66.0,Greed,4600.0,9808172.606
2019-08-07,11967.2735473407,17863908,213782280182.36133,98550486915.36893,0.5390147077143015,10413852.314185638,871196.0,45.0,Fear,4600.0,9756862.986
2019-08-08,11938.2346108708,17865683,213284721643.4541,98879920874.26685,0.5363947304225409,10971119.47517796,846610.0,61.0,Greed,4774.0,9854130.861
2019-08-09,11858.3410984804,17867521,211879159135.55933,99024774396.57596,0.532635607954153,4212902.492592994,773635.0,60.0,Greed,4774.0,9856834.757
2019-08-10,11303.7305618936,17869408,201990979492.76685,99059988972.13963,0.5095821148999037,4457889.961748933,639069.0,59.0,Greed,4774.0,9557725.387
2019-08-11,11530.195242256,17871321,206059820885.56998,99185395729.16992,0.5186572748490839,6917911.770252524,573493.0,45.0,Fear,4774.0,9508626.099
2019-08-12,11384.6962465809,17872983,203478488679.64914,99290264470.85834,0.5120355713513375,5259177.51895722,683465.0,48.0,Neutral,4774.0,9498451.666
2019-08-13,10867.05475827,17874946,194248017471.83652,99410801156.5898,0.48822746069466016,9868941.819016362,916632.0,45.0,Fear,4774.0,9398759.715
2019-08-14,10024.3795917008,17876846,179204290657.19818,99454363521.12675,0.44502242018650057,9282443.223881055,787812.0,11.0,Extreme Fear,4774.0,8805277.919
2019-08-15,10310.0858696669,17878808,184332051345.99948,99487808265.5832,0.46027938419217096,3985944.8420739635,740771.0,13.0,Extreme Fear,4796.0,8422286.623
2019-08-16,10373.3219028054,17880646,185481697254.62265,99549249196.61464,0.4632934102389791,4337657.516333749,716582.0,31.0,Fear,4796.0,8656231.904
2019-08-17,10207.1555616598,17882246,182526867172.9087,99553023262.73662,0.4545842767989356,2775174.809347448,597725.0,20.0,Extreme Fear,4796.0,8670926.563
2019-08-18,10331.3099760374,17883821,184763298771.59067,99592215968.72522,0.460974032013556,2025540.0276284933,559186.0,14.0,Extreme Fear,4796.0,8686555.978
2019-08-19,10884.6297744009,17885858,194680948459.32904,99694072057.17873,0.4879104871527483,7108025.562664218,727127.0,30.0,Fear,4796.0,8958551.615
2019-08-20,10771.3923793688,17887771,192676200717.7093,99840813659.08728,0.4818207267571957,6626707.159592817,776180.0,39.0,Fear,4796.0,9007653.018
2019-08-21,10096.8302238457,17889471,180626951935.48956,99817220052.67062,0.44738468438353496,5906200.118581455,791955.0,11.0,Extreme Fear,4796.0,8517872.073
2019-08-22,10119.7145248393,17891233,181054175972.34903,99817578339.5192,0.4486866828481021,3646217.4700576435,848253.0,5.0,Extreme Fear,4819.0,8499567.057
2019-08-23,10414.1441725891,17893146,186341802613.53473,100248357674.81354,0.4620189551202071,17155652.03382161,815072.0,33.0,Fear,4819.0,8593948.291
2019-08-24,10147.0871548802,17895146,181583606567.64438,100271285477.48476,0.44779549556897236,2895672.806824068,726348.0,39.0,Fear,4819.0,8514651.849
2019-08-25,10100.3567783752,17897083,180766929096.60895,100307942255.66524,0.4450979349101144,4760754.197970696,546964.0,33.0,Fear,4819.0,8391283.926
2019-08-26,10362.6434723553,17898796,185478841998.45178,100403697141.15907,0.4586784343736783,5664820.183859223,771520.0,41.0,Fear,4819.0,8583596.633
2019-08-27,10168.221571654,17900483,182016082925.0255,100479294233.60732,0.4479647478459589,11723305.844970757,753385.0,30.0,Fear,4819.0,8477959.569
2019-08-28,9724.79997808299,17902371,174096977545.78088,100467874842.15248,0.422920051465378,5171953.852331994,738080.0,32.0,Fear,4819.0,8479233.48
2019-08-29,9482.31173495032,17904433,169775420311.1297,100396509350.31714,0.40865109232931995,4811778.950352052,761728.0,20.0,Extreme Fear,4836.0,7929870.133
2019-08-30,9577.67882349503,17906433,171502069368.00293,100406344810.71487,0.41454732773359965,3424825.28916973,756670.0,24.0,Extreme Fear,4836.0,8007542.227
2019-08-31,9605.02446142607,17908508,172011662642.11743,100411275447.8486,0.4162530964149713,2093334.522549665,636285.0,20.0,Extreme Fear,4836.0,8042723.258
2019-09-01,9762.93655689655,17910296,174857084002.30045,100470824154.54872,0.42541175996491565,3375497.540592716,591636.0,24.0,Extreme Fear,4836.0,8039306.811
2019-09-02,10377.3383845704,17912158,185880530419.25247,100615656240.04086,0.4587079345367542,5397352.354209301,750527.0,28.0,Fear,4836.0,8173364.449
2019-09-03,10618.7815058445,17914208,190227066389.19412,100775913801.46248,0.4702335702571342,6730395.165253392,825783.0,41.0,Fear,4836.0,8667334.854
2019-09-04,10577.2410839275,17915908,189500883917.76953,100870750603.8426,0.46770300740331305,7616221.545922716,770400.0,43.0,Fear,4836.0,8798199.676
2019-09-05,10580.1846995909,17917971,189575443097.72946,100977848803.13934,0.4673474203561086,9247272.872942373,762231.0,41.0,Fear,4809.0,8793733.762
2019-09-06,10330.8497312098,17919946,185128269781.99695,101791311205.85706,0.45015792927938936,89994531.66685195,816897.0,43.0,Fear,4809.0,8857879.712
2019-09-07,10494.5069649328,17921821,188080675780.7418,101869391453.92532,0.4583739609023881,2997542.9029601244,643198.0,39.0,Fear,4809.0,8639847.964
2019-09-08,10407.2656573933,17924033,186540178754.55646,101927999320.86807,0.4535868894229932,3082053.5632214076,593901.0,43.0,Fear,4809.0,8707908.502
2019-09-09,10332.4644424313,17925858,185218296015.9803,101964334449.78624,0.44949102414272857,7604737.708797259,790668.0,41.0,Fear,4809.0,8624030.483
2019-09-10,10085.9519243133,17928133,180822293027.25992,101971103098.56664,0.4360700697275532,3864287.2452351595,832881.0,41.0,Fear,4809.0,8569659.05
2019-09-11,10142.1480603741,17930433,181853111799.80823,102289711746.52122,0.43751464721084254,18562464.906891685,821404.0,38.0,Fear,4809.0,8337783.57
2019-09-12,10403.3599707773,17932408,186557301236.39035,102375283798.7851,0.45123946840835033,6515334.6829534415,775124.0,39.0,Fear,4844.0,8382409.377
2019-09-13,10345.3387469316,17934283,185536238456.2605,102446204174.48814,0.44783722561757405,4513307.585466884,783395.0,38.0,Fear,4844.0,8466702.974
2019-09-14,10363.4528963179,17936221,185881181937.517,102493979270.52933,0.4486048657416965,3225171.0917914524,682789.0,39.0,Fear,4844.0,8468833.117
2019-09-15,10306.1696674459,17938058,184872674869.063,102531009872.61,0.4453966225932085,4670476.51725338,587577.0,38.0,Fear,4844.0,8488178.516
2019-09-16,10257.822761543,17940096,184026325554.38516,102558720221.00008,0.44269538658646435,3826533.0554673756,801537.0,38.0,Fear,4844.0,8505815.575
2019-09-17,10195.6111811806,17941946,182929105708.25937,102603264893.06612,0.43910913194589835,6797615.872526086,808714.0,41.0,Fear,4844.0,8430281.49
2019-09-18,10161.3188664524,17944121,182335935716.18332,102743325200.59525,0.4365163137094307,14583614.79910628,887035.0,38.0,Fear,4844.0,8406900.299
2019-09-19,10268.3926291642,17945971,184276276801.38846,102789055536.06326,0.4422013656871931,4385091.071244224,758471.0,31.0,Fear,4824.0,8139593.005
2019-09-20,10170.1251161309,17947858,182531966968.9881,102818072514.9772,0.436711967649777,5940100.570178182,758290.0,41.0,Fear,4824.0,8378586.384
2019-09-21,9986.4061081239,17949933,179255325993.93018,102834010575.03188,0.4263266097961632,3478676.3552499,673283.0,37.0,Fear,4824.0,8289934.426
2019-09-22,10047.0134748685,17952008,180364071752.29187,102860345138.0864,0.4297071243803335,1499341.5590353212,625449.0,37.0,Fear,4824.0,8252108.019
2019-09-23,9692.74104792519,17953433,174017982272.55078,102822945894.9559,0.4091245941818108,5964781.869181292,745122.0,41.0,Fear,4824.0,8160475.525
2019-09-24,8613.67124850965,17955396,154661878668.1824,102592652984.79196,0.3366648984983674,33129763.406875372,863867.0,39.0,Fear,4824.0,7967748.606
2019-09-25,8424.15764640561,17957346,151275513993.90555,102366330957.40598,0.32331196070812873,10417747.565566778,825104.0,15.0,Extreme Fear,4824.0,6937855.645
2019-09-26,8091.69529924021,17959483,145322668577.63486,102012008373.25735,0.2980309997627102,10368479.678776892,773420.0,12.0,Extreme Fear,4847.0,6907547.63
2019-09-27,8186.77963927528,17961133,147043842404.28403,102019053507.91368,0.3061997575701176,7303493.947443256,721179.0,24.0,Extreme Fear,4847.0,6620116.479
2019-09-28,8201.97901344243,17963121,147333141826.78943,101966099546.19594,0.30792150169395527,5022089.382174198,652682.0,32.0,Fear,4847.0,6719638.181
2019-09-29,8064.50806236119,17964821,144877444156.05566,101939308938.74889,0.2963755708656462,3105502.2889886787,581939.0,33.0,Fear,4847.0,6600644.808
2019-09-30,8282.3654541204,17966446,148804672056.19727,101923728175.68892,0.31505021470564704,7184900.630117494,759051.0,27.0,Fear,4847.0,6539465.387
2019-10-01,8314.55139012273,17968233,149397801199.3999,101847186519.23828,0.318281891021249,4033722.7218364975,792547.0,38.0,Fear,4847.0,6765846.568
2019-10-02,8362.53073232028,17970083,150275375907.1944,101843804442.238,0.3222854787258445,3373811.532809758,734492.0,39.0,Fear,4847.0,6658462.017
2019-10-03,8254.33991028638,17971921,148346345146.03116,101800990831.24371,0.3137613823176332,3710275.4364288123,723661.0,37.0,Fear,4830.0,6657658.932
2019-10-04,8165.68615125658,17973758,146768071236.7105,101772166663.54262,0.30657829181796353,4184976.943035917,733685.0,30.0,Fear,4830.0,6590124.916
2019-10-05,8141.63371379311,17975733,146351838259.90878,101777505372.30309,0.3045696823325537,1987782.8457898719,658269.0,31.0,Fear,4830.0,6545428.213
2019-10-06,7854.60981297487,17977596,141207002308.5382,101739943173.06676,0.2794978895539165,2225702.3855502736,584930.0,32.0,Fear,4830.0,6469991.765
2019-10-07,8226.02342928112,17979533,147900064188.48856,101758771532.15463,0.3119761503114021,7063260.339457725,760240.0,27.0,Fear,4830.0,6462261.347
2019-10-08,8190.1151207481,17981558,147271034533.7954,101767145301.41388,0.3089805770457829,11684190.434977286,743944.0,39.0,Fear,4830.0,6630554.908
2019-10-09,8598.3319207481,17983283,154626240944.59998,101808060449.7542,0.3415861381107341,3283306.8753788504,720118.0,37.0,Fear,4830.0,6645038.436
2019-10-10,8578.09037931034,17985308,154279602198.55557,101816925994.25034,0.340049335470716,3753314.586143596,756673.0,41.0,Fear,4801.0,6905972.095
2019-10-11,8289.85402893045,17987258,149111747718.45285,101780791618.21472,0.3174193638291105,5386677.180545553,751496.0,39.0,Fear,4801.0,6780213.656
2019-10-12,8323.7501440678,17988921,149735284139.71307,101799704745.72112,0.3201354955807533,3179290.4078463037,614231.0,38.0,Fear,4801.0,6760721.397
2019-10-13,8291.25065143191,17990696,149165370302.59067,101795797327.11784,0.3175641429333154,1330575.1224792646,564137.0,38.0,Fear,4801.0,6765447.232
2019-10-14,8346.36843658679,17992383,150171062118.72095,102272524104.43048,0.318959840454636,77893811.02829383,714533.0,37.0,Fear,4801.0,6757067.584
2019-10-15,8160.71262752776,17994296,146846278957.67886,102194333118.8017,0.3040727089294913,14855761.434041956,732096.0,39.0,Fear,4801.0,6749785.552
2019-10-16,8003.85592314436,17996083,144038059874.82785,102138217308.9806,0.2908942442175291,6162821.787899944,763140.0,40.0,Fear,4801.0,6513257.128
2019-10-17,8072.48938229106,17997958,145288329257.20413,102118222266.75018,0.29713403141989364,8044268.346091126,751169.0,40.0,Fear,4786.0,6532349.703
2019-10-18,7959.33199357101,17999958,143267645929.95047,102088840852.1814,0.28742571157973174,9785879.95111458,699256.0,40.0,Fear,4786.0,6435455.232
2019-10-19,7948.47733722969,18001733,143086371113.0604,102098435526.93616,0.28645590259422693,2667347.4418296837,654743.0,41.0,Fear,4786.0,6462358.994
2019-10-20,8213.70903927528,18003558,147875991559.96127,102127870522.2621,0.3093681439096154,3523019.3192062345,593313.0,37.0,Fear,4786.0,6497274.558
2019-10-21,8211.65455873758,18005546,147855324262.75677,102097577699.95984,0.30947648852658083,34615872.55807588,763038.0,37.0,Fear,4786.0,6696622.288
2019-10-22,8029.20537288136,18007658,144587188742.30508,102067248575.6814,0.2940781997110833,3759051.0463916804,749794.0,39.0,Fear,4786.0,6679880.636
2019-10-23,7458.03585680889,18009758,134317425000.87424,101873556157.92831,0.24154623901355132,5855397.537695535,768722.0,33.0,Fear,4786.0,6527879.361
2019-10-24,7454.37113816482,18011421,134263817194.97649,101684534238.7554,0.24265124913668884,9556357.497481786,732416.0,20.0,Extreme Fear,4835.0,6115939.288
2019-10-25,8656.65517755699,18013146,155933593974.3003,101898536361.75278,0.34652608354203096,12789274.26633181,806790.0,24.0,Extreme Fear,4835.0,6238530.867
2019-10-26,9249.64676095851,18014896,166631424851.38297,102203134119.01132,0.38665150219914785,7853414.736141277,783060.0,53.0,Neutral,4835.0,7512153.923
2019-10-27,9558.15604400935,18016333,172202927363.76608,102302524518.4823,0.40591878381732904,4954083.0966780735,608890.0,50.0,Neutral,4835.0,7653650.35
2019-10-28,9319.17814167154,18018008,167913031388.75757,102488989572.1853,0.3896305204871232,13977947.564240504,770530.0,52.0,Neutral,4835.0,7702685.2
2019-10-29,9431.20712390415,18019671,169947249929.75278,102646973530.817,0.3960068575793616,10499378.987247821,745317.0,54.0,Neutral,4835.0,7692468.177
2019-10-30,9182.85506516657,18021346,165487408810.19406,102676405316.94627,0.3795515558847678,4957461.91519841,745396.0,53.0,Neutral,4835.0,7547551.428
2019-10-31,9155.27729877265,18022996,165005526546.4048,102718051419.65408,0.3774872056132828,13568402.291442161,721481.0,50.0,Neutral,4847.0,7514751.528
2019-11-01,9251.38129345412,18024621,166752641957.05685,102889964316.29758,0.38297850571510333,36288584.50552257,811251.0,49.0,Neutral,4847.0,7498849.985
2019-11-02,9300.19083752192,18026296,167647993311.90967,102932856757.63098,0.3860179610612813,4712619.931163149,649867.0,51.0,Neutral,4847.0,7588509.839
2019-11-03,9209.63869608416,18028021,166031560229.59714,102943649290.25522,0.3799754146265966,3819311.8662500787,650361.0,56.0,Greed,4847.0,7508336.537
2019-11-04,9418.36013062537,18029671,169809934938.25842,103013621727.29156,0.39335927686005817,4867602.15680922,760821.0,49.0,Neutral,4847.0,7509156.238
2019-11-05,9330.78722296902,18031471,168247819637.76404,102745945704.27933,0.38931781745825667,32186002.247999698,811466.0,54.0,Neutral,4847.0,7598304.342
2019-11-06,9354.93338229106,18033121,168698646050.50748,102776012760.95834,0.3907715612003919,20751964.448322225,854865.0,53.0,Neutral,4847.0,7586423.729
2019-11-07,9210.74822238457,18034808,166114080746.65033,102815447012.03186,0.3810551968268041,10707186.26780013,803599.0,54.0,Neutral,4811.0,7506135.004
2019-11-08,8791.33393495032,18036408,158564090506.04355,102732743901.4283,0.352105867264362,5237483.209253273,740143.0,42.0,Fear,4811.0,7348629.25
2019-11-09,8810.78456195208,18038208,158930769373.31464,102730089834.17703,0.35361736283505346,2395836.063122025,747623.0,38.0,Fear,4811.0,7172307.628
2019-11-10,9042.89072320281,18040283,163136312712.77896,102768517410.07603,0.37004511318695593,1715495.32140648,608541.0,39.0,Fear,4811.0,7208885.226
2019-11-11,8713.20792957335,18042171,157205187815.77194,102769587457.42982,0.3462710176087506,5380788.562773535,721190.0,40.0,Fear,4811.0,7118530.476
2019-11-12,8788.95814295734,18043858,158586717489.20532,102764292797.34512,0.35199937028559736,5522941.866956372,697597.0,39.0,Fear,4811.0,7134681.65
2019-11-13,8766.72943050848,18045546,158200419602.05518,102990663884.45074,0.3489861522269136,36930543.33114554,778800.0,38.0,Fear,4811.0,7148730.337
2019-11-14,8645.43580362361,18047658,156029873356.2777,102978175939.7006,0.34000987295195173,3931835.850408278,770989.0,41.0,Fear,4817.0,7088050.782
2019-11-15,8465.87788854471,18049633,152805993524.71646,102960467708.41856,0.32620137905935837,7775820.0688802935,783649.0,38.0,Fear,4817.0,7039257.736
2019-11-16,8477.69024284044,18051483,153034885918.00702,102959647577.46014,0.3272145304657931,1535641.9808421796,703107.0,41.0,Fear,4817.0,6973120.895
2019-11-17,8505.16122326125,18053408,153547150304.3923,102972242537.90056,0.3293770523662074,1973594.125413887,618289.0,38.0,Fear,4817.0,7012063.595
2019-11-18,8183.53341350088,18055158,147754993238.83734,102907440362.3716,0.3035264791625166,14568396.107609445,706583.0,38.0,Fear,4817.0,6979636.935
2019-11-19,8116.82067258913,18056996,146565398782.6919,102880104411.53918,0.29806007921367295,5770298.37087883,850205.0,32.0,Fear,4817.0,6704434.079
2019-11-20,8076.55466008182,18058771,145852651438.62225,102835684942.33044,0.2949344154665177,4392369.231328694,721714.0,32.0,Fear,4817.0,6691233.938
2019-11-21,7612.2774880187,18060483,137481412312.12534,102678990945.0392,0.2531427396750469,8612828.226152094,810935.0,30.0,Fear,4894.0,6568384.508
2019-11-22,7277.52427323203,18062133,131447615299.89493,102421602090.25365,0.2208181041810386,24555343.107284497,823718.0,20.0,Extreme Fear,4894.0,6069735.701
2019-11-23,7324.83617855056,18064296,132318009210.26143,102302777093.07596,0.22684162417747253,13775911.37116341,692979.0,23.0,Extreme Fear,4894.0,5985139.844
2019-11-24,6943.38065604909,18065933,125438653509.62953,102283429465.76294,0.18459400986864896,23989385.903874174,579125.0,21.0,Extreme Fear,4894.0,5984114.301
2019-11-25,7139.04468597312,18067496,128984661628.70038,102191932957.283,0.2077202694731551,13020892.030797014,682392.0,17.0,Extreme Fear,4894.0,5840510.052
2019-11-26,7165.43773027469,18069021,129472445144.77243,102075917826.09238,0.2116012197656886,8973650.155096518,799457.0,21.0,Extreme Fear,4894.0,5939273.169
2019-11-27,7526.86381654004,18070758,136016138629.58427,102040801797.69788,0.24978901161436567,11623710.213319143,845211.0,20.0,Extreme Fear,4894.0,5986081.826
2019-11-28,7436.3363817066,18072796,134395390748.3912,102019866045.82764,0.24089758229265107,2719257.1368590905,722124.0,32.0,Fear,4986.0,6231867.1
2019-11-29,7747.73804208066,18074496,140036460599.06888,102034468244.34653,0.27137212831680946,4552430.105910948,750135.0,31.0,Fear,4986.0,6249722.361
2019-11-30,7556.19372121567,18076071,136586294534.2686,101974668456.76752,0.2534048250999097,7455595.122428571,693649.0,38.0,Fear,4986.0,6363664.429
2019-12-01,7417.72720601987,18077808,134096252269.26004,101952458257.53062,0.23970687821450767,3133329.2841036357,626684.0,25.0,Extreme Fear,4986.0,6075962.441
2019-12-02,7318.31252180012,18079621,132312317082.82227,101882373277.12804,0.22998572224115985,6373201.40279524,754568.0,28.0,Fear,4986.0,6022416.24
2019-12-03,7306.44623331385,18081596,132112209315.09099,101808673673.81322,0.22937725285482938,7497429.434234247,772415.0,28.0,Fear,4986.0,6083154.999
2019-12-04,7215.02034482759,18083683,130474144686.39957,101738473193.92786,0.22024035153891355,10282369.323072817,782018.0,24.0,Extreme Fear,4986.0,6071259.315
2019-12-05,7404.0867949737,18085496,133906582447.12901,101711379832.71211,0.24043032109439944,4699852.448276637,750876.0,21.0,Extreme Fear,4986.0,6194374.601
2019-12-06,7534.2083559322,18087308,136273551175.85472,101682875011.14268,0.25383264665991107,7221867.071549404,764221.0,29.0,Fear,4986.0,6274688.495
2019-12-07,7512.06140263004,18089246,135887527017.11505,101689158187.8607,0.2516667245327605,1875927.2543181498,680070.0,32.0,Fear,4986.0,6394081.852
2019-12-08,7528.94026943308,18091096,136206781531.17401,101696130775.1857,0.253369548623317,2206997.3343542875,610740.0,28.0,Fear,4986.0,6403980.334
2019-12-09,7340.22745908825,18092946,132806339375.10835,101663730642.38544,0.2344964018981154,4609736.313803296,802838.0,32.0,Fear,4986.0,6315361.452
2019-12-10,7232.09178375219,18094796,130863225805.51631,101616715373.71584,0.22348914488219532,3732625.896922642,821789.0,26.0,Fear,4986.0,6204955.389
2019-12-11,7200.46444599649,18096446,130302816345.71736,101569476402.2551,0.2205120407161993,7240528.087425346,808836.0,20.0,Extreme Fear,4986.0,6154449.24
2019-12-12,7192.84902425482,18098108,130176962388.56233,101529303600.20885,0.22006703999470906,5562135.491290603,741807.0,23.0,Extreme Fear,5026.0,6104994.785
2019-12-13,7244.90372004676,18100008,131132819240.34848,101531030918.65756,0.2257389758961477,4499836.408806775,749138.0,22.0,Extreme Fear,5026.0,6155275.022
2019-12-14,7071.10709029807,18101896,128000445471.44273,101502287181.7806,0.20701614117096143,3801467.8108864636,650993.0,27.0,Fear,5026.0,6124694.183
2019-12-15,7111.28666995909,18103446,128738794539.93564,101507976653.83138,0.21151990729303496,4081405.37689416,661887.0,21.0,Extreme Fear,5026.0,6054545.583
2019-12-16,6882.39579532437,18105408,124608587642.54776,101435585837.9037,0.18596633059607529,5883353.333842548,811556.0,24.0,Extreme Fear,5026.0,6045665.515
2019-12-17,6608.96197983635,18107171,119669604998.61604,101311950000.05292,0.1534028210319189,7614175.19307615,907265.0,23.0,Extreme Fear,5026.0,5882884.925
2019-12-18,7284.6254836353,18108846,131916161378.43405,101242509268.34428,0.2325238377888728,14877819.442251867,759547.0,15.0,Extreme Fear,5026.0,5695965.865
2019-12-19,7146.16763763881,18110808,129422873915.55399,101237670670.5998,0.21777605760280452,7271067.048493836,747227.0,21.0,Extreme Fear,4884.0,6111693.037
2019-12-20,7184.21917206312,18112758,130126027197.74062,101260280957.49258,0.22182915179899712,23677534.742191676,731571.0,23.0,Extreme Fear,4884.0,6127723.233
2019-12-21,7140.29801127995,18114958,129346202473.08495,101264319190.4018,0.21710636064886854,3469034.456308832,645840.0,23.0,Extreme Fear,4884.0,6129250.509
2019-12-22,7479.40240789012,18117071,135504864797.68272,101295679156.63196,0.2524572508310106,3016506.453005703,608465.0,20.0,Extreme Fear,4884.0,6143198.945
2019-12-23,7321.7487238457,18118858,132661729429.19221,101288878203.96848,0.23648757904945678,6091286.055607047,724037.0,33.0,Fear,4884.0,6434279.721
2019-12-24,7235.62908381064,18120421,131112645523.89647,101299189164.73344,0.22738810768431372,6681680.327308823,684736.0,25.0,Extreme Fear,4884.0,6241354.656
2019-12-25,7191.17416569258,18122021,130318609568.74257,101137956674.7721,0.22391777345182456,14165498.690410037,560852.0,22.0,Extreme Fear,4884.0,6192375.924
2019-12-26,7194.63975832846,18124108,130396431921.9188,101126047130.0654,0.22447228317858006,15624062.990903284,659653.0,39.0,Fear,4905.0,6185443.405
2019-12-27,7237.15044728229,18125921,131180017598.02527,101108508459.66193,0.22923848989341825,5437882.626618747,725751.0,38.0,Fear,4905.0,6175837.43
2019-12-28,7306.64330829924,18127783,132453248333.16945,101116666898.84924,0.23658597904293738,3711682.317316479,651013.0,37.0,Fear,4905.0,6246349.973
2019-12-29,7391.578521391,18129721,134007256674.82819,101141171071.82423,0.24525601387956397,3240698.112856632,606655.0,37.0,Fear,4905.0,6338178.308
2019-12-30,7229.3971006429,18131796,131081953756.97166,101015819587.36986,0.22936898106771408,10881899.883780392,750630.0,40.0,Fear,4905.0,6281937.682
2019-12-31,7167.39505464641,18133608,129970736208.12886,100990785771.69072,0.22297288822024558,5168728.446584739,686599.0,38.0,Fear,4905.0,6208209.287
2020-01-01,7170.63186879018,18135783,130045027453.05943,101000118171.76675,0.22334502018369462,2099992.8915599156,543321.0,37.0,Fear,4905.0,6166792.515
2020-01-02,6946.82526914085,18137546,125998363185.41975,100985886527.7258,0.19851429832374476,7275519.188238194,696064.0,39.0,Fear,4926.0,6098293.342
2020-01-03,7315.3093603156,18139658,132697213946.96526,101030814346.89523,0.23863650681261514,4224374.916419804,733100.0,38.0,Fear,4926.0,6254565.899
2020-01-04,7343.16419438925,18141758,133217911770.69633,101027579736.5338,0.24163666586795557,5062269.680639078,638073.0,38.0,Fear,4926.0,6280189.553
2020-01-05,7345.53069181765,18143796,133275810714.42426,101040780612.04053,0.24186707197343632,2980656.253408276,617942.0,39.0,Fear,4926.0,6393194.852
2020-01-06,7765.7977346581,18145483,140914155007.82227,101117598351.40324,0.2824170265521578,4882170.858786139,738885.0,41.0,Fear,4926.0,6470017.082
2020-01-07,8136.08684190532,18147683,147651129301.3114,101211199086.6528,0.31452472076856736,6451399.737214339,793752.0,40.0,Fear,4926.0,6745462.149
2020-01-08,8059.69952887201,18149458,146279182484.1959,101268088748.59653,0.30770676299385524,6212823.453889556,762151.0,51.0,Neutral,4926.0,7094028.251
2020-01-09,7817.13609322034,18151421,141892128593.8928,101325681666.52943,0.28589638713129706,8505429.84313582,798116.0,44.0,Fear,4931.0,6779915.856
2020-01-10,8129.81791992987,18153283,147582889869.48444,101408925067.51102,0.3128680082278343,6442142.991836072,804277.0,41.0,Fear,4931.0,6746409.168
2020-01-11,8032.00549503215,18155321,145823638397.29092,101429646852.64336,0.30443618080422485,2185272.5876337914,679793.0,50.0,Neutral,4931.0,6943948.317
2020-01-12,8164.54999316189,18157208,148245436901.69318,101470187264.96742,0.31552572958953257,3388737.2955150935,614377.0,45.0,Fear,4931.0,6973265.499
2020-01-13,8121.92566762127,18158996,147486016075.89423,101512364220.53168,0.3117153278566095,5025504.666574205,700551.0,49.0,Neutral,4931.0,6972786.351
2020-01-14,8830.16787346581,18160808,160362988169.97842,101842112260.51855,0.3649275719870601,21954442.373995043,867311.0,56.0,Greed,4931.0,7310483.577
2020-01-15,8811.44820251315,18162696,160039655418.2645,102024024409.68544,0.36250784755162646,13786637.615621572,787491.0,54.0,Neutral,4931.0,7488424.652
2020-01-16,8718.68699801286,18164683,158372190246.56876,102126577994.5126,0.35514828812108795,12191284.063390318,761523.0,55.0,Greed,4971.0,7422754.974
2020-01-17,8912.54190414962,18166671,161911216947.21783,102240009525.92754,0.36854276403062786,4230077.149428632,774007.0,54.0,Neutral,4971.0,7583723.172
2020-01-18,8928.1807565751,18168321,162210054333.00073,102288523963.1614,0.36940700510972346,3485405.088604547,652536.0,51.0,Neutral,4971.0,7651585.075
2020-01-19,8687.35483664524,18170196,157850940494.08295,102294565206.20412,0.35195466757425725,5350121.241977579,653909.0,53.0,Neutral,4971.0,7506649.38
2020-01-20,8636.2587862069,18172096,156938924132.1883,102300843960.07732,0.3481486857020238,4135633.765648917,753896.0,48.0,Neutral,4971.0,7503147.425
2020-01-21,8730.86756019871,18174008,158674861644.07346,102346675228.59705,0.35499124329994514,5524876.3594261,771494.0,49.0,Neutral,4971.0,7538204.885
2020-01-22,8647.90047399182,18175958,157183880516.32224,102373401319.7671,0.34870292689372506,6508729.568043813,801210.0,52.0,Neutral,4971.0,7578862.419
2020-01-23,8366.38461396844,18177946,152083688104.2053,102383724157.55968,0.32679352116048105,12798277.618595557,785635.0,49.0,Neutral,4994.0,7392013.441
2020-01-24,8423.39095815313,18179846,153135950795.8362,102439236277.17957,0.3310569089439127,14151253.518008502,747699.0,40.0,Fear,4994.0,7373486.027
2020-01-25,8344.77456896552,18181896,151723823731.66022,102465923773.0704,0.3246550129510819,4085307.038209002,667452.0,41.0,Fear,4994.0,7328234.285
2020-01-26,8573.87480958504,18183683,155904626291.70462,102507507332.51372,0.34249861745143134,3393826.5706569073,589726.0,42.0,Fear,4994.0,7425148.499
2020-01-27,8901.95928486265,18185296,161884764975.51785,102595784892.32784,0.36624187638754274,5045759.919928534,714326.0,50.0,Neutral,4994.0,7638858.646
2020-01-28,9297.3883176505,18187071,169092261865.80582,102740526980.01022,0.39239959388829593,5808382.72760801,836583.0,54.0,Neutral,4994.0,7970921.819
2020-01-29,9311.94754354179,18189071,169375675436.53757,102948615213.5021,0.3921877214767161,19262368.445082754,792837.0,57.0,Greed,4994.0,8194481.476
2020-01-30,9508.92096493279,18191021,172976981388.07135,103147095954.8148,0.40369467008210885,6451256.892940239,779422.0,57.0,Greed,5006.0,8168070.504
2020-01-31,9357.28478240795,18192821,170235407513.19107,103343330351.8967,0.39293868495665973,13099904.603710534,788224.0,55.0,Greed,5006.0,8177059.198
2020-02-01,9381.88602863822,18194708,170700681893.22073,103396903838.97597,0.3942794914922815,3788753.421366511,735594.0,57.0,Greed,5006.0,8175943.572
2020-02-02,9339.38706312098,18196496,169944119756.54703,103406734538.70934,0.39152508079217824,10788597.719618581,742166.0,57.0,Greed,5006.0,8196514.793
2020-02-03,9279.81252051432,18198346,168877239480.78687,103488072250.03108,0.3871994084685112,59974536.791259155,880622.0,59.0,Greed,5006.0,8159695.563
2020-02-04,9161.62719772063,18199996,166741578764.0268,103527654073.54147,0.379113147176961,7719865.841763264,781461.0,56.0,Greed,5006.0,7972117.554
2020-02-05,9628.13677586207,18201983,175251187162.98474,103652895918.59578,0.4085466832119208,6437214.940762813,854413.0,53.0,Neutral,5006.0,8099166.823
2020-02-06,9739.2804364699,18203671,177290657280.233,103945833884.51938,0.4136981864745514,23704590.897645205,762752.0,61.0,Greed,5073.0,8270671.435
2020-02-07,9800.27939982466,18205408,178418090328.68457,104361858539.46931,0.41507131733552194,56510639.52558892,881468.0,56.0,Greed,5073.0,8400671.695
2020-02-08,9911.29340841613,18207146,180456366581.60446,104520674342.07758,0.4207980781059774,10232846.035955848,741499.0,56.0,Greed,5073.0,8482179.356
2020-02-09,10151.0832026885,18209058,184841668332.64053,104650518268.64333,0.4338369740294999,7650451.738471483,705457.0,56.0,Greed,5073.0,8722207.385
2020-02-10,9872.36187305669,18210583,179781470675.49878,104930207485.11526,0.41634581644672514,29655065.445033975,721478.0,57.0,Greed,5073.0,8503179.851
2020-02-11,10272.2225558738,18212433,187082170658.01782,105153943651.66316,0.4379264294304009,9178332.774742862,906168.0,52.0,Neutral,5073.0,8463500.972
2020-02-12,10360.1352229106,18214208,188701663504.2075,105305323720.43263,0.441948090096807,6806541.738683163,826234.0,61.0,Greed,5073.0,8929166.549
2020-02-13,10235.4973226184,18215971,186449522859.70898,105436338195.29584,0.4345046499548848,11740783.224533435,842955.0,65.0,Greed,5097.0,8816666.4
2020-02-14,10361.6156901812,18217658,188764376617.9493,105563381692.82465,0.4407664010329649,6592890.710987321,743761.0,63.0,Greed,5097.0,8914697.789
2020-02-15,9911.72432700175,18219433,180586002691.89438,105568143913.91476,0.41541347424346525,6076618.65077966,771501.0,64.0,Greed,5097.0,8910569.959
2020-02-16,9952.04661157218,18221208,181338316758.74234,105623554675.72672,0.41753316914123945,3336703.707389621,659492.0,59.0,Greed,5097.0,8708422.338
2020-02-17,9683.0796277031,18223171,176456416297.72098,105630414902.8433,0.4013795750865673,4808885.816959286,793230.0,49.0,Neutral,5097.0,8587049.361
2020-02-18,10195.3037904734,18225046,185809881023.85904,105928574278.12608,0.4299088202713813,8028279.039550828,797730.0,53.0,Neutral,5097.0,8705733.247
2020-02-19,9636.00229865576,18226808,175633569036.5122,105948480490.90384,0.39676406354369326,12932246.956950648,806848.0,50.0,Neutral,5097.0,9004175.289
2020-02-20,9614.03012244302,18228383,175248228484.80905,105941026708.06493,0.39548018474122176,16044742.654425075,780229.0,44.0,Fear,5129.0,8533775.129
2020-02-21,9701.79750268849,18230308,176866761914.8536,105993465086.4356,0.40071574817736255,6753951.545009005,788126.0,44.0,Fear,5129.0,8596470.533
2020-02-22,9675.24905756868,18232158,176400674779.6867,106027571426.193,0.3989389691472851,3138503.157145088,693753.0,43.0,Fear,5129.0,8557972.119
2020-02-23,9972.84242308591,18233933,181844145997.0297,106112923960.0668,0.4164622491515339,4258815.421781514,626125.0,46.0,Fear,5129.0,8757087.169
2020-02-24,9648.00788310929,18235696,175938139195.87836,106139136681.19548,0.3967246830829164,4494168.172419834,776142.0,46.0,Fear,5129.0,8654661.069
2020-02-25,9344.28714009351,18237496,170416399760.54156,106273083749.55869,0.37639168590061195,22666129.53864803,753555.0,44.0,Fear,5129.0,8521865.605
2020-02-26,8798.88894856809,18239196,160484660510.8742,106183042020.68988,0.33836017920544453,6990227.212791122,787335.0,41.0,Fear,5129.0,8128784.23
2020-02-27,8779.02948188194,18241033,160138571271.30988,106125495822.51717,0.3372896049964297,5165150.19341233,795264.0,39.0,Fear,5153.0,7800349.556
2020-02-28,8750.59344599649,18243008,159637151008.8932,106124892160.20557,0.33521181323078436,8492513.115782052,818291.0,40.0,Fear,5153.0,7689086.034
2020-02-29,8582.09029964933,18244746,156578058052.12286,106104017465.43034,0.32235704807304705,5800350.758523305,691344.0,38.0,Fear,5153.0,7709839.141
2020-03-01,8541.77389392169,18246958,155861394142.9101,106088504704.49223,0.31934071751456844,5617040.326926849,693011.0,39.0,Fear,5153.0,7625487.134
2020-03-02,8906.21475645821,18248821,162527919278.69156,106159342436.905,0.34682396164273566,15938935.730384119,838460.0,38.0,Fear,5153.0,7735874.782
2020-03-03,8768.81061420222,18250733,160037226026.12384,106200753160.68532,0.3363996877617116,19979661.917770736,854330.0,38.0,Fear,5153.0,7742741.119
2020-03-04,8756.36957218001,18252821,159828446804.63663,105951979004.35944,0.3370893534749299,7619551.872145679,891260.0,40.0,Fear,5153.0,7729279.051
2020-03-05,9062.61580274693,18254858,165436769526.56982,105995412562.00217,0.3592995507266668,8874082.31304145,806481.0,41.0,Fear,5192.0,8015581.934
2020-03-06,9147.08505897136,18256796,166996466327.6475,106053465780.37328,0.3649358689285311,6065908.2980308505,818413.0,39.0,Fear,5192.0,8028015.401
2020-03-07,8898.30695675044,18258758,162472038182.34772,106054468402.69804,0.3472447961558184,2678882.400568028,695767.0,38.0,Fear,5192.0,8017737.433
2020-03-08,8109.61454114553,18260733,148087510288.28598,105994120058.37749,0.28424672781630367,4238939.959448082,660611.0,33.0,Fear,5192.0,7693072.743
2020-03-09,7896.38531987142,18262608,144208594017.07242,105812491872.9283,0.26625391091184564,17225933.73324884,826069.0,17.0,Extreme Fear,5192.0,6947169.263
2020-03-10,7909.92787545295,18264258,144468967789.35092,105701608553.74396,0.26834385147773293,9604971.935166908,826650.0,16.0,Extreme Fear,5192.0,7027399.181
2020-03-11,7939.34133477499,18265746,145017992585.34616,105457660967.36807,0.27279602284313786,37621942.008778736,727809.0,17.0,Extreme Fear,5192.0,6988475.98
2020-03-12,4959.31341437756,18267633,90594920088.51135,103273896542.99052,-0.1399523995616067,38131984.40808758,928292.0,14.0,Extreme Fear,5226.0,5475975.468
2020-03-13,5627.69238836938,18269196,102813415523.91489,102601877809.2302,0.0020574913653703853,33384644.45484733,790528.0,10.0,Extreme Fear,5226.0,4785213.721
2020-03-14,5145.17250642899,18270796,94006397481.15962,102253108670.20264,-0.08772499968096094,14780489.773102527,778464.0,8.0,Extreme Fear,5226.0,4872914.763
2020-03-15,5358.61066335476,18272283,97914053447.92674,102146494089.73036,-0.04322607932940435,7079812.9352964,655032.0,12.0,Extreme Fear,5226.0,4790832.116
2020-03-16,5012.92738778492,18273771,91605087349.4494,101726889741.11642,-0.11049388941746215,16367521.012187738,738359.0,9.0,Extreme Fear,5226.0,4482439.104
2020-03-17,5416.7547106955,18275308,98992863650.38885,101575795051.92876,-0.02609209700874994,17153267.512544096,767797.0,8.0,Extreme Fear,5226.0,4690127.059
2020-03-18,5392.48783594389,18276558,98556119636.67593,101506921415.5496,-0.029940320192715697,5153028.984506512,637093.0,11.0,Extreme Fear,5226.0,4675192.058
2020-03-19,6203.5516320865,18277896,113387871840.8912,101595677462.27914,0.10399872744026074,8795322.759496013,721001.0,12.0,Extreme Fear,5229.0,5126214.964
2020-03-20,6174.14947603741,18279258,112858874567.789,101432628045.36566,0.10124366884023935,7004341.19069086,741538.0,9.0,Extreme Fear,5229.0,5624281.579
2020-03-21,6175.83102220924,18280808,112899184523.1036,101430629803.97148,0.10158226357060364,3476998.759303076,668556.0,9.0,Extreme Fear,5229.0,5553935.073
2020-03-22,5830.56097960257,18282396,106596624993.45201,101418792978.23688,0.048574070853867994,4396616.996128862,564484.0,11.0,Extreme Fear,5229.0,5623435.649
2020-03-23,6486.40865733489,18283796,118596172955.04948,101474723776.5539,0.14436763642436412,8070016.931335195,689407.0,10.0,Extreme Fear,5229.0,5603178.254
2020-03-24,6775.05761893629,18285446,123884950542.63358,101638567830.25876,0.17957292322378562,5746270.847021497,742259.0,12.0,Extreme Fear,5229.0,6078209.544
2020-03-25,6689.96901285798,18286596,122336760891.51157,101603442908.0324,0.1694774149028313,12002913.612360382,598714.0,13.0,Extreme Fear,5229.0,6074735.234
2020-03-26,6754.46033606078,18288596,123529596587.999,101644152794.4098,0.1771676132528986,7846769.949580003,893986.0,14.0,Extreme Fear,5324.0,6096229.177
2020-03-27,6490.79541502046,18290533,118720111271.97984,101591430789.10307,0.14427783380051007,7457332.819755931,850339.0,12.0,Extreme Fear,5324.0,6116721.404
2020-03-28,6231.81989023963,18292221,113993826944.71422,101542558500.16196,0.10922756765233431,3613281.3970114538,637887.0,8.0,Extreme Fear,5324.0,5725802.185
2020-03-29,5904.85758679135,18294108,108024105635.36026,101453562029.00311,0.060824790612349834,5580188.575193663,592528.0,12.0,Extreme Fear,5324.0,5667001.981
2020-03-30,6436.90570017534,18295946,117769279386.97842,101437764407.28143,0.1386738125995763,5944536.5287277475,788799.0,10.0,Extreme Fear,5324.0,5812460.745
2020-03-31,6432.3832421391,18297933,117699321100.45047,101400290029.9646,0.13848024710843884,4690418.408672524,834051.0,12.0,Extreme Fear,5324.0,5935070.587
2020-04-01,6643.11000870836,18299846,121567890419.1732,101119831059.35674,0.1682027983648508,7889508.155826236,819465.0,12.0,Extreme Fear,5324.0,5833849.75
2020-04-02,6792.74222209234,18301758,124319128006.96814,101139752684.57986,0.1864505944820419,6355552.697147044,815115.0,14.0,Extreme Fear,5336.0,6139181.727
2020-04-03,6751.90255178258,18303408,123582830861.11311,101148612833.06177,0.18153183473571452,3427868.0515706046,764475.0,14.0,Extreme Fear,5336.0,6285747.632
2020-04-04,6859.98916867329,18305371,125574647097.05112,101155521127.54292,0.1944590451497405,3283229.082974924,666600.0,12.0,Extreme Fear,5336.0,6258755.777
2020-04-05,6790.81247264758,18307558,124323196910.9192,101171837673.73314,0.18621914342964183,2300060.3877692083,608721.0,12.0,Extreme Fear,5336.0,6317955.506
2020-04-06,7298.17374517826,18309158,133623420189.21823,101340607123.65598,0.2415954704635459,5022913.071022542,780521.0,12.0,Extreme Fear,5336.0,6544181.67
2020-04-07,7187.59333664524,18311258,131613879903.42638,101310402999.658,0.23024529727414764,10130236.449768204,956983.0,20.0,Extreme Fear,5336.0,6795535.995
2020-04-08,7372.19476399766,18313058,135007434318.02254,101384316115.42436,0.2490464200911766,4092749.327752824,787338.0,21.0,Extreme Fear,5336.0,6830218.324
2020-04-09,7299.57918790181,18314983,133691672711.6391,101413073277.34068,0.24144061316309842,7585626.699881723,734629.0,22.0,Extreme Fear,5359.0,6867697.59
2020-04-10,6859.82267475161,18317021,125651516298.1989,101023926855.3602,0.1959991424567609,12456401.19259393,750279.0,15.0,Extreme Fear,5359.0,6527185.25
2020-04-11,6883.18222895967,18319008,126093074068.90915,101024101010.45515,0.19881324365804534,2350458.6951177167,643485.0,15.0,Extreme Fear,5359.0,6472037.977
2020-04-12,6978.66628661601,18320921,127855594036.29736,101039641668.1852,0.20973624635070168,1686966.305689716,616570.0,10.0,Extreme Fear,5359.0,6504790.868
2020-04-13,6863.57553319696,18323058,125761696322.60286,101024242397.85677,0.19670101985019176,4100113.0615590313,790185.0,11.0,Extreme Fear,5359.0,6360506.852
2020-04-14,6875.53850344828,18325158,125995333157.74677,101027921998.88794,0.19816139640346445,3752946.275871029,836313.0,15.0,Extreme Fear,5359.0,6515995.553
2020-04-15,6625.47577510228,18327271,121426890332.19305,100986704245.05289,0.1683332747072829,5043428.300698881,945218.0,18.0,Extreme Fear,5359.0,6435253.246
2020-04-16,7127.79228223261,18329196,130646702108.87248,101030677328.2441,0.2266878865105092,7847482.678814537,880882.0,13.0,Extreme Fear,5387.0,6691733.694
2020-04-17,7081.39519842197,18330783,129807522578.66982,101042667443.3212,0.22159621078906028,6026815.69367806,856387.0,15.0,Extreme Fear,5387.0,6760141.36
2020-04-18,7262.79234360023,18332758,133147018397.48679,101080795389.05258,0.2408332037350336,2539426.738479766,875652.0,18.0,Extreme Fear,5387.0,6806258.561
2020-04-19,7150.2442154588,18334658,131097286203.59085,101089547198.46442,0.22889672146626405,5847446.184399136,721020.0,16.0,Extreme Fear,5387.0,6880979.151
2020-04-20,6853.27341478667,18336671,125666220188.18799,101038510226.87018,0.19597716812391797,5385689.536299209,861165.0,15.0,Extreme Fear,5387.0,6773125.493
2020-04-21,6870.42369865576,18338533,125993495465.9621,101018265354.06998,0.19822634509445236,4758462.831829757,826844.0,17.0,Extreme Fear,5387.0,6577929.312
2020-04-22,7123.65691992987,18340171,130649086377.20482,101053507242.9816,0.22652725675230553,5989407.716344613,756886.0,19.0,Extreme Fear,5387.0,6676208.606
2020-04-23,7488.60516528346,18341946,137355591893.72006,101157756933.84029,0.26353375542138924,8680880.394579483,949364.0,19.0,Extreme Fear,5534.0,6834968.15
2020-04-24,7506.44331648159,18343746,137696289898.50787,101231345041.42596,0.26482154954181564,5453366.071345845,903173.0,20.0,Extreme Fear,5534.0,7210679.201
2020-04-25,7537.73820911748,18345446,138283169616.48077,101264019813.58676,0.26770538964043256,4196729.030077163,835212.0,24.0,Extreme Fear,5534.0,7236873.483
2020-04-26,7684.06852168322,18347158,140980823437.74265,101303548424.34856,0.2814373901775062,4508558.2743749535,716592.0,21.0,Extreme Fear,5534.0,7279132.445
2020-04-27,7777.49151858562,18348921,142708577802.45883,101516076736.75784,0.2886476881769559,7805920.56558561,883072.0,28.0,Fear,5534.0,7401702.186
2020-04-28,7769.89969842197,18350846,142584233150.60785,101555333773.42342,0.28775200785241606,4320714.399448713,943525.0,26.0,Fear,5534.0,7478912.972
2020-04-29,8761.83716954997,18352658,160803005799.3854,102339202799.40327,0.36357406821686156,22756545.17937531,919164.0,26.0,Fear,5534.0,7815753.44
2020-04-30,8652.4109912332,18354346,158809345456.40436,102614095145.59378,0.35385354778278494,11840486.819625411,955268.0,44.0,Fear,5536.0,8472439.971
2020-05-01,8855.53525827002,18356108,162553166424.62192,102798092435.24088,0.367603260543622,5838952.523748492,950575.0,40.0,Fear,5536.0,8412606.18
2020-05-02,8977.28170537697,18357958,164804565393.8366,102897326200.18886,0.37564031703676926,2963471.219239304,995600.0,40.0,Fear,5536.0,8474908.389
2020-05-03,8896.7956383986,18360058,163345688783.6406,102978412554.29016,0.36956761258211024,5954185.393815303,915870.0,45.0,Fear,5536.0,8459597.509
2020-05-04,8881.95430450029,18362033,163090742884.13354,103076907837.9002,0.36797818186940057,4544425.210517592,903208.0,44.0,Fear,5536.0,8103287.678
2020-05-05,8985.8795993571,18364008,165016769746.674,103173734463.3198,0.37476818494443165,5479902.63357749,981601.0,40.0,Fear,5536.0,8241571.693
2020-05-06,9266.8130730567,18365933,170193673073.4275,103424962165.84802,0.3923101822872882,14738918.449787827,983515.0,42.0,Fear,5536.0,8551467.332
2020-05-07,9993.75317685564,18367771,183562970232.43558,104085834431.244,0.4329693276402866,26226182.858046696,1018695.0,49.0,Neutral,5587.0,8605799.036
2020-05-08,9859.32360461718,18369483,181110682719.55905,104365914931.79324,0.42374511892598454,16996198.49219864,958470.0,55.0,Greed,5587.0,9169231.12
2020-05-09,9577.33892238457,18371183,175947051215.5213,104410520780.28935,0.4065798769631287,9522117.182770127,919602.0,56.0,Greed,5587.0,8985366.168
2020-05-10,8715.03329322034,18373308,160123995676.03168,104361214644.79842,0.3482474990447679,6105764.537601277,884531.0,48.0,Neutral,5587.0,8074425.58
2020-05-11,8591.65288433665,18375121,157872661726.05984,104272928024.78217,0.33951244702698286,13315709.914794488,1001133.0,40.0,Fear,5587.0,8087615.457
2020-05-12,8817.25068112215,18376033,162026094290.71866,104282462880.31578,0.3563847642145541,4994759.714729687,966725.0,39.0,Fear,5587.0,8148399.958
2020-05-13,9322.99720204559,18376777,171326643303.62918,104462442366.38022,0.3902732210701789,5409819.598924303,860648.0,41.0,Fear,5587.0,8302762.658
2020-05-14,9801.26948772647,18377489,180122729988.45343,104648274483.0272,0.41901683096999714,6895285.802231547,885249.0,40.0,Fear,5636.0,8878546.788
2020-05-15,9326.87585891292,18378271,171411852537.89795,104680013757.95856,0.38930702744248946,7758499.696639962,901217.0,44.0,Fear,5636.0,8702825.357
2020-05-16,9395.4753893045,18379058,172679992237.8612,104719003253.55884,0.39356608778791385,5413742.721284916,884995.0,41.0,Fear,5636.0,8533657.491
2020-05-17,9682.5324811806,18379696,177962003949.65793,104788669372.762,0.41117391888661403,3397833.7290673773,775039.0,40.0,Fear,5636.0,8641223.223
2020-05-18,9726.85002209235,18380496,178784328361.09415,104990778621.74974,0.41275177984449596,7097603.834027033,969203.0,50.0,Neutral,5636.0,8785623.409
2020-05-19,9754.20146201052,18381214,179294072226.63513,105130634652.44696,0.41364132485340904,4387567.287655426,893883.0,50.0,Neutral,5636.0,8748669.084
2020-05-20,9515.702550263,18381933,174917011912.64514,105170430818.22829,0.398740981976349,6346139.312138772,880458.0,52.0,Neutral,5636.0,8809223.06
2020-05-21,9068.80122933957,18382752,166709526611.27744,105121134917.5115,0.36943534629171965,8443479.215992752,927079.0,49.0,Neutral,5702.0,8422761.265
2020-05-22,9161.81503389831,18383446,168425732349.67337,105130897076.16702,0.37580264244954076,5247390.647698583,802125.0,42.0,Fear,5702.0,8256543.636
2020-05-23,9183.66212507305,18384189,168834187520.22928,105160948472.11276,0.37713474968147287,3775199.8500241195,853637.0,40.0,Fear,5702.0,8301237.149
2020-05-24,8806.23065715956,18384914,161901800296.73962,105139702281.1094,0.35059584211907796,2929555.976611125,814572.0,43.0,Fear,5702.0,8306824.906
2020-05-25,8909.19258153127,18385696,163801706810.14407,105080601962.87367,0.3584889680992864,3935185.558287462,831219.0,41.0,Fear,5702.0,7998558.488
2020-05-26,8835.13725336061,18386471,162446995287.2591,105071079808.573,0.35319776384430396,4927955.337444907,876095.0,39.0,Fear,5702.0,8122309.595
2020-05-27,9169.05743921683,18387333,168594517427.87714,105150098328.63255,0.3763136551957296,5148085.18691325,914536.0,39.0,Fear,5702.0,8384295.416
2020-05-28,9568.26185300994,18388152,175942656151.30783,105254305388.35744,0.40176925999207125,7823758.804413425,874346.0,41.0,Fear,5727.0,8596242.718
2020-05-29,9432.41333343074,18388946,173452139862.32257,105281692455.62865,0.39302165692971064,7464712.445747367,858638.0,48.0,Neutral,5727.0,8700648.233
2020-05-30,9691.68049117475,18389921,178229239025.789,105342421005.41704,0.4089498357215426,4008451.4703817335,915982.0,48.0,Neutral,5727.0,8806318.787
2020-05-31,9433.94384663939,18390858,173498326804.74423,105354569459.6842,0.3927631960494311,8085022.859180156,806377.0,51.0,Neutral,5727.0,8904929.337
2020-06-01,10199.1350542373,18391696,187579391839.14084,105689766437.71082,0.4365598192772406,22590183.234579347,889877.0,50.0,Neutral,5727.0,8935549.591
2020-06-02,9512.34653302163,18392502,174955855439.15936,105687580859.30943,0.395918584182156,10252847.214331208,902307.0,56.0,Greed,5727.0,9415247.398
2020-06-03,9642.27340035067,18393371,177353912369.7037,105766187420.28876,0.4036433366081404,5869974.060127237,961253.0,48.0,Neutral,5727.0,8916543.66
2020-06-04,9813.36067913501,18394314,180510045528.5994,105881414076.20148,0.4134320127938476,6442078.143579798,912566.0,54.0,Neutral,5860.0,9008941.809
2020-06-05,9641.8916225599,18395433,177366776590.61285,105905199375.08595,0.40290283552071393,5498280.411019065,927189.0,53.0,Neutral,5860.0,9043384.893
2020-06-06,9668.67053857393,18396658,177871230481.96506,105951253119.91267,0.4043373240696425,6577199.33651689,791448.0,54.0,Neutral,5860.0,8925242.59
2020-06-07,9747.58011104617,18397652,179332589600.40186,105992308850.82677,0.408962369377455,5198635.302945874,700220.0,54.0,Neutral,5860.0,8950776.904
2020-06-08,9769.34236148451,18398664,179742855376.26352,106179933597.8194,0.4092675707440592,15096188.753869787,980362.0,53.0,Neutral,5860.0,9035152.545
2020-06-09,9779.42216566335,18399664,179938089736.7146,106254830067.40756,0.4094922858029691,6381810.984634736,940528.0,52.0,Neutral,5860.0,9033011.253
2020-06-10,9888.44417469316,18400689,181954193813.41647,106334809916.4971,0.41559571841725557,7489958.933110827,918862.0,54.0,Neutral,5860.0,9113547.653
2020-06-11,9277.45116931619,18401846,170722228107.4923,106277851662.34727,0.37748087732646474,5506569.224824951,1051111.0,52.0,Neutral,5917.0,9172822.087
2020-06-12,9456.16153331385,18402864,174020462176.98007,106317209775.02612,0.3890533995542389,3757584.627459789,929971.0,38.0,Fear,5917.0,8863049.607
2020-06-13,9461.33379865576,18403852,174124989743.8771,106342019508.34769,0.3892776696511646,2675503.648798395,822893.0,38.0,Fear,5917.0,8880144.157
2020-06-14,9342.955635301,18404914,171956302400.90866,106361207685.14355,0.38146374282248163,3906469.9674476986,703362.0,40.0,Fear,5917.0,8858040.003
2020-06-15,9441.38321127995,18405777,173775996743.2965,106409304779.90164,0.3876639652535532,6323874.991709964,874857.0,37.0,Fear,5917.0,8836929.24
2020-06-16,9520.09194827586,18406714,175233617313.81317,106467490376.54108,0.39242542607634373,5782906.414917679,992091.0,39.0,Fear,5917.0,8977733.689
2020-06-17,9448.69356060783,18407577,173927557053.383,106491932126.20357,0.3877224867045171,4334533.856055035,933530.0,38.0,Fear,5917.0,8949647.912
2020-06-18,9389.99076639392,18408346,172854199386.86133,106761160707.27716,0.38236293311950575,13744868.283723352,856951.0,40.0,Fear,5945.0,8902632.507
2020-06-19,9285.99158293396,18409239,170948045784.31323,106751653899.08026,0.37553159259995383,4948662.886179625,960312.0,39.0,Fear,5945.0,8814688.726
2020-06-20,9357.29246446522,18410096,172268652991.68768,106781636596.2194,0.38014470571513764,4173706.1737585873,780727.0,38.0,Fear,5945.0,8808318.598
2020-06-21,9284.76937182934,18411008,170941968242.83463,106809816247.08316,0.37516914456400435,4805868.28084965,726188.0,37.0,Fear,5945.0,8877833.291
2020-06-22,9684.62018474576,18411902,178312280605.44254,106914851065.3626,0.400406687064159,7628108.957775995,846995.0,38.0,Fear,5945.0,8965874.403
2020-06-23,9611.72599824664,18412889,176979651545.1726,106976766835.91058,0.39554199648423627,9674260.718464084,1044742.0,41.0,Fear,5945.0,9191057.942
2020-06-24,9292.94354354179,18413758,171118018582.82535,106930670914.8418,0.3751057205989987,18464233.46160148,936117.0,50.0,Neutral,5945.0,9006055.861
2020-06-25,9247.12143249561,18414639,170282410319.76254,106916741875.65498,0.37212104482851277,4132199.80746635,898840.0,43.0,Fear,5963.0,8881980.367
2020-06-26,9159.43777206312,18415664,168677135720.71005,107195767981.63512,0.3644914141823805,15346792.441265708,945626.0,40.0,Fear,5963.0,8830679.245
2020-06-27,9002.16561718293,18416527,165788628802.69855,107197031469.73886,0.3534114357305426,5778051.9304576805,784452.0,43.0,Fear,5963.0,8799993.608
2020-06-28,9108.06567457627,18417464,167747478911.79187,107207162685.21356,0.36090149681720557,7908118.7393758595,699398.0,40.0,Fear,5963.0,8730997.7
2020-06-29,9184.24736627703,18418371,169158875760.88763,107240600403.14104,0.366036219377991,6596229.369744531,950685.0,41.0,Fear,5963.0,8804148.363
2020-06-30,9143.96758530099,18419289,168425388829.47977,107293051779.02489,0.36296390630481234,11993268.337135043,938814.0,44.0,Fear,5963.0,8857409.247
2020-07-01,9241.33961239041,18420302,170228269270.7211,107329187378.06418,0.36949845147415494,5969924.498895151,1091886.0,42.0,Fear,5963.0,8882631.538
2020-07-02,9094.38728679135,18421327,167530684757.2064,107328569170.66924,0.35934978522761357,4310862.135524381,968986.0,42.0,Fear,5979.0,8963240.702
2020-07-03,9066.69069661017,18422346,167029713495.67136,107341904973.85164,0.35734844581031117,5032082.376916316,954685.0,41.0,Fear,5979.0,8883859.206
2020-07-04,9126.21955493863,18423327,168135329826.3986,107361731234.89876,0.36145644496162216,2620909.3688215716,817061.0,40.0,Fear,5979.0,8916188.273
2020-07-05,9079.61401808884,18424346,167285950624.038,107370309499.4134,0.35816301907672016,1942414.730006905,776789.0,38.0,Fear,5979.0,8894393.585
2020-07-06,9338.94259117475,18425308,172072898726.16534,107432055195.71684,0.3756596419830012,5558828.599968476,1002539.0,40.0,Fear,5979.0,9038784.622
2020-07-07,9252.15873261251,18426314,170483189340.15765,107456944956.65012,0.3696918425062663,8466970.000713388,978930.0,43.0,Fear,5979.0,9104620.491
2020-07-08,9434.56795645821,18427258,173853222993.75375,107618560113.79672,0.3809803565294658,14693802.331437632,1024774.0,44.0,Fear,5979.0,9133359.228
2020-07-09,9231.50234751607,18428283,170120742806.0912,107645635462.41046,0.36723979870515705,5447946.97334376,1051248.0,44.0,Fear,6041.0,9210549.158
2020-07-10,9285.22101542957,18429289,171120028903.70605,107672030738.24825,0.37078066531394605,5319936.117885748,994022.0,41.0,Fear,6041.0,9049254.715
2020-07-11,9237.17100818235,18430264,170243507637.22955,107686150739.64316,0.36745810613165547,2639449.537251126,890514.0,44.0,Fear,6041.0,9065431.304
2020-07-12,9289.09797691408,18431214,171209360064.0336,107708319157.68532,0.3708970168605175,3397359.2289983486,755307.0,41.0,Fear,6041.0,9098845.243
2020-07-13,9236.62250116891,18432133,170250659446.02902,107708441462.02184,0.3673537488049121,6506186.849933278,913626.0,43.0,Fear,6041.0,9096920.16
2020-07-14,9260.3569868498,18433033,170696470977.00854,107784897916.94353,0.36855813538487686,13855580.809138713,1008031.0,43.0,Fear,6041.0,9054617.446
2020-07-15,9196.72555897136,18433896,169531482908.2055,107832953661.9556,0.36393552505912535,14945422.576854538,972946.0,44.0,Fear,6041.0,9051189.62
2020-07-16,9132.59231209818,18434746,168357020005.78412,107840264540.39523,0.3594548980690544,4187084.6403984926,974470.0,43.0,Fear,6041.0,8970277.208
2020-07-17,9156.46870976037,18435483,168803928228.82877,107846018878.86057,0.3611166516654418,5433761.878388567,858601.0,41.0,Fear,6041.0,8966996.71
2020-07-18,9175.90530859147,18436296,169169706749.81293,107861070634.4382,0.3624090701182381,3324912.6096142074,894993.0,44.0,Fear,6041.0,8994085.376
2020-07-19,9218.84231081239,18437114,169968853961.18338,107895118537.71326,0.36520653035435663,4111312.9824935854,883750.0,41.0,Fear,6041.0,8979362.421
2020-07-20,9167.19056750439,18437996,169024623427.14105,107904622876.367,0.3616041220001306,3393697.8212412507,945876.0,44.0,Fear,6041.0,9001824.995
2020-07-21,9388.57434979544,18438777,173113831553.1549,107958727490.54564,0.3763714515359408,8579989.180274235,928815.0,44.0,Fear,6041.0,9179679.08
2020-07-22,9531.2574301578,18439677,175753311227.40405,108051002336.74976,0.38521213863820464,11505584.449961165,1024306.0,50.0,Neutral,6041.0,9187772.285
2020-07-23,9609.16671537113,18440527,177198101096.72775,108135625632.89178,0.38974726611848165,8428461.48504847,988083.0,55.0,Greed,6041.0,9345108.522
2020-07-24,9548.1007270602,18441533,176081619848.8423,108187364431.39796,0.38558400062271303,6043009.797948185,1086695.0,53.0,Neutral,6041.0,9369309.564
2020-07-25,9702.45279047341,18442421,178936719530.864,108253694743.10004,0.39501688067759716,5012570.2303152615,979175.0,55.0,Greed,6041.0,9411533.703
2020-07-26,9933.90655423729,18443408,183215097027.36307,108342518344.81342,0.40865943853615666,5893120.6272483505,1005937.0,55.0,Greed,6041.0,9698331.763
2020-07-27,11046.5083295149,18444339,203745553177.54984,108828039638.5293,0.4658629945965331,15377926.578247087,1027494.0,58.0,Greed,6041.0,10081924.17
2020-07-28,10944.6129789012,18445246,201876079262.8152,109161465533.44124,0.45926498111087316,23152263.970104374,1060050.0,76.0,Extreme Greed,6041.0,10767371.53
2020-07-29,11115.7712819988,18446171,205043418364.52597,109373463460.58136,0.4665838858278429,10256712.513630461,1048888.0,71.0,Greed,6041.0,10884919.45
2020-07-30,11135.3907261835,18447014,205414717473.68942,109576872289.53091,0.4665578317017811,11964417.484264841,972960.0,76.0,Extreme Greed,6041.0,10810027.83
2020-07-31,11338.1973407949,18447971,209166736245.15106,109794687918.56908,0.47508533197226116,15014336.201360088,1065586.0,75.0,Greed,6041.0,10973522.37
2020-08-01,11797.5821265342,18448827,217651555150.66568,109993389297.4916,0.49463540831881264,7226246.651448076,962645.0,75.0,Greed,6041.0,11514288.44
2020-08-02,11094.0206841321,18449708,204681448214.11658,110061313306.23944,0.4622799757059337,8939057.028714713,961512.0,80.0,Extreme Greed,6041.0,11109441.07
2020-08-03,11236.0956805377,18450721,207314067036.20425,110425846480.08331,0.46734995816372116,17374256.68607435,1087295.0,75.0,Greed,6041.0,11056474.83
2020-08-04,11202.651909059,18451627,206707157741.2516,110532237583.84506,0.4652713588070073,9130233.990208302,1001978.0,72.0,Greed,6041.0,11044216.69
2020-08-05,11721.4384715956,18452433,216289064448.5838,110843466085.7554,0.48752163513978725,12957966.97021868,960100.0,75.0,Greed,6041.0,11218524.61
2020-08-06,11769.3091081239,18453408,217183869264.25812,111302720060.96266,0.48751847714097374,15047400.544772059,1130818.0,79.0,Extreme Greed,6040.0,11563109.68
2020-08-07,11598.9690585038,18454358,214051533757.65338,111635872667.57117,0.4784626360399548,15403239.891025037,1056178.0,77.0,Extreme Greed,6040.0,11569504.19
2020-08-08,11743.0086350088,18455246,216720113667.306,111875248137.39386,0.4837800412510989,7041260.166052695,956987.0,77.0,Extreme Greed,6040.0,11523341.02
2020-08-09,11680.5173661601,18456221,215578210429.4728,112021305632.52492,0.4803681438427512,7782100.490411525,913890.0,79.0,Extreme Greed,6040.0,11538116.29
2020-08-10,11870.3695447107,18457077,219092328206.59464,112183741661.65068,0.48796134223437415,6531847.821817463,977807.0,78.0,Extreme Greed,6040.0,11767665.82
2020-08-11,11392.6440884278,18458039,210285877954.141,112348338527.56378,0.465735219023768,17191599.124728948,1091964.0,84.0,Extreme Greed,6040.0,11639982.08
2020-08-12,11575.5124736996,18459021,213672628358.3448,112486013728.65024,0.47355908619234616,12792946.87516262,1064980.0,75.0,Greed,6040.0,11421712.52
2020-08-13,11773.4481155465,18459939,217337143392.2027,112649395704.96686,0.48168364621558596,6853831.921634961,954333.0,75.0,Greed,6082.0,11530152.9
2020-08-14,11774.4082518995,18460983,217367156990.08694,112841703244.63074,0.4808705012883943,10278239.087044219,1099133.0,78.0,Extreme Greed,6082.0,11805811.41
2020-08-15,11866.9103613092,18461958,219086407147.3768,112952881065.39047,0.4844368368804897,6134458.6522113085,987360.0,79.0,Extreme Greed,6082.0,11975692.03
2020-08-16,11899.6427535944,18462908,219702015877.43982,113050212664.84364,0.4854384370878581,5652108.091079804,897723.0,82.0,Extreme Greed,6082.0,11988021.19
2020-08-17,12315.7624166569,18463689,227394416849.7149,113443275873.15524,0.5011167053053464,18684093.211436674,890286.0,83.0,Extreme Greed,6082.0,12077660.52
2020-08-18,11992.6959962595,18464564,221439912289.32233,113558154422.66508,0.4871829868036812,6344697.839489307,1021122.0,82.0,Extreme Greed,6082.0,12365789.52
2020-08-19,11736.8490645237,18465427,216725933073.01028,113608685127.59402,0.4757956119200478,7399076.322581372,984472.0,80.0,Extreme Greed,6082.0,11933509.6
2020-08-20,11867.5203439509,18466339,219149663195.12796,113734154029.05342,0.48102063050954347,8226322.080323636,1004720.0,75.0,Greed,6059.0,11956455.73
2020-08-21,11524.6989491525,18467308,212830171381.9018,113849194716.29243,0.46507022957754524,14621876.67685894,1098892.0,81.0,Extreme Greed,6059.0,11964566.56
2020-08-22,11682.2891503799,18468158,215750368197.4101,113908228413.55331,0.47203692227617394,3949333.5174429696,963975.0,78.0,Extreme Greed,6059.0,11782798.44
2020-08-23,11665.6092735243,18469139,215453768466.22992,113954957587.84409,0.47109322617531607,3992416.023052282,926961.0,76.0,Extreme Greed,6059.0,11910584.37
2020-08-24,11771.4080537405,18470071,217418743051.9304,114080657900.46564,0.4752952008685952,6087108.744011615,943493.0,78.0,Extreme Greed,6059.0,12076362.22
2020-08-25,11358.4543202805,18470871,209800545020.0944,114127767075.31056,0.456017776005398,9582567.671543006,959923.0,75.0,Greed,6059.0,11913349.49
2020-08-26,11472.0491204559,18471758,211908921369.10785,114205412044.72464,0.46106369044369294,11409080.910073837,1039704.0,76.0,Extreme Greed,6059.0,11753819.47
2020-08-27,11314.6737410286,18472564,209011043815.1073,114252853600.07832,0.45336451359408914,5950380.756856007,958995.0,75.0,Greed,6111.0,11739496.18
2020-08-28,11527.8830322326,18473583,212961310292.60208,114392540430.23938,0.46284825035558025,13237578.775132341,1089314.0,74.0,Greed,6111.0,11857856.37
2020-08-29,11490.7623477499,18474496,212286043547.20676,114415120433.38368,0.46103324306413573,4873886.698678429,985110.0,79.0,Extreme Greed,6111.0,11970810.71
2020-08-30,11698.9758329632,18475289,216141968818.3569,114504651840.54254,0.47023406668063217,5348422.068859955,839663.0,75.0,Greed,6111.0,12281571.9
2020-08-31,11678.3482268849,18476227,215771816269.7465,114669091583.0792,0.4685631628566079,11626928.129102997,931549.0,75.0,Greed,6111.0,12399876.26
2020-09-01,11970.364856166,18477189,221178703362.4294,114928111785.51122,0.48038346351462735,18945574.66142196,1089211.0,75.0,Greed,6111.0,12628653.73
2020-09-02,11414.5209336645,18478089,210918542778.8284,114967232643.74364,0.4549211694284291,11236264.516854301,1034210.0,83.0,Extreme Greed,6111.0,12175753.74
2020-09-03,10261.4944095266,18478896,189621088459.6927,114790199069.67113,0.3946337930969539,13771881.777040813,985741.0,79.0,Extreme Greed,7632.0,11973674.93
2020-09-04,10471.9664133255,18479739,193519214459.93054,114818520693.173,0.4066815483227018,15489017.968155585,1013330.0,40.0,Fear,7632.0,11117683.25
2020-09-05,10128.64358609,18480621,187183623814.10498,114755466587.93756,0.38693639833630405,7057307.565796388,987403.0,41.0,Fear,7632.0,11005364.17
2020-09-06,10253.2998980129,18481558,189496962344.27017,114761522389.46884,0.3943885908789667,6363475.617634571,1002066.0,41.0,Fear,7632.0,10886726.04
2020-09-07,10367.8783543542,18482652,191625890660.08438,114755369666.67969,0.40114892997294127,6028468.268746709,1099518.0,41.0,Fear,7632.0,10878410.18
2020-09-08,10108.6354501461,18483621,186844186942.25992,114715663126.8002,0.38603568564725776,5378950.965275176,990832.0,41.0,Fear,7632.0,10897114.87
2020-09-09,10223.1114091175,18484552,188969637459.1467,114707479539.33012,0.39298460280885755,8159211.388541349,973332.0,38.0,Fear,7632.0,10983004.78
2020-09-10,10334.6307302162,18485539,191041227629.74136,114727523156.94832,0.39946196650650345,8203633.16216065,1105283.0,38.0,Fear,7589.0,11060820.89
2020-09-11,10387.0207419638,18486402,192018644082.15057,114732061700.50974,0.4024951991046017,8608519.82538132,968475.0,41.0,Fear,7589.0,11034570.05
2020-09-12,10436.9778322618,18487464,192953260239.83237,114736449742.50745,0.40536661780218114,5930231.01264369,910808.0,41.0,Fear,7589.0,11162878.77
2020-09-13,10322.5236148451,18488477,190847743479.8652,114745076578.22908,0.3987611564800351,3519190.93527667,801620.0,38.0,Fear,7589.0,11193805.95
2020-09-14,10662.719912332,18489577,197149183993.6885,114811167772.62115,0.41764320071293476,6441074.609700905,1033417.0,39.0,Fear,7589.0,11385992.69
2020-09-15,10779.3810249562,18490552,199316708549.37027,114903689777.88129,0.42351200451707277,7315551.793593682,976363.0,47.0,Neutral,7589.0,11643084.87
2020-09-16,10968.3205465809,18491521,202820930215.0881,115060944224.50945,0.43269689127996164,15405407.006412275,1075650.0,43.0,Fear,7589.0,11798324.85
2020-09-17,10936.2927505552,18492633,202240854176.5398,115139662492.55183,0.43068049746247467,9267668.003690425,1118362.0,48.0,Neutral,7607.0,11897601.22
2020-09-18,10920.1128439509,18493664,201952906459.28494,115231200134.53629,0.4294154902010897,11167006.89955603,980148.0,49.0,Neutral,7607.0,11957859.95
2020-09-19,11073.7795478083,18494596,204805079427.7757,115347549223.78738,0.43679351339298894,10713870.05647439,910165.0,48.0,Neutral,7607.0,12110321.34
2020-09-20,10921.2180998247,18495483,201993209656.34674,115393938844.04137,0.42872367323454913,9124928.991025241,816881.0,52.0,Neutral,7607.0,12114624.45
2020-09-21,10455.3799623027,18496389,193386783237.27954,115336017387.92503,0.40359927675920154,6814793.74064018,952267.0,48.0,Neutral,7607.0,11770962.21
2020-09-22,10519.8391641146,18497196,194587527380.1912,115450144065.87776,0.4066929899350247,10068979.907210574,975383.0,39.0,Fear,7607.0,11770962.21
2020-09-23,10233.2995687317,18498083,189296430363.11426,115391850375.07014,0.3904171877212796,6542076.799294975,1021138.0,43.0,Fear,7607.0,11770962.21
2020-09-24,10739.0427094097,18498939,198660904536.99185,115482930681.98746,0.4186932202330537,14457655.698338227,950736.0,39.0,Fear,7616.0,11770962.21
2020-09-25,10683.6305806546,18499996,197647123488.0409,115555656328.75198,0.4153435967625203,10834125.793362424,1154509.0,46.0,Fear,7616.0,11770962.21
2020-09-26,10742.0304202221,18500933,198737590942.58554,115604666000.34924,0.41830498471853295,6421342.023366634,959432.0,45.0,Fear,7616.0,11886873.37
2020-09-27,10758.8242899474,18501883,199058514093.41168,115636473746.30476,0.419083005452154,6359046.940272297,795763.0,47.0,Neutral,7616.0,11886873.37
2020-09-28,10727.3750541204,18502689,198485292940.6996,115669997775.80302,0.4172364306590658,5507392.763904445,878746.0,43.0,Fear,7616.0,12311813.53
2020-09-29,10841.1427444769,18503571,200599854981.09976,115876974011.1051,0.422347668087682,19889014.410556942,1009336.0,45.0,Fear,7616.0,12311813.53
2020-09-30,10772.351766803,18504546,199337479281.4304,115916258327.39862,0.4184924042119309,12693368.934703285,1124558.0,49.0,Neutral,7616.0,12118330.75
2020-10-01,10606.6173325541,18505321,196278858940.06714,115907308248.97829,0.4094763497460006,6084229.72440231,934982.0,45.0,Fear,7716.0,12199774.84
2020-10-02,10570.1056777908,18506171,195612183636.61523,115937005564.3199,0.40731194034573165,9541330.761160003,991524.0,41.0,Fear,7716.0,11886695.06
2020-10-03,10555.7054339567,18507114,195355652208.1354,115953058874.94722,0.40645147675886667,2947994.1681178026,1019377.0,40.0,Fear,7716.0,11899994.76
2020-10-04,10665.618622443,18508102,197400360503.3223,115988781769.27309,0.41241859197455233,4047162.560008283,926182.0,42.0,Fear,7716.0,11868482.88
2020-10-05,10772.6355995909,18508977,199390467719.82382,116054425209.37608,0.4179539948095638,5617223.080545007,951109.0,42.0,Fear,7716.0,11868482.88
2020-10-06,10596.3735493863,18509789,196136646988.13074,116066571222.80402,0.40823618122814237,6064775.557535462,982299.0,47.0,Neutral,7716.0,11868482.88
2020-10-07,10667.1943941555,18510733,197457593102.6204,116143284645.58368,0.41180643995177724,12329735.515671236,1068933.0,43.0,Fear,7716.0,11809769.5
2020-10-08,10902.5293637054,18511746,201824854828.7532,116251527641.18184,0.42399796229349285,9079679.987741023,1045188.0,46.0,Fear,7670.0,12030838.45
2020-10-09,11074.1036797779,18512633,205010823262.74268,116382412936.21117,0.43231088444996385,10007351.178771533,1011647.0,48.0,Neutral,7670.0,12193483.55
2020-10-10,11302.8542864407,18513527,209255701343.09943,116468132595.11386,0.44341715973534884,4049637.1272443593,921693.0,53.0,Neutral,7670.0,12287463.1
2020-10-11,11378.2625284629,18514402,210661729869.75558,116529531580.93234,0.4468405265019979,6212054.297709123,802894.0,55.0,Greed,7670.0,12209820.52
2020-10-12,11548.401556692,18515333,213822506733.41425,116682378417.07002,0.4543026353977546,10862951.604613533,947074.0,52.0,Neutral,7670.0,12333631.75
2020-10-13,11434.9687849211,18516371,211734124909.25983,116775674013.43608,0.44847967202508743,4792917.348977577,1065011.0,56.0,Greed,7670.0,12350385.98
2020-10-14,11417.10811391,18517302,211414042279.6372,116893744790.98727,0.44708618438707115,12474269.398902752,944127.0,53.0,Neutral,7670.0,12285576.41
2020-10-15,11502.5812390415,18518246,213007629536.8374,117025186501.1928,0.4506056578552998,9798423.963022279,1046622.0,56.0,Greed,7664.0,12264553.41
2020-10-16,11338.9871765634,18519214,209989139080.1989,117067284788.936,0.4425079063530722,5067059.192662254,994310.0,52.0,Neutral,7664.0,12180826.7
2020-10-17,11362.8022174167,18520196,210441324686.78802,117106750804.60504,0.4435182777009136,2631206.8299749945,854061.0,56.0,Greed,7664.0,12140776.03
2020-10-18,11489.6225650497,18520946,212798679604.36633,117155773748.86484,0.4494525343546306,3194598.116599063,735426.0,55.0,Greed,7664.0,12180951.84
2020-10-19,11745.8119675628,18521727,217552726121.20447,117511022880.28072,0.45985037753646824,30773214.26600611,937660.0,55.0,Greed,7664.0,12281688.72
2020-10-20,11929.4572507306,18522627,220964890486.57184,117740276348.3286,0.46715391712655935,9568366.391311688,1017606.0,56.0,Greed,7664.0,12578245.73
2020-10-21,12848.4906177674,18523439,237998242414.46365,118220678929.43436,0.5032707900272719,11279039.16512025,1014122.0,61.0,Greed,7664.0,13033130.12
2020-10-22,12997.4993417884,18524296,240769525651.60352,118883320558.19144,0.5062360145601771,34102141.113500245,1051445.0,73.0,Greed,7673.0,13623656.66
2020-10-23,12953.4296969608,18525114,239963772124.78473,119493498744.64438,0.5020352543778734,56659083.76661828,989606.0,74.0,Greed,7673.0,13589157.68
2020-10-24,13113.8669231444,18526064,242948348330.79962,119755179668.75346,0.5070755553946213,13946553.47927552,1102604.0,73.0,Greed,7673.0,13619132.38
2020-10-25,13041.6410374635,18526796,241619823592.80972,119890011353.87384,0.5038072225567107,7425422.073159387,857717.0,76.0,Extreme Greed,7673.0,13620456.51
2020-10-26,13080.6561698422,18527483,242351641944.1742,120020090516.47446,0.5047688162801012,6096728.442839982,828771.0,75.0,Greed,7673.0,13702572.59
2020-10-27,13675.5239275278,18528102,253381506266.5581,120429504079.1364,0.524710757885999,14189925.66222449,829584.0,61.0,Greed,7673.0,14038525.14
2020-10-28,13290.3288497954,18528727,246252878918.34402,120685653135.49902,0.5099117067560551,14715660.982734166,821377.0,70.0,Greed,7673.0,13996909.77
2020-10-29,13475.2173007013,18529402,249687722376.84705,120979198202.08395,0.5154779856596502,14815343.974254955,892820.0,67.0,Greed,7665.0,13930428.8
2020-10-30,13603.2960908825,18530096,252070383092.23074,121174170352.13972,0.519284380554129,7893298.269247336,900409.0,74.0,Greed,7665.0,14146830.55
2020-10-31,13807.2336110462,18530802,255859116286.7751,121389519780.82068,0.5255610918128732,8098757.062814675,884817.0,73.0,Greed,7665.0,14449104.45
2020-11-01,13736.89941128,18531583,254566499088.99768,121621975281.78284,0.5222388817184338,10780220.327783346,894688.0,72.0,Greed,7665.0,14416666.16
2020-11-02,13595.5647603741,18532177,251955416564.51218,121959987216.36565,0.5159461587318632,22873066.964828942,782160.0,71.0,Greed,7665.0,14148760.8
2020-11-03,13996.915398597312,18533052,259405565050.48828,123833223241.51512,0.5226269597669835,170491004.14453575,1036673.0,71.0,Greed,7665.0,14170343.48
2020-11-04,14129.148195499703,18534046,261870283231.60983,124222684004.40472,0.5256327580532053,13119363.827968225,1172975.0,74.0,Greed,7665.0,14431656.54
2020-11-05,15606.46683372297,18534964,289265313336.93713,125379391219.7763,0.5665591917212209,30327443.096907858,1074286.0,72.0,Greed,7601.0,15303233.99
2020-11-06,15618.972471361778,18535921,289512040532.7369,125964751936.07666,0.564906690221635,19463345.879420083,1088849.0,90.0,Extreme Greed,7601.0,16117160.74
2020-11-07,14866.356304500296,18536833,275575172236.7516,126045552952.5107,0.5426091838047635,12423292.790808123,1059747.0,88.0,Extreme Greed,7601.0,16075719.2
2020-11-08,15500.000707188785,18537696,287334301806.7006,126636340595.51016,0.5592717618493643,16246257.583984202,932713.0,82.0,Extreme Greed,7601.0,15736095.64
2020-11-09,15319.819972530682,18538852,284011879656.29236,126974253613.83798,0.5529262586920637,14360551.149787445,1209516.0,90.0,Extreme Greed,7601.0,16041745.54
2020-11-10,15319.27567621274,18539771,284015863611.77686,127249566174.39064,0.5519631736193127,10533552.772738505,1028073.0,90.0,Extreme Greed,7601.0,15896647.34
2020-11-11,15731.241105786092,18540689,291668061432.2759,127628390562.25452,0.5624190391792716,14708058.728882723,1024521.0,86.0,Extreme Greed,7601.0,16244950.37
2020-11-12,16289.814897720637,18541689,302040694651.03265,128175876699.35106,0.5756337507850026,19027406.487911556,1057682.0,87.0,Extreme Greed,7713.0,16590020.2
2020-11-13,16330.06276797195,18542558,302801144918.1704,128601173732.13445,0.5752949554834481,17361561.198363017,1007717.0,89.0,Extreme Greed,7713.0,16996143.97
2020-11-14,16102.010016949156,18543446,298586753964.8786,128836886858.38904,0.5685110436160087,11218256.560112191,923829.0,90.0,Extreme Greed,7713.0,16750176.67
2020-11-15,15986.7549905903,18544383,296464516184.9851,128979258401.4304,0.5649420036462267,7040862.744197194,868441.0,86.0,Extreme Greed,7713.0,16687876.33
2020-11-16,16743.05393980129,18545383,310506357027.7521,129406975481.56096,0.5832388852831281,12137744.241235523,1042566.0,90.0,Extreme Greed,7713.0,17059778.02
2020-11-17,17682.16918702513,18546364,327939960108.96313,130285511206.18544,0.6027153532527844,21142047.360340625,1140200.0,86.0,Extreme Greed,7713.0,17858226.59
2020-11-18,17804.690023962594,18547421,330231082449.6283,131567206643.5769,0.6015904812241729,29110207.721446246,1193670.0,91.0,Extreme Greed,7713.0,18781993.37
2020-11-19,17818.668662185857,18548277,330505607373.4325,131981772291.4068,0.6006670708546167,14730894.737428173,1062293.0,94.0,Extreme Greed,7846.0,18769303.81
2020-11-20,18663.78185312683,18549327,346200598155.58923,133371522950.91574,0.6147565207528151,32029784.973647796,1188359.0,86.0,Extreme Greed,7846.0,19225293.09
2020-11-21,18706.58933541788,18550383,347014406990.2651,134003790844.97772,0.6138379613479938,19578465.24681417,1028346.0,91.0,Extreme Greed,7846.0,19736302.83
2020-11-22,18482.692631735823,18551471,342881137190.74524,134283616034.4486,0.6083668610800644,10088801.354041284,876077.0,94.0,Extreme Greed,7846.0,19516972.03
2020-11-23,18373.2577597896,18552389,340867839763.0916,134713345527.9836,0.6047930317462292,11841550.0633655,1008161.0,90.0,Extreme Greed,7846.0,19414756.61
2020-11-24,19150.251048509646,18553239,355299199836.8935,135746787093.03693,0.6179366934815672,26382118.496284604,1060309.0,88.0,Extreme Greed,7846.0,19974596.23
2020-11-25,18748.393713033314,18554208,347861606834.8425,136149519858.07144,0.6086100990078149,14314334.376810675,1133404.0,94.0,Extreme Greed,7846.0,20035335.92
2020-11-26,17113.716871420223,18555146,317547515921.4857,136494760085.69662,0.5701595722151854,42520153.32006573,1124059.0,93.0,Extreme Greed,7947.0,18249706.18
2020-11-27,17101.603018059614,18556108,317339201896.1171,136839170778.29968,0.5687921001859241,23164237.502468295,1103116.0,86.0,Extreme Greed,7947.0,18058528.54
2020-11-28,17745.377312448858,18557071,329302227506.92926,137057631891.8677,0.5837937904960461,6299003.593502004,1050541.0,87.0,Extreme Greed,7947.0,18275380.91
2020-11-29,18190.866880420806,18558008,337586263007.27856,137318921463.42508,0.5932330888106534,9151502.124616781,890938.0,89.0,Extreme Greed,7947.0,19240041.11
2020-11-30,19664.407606662764,18558714,364946132384.1117,138401778023.48917,0.6207610774791852,25838787.63618736,893156.0,88.0,Extreme Greed,7947.0,19888847.47
2020-12-01,18820.60778959673,18559664,349304171812.5346,139000992618.1488,0.6020631763517895,24363096.899266478,1173783.0,95.0,Extreme Greed,7947.0,20657134.62
2020-12-02,19214.872229047334,18560483,356637319825.9525,139774450303.84845,0.6080767700585522,18886000.449208174,1021217.0,92.0,Extreme Greed,7947.0,20288690.61
2020-12-03,19470.31120806546,18561464,361397496035.63556,140357369825.66852,0.6116260589369756,20488119.55516803,1173588.0,92.0,Extreme Greed,7982.0,20648519.7
2020-12-04,18732.967090999413,18562364,347728168835.3171,140680444859.13626,0.5954298286206371,16625121.728676464,1077785.0,92.0,Extreme Greed,7982.0,20349581.21
2020-12-05,19114.633130917588,18563264,354829996267.948,140883572550.42493,0.6029547275252416,6812638.908238864,1079826.0,93.0,Extreme Greed,7982.0,20390126.55
2020-12-06,19356.3136767972,18564114,359332829103.5296,141097725057.9093,0.6073341659042882,7916000.508959933,917285.0,95.0,Extreme Greed,7982.0,20494977.37
2020-12-07,19182.176832846293,18565052,356118116033.1718,141478198343.73724,0.6027211423005541,15937382.434141893,1021077.0,94.0,Extreme Greed,7982.0,20756762.74
2020-12-08,18340.97813769725,18565952,340517725147.59247,141706684114.7476,0.5838493163510743,15992135.758239193,1066197.0,95.0,Extreme Greed,7982.0,20389126.62
2020-12-09,18574.69673524255,18566821,344873070247.85474,142078548517.6996,0.5880265501287473,14455722.952277988,1062909.0,86.0,Extreme Greed,7982.0,19709089.04
2020-12-10,18294.84695149036,18567633,339692013956.6021,142608444007.21402,0.580183112501923,17053243.31600717,996609.0,94.0,Extreme Greed,8024.0,19706886.58
2020-12-11,18061.760025716,18568496,335379719602.72217,142869561440.35263,0.5740065570762883,33388671.25643244,1079203.0,89.0,Extreme Greed,8024.0,19358591.74
2020-12-12,18813.2837685564,18569321,349349906208.46497,143320520288.39694,0.5897507978637488,20185680.628626194,968857.0,90.0,Extreme Greed,8024.0,19888777.53
2020-12-13,19156.0825055523,18570296,355734123189.99524,144420775006.93558,0.5940204619341468,34726412.04976259,950688.0,91.0,Extreme Greed,8024.0,20717040.43
2020-12-14,19286.7512992402,18571202,358178159990.98376,144821006610.67606,0.5956732632321257,13918781.507883787,984098.0,95.0,Extreme Greed,8024.0,20789589.67
2020-12-15,19432.5884640561,18572077,360903534995.8109,145314335566.39886,0.5973596225149594,15671418.822462423,1051654.0,91.0,Extreme Greed,8024.0,21025277.15
2020-12-16,21370.7203186441,18572971,396917769688.3494,146786833102.41797,0.6301832663786467,26505916.485282626,1097514.0,92.0,Extreme Greed,8024.0,21124828.51
2020-12-17,22789.2674160725,18573777,423282777701.6689,149116856515.04916,0.647713386014143,28206729.997919034,1071652.0,92.0,Extreme Greed,8071.0,24309709.69
2020-12-18,23048.7645610754,18574758,428125236481.85913,151671983055.75406,0.6457298703012084,33074186.712028995,1197425.0,95.0,Extreme Greed,8071.0,24474598.58
2020-12-19,23856.7735192285,18575746,443157366345.5767,152494187367.2595,0.6558915659582117,15431765.271867957,1169476.0,93.0,Extreme Greed,8071.0,24716814.88
2020-12-20,23528.5506135593,18576689,437082586073.36475,153352757845.97937,0.649144663429261,23949475.635409757,1083259.0,92.0,Extreme Greed,8071.0,25193058.92
2020-12-21,22937.4183435418,18577539,426120802071.0447,154033337734.36078,0.6385219003960297,16987046.898012288,1128470.0,92.0,Extreme Greed,8071.0,24775780.35
2020-12-22,23756.8887685564,18578433,441365779221.892,155890466197.6933,0.6467998346575007,43871875.9660085,1102565.0,88.0,Extreme Greed,8071.0,24643549.85
2020-12-23,23307.2709018118,18579396,433035016812.1889,157340191085.3963,0.6366571178384954,29266084.549667817,1136460.0,93.0,Extreme Greed,8071.0,25101474.73
2020-12-24,23707.6330440678,18580183,440492173375.5983,158871869534.9295,0.6393310048679053,17899157.099018984,975658.0,86.0,Extreme Greed,8127.0,24761452.55
2020-12-25,24669.1643220339,18581083,458379803252.32874,159340417626.97473,0.6523834241901337,6959948.646822487,1030838.0,94.0,Extreme Greed,8127.0,25571343.06
2020-12-26,26478.0681052016,18581939,492013867417.99695,160420368416.7826,0.6739515305561594,14808208.809289156,954584.0,93.0,Extreme Greed,8127.0,26378442.9
2020-12-27,26430.8565971946,18582864,491161034560.9335,161924666245.9623,0.6703226541765216,24050290.52894306,1066022.0,91.0,Extreme Greed,8127.0,28432054.76
2020-12-28,27039.3490199883,18583864,502495606331.4931,165673509500.94287,0.6702985908464857,61251151.168825686,1150942.0,92.0,Extreme Greed,8127.0,28583767.63
2020-12-29,27231.2034552893,18584814,506086872860.72485,168301016394.47324,0.6674463902943601,24714785.623482447,1154890.0,91.0,Extreme Greed,8127.0,28274216.87
2020-12-30,28844.6136781999,18585889,536102811001.5353,170251800453.8386,0.6824269581131686,15280441.059406275,1221424.0,91.0,Extreme Greed,8127.0,29771591.11
2020-12-31,29022.6714126242,18586927,539442283452.27814,171780996052.07477,0.681558154928596,19113095.803804416,1208524.0,95.0,Extreme Greed,8259.0,30713841.57
2021-01-01,29380.6937327878,18587858,546124179058.17444,173617088521.7168,0.6820922874699845,24065893.89497591,1003690.0,94.0,Extreme Greed,8259.0,30987233.49
2021-01-02,32022.6810578609,18588802,595263287139.4878,176732488232.02478,0.7031019852050592,56594161.21806504,1144903.0,94.0,Extreme Greed,8259.0,31589937.86
2021-01-03,33277.8353050848,18589789,618627963153.1897,179793318853.91803,0.7093676174327798,36223318.29680748,1194185.0,93.0,Extreme Greed,8259.0,35471578.87
2021-01-04,31802.1467136178,18590871,591229608506.1155,182537846500.0305,0.6912572647346663,55583396.16187861,1282626.0,94.0,Extreme Greed,8259.0,33603177.23
2021-01-05,34013.1741724138,18591852,632367910296.6384,185576648330.39743,0.7065368983645216,21966938.915305708,1239169.0,93.0,Extreme Greed,8259.0,34094838.14
2021-01-06,36643.2777223846,18592958,681306943644.1547,189214095943.9559,0.7222777520336237,25092783.568999838,1348485.0,95.0,Extreme Greed,8259.0,37132193.4
2021-01-07,39215.6511490356,18594008,729176152561.7682,194835731608.80435,0.7328001869996703,39159762.26497668,1296053.0,91.0,Extreme Greed,8323.0,40515408.31
2021-01-08,40775.4045634132,18594933,758215938125.974,200154372345.12296,0.7360193023113842,32513918.62460917,1239827.0,93.0,Extreme Greed,8323.0,42451608.48
2021-01-09,40370.6823495032,18595802,750725227484.4352,203503429765.4569,0.7289242157914879,28198936.21833517,1102951.0,93.0,Extreme Greed,8323.0,43219078.3
2021-01-10,38329.3401665693,18596796,712802921616.0026,205052666099.51132,0.7123290886145157,21950668.63901543,1183262.0,94.0,Extreme Greed,8323.0,42446596.81
2021-01-11,35269.5137177089,18597758,655933900120.4911,206482207205.7284,0.6852088188035428,25352846.029648665,1211336.0,90.0,Extreme Greed,8323.0,36301699.95
2021-01-12,33712.4685452952,18598683,627007533993.7329,207324025306.0748,0.669343645704667,15580187.623908605,1213667.0,84.0,Extreme Greed,8323.0,36803782.35
2021-01-13,37296.5475277615,18599633,693702116508.9564,209035397816.92255,0.6986669164728955,15462038.164225155,1167752.0,78.0,Extreme Greed,8323.0,36344505.39
2021-01-14,39045.518340152,18600552,726268205770.2449,211174990209.2815,0.7092327758099785,15458190.634677164,1170717.0,83.0,Extreme Greed,8385.0,40263436.25
2021-01-15,36710.3174248977,18601521,682867742146.7987,212302528203.65335,0.689101541777011,18541494.20003788,1210431.0,88.0,Extreme Greed,8385.0,39695252.38
2021-01-16,36177.2610970193,18602439,672985321504.2466,212973047780.8611,0.6835398321841152,10524779.54544392,1120298.0,84.0,Extreme Greed,8385.0,38553349.02
2021-01-17,36069.939466803,18603271,671018860476.6315,213581509580.2356,0.6817056536555075,9630898.87382491,1013724.0,79.0,Extreme Greed,8385.0,37396561.41
2021-01-18,36594.2964018118,18604177,680806778244.0245,214840833954.34476,0.684431999181215,13661127.242875338,1089185.0,79.0,Extreme Greed,8385.0,37561232.18
2021-01-19,36250.1461893629,18605108,674437904624.1622,215654150317.58136,0.6802460999908406,13618599.22598137,1106821.0,80.0,Extreme Greed,8385.0,38320108.22
2021-01-20,35515.480012858,18605989,660800658682.7311,216220784112.334,0.6727896964519406,10320876.165369745,1097716.0,78.0,Extreme Greed,8385.0,36362806.67
2021-01-21,31022.9510280538,18606796,577237722492.1193,216017098530.70837,0.6257744597873928,10435011.626659837,1076271.0,75.0,Greed,8507.0,33740739.11
2021-01-22,32986.4357568673,18607677,613800951675.0779,216447068784.52765,0.6473660260808682,11546597.153409118,1104253.0,40.0,Fear,8507.0,33104127.14
2021-01-23,32036.2822723553,18608652,596152037629.8019,216707232456.61575,0.6364899911804269,6178304.197968416,1141682.0,74.0,Greed,8507.0,34056128.2
2021-01-24,32216.1042904734,18609521,599526270780.544,216910199120.90845,0.6381973406461312,5458477.5694932435,1006861.0,70.0,Greed,8507.0,34109830.81
2021-01-25,32419.7059462303,18610396,603343567320.8458,217242657357.53232,0.6399354047608381,10196018.023841057,1124380.0,74.0,Greed,8507.0,35314211.17
2021-01-26,32640.6391426067,18611402,607488066248.0293,217597243270.4028,0.6418082010823225,7744459.212363619,1187228.0,71.0,Greed,8507.0,33915730.08
2021-01-27,30358.9347235535,18612289,565049290941.3843,218640732515.59103,0.6130590091506337,38881047.32899863,1108815.0,78.0,Extreme Greed,8507.0,33167719.51
2021-01-28,33511.287595149,18613196,623752165727.9117,219923730672.9931,0.6474180888552995,13587617.637813166,1104168.0,55.0,Greed,8634.0,33694074.97
2021-01-29,34166.1494259497,18614146,635973695208.9283,221498832155.82343,0.6517169910886688,18093497.023076124,1217518.0,77.0,Extreme Greed,8634.0,36900992.13
2021-01-30,34349.9170952659,18614996,639423570873.4551,222172277596.05573,0.6525428718672859,10226701.158358771,1089067.0,76.0,Extreme Greed,8634.0,36266849.94
2021-01-31,33157.8325745178,18615896,617262764283.7751,222822915291.69965,0.6390144875331231,19193185.408500377,1080571.0,78.0,Extreme Greed,8634.0,35689346.81
2021-02-01,33570.2718468732,18616639,624965658792.4928,223297120384.83655,0.642704975476136,7478539.3011269355,985275.0,77.0,Extreme Greed,8634.0,35914683.01
2021-02-02,35596.1489094097,18617596,662714721152.0233,224502064821.12555,0.6612387537870523,8419887.562792964,1216330.0,76.0,Extreme Greed,8634.0,37123194.93
2021-02-03,37578.3732068966,18618533,699654202118.0422,225604216556.0542,0.6775489722307259,10725563.765403597,1193564.0,78.0,Extreme Greed,8634.0,39048612.49
2021-02-04,37129.2029376972,18619533,691328439596.4873,226944601163.4785,0.6717267970402883,15685555.822219048,1234340.0,80.0,Extreme Greed,8789.0,40165232.51
2021-02-05,38045.4136084161,18620589,708428040382.3221,228969665461.32635,0.6767919218192482,19844901.282529294,1262359.0,81.0,Extreme Greed,8789.0,40349785.88
2021-02-06,39341.727081239,18621583,732605257646.7385,230109471679.5663,0.6859025112395183,10045615.610160967,1163860.0,84.0,Extreme Greed,8789.0,42945632.62
2021-02-07,39003.0121817651,18622558,726335877785.1361,231265558075.5464,0.6815997045598798,26335003.616961375,1156731.0,86.0,Extreme Greed,8789.0,41850260.56
2021-02-08,46121.9340724722,18623571,858955115930.1527,234786973796.35477,0.7266597876396527,18374109.20351621,1248711.0,83.0,Extreme Greed,8789.0,42718277.62
2021-02-09,46548.1619912332,18624464,866934604276.3281,239584979389.84,0.7236412317514618,26190395.428455498,1184738.0,95.0,Extreme Greed,8789.0,50057174.93
2021-02-10,45078.128350263,18625358,839596303059.8687,242098304733.9134,0.711649153466258,16654543.467036797,1189875.0,92.0,Extreme Greed,8789.0,49658510.16
2021-02-11,47892.8409181765,18626164,892059947441.2838,244691363284.23215,0.7257007626156896,13559891.19133118,1067369.0,93.0,Extreme Greed,8929.0,49724012.32
2021-02-12,47525.2091431911,18627052,885254556039.6527,246841497018.7316,0.7211632571279589,15281930.754190112,1153262.0,92.0,Extreme Greed,8929.0,51222047.14
2021-02-13,47208.6250270602,18628033,879403850616.0331,247903712681.0683,0.7181002647334229,7545379.542702831,1224608.0,92.0,Extreme Greed,8929.0,50671159.83
2021-02-14,48829.8275096435,18628958,909648832435.2313,248896320089.9904,0.7263819715750449,10319952.164087528,1118976.0,95.0,Extreme Greed,8929.0,52466458.95
2021-02-15,48110.2417334892,18629908,896289403571.349,251681683222.65143,0.7191959625765938,14239171.14804715,1146720.0,93.0,Extreme Greed,8929.0,51856678.87
2021-02-16,49140.3826578024,18630664,915517997194.1207,253428275645.9414,0.7231859161451241,15603352.104282552,996113.0,95.0,Extreme Greed,8929.0,53156526.35
2021-02-17,52224.9391139684,18631527,973030378580.0988,256459644423.3433,0.7364320271299404,16242962.901261048,1142720.0,95.0,Extreme Greed,8929.0,55652562.15
2021-02-18,51650.0699485681,18632383,962363913406.2994,259426082528.37265,0.7304282933779896,20753655.60493444,1142942.0,91.0,Extreme Greed,9139.0,56526842.46
2021-02-19,55820.5044038574,18633339,1040122426083.7478,264889876539.84543,0.7453281749368634,23361280.50401907,1251430.0,93.0,Extreme Greed,9139.0,57501189.37
2021-02-20,55861.8205670953,18634252,1040943258103.6516,268383808521.0493,0.742172489776263,20950199.028776016,1194605.0,91.0,Extreme Greed,9139.0,61259004.5
2021-02-21,57500.7161102864,18635133,1071533523646.6501,270709544060.23328,0.7473625060847815,14319959.034951752,1046683.0,91.0,Extreme Greed,9139.0,62463848.19
2021-02-22,53952.1533386324,18635964,1005450430231.6283,272621014201.89563,0.7288568327141784,15012155.49156585,1099130.0,94.0,Extreme Greed,9139.0,59834469.67
2021-02-23,48560.4890350672,18636758,905010108972.2572,275107766258.7566,0.6960169134782671,33724880.869304135,1062759.0,94.0,Extreme Greed,9139.0,52736650.98
2021-02-24,49567.3456890707,18637752,923823910872.0963,277423903718.34106,0.6997004510778998,31537871.139695793,1242369.0,76.0,Extreme Greed,9139.0,54517879.45
2021-02-25,47568.131170076,18638727,886609424810.4543,278669261283.77216,0.6856910681461027,18223878.184775487,1220361.0,79.0,Extreme Greed,9191.0,55027064.23
2021-02-26,46231.7675784921,18639596,861741472108.078,281034552285.59094,0.6738760273448414,20296347.194494553,1125630.0,55.0,Greed,9191.0,50949896.98
2021-02-27,45834.5133611923,18640577,854381789086.6843,280513800747.5283,0.6716762876612907,10253283.20486657,1206180.0,56.0,Greed,9191.0,51720398.48
2021-02-28,45359.4641642314,18641396,845563735873.1052,280982993359.76697,0.6676974408444423,10804508.816936214,1033360.0,55.0,Greed,9191.0,49475828.9
2021-03-01,49634.4471092928,18642208,925295714025.7673,282662281895.8692,0.6945168148828174,8239012.6432452155,1089780.0,38.0,Fear,9191.0,52870455.45
2021-03-02,48304.7054879018,18643102,900549565739.3984,283991801462.188,0.6846461180301433,18218681.338824388,1135141.0,78.0,Extreme Greed,9191.0,53844333.59
2021-03-03,50690.4671835184,18644052,945075721026.0262,285185975473.8228,0.6982400784095805,7898349.392577719,1186314.0,78.0,Extreme Greed,9191.0,56345381.94
2021-03-04,48472.7954751607,18644852,903768111958.708,285791723323.98206,0.6837775978789573,10276198.255184716,1046926.0,84.0,Extreme Greed,9350.0,55020701.53
2021-03-05,48800.8173594389,18645783,909929477301.759,286914166513.02576,0.6846852710346071,16751602.066051343,1169154.0,77.0,Extreme Greed,9350.0,52998016.16
2021-03-06,48970.5244868498,18646733,913140321663.7639,287485836099.2898,0.6851679536224141,6867784.788322883,1133078.0,77.0,Extreme Greed,9350.0,54211641.51
2021-03-07,51086.4681794272,18647646,952642376297.6304,288172762852.4265,0.6975016333281464,4761500.251472492,1050974.0,76.0,Extreme Greed,9350.0,56452213.91
2021-03-08,52088.475131502,18648614,971377907984.805,289935887491.4562,0.7015210196689057,22537883.531493355,1174992.0,81.0,Extreme Greed,9350.0,57341775.64
2021-03-09,54739.1352542373,18649489,1020856944309.4336,291735738685.3472,0.7142246616320037,9557054.417110112,1091868.0,81.0,Extreme Greed,9350.0,61156603.11
2021-03-10,56116.040912332,18650421,1046587790391.8081,293674153016.3781,0.7193984530371444,9939443.696280623,1183241.0,68.0,Greed,9350.0,63503179.65
2021-03-11,57847.2549357101,18651246,1078923384832.0898,297054332605.3599,0.7246752301586367,38460813.19447079,1086818.0,73.0,Greed,9466.0,63952077.5
2021-03-12,57334.641534775,18652183,1069416257391.7388,299476064773.107,0.7199630520827162,17501960.907591518,1189158.0,70.0,Greed,9466.0,64642309.2
2021-03-13,61288.7941276447,18653077,1143224614178.5188,301649457997.53577,0.7361415646090769,10363885.675940104,1115018.0,74.0,Greed,9466.0,67826512.27
2021-03-14,59905.6184704851,18654058,1117482914121.1226,303251741224.3957,0.7286296395297488,19336030.845364153,1167865.0,78.0,Extreme Greed,9466.0,68883415.04
2021-03-15,56121.121924021,18654983,1046938606017.9207,304054091037.5022,0.7095779167089978,10852769.501011837,1171129.0,76.0,Extreme Greed,9466.0,64926229.44
2021-03-16,56500.4460257159,18655914,1054067506933.6115,306194545810.70544,0.7095114460918578,16876720.419792436,1167303.0,71.0,Greed,9466.0,63819547.52
2021-03-17,58683.0659824664,18656764,1094836159482.6371,308080912966.65125,0.7186054641159876,13892349.278067106,1126916.0,71.0,Greed,9466.0,64223739.77
2021-03-18,57731.4798410871,18657714,1077137485566.6185,308930805922.9118,0.713192781736306,7028140.020094891,1215735.0,72.0,Greed,9726.0,67135482.46
2021-03-19,58168.1219222677,18658639,1085338034497.5469,309805351265.5575,0.7145540454509357,6618247.76227263,1167781.0,71.0,Greed,9726.0,67233202.65
2021-03-20,58247.8847066043,18659602,1086882363148.5575,310791621314.11035,0.7140521993440143,13304866.383942124,1141770.0,75.0,Greed,9726.0,67873203.04
2021-03-21,57447.9330198714,18660577,1072011594553.6248,311622066115.7805,0.7093109181850435,7197562.9795602225,1106158.0,73.0,Greed,9726.0,66465101.89
2021-03-22,54453.1373508475,18661521,1016178368637.5348,312596301198.03894,0.6923804807839397,13892430.916641321,1151616.0,70.0,Greed,9726.0,66698533.07
2021-03-23,54563.6119458211,18662527,1018294897251.0898,314594502886.12537,0.6910575671788395,21555112.3065464,1241595.0,66.0,Greed,9726.0,63849640.15
2021-03-24,52595.4113237873,18663477,981613265061.1628,315579526384.6276,0.6785093095039171,10805669.938663974,1163147.0,65.0,Greed,9726.0,64846617.75
2021-03-25,51547.1248953828,18664439,962098209213.7211,316879642406.1132,0.6706369065325624,24362907.713178284,1212524.0,60.0,Greed,10105.0,61345831.68
2021-03-26,54817.8571122151,18665289,1023191188938.8047,318309517084.46674,0.6889051425329422,11430054.12124245,1098755.0,54.0,Neutral,10105.0,62019794.44
2021-03-27,56019.8373055523,18666283,1045682167288.5812,319921543279.6062,0.6940547010482621,12646520.25017162,1154919.0,65.0,Greed,10105.0,64156603.44
2021-03-28,55713.0381396844,18667277,1040010731898.7817,320575197679.4304,0.6917577984083436,7867998.341272756,1076860.0,74.0,Greed,10105.0,65438300.66
2021-03-29,57571.2333477498,18668221,1074752509967.3967,322011508308.89075,0.7003854326251733,7092362.203568209,1120832.0,72.0,Greed,10105.0,67582929.69
2021-03-30,58684.5483921683,18669133,1095589670959.7007,323612143203.9932,0.7046228603811867,11109935.648951843,1156124.0,72.0,Greed,10105.0,69049971.25
2021-03-31,58792.1948275862,18670114,1097657026479.3323,325218071449.8025,0.703716130262547,14882789.430997143,1250492.0,76.0,Extreme Greed,10105.0,69006305.86
2021-04-01,58818.9770985973,18671021,1098210359251.5751,327283320122.5736,0.7019848543901775,27904673.27357371,1142129.0,74.0,Greed,10320.0,69126874.77
2021-04-02,59031.5340192285,18671896,1102230666582.2012,328639507372.3341,0.7018414408742771,21413273.256068945,1111019.0,74.0,Greed,10320.0,69887318.0
2021-04-03,57282.3896247808,18672714,1069617724237.9354,328913726141.3165,0.6924941325409918,4616910.515749667,1030472.0,73.0,Greed,10320.0,70185427.69
2021-04-04,58202.199391993,18673627,1086846179193.6627,329554441554.0192,0.6967791322609079,5596357.935789656,1043043.0,74.0,Greed,10320.0,68811983.15
2021-04-05,58755.8525295149,18674602,1097242178490.6542,330520194502.0952,0.6987718837451613,8096748.508213589,1228669.0,71.0,Greed,10320.0,69761587.0
2021-04-06,58084.0664231444,18675502,1084749115786.679,335959552603.442,0.6902882447986157,38365982.708831884,1196415.0,75.0,Greed,10320.0,69964240.05
2021-04-07,56266.8346762127,18676483,1050866611957.8878,336639299589.8959,0.6796555378587037,8844509.58179598,1248816.0,72.0,Greed,10320.0,68108200.03
2021-04-08,57963.3445994155,18677321,1082599995923.5669,337704283736.1137,0.6880618095254859,9672087.287077686,1099579.0,73.0,Greed,10526.0,68775492.9
2021-04-09,58051.7625563998,18678271,1084306555666.7317,338490902273.83563,0.6878273026158177,10577411.221385898,1230359.0,70.0,Greed,10526.0,70091311.91
2021-04-10,59651.5589877265,18679252,1114246520120.0857,339561959964.74176,0.695254188518223,10666077.272747375,1167268.0,70.0,Greed,10526.0,72930850.97
2021-04-11,59932.9306469901,18680158,1119556646550.524,340886520080.8593,0.69551650545672,15552582.44484541,1056341.0,76.0,Extreme Greed,10526.0,72801996.66
2021-04-12,59905.9363744594,18681058,1119106304602.5813,342485959299.8929,0.6939647664468149,18725902.570780586,1131851.0,74.0,Greed,10526.0,72744357.59
2021-04-13,63445.638314436,18681946,1185287991779.0356,345139779637.77856,0.7088135693336878,15074518.165097758,1178677.0,74.0,Greed,10526.0,76154358.6
2021-04-14,62869.4955873758,18682789,1174577570574.7964,347955496564.3596,0.7037611603684186,34269223.64899108,1155927.0,75.0,Greed,10526.0,76911439.87
2021-04-15,63231.162987142,18683864,1181402500080.5332,350186950756.8311,0.7035837060333293,25474824.691183783,1368446.0,79.0,Extreme Greed,10680.0,76272619.5
2021-04-16,61571.1100905903,18684508,1150425932610.9822,351148612248.5767,0.6947664318974301,7157517.765603888,938241.0,78.0,Extreme Greed,10680.0,74756908.45
2021-04-17,60280.8761758036,18685077,1126352830753.4636,351974820908.99146,0.6875092677011865,9776674.351636592,842490.0,76.0,Extreme Greed,10680.0,74362095.97
2021-04-18,56389.5579812975,18685852,1053686951417.2258,356044112361.9404,0.6620968762277493,32841887.165329937,1052011.0,79.0,Extreme Greed,10680.0,67593722.6
2021-04-19,55798.1370771479,18686458,1042669575378.7312,356160144507.86414,0.6584151365704756,5291966.731688368,890831.0,74.0,Greed,10680.0,68417660.89
2021-04-20,56474.3737586207,18687258,1055351223592.6683,357131539535.37067,0.661599350480109,14406186.473185228,1126096.0,73.0,Greed,10680.0,67122985.72
2021-04-21,54025.7995745178,18687889,1009628188533.7776,357198254159.244,0.6462081207558382,7945274.185879569,925510.0,73.0,Greed,10680.0,67087958.47
2021-04-22,51882.0598106371,18688783,969612585668.2339,357859790652.4269,0.6309249736008754,12998066.17199509,1124382.0,65.0,Greed,10722.0,65470945.02
2021-04-23,50954.9100607832,18689627,952328277884.8041,358155873172.83075,0.6239155326057071,17544709.746405106,1121883.0,55.0,Greed,10722.0,60341092.89
2021-04-24,50279.9484464056,18690533,939759063076.9543,358807393086.77783,0.618192143939562,22047196.75150267,1129986.0,37.0,Fear,10722.0,60406286.69
2021-04-25,48946.9407428404,18691414,914887572369.294,358801317919.9618,0.6078192241798954,13811260.306565456,1033232.0,31.0,Fear,10722.0,60461702.82
2021-04-26,53943.3499783752,18692127,1008315964512.9581,360195176574.3043,0.6427754897758783,13001892.299714219,948651.0,27.0,Fear,10722.0,64875143.49
2021-04-27,55027.0309848042,18693014,1028621104322.2704,361881683696.9289,0.6481875763813318,25338754.907050416,1097462.0,50.0,Neutral,10722.0,66696202.36
2021-04-28,54787.3787071888,18693902,1024189904549.7598,362569734388.0894,0.6459936455363937,10893989.85890656,1121374.0,59.0,Greed,10722.0,67216232.11
2021-04-29,53567.0811938048,18694664,1001418626963.1736,363833066986.2691,0.6366823452349776,15839910.094551161,997879.0,52.0,Neutral,10839.0,66322309.2
2021-04-30,57741.44441654,18695571,1079509276328.6653,365870413893.61865,0.6610771005711799,20385151.03910578,1119853.0,51.0,Neutral,10839.0,67334865.2
2021-05-01,57863.5903927528,18696439,1081843134098.9626,366500284774.0927,0.6612260380250592,6136841.24679159,1051918.0,68.0,Greed,10839.0,71180956.85
2021-05-02,56572.5968410286,18697596,1057771562948.553,367025436190.12463,0.653020133036063,7084905.943963336,1248564.0,66.0,Greed,10839.0,70328836.01
2021-05-03,57243.0416054939,18698702,1070370593439.7668,367999905345.8412,0.656193931708056,12181889.569460168,1271245.0,61.0,Greed,10839.0,72334353.94
2021-05-04,53724.10892519,18699833,1004631894252.9417,368452431459.0607,0.633246332744545,12300968.203161974,1295538.0,68.0,Greed,10839.0,69327530.67
2021-05-05,57342.0256616014,18700814,1072342601866.08,369723566172.82446,0.6552188027133911,10001506.146937694,1216039.0,48.0,Neutral,10839.0,69869464.36
2021-05-06,56527.3529789597,18701877,1057167619222.0155,370940716797.0261,0.6491183516668751,10390745.190944787,1242449.0,65.0,Greed,11061.0,71848377.56
2021-05-07,57341.0684549386,18702952,1072447267855.3807,373569917833.79626,0.6516659335793356,25007674.75400341,1195691.0,64.0,Greed,11061.0,72050361.57
2021-05-08,58736.1258950906,18704021,1098601734841.8383,374508793238.10114,0.6591041308595622,7185174.051994297,1177649.0,67.0,Greed,11061.0,74484184.02
2021-05-09,58288.4256303916,18705183,1090295699963.8644,375399919862.91394,0.6556898097687115,10328994.59358632,1241590.0,73.0,Greed,11061.0,73714558.45
2021-05-10,55902.9277399182,18706308,1045737414870.126,375958931632.4813,0.6404843832816548,10902709.981404558,1317511.0,72.0,Greed,11061.0,74310997.5
2021-05-11,56612.1026487434,18707383,1059064317537.3091,376567132880.3212,0.6444341229851175,9794079.375103712,1250432.0,61.0,Greed,11061.0,71894305.19
2021-05-12,50972.355081239,18708458,953614191976.8997,377213913009.6544,0.6044376057075375,20157437.428233527,1266736.0,68.0,Greed,11061.0,73572411.24
2021-05-13,49368.6144739918,18709464,923660354477.6433,377230935133.1278,0.5915912886112095,20711020.37956524,1192797.0,31.0,Fear,11277.0,65388923.53
2021-05-14,49997.3959011105,18710302,935466391271.1195,377363950252.2265,0.5966034121873035,10729036.292995658,1072618.0,26.0,Fear,11277.0,66313643.01
2021-05-15,47047.9633331385,18711071,880317784447.5431,377235595275.6585,0.5714779345138432,7861764.903992814,963561.0,27.0,Fear,11277.0,64518178.93
2021-05-16,46022.5037090006,18711896,861168305132.1096,377141707837.69366,0.5620580720515053,9565411.34253114,979402.0,20.0,Extreme Fear,11277.0,64112859.23
2021-05-17,43492.3954833431,18712652,813858074155.1648,376117641199.0048,0.5378584385374092,9851120.573384266,965712.0,27.0,Fear,11277.0,59359490.1
2021-05-18,42789.8093921683,18713277,800737568554.5983,375714077630.4331,0.530789996142394,13284815.368933586,857995.0,21.0,Extreme Fear,11277.0,59433017.02
2021-05-19,37642.5200017534,18714058,704444323093.0535,373017808874.522,0.47047935990642054,30404267.727478128,1027972.0,23.0,Extreme Fear,11277.0,52647669.92
2021-05-20,40799.4021475745,18714758,763550959971.0265,372137032484.1054,0.5126231882437468,18868844.930487517,945687.0,11.0,Extreme Fear,11400.0,53411271.97
2021-05-21,37174.3311014027,18715446,695734187986.1881,371273846779.131,0.4663567592476833,14053664.484033894,950130.0,19.0,Extreme Fear,11400.0,53361154.32
2021-05-22,37643.4197983635,18716171,704540683663.8175,370519737570.6521,0.4740974564536981,5966285.975024202,920093.0,12.0,Extreme Fear,11400.0,50557153.2
2021-05-23,34774.207221917,18716914,650865873635.2843,370087772622.9785,0.4313916467060633,13912925.56812458,966136.0,14.0,Extreme Fear,11400.0,46934700.28
2021-05-24,38630.4091186441,18717702,723072497415.7118,371097807910.59216,0.4867764861242688,27872494.71859201,974827.0,10.0,Extreme Fear,11400.0,50601501.23
2021-05-25,38269.7710747516,18718471,716351601760.405,370558891172.2015,0.4827136698493198,10202800.632951815,975713.0,22.0,Extreme Fear,11400.0,51736340.29
2021-05-26,39194.8588980129,18719233,733697717474.0865,370802729278.76855,0.4946110360608217,10247273.186047534,942876.0,22.0,Extreme Fear,11400.0,53591611.18
2021-05-27,38510.8570417884,18719964,720921888046.4382,370426866182.0688,0.4861761415153375,4710572.269420767,865306.0,27.0,Fear,11554.0,53171427.22
2021-05-28,35596.7179510228,18720708,666395781918.6337,369696995700.4342,0.44522908798127137,5215410.351358014,971083.0,21.0,Extreme Fear,11554.0,50577863.31
2021-05-29,34681.8183670368,18721433,649293357777.2327,369291233301.7163,0.4312413196926355,3099225.8783809026,873487.0,18.0,Extreme Fear,11554.0,48503827.59
2021-05-30,35652.1687703098,18722333,667491795319.3372,369648472806.6334,0.4462127094314492,21859400.919608854,997986.0,10.0,Extreme Fear,11554.0,49547288.3
2021-05-31,37312.9748970193,18723214,698618843636.2518,369749708605.0781,0.47074186164151793,3672223.265384588,983731.0,18.0,Extreme Fear,11554.0,51474255.5
2021-06-01,36661.3781184687,18724102,686451394164.818,370065231327.3881,0.46090104197743836,25156036.79457287,921570.0,20.0,Extreme Fear,11554.0,51313629.15
2021-06-02,37639.4556732905,18725139,704804069288.9773,370077136503.9364,0.4749219639476843,8294006.345897092,1088205.0,23.0,Extreme Fear,11554.0,52714972.01
2021-06-03,39160.1504132086,18726058,733315269267.6129,370537053663.68567,0.4947097528273839,17189722.195879374,1021655.0,24.0,Extreme Fear,11711.0,55035560.67
2021-06-04,36884.3735551724,18726877,690729137669.5853,370002544737.05725,0.464330481286211,4945955.609144625,921893.0,27.0,Fear,11711.0,52873734.51
2021-06-05,35409.5672366452,18727696,663139612291.8535,369701867790.0216,0.4424976868561539,3252891.910375776,779545.0,24.0,Extreme Fear,11711.0,52135081.21
2021-06-06,35720.6043546464,18728633,668998108963.0663,369551591101.9548,0.44760443093814967,4774001.0822065575,724487.0,17.0,Extreme Fear,11711.0,52092496.93
2021-06-07,33724.9077517826,18729464,631649472450.6554,368872242035.1412,0.41601749368363866,8324554.083206619,912803.0,15.0,Extreme Fear,11711.0,52637799.55
2021-06-08,33475.0489234366,18730396,627000923960.7463,367922365849.9191,0.41320283305841976,11720638.0201181,1008752.0,13.0,Extreme Fear,11711.0,48264887.55
2021-06-09,37372.9888953828,18731183,700040314623.5767,368780184182.6537,0.4732015050005328,7875988.92500588,820199.0,14.0,Extreme Fear,11711.0,51334737.29
2021-06-10,36826.0022185856,18731921,689821765960.4708,368685689471.3936,0.46553485601015293,10328717.873353284,945059.0,21.0,Extreme Fear,11880.0,54176716.44
2021-06-11,37185.3931268264,18732577,696578250992.1573,368898123430.4879,0.4704139514762983,12772275.571400031,889354.0,21.0,Extreme Fear,11880.0,54439828.81
2021-06-12,35669.1712817066,18733402,668204935148.4347,368675668400.308,0.44825958473591554,2392992.266661161,1013406.0,28.0,Fear,11880.0,52400982.21
2021-06-13,38925.4194289889,18734227,729237655134.7567,369030108617.29535,0.4939508320519984,4426554.536368379,806068.0,23.0,Extreme Fear,11880.0,53261804.68
2021-06-14,40455.5959833431,18735071,757938464914.5747,369768357514.5199,0.5121393429264794,6524453.2511822125,954993.0,28.0,Fear,11880.0,59881056.33
2021-06-15,40254.6514679135,18735889,754206713637.7933,370103321224.2191,0.5092813223060745,7482197.452764913,988544.0,38.0,Fear,11880.0,61274458.77
2021-06-16,38265.5437726476,18736658,716968427705.7379,369995589239.5183,0.48394437615128305,4973972.638256806,956254.0,33.0,Fear,11880.0,60093931.29
2021-06-17,38018.6432346581,18737471,712373226778.4872,369609756079.47473,0.4811571488292259,4913293.392806303,873122.0,26.0,Fear,12128.0,59937233.1
2021-06-18,35714.3120787259,18738246,669223567058.0442,369266082916.3648,0.448217156279051,4682765.914969896,824332.0,25.0,Extreme Fear,12128.0,58145545.08
2021-06-19,35555.9763966686,18738889,666279523249.7616,369140395825.5763,0.4459676713084273,2363422.0141959093,699557.0,23.0,Extreme Fear,12128.0,56688154.15
2021-06-20,35599.9418784337,18739546,667126750029.1984,369121546576.0711,0.4466995266492977,3270261.7434444195,656233.0,21.0,Extreme Fear,12128.0,56411017.69
2021-06-21,31715.1598624196,18740202,594348511639.0867,367991630024.4137,0.38084873972415423,7587521.427167445,827011.0,23.0,Extreme Fear,12128.0,52404398.85
2021-06-22,32394.5555949737,18740771,607098949508.9851,367660664851.72125,0.3943974616508872,7685325.388218514,776294.0,10.0,Extreme Fear,12128.0,52121807.17
2021-06-23,33610.4968129749,18741402,629907842105.802,367619630646.2477,0.4163914051025567,13211366.876100687,855574.0,14.0,Extreme Fear,12128.0,54400616.45
2021-06-24,34658.972875979,18742058,649580498750.1589,367736346970.7298,0.4338864118022604,9583683.071168259,861032.0,22.0,Extreme Fear,12326.0,54650771.52
2021-06-25,31683.5032004676,18742746,593835854301.3888,364172124447.9913,0.38674614910812805,20380541.130127124,867884.0,27.0,Fear,12326.0,54094094.88
2021-06-26,31890.6764465225,18743302,597736589028.2815,363847674570.7434,0.39129094445726126,2740513.6650750977,721267.0,20.0,Extreme Fear,12326.0,51600645.46
2021-06-27,34506.4911975453,18743664,646778104257.4052,364207749902.3771,0.4368891780581529,4181833.4699652693,507420.0,22.0,Extreme Fear,12326.0,54334716.19
2021-06-28,34376.188538983,18744214,644354661807.1162,364168529294.8684,0.4348321648305539,4954336.080629628,789303.0,25.0,Extreme Fear,12326.0,56543095.2
2021-06-29,35933.7782178843,18744777,673570670061.1196,364291676003.01575,0.4591633926549088,3834188.4216275094,802066.0,25.0,Extreme Fear,12326.0,59036799.18
2021-06-30,35065.4661533606,18745327,657313639795.4707,364101147351.9651,0.4460769938301317,4366948.504463863,776819.0,28.0,Fear,12326.0,57547390.17
2021-07-01,33505.0804935126,18745927,628083802943.5369,363661234759.293,0.4209988650320517,6143873.098067413,832632.0,28.0,Fear,12502.0,55518239.29
2021-07-02,33782.9459464641,18746489,633311651429.4447,362760578684.68005,0.4272005293667109,10108621.381302468,811148.0,21.0,Extreme Fear,12502.0,55257134.36
2021-07-03,34588.2242916423,18747283,648435248112.4705,362839855346.3784,0.4404377979103255,2490923.975242227,1025375.0,24.0,Extreme Fear,12502.0,57277809.35
2021-07-04,35355.6078883694,18748002,662847017831.2428,362963316835.8611,0.4524176664120264,3814875.8027942963,853747.0,27.0,Fear,12502.0,59062430.33
2021-07-05,33911.7538404442,18748827,635805616024.0565,362867228549.3714,0.42927961093120975,5015331.18820025,927317.0,29.0,Fear,12502.0,57399747.59
2021-07-06,34123.9815680888,18749714,639814922070.5109,362840548023.3437,0.43289764663638647,4143638.977606958,844033.0,20.0,Extreme Fear,12502.0,57668446.41
2021-07-07,33931.6186382233,18750483,636234256930.2358,362823929074.3583,0.42973216999514297,6675716.621403368,817307.0,28.0,Fear,12502.0,59417805.34
2021-07-08,32819.6595312098,18751352,615412998070.7164,362473907236.6932,0.41100706619290206,4660958.533784369,808255.0,20.0,Extreme Fear,12680.0,57077370.16
2021-07-09,33914.8810742256,18752171,635977650873.7269,362613646033.6058,0.429832722053306,6337489.851623655,850025.0,20.0,Extreme Fear,12680.0,58487249.37
2021-07-10,33610.9458386908,18753177,630312026364.635,362596198976.8191,0.4247353948359261,2237596.896852408,708566.0,20.0,Extreme Fear,12680.0,59776048.3
2021-07-11,34258.4413898305,18753958,642481389640.1985,362669951853.7675,0.4355167983046646,3120797.566946236,719771.0,20.0,Extreme Fear,12680.0,60511545.92
2021-07-12,33135.2359117475,18754746,621442934665.0261,362781180695.9452,0.4162276848613724,13277421.635728182,827848.0,25.0,Extreme Fear,12680.0,60509200.02
2021-07-13,32641.9759610169,18755596,612219715234.4857,362570975514.77576,0.4077763807787409,4000011.4325074637,819407.0,20.0,Extreme Fear,12680.0,59537275.41
2021-07-14,32798.2845189947,18756658,615186223583.5906,362355751967.67737,0.4109820115007159,5328946.8964992855,827363.0,21.0,Extreme Fear,12680.0,59425506.01
2021-07-15,31707.6900368206,18757458,594755681422.4512,361887762970.4013,0.3915354249245839,6736946.554119298,838712.0,20.0,Extreme Fear,12920.0,58802858.88
2021-07-16,31455.7175818819,18758396,590058808279.6969,361557739782.53,0.38725134730783284,5739729.224141373,772857.0,22.0,Extreme Fear,12920.0,59051438.47
2021-07-17,31547.9511990064,18759289,591817158979.7626,363030443904.4776,0.3865834432203552,79413210.18694825,650789.0,15.0,Extreme Fear,12920.0,59033366.42
2021-07-18,31707.7038527177,18760189,594842542239.716,362913486183.3929,0.3898999139891004,3252060.7426508884,645621.0,19.0,Extreme Fear,12920.0,59581047.72
2021-07-19,30883.4697462303,18761252,579412567653.1294,362732870495.0549,0.3739644413232538,5862209.954115495,851090.0,24.0,Extreme Fear,12920.0,58902209.19
2021-07-20,29766.6577182934,18762014,558482472507.4573,362554234447.3367,0.35082253733129365,9457631.515059322,829640.0,19.0,Extreme Fear,12920.0,56417447.02
2021-07-21,32119.6572258328,18762921,602658592519.8318,362733148808.9134,0.39811171148783236,5717724.468764154,817039.0,10.0,Extreme Fear,12920.0,60330127.19
2021-07-22,32306.9614285798,18763877,606203860019.2311,362948355681.7384,0.40127673276408315,6032677.287060414,808783.0,21.0,Extreme Fear,13279.0,62545738.08
2021-07-23,33439.5957028638,18764721,627484685220.8489,362275104825.5032,0.4226550649630641,6107250.624304145,802669.0,23.0,Extreme Fear,13279.0,64026982.66
2021-07-24,34166.914654588,18765683,641165508116.0292,362391185920.6188,0.4347930739670446,2068275.5348034755,726859.0,22.0,Extreme Fear,13279.0,67102921.02
2021-07-25,35119.9374360023,18766639,659083215483.3711,362502849737.4216,0.44998925595220585,3028741.1336931083,655411.0,27.0,Fear,13279.0,68369777.87
2021-07-26,37444.7825102279,18767577,702747850054.0789,364094082630.7024,0.48189940018644795,23001861.19925489,944622.0,26.0,Fear,13279.0,76749615.37
2021-07-27,39126.5402881356,18768639,734351941091.4363,366942078894.4869,0.500318500759845,22840512.972772617,920516.0,32.0,Fear,13279.0,76291993.69
2021-07-28,39939.1940432495,18769621,749643537033.3546,368708931151.1339,0.5081543254407747,34665459.2674306,864677.0,50.0,Neutral,13279.0,81192705.66
2021-07-29,40086.1643950906,18770621,752442201006.6532,373090434671.846,0.5041606728427676,148348108.7638413,890174.0,50.0,Neutral,13609.0,81858763.67
2021-07-30,41789.6670981882,18771658,784461361475.1963,373810727524.48303,0.5234810203761674,5367744.1201192,856799.0,53.0,Neutral,13609.0,81940599.86
2021-07-31,41793.3137481005,18772646,784571086039.5093,374057537872.0069,0.5232330829826551,3769216.281570374,739487.0,60.0,Greed,13609.0,87167623.77
2021-08-01,39968.9689544126,18773608,750361777096.2394,374024371688.146,0.5015412790140367,2677713.0425580665,687296.0,60.0,Greed,13609.0,87563700.92
2021-08-02,39304.1862835769,18774502,737916535582.9806,374135756426.0796,0.49298363922621835,4406173.022920336,915861.0,48.0,Neutral,13609.0,84556783.65
2021-08-03,38288.8253975453,18775558,718894082869.7827,373987126835.8128,0.4797743704568018,3818876.455741643,830522.0,48.0,Neutral,13609.0,82696942.75
2021-08-04,39773.9113489188,18776408,746811208918.7565,374329251359.837,0.498763212322702,3527682.2438939083,852596.0,42.0,Fear,13609.0,83123102.84
2021-08-05,40941.650434249,18777408,768778096709.2811,374713606695.8288,0.512585480387939,3595915.9180229083,853896.0,50.0,Neutral,13817.0,85563664.79
2021-08-06,42790.3573284629,18778402,803534544259.4352,375453486049.7879,0.532747548027548,7967099.998410269,905784.0,52.0,Neutral,13817.0,89491741.87
2021-08-07,44484.9005862069,18779446,835401790374.5696,375950425200.1703,0.5499765148556778,3975643.353865358,747232.0,69.0,Greed,13817.0,95863866.28
2021-08-08,43972.3010181181,18780433,825818877090.2258,376211361245.33374,0.544438409338722,6134665.140308309,730501.0,74.0,Greed,13817.0,98044244.89
2021-08-09,46265.6424564582,18781383,868932775929.2338,377314666398.79706,0.565772316511714,5786746.910556748,929037.0,65.0,Greed,13817.0,101316776.9
2021-08-10,45488.7912624196,18782414,854389346012.6157,377913003882.2546,0.5576805754355996,4042617.7486645626,895481.0,71.0,Greed,13817.0,101865121.6
2021-08-11,45676.3263611923,18783333,857953673151.2247,378364811405.60767,0.5589915595140574,6165325.436571717,873973.0,70.0,Greed,13817.0,103690922.7
2021-08-12,44405.7483483343,18784277,834129890465.8102,378641781059.9904,0.5460637661017731,4490274.644452121,849472.0,70.0,Greed,14152.0,101688943.2
2021-08-13,47717.4853559322,18785164,896380826012.7998,379512138604.0224,0.5766172952492369,4828408.87472558,937240.0,70.0,Greed,14152.0,105680008.5
2021-08-14,47124.2050736411,18786189,885284260450.555,380410366237.54736,0.5702957984998605,14415965.568273919,728142.0,76.0,Extreme Greed,14152.0,107486556.5
2021-08-15,47074.370710111,18787327,884401609735.6498,380659739458.6176,0.5695849767026114,2507175.6051133494,766287.0,71.0,Greed,14152.0,105974396.3
2021-08-16,45984.7199070719,18788333,863976255586.1328,381009085634.4412,0.559005142593925,4774208.180535739,966005.0,72.0,Greed,14152.0,108279143.0
2021-08-17,44714.0967982466,18789408,840151432461.6333,381173115437.90393,0.546304272408283,5408980.85572826,969683.0,72.0,Greed,14152.0,106029378.5
2021-08-18,44954.3637469316,18790252,844703836564.7408,381681017617.7173,0.5481481187892485,8910941.993310455,881953.0,73.0,Greed,14152.0,104136393.4
2021-08-19,46646.8615049679,18791214,876551194051.1141,382348223368.6389,0.5638038873673098,5383557.123471197,895387.0,70.0,Greed,14585.0,103910956.2
2021-08-20,49240.8356049094,18792214,925344359371.3113,383323350635.9603,0.5857505946257734,4843103.721774914,986387.0,70.0,Greed,14585.0,109421599.7
2021-08-21,49070.2409701929,18793277,922190645483.88,383827712326.384,0.5837870247263386,6466397.984248966,804867.0,78.0,Extreme Greed,14585.0,113433909.3
2021-08-22,49363.3160952659,18794302,927749084976.6328,384264347281.95807,0.5858100498243698,4516092.325888034,723244.0,76.0,Extreme Greed,14585.0,113709962.9
2021-08-23,49590.8763676213,18795533,932086980292.1337,385260760041.8128,0.5866686605566952,10983782.40532311,981751.0,79.0,Extreme Greed,14585.0,116421572.2
2021-08-24,47925.8622127411,18796496,900838279533.6112,385415677847.1304,0.5721588584727209,4116502.8877881314,955195.0,79.0,Extreme Greed,14585.0,114735021.9
2021-08-25,49002.3166049094,18797496,921120852575.1992,387289112102.1571,0.5795458207037613,30598759.85844033,869276.0,73.0,Greed,14585.0,113780646.3
2021-08-26,47190.3449929866,18798408,887103384556.2867,387770266270.24817,0.5628804116622732,12677637.409397023,846619.0,75.0,Greed,14991.0,111495783.3
2021-08-27,49048.4755891292,18799321,922078039366.4609,388325273374.94666,0.5788585599091415,4035368.249041657,864276.0,71.0,Greed,14991.0,112584041.0
2021-08-28,48852.4687995324,18800202,918436296039.9662,388633314257.18896,0.5768532712253813,3929975.871581277,756329.0,78.0,Extreme Greed,14991.0,116269909.6
2021-08-29,48948.3479579193,18801177,920286568252.7705,388864663590.6207,0.5774526359447928,3159162.940120268,683623.0,72.0,Greed,14991.0,115689609.9
2021-08-30,47125.7685189947,18802021,886059691454.5682,389084903646.4487,0.560881837421448,7095009.531519356,919074.0,73.0,Greed,14991.0,114427005.7
2021-08-31,47219.2443424898,18802921,887859723175.0273,389518326590.4351,0.5612839321086673,8125086.800586215,935961.0,73.0,Greed,14991.0,111290031.5
2021-09-01,48688.5375572764,18803777,915528417044.8549,390260205224.9125,0.5737322862302894,6794094.257678303,970433.0,71.0,Greed,14991.0,111927254.2
2021-09-02,49369.5862746932,18804708,928380680881.4043,390991009844.5093,0.5788462449764653,5760782.95110499,1027565.0,74.0,Greed,15274.0,116936997.8
2021-09-03,49860.5341635301,18805633,937658933835.8522,391568069802.4113,0.5823981880057896,6036443.968564228,1032045.0,74.0,Greed,15274.0,117836161.8
2021-09-04,49919.577563647,18806602,938817641972.4645,391986758732.0792,0.5824676260785732,3937337.377730301,799676.0,72.0,Greed,15274.0,118303198.1
2021-09-05,51747.6438565167,18807627,973250399046.2598,392411791809.4805,0.5968028451937695,3181228.170544555,741845.0,73.0,Greed,15274.0,118739609.2
2021-09-06,52640.5883740503,18808702,990101155359.6215,393124534612.862,0.6029450804245629,5449154.289238597,975528.0,79.0,Extreme Greed,15274.0,122896032.5
2021-09-07,46854.4006028638,18809658,881315276669.1497,392566231910.3142,0.554567766720234,6467139.059433665,942065.0,79.0,Extreme Greed,15274.0,121992768.6
2021-09-08,46187.9757306254,18810546,868821044204.9303,392623538787.25793,0.5480961914929754,5452182.94993964,913345.0,47.0,Neutral,15274.0,111698492.0
2021-09-09,46448.7748290473,18811402,873766589417.7297,393340435296.656,0.5498335138234405,13716210.399123833,942429.0,45.0,Fear,15458.0,112037609.9
2021-09-10,44765.2755762712,18812252,842135658194.7152,393213469138.436,0.5330758586076654,11244017.264549842,909855.0,46.0,Fear,15458.0,112327341.7
2021-09-11,45098.5916447691,18813177,848447800366.537,393302719229.7326,0.5364444117129865,3842780.3380581425,858717.0,31.0,Fear,15458.0,111430469.1
2021-09-12,46180.6124563998,18814096,868846478170.2881,393561247587.2396,0.547030163008724,3511195.6795801865,714336.0,32.0,Fear,15458.0,113317197.9
2021-09-13,44991.5221277031,18815089,846519528845.1567,393495788293.28186,0.5351604128612382,4373988.941390603,929211.0,44.0,Fear,15458.0,110776685.0
2021-09-14,47022.6177597896,18816139,884784149293.6853,394195960112.7436,0.5544721721931541,12410621.268740144,952674.0,30.0,Fear,15458.0,114209149.3
2021-09-15,48167.1893676213,18817027,906363317052.565,395127867878.6151,0.5640513462487147,10840631.762433877,984068.0,49.0,Neutral,15458.0,118872088.9
2021-09-16,47797.3283237873,18817877,899444259424.4694,395655335925.388,0.5601113334376525,12049877.1241175,1039242.0,53.0,Neutral,15774.0,120202401.6
2021-09-17,47213.7941294565,18818796,888506762231.4891,395864317375.6334,0.5544611091294137,4990045.440251389,951991.0,48.0,Neutral,15774.0,127220026.8
2021-09-18,48204.0136519579,18819764,907188199103.4169,396193280849.7325,0.563273330449741,3741563.853633276,834535.0,50.0,Neutral,15774.0,123976564.5
2021-09-19,47218.4739964933,18820764,888687793065.4529,396330940456.0763,0.5540267982201416,4127572.2090220903,727228.0,53.0,Neutral,15774.0,123009299.8
2021-09-20,42855.5103448276,18821789,806617407266.5485,395453839119.49023,0.5097380300040913,6282735.957889689,1021844.0,50.0,Neutral,15774.0,114118765.5
2021-09-21,40526.4893760958,18822558,762812218903.7068,394671873288.7367,0.4826093978201496,3591278.908393151,856395.0,27.0,Fear,15774.0,111060887.8
2021-09-22,43577.5724821742,18823396,820277905510.3931,395218783063.8588,0.5181891644174593,7173339.970780296,916103.0,21.0,Extreme Fear,15774.0,117060729.4
2021-09-23,44861.2980329047,18824427,844488243178.4382,395568818904.72577,0.5315875358833823,4883732.532794849,915791.0,27.0,Fear,15929.0,122620662.3
2021-09-24,42803.307701052,18825352,805787346862.3474,395296063276.92896,0.5094288030009767,4804723.035752305,979207.0,33.0,Fear,15929.0,122943456.4
2021-09-25,42735.2658240795,18826252,804544896296.7706,395319524440.5989,0.5086420580626264,1746394.4503322951,720161.0,28.0,Fear,15929.0,123409107.5
2021-09-26,43131.2941773816,18827121,812038096303.8145,398048603987.9852,0.5098153574323685,70067746.81145763,720232.0,27.0,Fear,15929.0,125592782.9
2021-09-27,42496.7852250146,18828089,800133288214.17,398078916190.7907,0.5024842459944777,9020871.034144634,894915.0,26.0,Fear,15929.0,127156096.9
2021-09-28,41223.7862743425,18829039,776204312258.9725,397768726061.25183,0.48754635889147135,6013552.093963165,943351.0,25.0,Extreme Fear,15929.0,123462641.7
2021-09-29,41453.9470131502,18829852,780571699301.1709,397808497882.6204,0.49036264286961745,6253310.185529626,842195.0,24.0,Extreme Fear,15929.0,124316933.3
2021-09-30,43781.546015488,18830921,824446836244.4174,398428861459.5868,0.51673189350263,10326292.309062092,1085685.0,20.0,Extreme Fear,16042.0,128604833.9
2021-10-01,48078.1315543542,18831796,905397567654.8809,399774825035.8508,0.5584538336331859,6598017.228994731,962904.0,27.0,Fear,16042.0,140396522.3
2021-10-02,47792.4391943308,18832971,900073623515.3672,400383492464.1109,0.5551658419892859,4468667.7846515365,978477.0,54.0,Neutral,16042.0,142274900.2
2021-10-03,48202.6229177089,18833908,907843791659.8506,400686289807.8454,0.5586396101522564,3820881.1703578676,815769.0,49.0,Neutral,16042.0,143789698.1
2021-10-04,49288.5013106371,18834883,928343182291.9982,401489343786.1544,0.5675205554966082,7025245.63590327,1040936.0,54.0,Neutral,16042.0,143770436.7
2021-10-05,51558.0493319112,18835908,971142701972.9805,402764106007.6557,0.5852678445820606,8598232.948979022,1058352.0,59.0,Greed,16042.0,150437517.4
2021-10-06,55419.800411163,18836727,1043927667086.7969,405757570683.0564,0.6113163933901946,10967516.370302144,902228.0,68.0,Greed,16042.0,157046578.6
2021-10-07,53805.1569125658,18837608,1013560483619.6528,407125636571.1722,0.5983213205814469,9998410.411284536,1147039.0,76.0,Extreme Greed,16189.0,162732267.2
2021-10-08,53933.5275908825,18838358,1016019130352.1283,407807674921.8323,0.5986220507673947,6460919.831051249,986395.0,74.0,Greed,16189.0,163362906.6
2021-10-09,55010.9224751607,18839296,1036367054216.4991,408418727197.61066,0.6059130541288982,4846761.290130446,1017998.0,72.0,Greed,16189.0,165385143.8
2021-10-10,54701.2797022209,18840289,1030587961745.6045,409053368263.1234,0.6030873797804983,11499402.076765629,803927.0,71.0,Greed,16189.0,166492022.1
2021-10-11,57289.1864570426,18841202,1079397151351.4502,410284782088.43713,0.6198945109548015,7661150.056180585,1017973.0,71.0,Greed,16189.0,171691103.2
2021-10-12,56196.1812597896,18842039,1058850683622.3569,411404344410.70654,0.6114614168229262,18935391.493477196,962477.0,78.0,Extreme Greed,16189.0,172794903.0
2021-10-13,57348.8928769725,18843096,1080630696553.5438,412554317415.1447,0.6182282080909747,6696761.834924756,1004860.0,70.0,Greed,16189.0,171809809.5
2021-10-14,57384.0369146698,18843952,1081342054112.8903,413738282104.0838,0.61738445246772,7782638.88584849,1002372.0,70.0,Greed,16455.0,177602178.4
2021-10-15,61446.0840073057,18844833,1157941225107.978,416089956396.35095,0.6406640100774108,9383117.942491824,1032022.0,71.0,Greed,16455.0,184323550.6
2021-10-16,60932.0632119228,18845664,1148305238557.8787,416948253455.4381,0.6369012006084108,10366069.917577991,955361.0,78.0,Extreme Greed,16455.0,189623479.5
2021-10-17,61462.2223722969,18846664,1158357902604.6445,417564007736.4895,0.6395207329292879,4130638.4107490447,839474.0,79.0,Extreme Greed,16455.0,189013940.3
2021-10-18,61977.0575514319,18847589,1168118157428.6958,419176394301.54987,0.6411524025752188,13278008.528015487,992209.0,78.0,Extreme Greed,16455.0,192203939.3
2021-10-19,64290.8977574518,18848558,1211790750290.0725,422607160938.661,0.6512540132547642,28756416.12869804,1087493.0,75.0,Greed,16455.0,193919390.6
2021-10-20,66061.7965639977,18849489,1245231160170.5222,425408861657.4481,0.6583695660176119,15704574.970866878,981585.0,82.0,Extreme Greed,16455.0,199967643.1
2021-10-21,62373.8856206897,18850414,1175773616324.0757,426713712871.3797,0.6370783397866571,12776941.653530495,1143120.0,84.0,Extreme Greed,17538.0,201946202.9
2021-10-22,60750.9673718293,18851402,1145240925735.0088,426965715272.20215,0.6271826253517983,14153387.484377595,984258.0,75.0,Greed,17538.0,196287182.8
2021-10-23,61250.082628872,18852308,1154705456124.461,427426602874.5226,0.6298392801320132,5138056.62771518,824858.0,74.0,Greed,17538.0,191790420.2
2021-10-24,60865.4470523086,18853264,1147512390141.4587,428445629032.2564,0.6266309342599429,17021169.814895693,753948.0,73.0,Greed,17538.0,191315319.1
2021-10-25,63031.6729015196,18854402,1188424518210.27,430341430279.4121,0.6378891349974058,13803246.362543598,1076657.0,72.0,Greed,17538.0,197901066.4
2021-10-26,60393.9802738165,18855339,1138749019633.5835,430910561944.31775,0.6215930336581346,9678079.624898432,1001019.0,76.0,Extreme Greed,17538.0,197901066.4
2021-10-27,58563.3359899766,18856321,1104289064891.501,430879432342.722,0.6098128234340011,5778533.138697202,977405.0,73.0,Greed,17538.0,186560162.0
2021-10-28,60564.5721122151,18857277,1142082930571.3052,431992239253.2922,0.621750550954127,7407761.890198111,1056372.0,66.0,Greed,17714.0,193877674.7
2021-10-29,62230.8055689655,18858346,1173570066076.8574,433304369429.6806,0.6307809972708494,8103330.585163303,1018127.0,70.0,Greed,17714.0,197026175.8
2021-10-30,61742.9165321449,18859314,1164429099239.3374,433747348448.5864,0.6275021392612641,4586229.987789836,912667.0,73.0,Greed,17714.0,195206882.7
2021-10-31,61432.9700628287,18860183,1158637091097.6555,434674937924.09247,0.6248394417338259,18901131.074880596,883856.0,74.0,Greed,17714.0,193462756.4
2021-11-01,61092.0950592051,18861108,1152264636151.3516,436719251982.6528,0.6209904927384328,32453826.315589253,1080260.0,74.0,Greed,17714.0,192728777.5
2021-11-02,63024.7472296902,18862096,1188778835456.4338,439371425239.35394,0.6304010366481192,19387154.304916687,1039557.0,73.0,Greed,17714.0,198816572.2
2021-11-03,62955.9817630041,18863102,1187545124075.8726,441166886973.3995,0.62850515906357,17041841.19955211,1058675.0,76.0,Extreme Greed,17714.0,199002854.5
2021-11-04,61393.8899780246,18863996,1158134097730.8384,441429610874.167,0.618844128897447,5907978.038111874,1017807.0,73.0,Greed,17832.0,197044061.6
2021-11-05,61005.840833723,18864964,1150873039615.7861,442487808991.8725,0.615519875989453,17048403.903312333,1050305.0,73.0,Greed,17832.0,196527810.0
2021-11-06,61455.0536268849,18865927,1159406573633.352,443083975433.0086,0.6178355500913967,5652152.9443926485,834669.0,71.0,Greed,17832.0,195596648.5
2021-11-07,63043.8290590298,18866883,1189440581085.7712,443588732164.61633,0.6270610409477623,3155293.1039518574,843932.0,73.0,Greed,17832.0,199125513.5
2021-11-08,67541.7555081824,18867727,1274359423951.988,446488333800.90607,0.6496370447700887,16887944.731734507,998092.0,75.0,Greed,17832.0,211168854.9
2021-11-09,67095.5856706605,18868677,1266004953936.7705,448161283590.9848,0.6460035308729385,12249383.744395375,1195991.0,84.0,Extreme Greed,17832.0,216470149.7
2021-11-10,64756.0779689071,18869608,1221921842180.895,449181647474.4751,0.6323973989426587,23094563.012172874,1039119.0,75.0,Greed,17832.0,214605661.2
2021-11-11,64962.9312939801,18870596,1225889234345.9011,450287123169.8504,0.6326853107490494,10743301.14383169,1049746.0,77.0,Extreme Greed,17977.0,209205617.7
2021-11-12,64078.968037405,18871483,1209265190896.6084,456399087327.0664,0.6225814728127006,36988028.1668747,960997.0,74.0,Greed,17977.0,206355562.4
2021-11-13,64397.7912063121,18872439,1215343437470.2354,456844502481.4628,0.6241025471512851,7847635.2513599275,845061.0,72.0,Greed,17977.0,206319279.4
2021-11-14,65032.2256548217,18873421,1227380576275.0122,457269445155.4634,0.6274428209192993,4471806.565747933,820224.0,74.0,Greed,17977.0,207879239.7
2021-11-15,63753.5031592636,18874364,1203306875585.2747,458236553581.1624,0.619185626810051,10335965.569498708,1078080.0,72.0,Greed,17977.0,212030056.3
2021-11-16,60322.4978530099,18875302,1138605382163.2986,459021494009.2509,0.5968563813240273,22412034.40429084,1037312.0,71.0,Greed,17977.0,195973163.0
2021-11-17,60154.3083661601,18876233,1135486773455.8384,459714714977.87024,0.595138643862196,17182306.83787102,1006223.0,52.0,Neutral,17977.0,195335458.1
2021-11-18,56794.1556271186,18877133,1072110860346.9817,458762436802.40094,0.5720942173331539,7087612.237465138,992178.0,54.0,Neutral,18092.0,193040942.1
2021-11-19,58014.0729888954,18877989,1095189077849.0677,459096820506.167,0.5808058811106616,7484476.403598131,974692.0,34.0,Fear,18092.0,187171375.1
2021-11-20,59749.4738229106,18878896,1128004105044.4429,459609083333.015,0.5925466217032015,6346379.971464322,867447.0,43.0,Fear,18092.0,191441694.6
2021-11-21,59032.6241017534,18879721,1114519475593.7334,459750625726.3019,0.5874898233775764,5014151.761189896,861537.0,49.0,Neutral,18092.0,193696930.5
2021-11-22,56383.5658760958,18880602,1064555683278.8607,459189075218.9029,0.5686565931388502,10308394.84978989,931794.0,50.0,Neutral,18092.0,188203872.6
2021-11-23,57642.2657980713,18881427,1088368250783.6744,459603356747.0087,0.5777133737445268,10312099.696714843,921004.0,33.0,Fear,18092.0,187030682.4
2021-11-24,57141.8303784337,18882408,1078975386213.0176,459894519400.2232,0.5737673673777132,7578980.310848621,1092846.0,42.0,Fear,18092.0,185475305.9
2021-11-25,59008.6554792519,18883221,1114273484981.2505,463478156996.2714,0.5840534992142703,41304126.032934256,986642.0,32.0,Fear,18717.0,190586107.6
2021-11-26,53800.6178389831,18884046,1015973344519.2428,462280298800.9646,0.5449877683358759,11379753.98186472,1015247.0,47.0,Neutral,18717.0,179354751.3
2021-11-27,54635.8824628872,18884939,1031795350956.7345,462271947618.2621,0.5519732210562691,2931427.3277719864,802097.0,21.0,Extreme Fear,18717.0,180089170.8
2021-11-28,57248.5696963764,18885808,1081185526759.1909,462839581527.8529,0.5719147453673418,6223366.285712648,817993.0,27.0,Fear,18717.0,179294945.6
2021-11-29,57920.7107299825,18886702,1093931220270.3096,463609418266.14026,0.5761987502728163,9605819.48872492,993337.0,33.0,Fear,18717.0,189591353.1
2021-11-30,57097.0127942724,18887539,1078422101325.786,463930467837.47,0.5698062314680633,9523774.342828622,970183.0,40.0,Fear,18717.0,189597883.9
2021-12-01,57180.6098439509,18888396,1080050004825.5096,464746773581.25024,0.5696988366234639,13087619.884790035,1066896.0,34.0,Fear,18717.0,189440074.3
2021-12-02,56582.8937691408,18889364,1068814921560.3899,464755712216.71326,0.5651672681195312,7131673.637529933,1188324.0,32.0,Fear,18810.0,186948294.8
2021-12-03,53671.6160680888,18890414,1013879090242.6257,464146047159.7152,0.5422076935735571,8365017.218093152,1018512.0,31.0,Fear,18810.0,186151366.7
2021-12-04,49159.7357983635,18891383,928695423936.3241,462356622863.9099,0.502143963513692,8500673.03284942,973332.0,25.0,Extreme Fear,18810.0,158904632.1
2021-12-05,49327.0935999416,18892421,931908221214.7891,462228793437.2001,0.5039975150829106,6288369.657760142,974421.0,18.0,Extreme Fear,18810.0,161756191.0
2021-12-06,50535.4252232612,18893496,954790856586.6111,461903382961.0999,0.5162255903744092,10515559.195895065,1068510.0,16.0,Extreme Fear,18810.0,160651856.7
2021-12-07,50574.4728344828,18894458,955577280404.8953,463047689336.8767,0.5154262257672398,20858144.478383865,1009283.0,25.0,Extreme Fear,18810.0,167760814.4
2021-12-08,50500.6543513735,18895508,954235545823.0028,462982736189.104,0.5148129429722788,7347454.3576986315,920483.0,28.0,Fear,18810.0,166448497.8
2021-12-09,47937.8228458212,18896527,905858377867.5428,462072246729.68463,0.4899067469934576,14343182.285769325,1118585.0,29.0,Fear,18957.0,162274581.9
2021-12-10,47437.2289725307,18897502,896445143375.4618,461723023565.79626,0.4849400133652005,7789488.562118447,942604.0,24.0,Extreme Fear,18957.0,159621989.9
2021-12-11,49321.7693252484,18898446,932104796435.7107,462199455085.8367,0.5041335943627283,6801900.736071029,818663.0,16.0,Extreme Fear,18957.0,160366379.7
2021-12-12,50136.5722568673,18899321,947547175176.9193,462327144353.0193,0.512080077420212,2642113.7292513377,747889.0,27.0,Fear,18957.0,163462116.0
2021-12-13,46785.3278410286,18900202,884252160631.9774,461717768846.2496,0.4778437764672708,9631282.921878546,978610.0,28.0,Fear,18957.0,160674889.4
2021-12-14,48292.6822501461,18901127,912786134625.596,462321475958.69073,0.49350515041694354,20093592.205176666,970932.0,21.0,Extreme Fear,18957.0,155292194.5
2021-12-15,48830.6223860316,18902008,922996841597.0195,462543549991.1219,0.4988676784735213,8179244.671506223,1059017.0,28.0,Fear,18957.0,158957838.9
2021-12-16,47663.4691077148,18902727,900969558475.4058,462425471952.0556,0.4867468411090843,10812165.845664157,883914.0,29.0,Fear,19093.0,160849350.6
2021-12-17,46334.4837489772,18903658,875891259648.171,461913113923.614,0.4726364616206402,6186751.705100869,993183.0,23.0,Extreme Fear,19093.0,155204511.3
2021-12-18,46904.8736753361,18904458,886711239952.491,461993726098.2664,0.47898063621814524,5380645.004815928,877278.0,24.0,Extreme Fear,19093.0,154084296.0
2021-12-19,46876.426924021,18905389,886217123194.0885,462033042422.7611,0.4786457738962326,3214106.460372104,741075.0,29.0,Fear,19093.0,155634873.7
2021-12-20,46954.7634783168,18906289,887740365575.3761,461893970528.5737,0.479697005521199,7154592.855139556,1015320.0,25.0,Extreme Fear,19093.0,153482839.8
2021-12-21,49082.0624666277,18907296,928009085554.2875,462364910551.3072,0.5017668277728738,6426084.517381689,1020149.0,27.0,Fear,19093.0,161042412.8
2021-12-22,48692.0987391584,18908221,920680966103.5587,462477996049.0822,0.4976783347587285,9366556.122558905,1007074.0,45.0,Fear,19093.0,162375664.0
2021-12-23,50712.9707682642,18909171,958940238455.72,463328555298.36847,0.5168327110305496,10668347.662296219,991258.0,34.0,Fear,19166.0,161490136.3
2021-12-24,50783.8344210988,18910114,960328138631.7759,463639407511.6741,0.5172073077310401,3678611.2818836565,987514.0,41.0,Fear,19166.0,169878962.8
2021-12-25,50590.4508976622,18911033,956717713980.8961,463551582653.2394,0.5154771612575205,5702662.100214247,878650.0,39.0,Fear,19166.0,169175746.3
2021-12-26,50798.3065859147,18911871,960691023455.7179,463785007158.3495,0.5172381173188643,6611463.588523697,771509.0,37.0,Fear,19166.0,166690125.1
2021-12-27,50796.3776735827,18912796,960701530763.786,463964292217.42993,0.5170567784475532,5685233.259951834,1001923.0,40.0,Fear,19166.0,168634788.9
2021-12-28,47673.0440452367,18913633,901670485044.8668,463431525519.2635,0.4860300595331084,6050358.1851723455,1052128.0,41.0,Fear,19166.0,162175875.2
2021-12-29,46470.3215751023,18914539,878964746717.37,463015734146.3695,0.47322604703365695,9051233.312461141,1147265.0,27.0,Fear,19166.0,157870316.9
2021-12-30,47102.4630037989,18915283,890956443383.3607,463176971752.08905,0.48013511188807545,16029072.409274409,983172.0,22.0,Extreme Fear,19173.0,155635161.3
2021-12-31,46355.1173302747,18916214,876863356265.557,463130627880.0112,0.47183261272038757,19113049.4637752,1115526.0,28.0,Fear,19173.0,156175867.3
2022-01-01,47560.0093816482,18917289,899706480124.1765,463336180626.57306,0.4850140675183045,5818956.200284045,703687.0,21.0,Extreme Fear,19173.0,156260790.9
2022-01-02,47352.5577565751,18918277,895828818265.0157,463341695100.4719,0.4827787567742656,2010577.3813600452,747901.0,29.0,Fear,19173.0,156747482.7
2022-01-03,46453.432351841,18919152,878859561288.611,463204364360.5979,0.4729483699518119,7396845.672181928,937568.0,29.0,Fear,19173.0,155887318.4
2022-01-04,45905.9611221508,18920071,868544045818.768,462789701303.6581,0.46716611145795056,7335347.755082256,981322.0,23.0,Extreme Fear,19173.0,153548875.8
2022-01-05,43530.9440388662,18921008,823649364130.0399,462203276647.56384,0.43883490138336345,8856607.036466252,1010591.0,24.0,Extreme Fear,19173.0,153468070.8
2022-01-06,43144.9652928112,18921921,816385626758.5858,461748428639.9888,0.43439912033564887,12710092.310420383,960123.0,15.0,Extreme Fear,19196.0,143068232.9
2022-01-07,41512.7845808299,18922796,785537955881.8595,460890734995.4995,0.41328012027363464,7449112.174353786,969222.0,18.0,Extreme Fear,19196.0,139086538.9
2022-01-08,41799.8128848627,18923696,791006953769.8025,460718364792.6437,0.4175545959527416,3340160.2349344515,822664.0,10.0,Extreme Fear,19196.0,138868816.0
2022-01-09,41886.4985569842,18924577,792684279557.3372,460663621154.6131,0.4188561158146546,3613345.358772223,763229.0,23.0,Extreme Fear,19196.0,139371130.5
2022-01-10,41816.9510561075,18925464,791405235045.3862,460528444630.9656,0.418087694852619,7366856.8723068135,968910.0,23.0,Extreme Fear,19196.0,139229658.6
2022-01-11,42768.1786116306,18926452,809449892235.824,460478645527.67926,0.4311214938138208,5438314.92400021,964369.0,21.0,Extreme Fear,19196.0,140734891.5
2022-01-12,43961.0265441262,18927321,832064462867.1669,460853034805.7888,0.4461330156827516,9053038.54348897,972780.0,22.0,Extreme Fear,19196.0,144009568.5
2022-01-13,42626.8653924605,18928439,806860055229.5198,460570776483.2395,0.4291813388230933,4045161.275459867,948196.0,21.0,Extreme Fear,19374.0,145882194.9
2022-01-14,43102.6476180596,18929433,815908703698.36,460578389067.30334,0.43550254215993955,4527208.98373951,991166.0,21.0,Extreme Fear,19374.0,143456964.6
2022-01-15,43206.6744812975,18930471,817922700217.688,460629909547.0768,0.43682953239409866,2419054.991116887,830710.0,23.0,Extreme Fear,19374.0,144210859.2
2022-01-16,43168.8596671537,18931564,817254063913.7288,460709805698.9896,0.4362710128442711,2975662.861180142,775715.0,21.0,Extreme Fear,19374.0,143954485.6
2022-01-17,42211.270399474,18932571,799167875736.5212,460337143650.0164,0.4239794195609214,6544484.723570697,971298.0,22.0,Extreme Fear,19374.0,141680362.5
2022-01-18,42431.2319670368,18933421,803368380288.7391,460218558355.4048,0.42713881993961805,5890842.875155725,916974.0,24.0,Extreme Fear,19374.0,139740273.4
2022-01-19,41787.722012858,18934502,791229718354.0684,459538919711.0665,0.41920922704090485,9868399.833281456,950212.0,24.0,Extreme Fear,19374.0,140015619.4
2022-01-20,40756.1261630625,18935558,771740013026.8926,458980112589.3336,0.4052658863842794,9454031.902564868,958119.0,24.0,Extreme Fear,19489.0,140248519.9
2022-01-21,36492.2872241379,18936396,691032403463.1093,456306402298.6874,0.33967437704526215,10200647.586343817,1033192.0,19.0,Extreme Fear,19489.0,129318047.4
2022-01-22,34996.390965225,18937233,662734828939.5775,455443838155.934,0.3127811935209799,9120306.896136796,997611.0,13.0,Extreme Fear,19489.0,119168293.8
2022-01-23,36271.0502650497,18938114,686905313653.6731,455458858825.05896,0.33694084210463077,9435165.18844374,767044.0,11.0,Extreme Fear,19489.0,119048204.5
2022-01-24,36659.7252206312,18939052,694300453072.8,454941514183.5992,0.34474835473584686,10265886.173914418,976713.0,13.0,Extreme Fear,19489.0,118598190.5
2022-01-25,36952.586773232,18940002,699882078290.1276,454905777150.6174,0.3500251095698985,12435410.898333507,897415.0,12.0,Extreme Fear,19489.0,122791563.7
2022-01-26,36825.8245993571,18940814,697511123408.5085,454599485014.764,0.3482548596597498,4926688.556139899,885174.0,23.0,Extreme Fear,19489.0,127211977.0
2022-01-27,37021.9371332554,18941633,701255966303.0765,454366209000.8223,0.35206795972635,10199699.944430048,912466.0,20.0,Extreme Fear,19873.0,122812071.9
2022-01-28,37768.8474836353,18942596,715440020966.6213,453852142263.27454,0.3656321578850439,5489870.5907539,955986.0,24.0,Extreme Fear,19873.0,124897532.7
2022-01-29,38088.2912279953,18943527,721526584496.3319,453193999650.8859,0.3718956315833573,7617382.277435126,832877.0,24.0,Extreme Fear,19873.0,127164239.3
2022-01-30,37983.5063845704,18944439,719576249904.3889,452790431907.2029,0.3707540625925803,4959828.742571918,783141.0,29.0,Fear,19873.0,128140050.2
2022-01-31,38462.6724029807,18945333,728688157705.4191,452781300303.1108,0.3786350230681901,4814260.51828051,999813.0,20.0,Extreme Fear,19873.0,126470786.8
2022-02-01,38787.9640824079,18946296,734888250487.0005,455248270712.9645,0.3805204118976217,198733541.145336,1063484.0,26.0,Fear,19873.0,131026617.8
2022-02-02,36942.3307493279,18947252,699955661071.7793,454842063640.45154,0.35018446319300756,3931263.2663815487,981122.0,28.0,Fear,19873.0,130682973.4
2022-02-03,37057.6521879018,18948171,702174732181.4055,454697022951.8596,0.35244462366328855,6129861.154383032,937908.0,20.0,Extreme Fear,20369.0,125816203.5
2022-02-04,41079.9060881356,18948983,778422464493.0338,455704833293.161,0.41457903120775214,3911177.8197504957,890327.0,20.0,Extreme Fear,20369.0,129797973.1
2022-02-05,41508.5816925774,18949727,786576303475.3657,455824297534.5159,0.4204957668817039,3764256.093577942,961340.0,33.0,Fear,20369.0,142054242.7
2022-02-06,42358.2251732905,18950702,802718115002.3729,456033510338.7743,0.43188835306472906,4846969.169349864,913200.0,37.0,Fear,20369.0,142856858.9
2022-02-07,43888.980119813,18951552,831764301913.5769,456755480576.57806,0.4508594808339869,8281150.803789466,933433.0,45.0,Fear,20369.0,147340663.3
2022-02-08,44167.4447945646,18952514,837084150925.0487,457170083410.06494,0.45385409232171775,6892402.895441509,1024351.0,48.0,Neutral,20369.0,151522272.0
2022-02-09,44405.0732042665,18953389,841626661314.683,457472690808.0908,0.45644225422530615,6243736.7721932335,1005608.0,54.0,Neutral,20369.0,151453508.3
2022-02-10,43614.3426960842,18954308,826679708447.6804,457651356270.5578,0.44639822219669006,11973093.162554933,1029618.0,50.0,Neutral,20472.0,152345381.9
2022-02-11,42357.3217416715,18955196,802891337553.2941,457800983865.5028,0.4298095365425274,8564297.296173288,984285.0,50.0,Neutral,20472.0,149415494.9
2022-02-12,42173.4593962595,18956364,799455480981.3909,458005328407.0472,0.42710339812191705,3247963.8208925454,1088876.0,44.0,Fear,20472.0,145994019.9
2022-02-13,42195.5947451782,18957352,799916754880.1685,458053565386.9474,0.4273734578099116,3457476.500798292,827179.0,44.0,Fear,20472.0,146530489.3
2022-02-14,42646.1618590883,18958308,808499094783.3684,458107192940.9304,0.4333856452075843,4326670.930544831,904274.0,46.0,Fear,20472.0,146002296.0
2022-02-15,44511.9084880187,18959402,843919179941.279,458807799580.0396,0.45633680275880917,6429299.650512578,1022494.0,46.0,Fear,20472.0,152388301.4
2022-02-16,44065.7092673875,18960377,835502473480.1654,458915138346.6541,0.45073156224767463,4400840.913760048,930742.0,51.0,Neutral,20472.0,152165581.7
2022-02-17,40610.024261543,18961358,770021230543.0864,458200015023.0592,0.404951452182823,8996941.34998939,938318.0,52.0,Neutral,20480.0,149421442.1
2022-02-18,40044.2204856809,18962196,759326359317.5233,457926955058.4704,0.3969299900637565,4985995.830299759,950177.0,30.0,Fear,20480.0,140249068.5
2022-02-19,40095.887329398,18963127,760343415432.1875,457928182615.0046,0.3977350585002262,2669688.486094331,859806.0,25.0,Extreme Fear,20480.0,139079482.7
2022-02-20,38551.6224967855,18964027,731094021294.4568,457646929604.69495,0.37402452177847556,6444190.387573948,745783.0,27.0,Fear,20480.0,133286493.6
2022-02-21,37098.0360081824,18964796,703556686564.1677,457111841274.4933,0.3502842770114125,15036176.408658646,882870.0,25.0,Extreme Fear,20480.0,134531100.4
2022-02-22,38202.5940818235,18965746,724540697614.9751,457148437116.1653,0.36905071223604824,4990996.730536528,909069.0,20.0,Extreme Fear,20480.0,130861608.6
2022-02-23,37308.2687344243,18966683,707614126696.5599,457016316440.3789,0.3541447249309124,13046689.105364768,863872.0,25.0,Extreme Fear,20480.0,132133312.6
2022-02-24,38283.790402104,18967508,726148121585.7848,457115906931.0917,0.37049219939751715,5457009.293284647,956898.0,23.0,Extreme Fear,20534.0,123801495.7
2022-02-25,39323.7702158387,18968346,745906881246.9508,457070589646.1644,0.3872283509677933,8791997.68821337,942391.0,27.0,Fear,20534.0,133824611.5
2022-02-26,39056.5781523086,18969127,740869202677.1234,456968378348.5997,0.3831996569740664,4315357.404312873,816478.0,26.0,Fear,20534.0,135512837.1
2022-02-27,37664.7792828755,18969977,714500007816.2407,456709569521.07526,0.36079837015406374,7084699.623699649,792012.0,26.0,Fear,20534.0,134483154.5
2022-02-28,43179.2545140269,18970939,819151037777.3324,458736196369.39087,0.43998582042437956,53271905.99627169,979415.0,20.0,Extreme Fear,20534.0,132858865.6
2022-03-01,44334.457582408,18971952,841111214276.8582,459418368727.1367,0.45379592980207767,9074128.745879412,1066006.0,51.0,Neutral,20534.0,150487342.0
2022-03-02,43984.584926768,18972802,834510833841.9291,459620407591.93176,0.44923374394562754,11074444.550614143,1100872.0,52.0,Neutral,20534.0,152428238.5
2022-03-03,42492.7744552893,18973727,806246314521.3673,459838591478.2816,0.4296549538322325,11592996.094070442,1017862.0,39.0,Fear,20544.0,150436989.8
2022-03-04,39106.4052159556,18974596,742028241743.7029,458919646597.0947,0.38153345010336426,7921632.23795805,966182.0,33.0,Fear,20544.0,143491837.7
2022-03-05,39383.8848433665,18975364,747323581946.007,458931977078.792,0.38589924342578935,2875069.4020050545,818445.0,22.0,Extreme Fear,20544.0,136183427.7
2022-03-06,38399.3426268264,18976183,728672973692.8851,458850538360.7864,0.37029290926579805,3703012.8807011177,784370.0,22.0,Extreme Fear,20544.0,135905676.0
2022-03-07,38146.734273232,18977108,723914716939.2876,458571383248.5863,0.366539493509088,14122261.074619709,926136.0,23.0,Extreme Fear,20544.0,133046745.0
2022-03-08,38725.477261543,18978033,734933406514.5731,458688593264.4535,0.3758773390914595,9994394.906982308,963012.0,21.0,Extreme Fear,20544.0,135175408.6
2022-03-09,41989.4028179427,18978896,796912511072.1451,459270715869.9676,0.42368740672413735,12475475.442216223,967729.0,22.0,Extreme Fear,20544.0,147014108.4
2022-03-10,39482.2584672706,18979802,749365459867.7391,458770782112.6508,0.38778765945040683,8043188.561757158,1005046.0,28.0,Fear,20658.0,138254692.5
2022-03-11,38825.3644214494,18980664,736931227626.1226,459135478782.68494,0.3769629219517558,39908917.30048711,911121.0,22.0,Extreme Fear,20658.0,137187187.6
2022-03-12,38951.1300157802,18981639,739356319566.6213,459161628783.2109,0.3789711176711771,5301799.284882531,818806.0,22.0,Extreme Fear,20658.0,138302940.2
2022-03-13,37808.3174004091,18982583,717699543748.0449,459085822228.22107,0.36033702929399186,3734157.7663165624,766163.0,21.0,Extreme Fear,20658.0,138045646.3
2022-03-14,39649.0453243717,18983539,752679229747.8174,459363753548.8325,0.3896951910008985,6161878.906358014,935383.0,23.0,Extreme Fear,20658.0,137517817.6
2022-03-15,39356.8139000584,18984408,747165834107.1005,459235626743.6546,0.3853631874208173,6168843.648111569,941486.0,21.0,Extreme Fear,20658.0,137451038.6
2022-03-16,41101.768579135,18985377,780332583965.4604,459872625617.31226,0.4106709945644569,14650052.652235053,1018750.0,24.0,Extreme Fear,20658.0,143013846.6
2022-03-17,40966.4169324956,18986371,777803592263.3425,459517247927.5759,0.409211718101713,21824226.756037988,1037510.0,27.0,Fear,20707.0,145230949.2
2022-03-18,41826.1160710111,18987264,794163541185.4781,459800730431.2305,0.42102513325546465,3455635.7387513197,991557.0,25.0,Extreme Fear,20707.0,144908006.5
2022-03-19,42193.1615362361,18988233,801173605250.7367,460030745755.65576,0.425803917227548,5333553.841994869,887796.0,28.0,Fear,20707.0,149256638.0
2022-03-20,41294.7235129164,18989196,784153600409.6414,460015623083.7191,0.41336031251605904,2583602.865637787,790049.0,31.0,Fear,20707.0,149198520.0
2022-03-21,41064.429648159,18990152,779819772924.6602,460068228238.9011,0.4100326200841933,6206601.171231356,947604.0,30.0,Fear,20707.0,147109335.0
2022-03-22,42383.169518761,18991083,804902313231.4568,460548803019.6639,0.4278202516642178,4977872.983731082,939357.0,26.0,Fear,20707.0,152091871.4
2022-03-23,42734.2000355932,18991989,811607490972.2338,460932067054.5892,0.43207514447355155,5681779.78642122,974165.0,31.0,Fear,20707.0,150895069.1
2022-03-24,43974.5935882525,18992883,835204334959.1063,461428827660.8036,0.4475258229072814,5406106.585664724,960407.0,40.0,Fear,20674.0,154007744.0
2022-03-25,44347.034279661,18993858,842321295996.8591,463738670261.2362,0.4494515662073853,58056589.11721874,1084340.0,47.0,Neutral,20674.0,157860285.2
2022-03-26,44519.9268641145,18994864,845649991465.8505,463895952831.4906,0.451432676032583,5781442.930228826,839220.0,51.0,Neutral,20674.0,158611437.4
2022-03-27,46777.2056265342,18995683,888564995199.6787,464629861473.19385,0.4771008716489197,2983504.6167498427,819815.0,49.0,Neutral,20674.0,159538819.8
2022-03-28,47223.6528860316,18996677,897092494565.6664,465855696230.1727,0.4807049450840406,9941295.799815303,1052990.0,60.0,Greed,20674.0,168992692.8
2022-03-29,47463.7096770894,18997621,901697569833.8654,466838706629.2826,0.48226686835221705,37046250.834667735,969097.0,56.0,Greed,20674.0,171296309.6
2022-03-30,47123.2971478667,18998464,895270301886.7009,467158046188.6858,0.47819329513757736,4908800.641601787,951685.0,55.0,Greed,20674.0,171170657.3
2022-03-31,45562.2106665693,18999327,865651352736.567,466953470956.23975,0.4605755891444417,8411398.417431446,983682.0,52.0,Neutral,20190.0,171111522.0
2022-04-01,46250.3362878434,19000208,878766034744.0626,467479540494.1884,0.46802729963233036,7513944.068716466,1072470.0,50.0,Neutral,20190.0,165691557.5
2022-04-02,45939.8973489188,19001052,872906391952.4038,467466121296.1118,0.46447164827084814,3392514.473078069,951158.0,52.0,Neutral,20190.0,170469033.9
2022-04-03,46440.5438538866,19001921,882459547597.0646,467740786689.94354,0.46995781510483886,4973751.085535025,811263.0,48.0,Neutral,20190.0,170696964.8
2022-04-04,46663.0041770894,19002908,886732800810.8278,468109303922.9426,0.4720965509622472,11984920.702035122,991442.0,52.0,Neutral,20190.0,169897023.3
2022-04-05,45693.0350619521,19003814,868341975737.452,468053174755.5112,0.46098059539502245,8080708.794153715,954258.0,53.0,Neutral,20190.0,172315901.1
2022-04-06,43304.9371990064,19004752,822999604616.3903,467416359307.91895,0.4320576137751765,6394187.1836225195,928405.0,48.0,Neutral,20190.0,166360617.9
2022-04-07,43569.0471697837,19005614,828056527492.8286,467359400594.5886,0.4355948113715749,4997334.505168309,943697.0,34.0,Fear,20158.0,160944082.0
2022-04-08,42222.0689772063,19006452,802491739810.2448,467005819786.3341,0.41805529375696604,5699967.201541308,932330.0,37.0,Fear,20158.0,161783460.5
2022-04-09,42680.9947355932,19007408,811255104045.1748,467096057748.3296,0.4242303617946553,2748273.321724374,813141.0,30.0,Fear,20158.0,158187888.1
2022-04-10,42264.4633909994,19008283,803374904012.1614,466986192024.8345,0.4187194674707373,2661938.6897758003,756941.0,34.0,Fear,20158.0,159549580.8
2022-04-11,39544.0251835184,19009139,751697902769.3535,466260429900.2664,0.37972365203826974,6246667.703632366,985815.0,32.0,Fear,20158.0,153903664.3
2022-04-12,40096.3669748685,19010096,762235787246.6519,466843623996.8307,0.38753384214199227,21316417.576868366,1001863.0,20.0,Extreme Fear,20158.0,145176153.6
2022-04-13,41152.7554517826,19010971,782353842314.6097,467041960126.624,0.40302976113101086,7102932.196390424,950299.0,25.0,Extreme Fear,20158.0,145514600.7
2022-04-14,39916.4963842782,19011833,758885784956.3323,467326267785.6733,0.3841942001686537,37259642.25303992,919508.0,28.0,Fear,20150.0,149195460.7
2022-04-15,40527.3319567504,19012821,770538909923.8281,467463186152.6956,0.3933295513929247,3039822.3116260706,898503.0,22.0,Extreme Fear,20150.0,146162736.9
2022-04-16,40439.5881209819,19013658,768904520231.6135,467421756959.5405,0.3920938885640297,1861432.6390342412,803288.0,28.0,Fear,20150.0,147175986.2
2022-04-17,39704.7839798364,19014689,754974150752.9216,467376915840.00085,0.38093653223240215,1728772.505936419,756979.0,28.0,Fear,20150.0,147241341.4
2022-04-18,40818.8786025716,19015527,776192500217.3064,467492172184.4248,0.39771104197277923,3494536.925772794,932584.0,24.0,Extreme Fear,20150.0,144657417.6
2022-04-19,41489.6638011689,19016302,788979988959.7417,467707864163.7966,0.4071993324184782,6936157.511722983,950234.0,27.0,Fear,20150.0,150225519.2
2022-04-20,41395.64458346,19017302,787233486738.836,467744280084.4799,0.4058379274208217,6293841.84150491,976492.0,27.0,Fear,20150.0,152319665.0
2022-04-21,40457.4959418469,19018358,769435163653.752,468557597881.2186,0.3910369320057864,39054602.2346907,993088.0,27.0,Fear,17243.0,154118650.8
2022-04-22,39737.9735040912,19019202,755784556866.5065,468133478121.1528,0.3805993072125728,8319163.978113531,952065.0,26.0,Fear,17243.0,154118650.8
2022-04-23,39582.4548720047,19020221,752867041168.1171,468108189959.9909,0.3782325904004327,3555438.0946878847,864789.0,24.0,Extreme Fear,17243.0,154118650.8
2022-04-24,39511.6456928697,19021289,751562463000.2906,468110767672.683,0.3771498834521996,2377676.0446730875,816123.0,24.0,Extreme Fear,17243.0,154118650.8
2022-04-25,40473.7483176505,19022302,769903875508.92,468141423413.7416,0.3919482180755463,5180865.175845547,1008968.0,23.0,Extreme Fear,17243.0,140652432.0
2022-04-26,38072.800873758,19023177,724265641137.6238,467385047116.5241,0.35467731648516465,7088257.402990088,967613.0,27.0,Fear,17243.0,146605946.7
2022-04-27,39218.5376174752,19024239,746102864042.9373,467460892778.2793,0.3734632108966445,4130572.586427179,973994.0,21.0,Extreme Fear,17243.0,142198697.7
2022-04-28,39747.9894270018,19025064,756208074318.5298,467521198542.1013,0.3817558759030492,7366857.999939061,1015298.0,24.0,Extreme Fear,16539.0,145464179.6
2022-04-29,38609.5059070719,19026002,734584547995.6448,467121503160.9135,0.364101103902225,8389214.333573243,1063975.0,23.0,Extreme Fear,16539.0,143212065.6
2022-04-30,37714.0949804208,19026939,717583814614.283,466895460848.8996,0.3493506244983157,4379927.225442223,970531.0,20.0,Extreme Fear,16539.0,141863127.4
2022-05-01,38459.226979135,19027983,731801538111.2839,466953288651.77545,0.3619126712182906,4821755.777830876,840129.0,22.0,Extreme Fear,16539.0,140245487.2
2022-05-02,38566.0628877849,19028983,733872976085.9741,466285688442.579,0.3646234380649097,15033360.495773353,980280.0,28.0,Fear,16539.0,143091341.6
2022-05-03,37704.4053153127,19029921,717511856197.9841,465679420199.30347,0.3509801738094097,13015425.351362325,952464.0,27.0,Fear,16539.0,142493062.5
2022-05-04,39641.852176505,19030833,754417490185.4115,466132572572.1755,0.3821291544319643,10494897.74991681,872482.0,21.0,Extreme Fear,16539.0,144604675.4
2022-05-05,36502.0245601403,19031814,694699771070.0715,465265206834.91705,0.33026434409464106,8605838.69040594,1174989.0,27.0,Fear,16631.0,146539877.6
2022-05-06,36042.9995584453,19032702,685995680413.6592,464790578642.8752,0.32245844702315923,9775669.417753192,1099911.0,22.0,Extreme Fear,16631.0,134334722.4
2022-05-07,35508.7110227937,19033596,675858461685.4629,464585246206.91504,0.3125997933822897,2574458.469245996,840612.0,23.0,Extreme Fear,16631.0,134136764.5
2022-05-08,34058.9066861484,19034564,648296466163.3615,464092568866.2655,0.2841352790139677,6690781.837957715,849741.0,18.0,Extreme Fear,16631.0,129514157.2
2022-05-09,30457.9218194039,19035533,579782792503.3658,461079526816.8865,0.20473747620888602,19100526.217437524,1044085.0,11.0,Extreme Fear,16631.0,124330108.4
2022-05-10,30990.7351659848,19036489,589954813725.9172,460124945085.3649,0.2200674791016605,12029029.93269006,985477.0,10.0,Extreme Fear,16631.0,118242107.1
2022-05-11,28796.5568217417,19037396,548211456947.0069,457397951918.0538,0.16565415384547802,26423163.245462723,1005377.0,12.0,Extreme Fear,16631.0,117249459.2
2022-05-12,29030.7070417884,19038239,552693562079.1195,456201637292.0134,0.17458485390009484,19780663.12939407,1043690.0,12.0,Extreme Fear,16701.0,108120801.8
2022-05-13,29285.9346718293,19039189,557580468540.0786,455348791687.6188,0.18334874089139921,29986527.090891235,1036736.0,10.0,Extreme Fear,16701.0,114757446.7
2022-05-14,30051.935755114,19040071,572190991816.2736,456126478337.9552,0.20284225920771895,48361625.34816313,1097507.0,9.0,Extreme Fear,16701.0,111727009.5
2022-05-15,31182.6212460549,19040833,593743100642.0062,456282037297.714,0.23151606005300523,3145283.3150603157,1022995.0,10.0,Extreme Fear,16701.0,113615733.0
2022-05-16,29889.6124757452,19041858,569153772727.1394,455769737890.21,0.19921511596706457,8106695.508512354,1098098.0,14.0,Extreme Fear,16701.0,113586914.4
2022-05-17,30438.1944476914,19042777,579627758128.4089,455463773207.95166,0.21421331739076302,10938422.674287422,1036631.0,8.0,Extreme Fear,16701.0,115781418.9
2022-05-18,28771.2204786675,19043614,547908039976.9238,454745291861.2669,0.17003354818370733,5558809.232539381,903949.0,12.0,Extreme Fear,16701.0,113249285.6
2022-05-19,30257.8852483928,19044377,576242582818.3285,454372529600.9651,0.21149088396298762,15151636.430909224,902105.0,13.0,Extreme Fear,16832.0,112778091.6
2022-05-20,29224.245998422,19045177,556580946351.7926,453673677342.5005,0.18489182873365653,8781054.286064252,948874.0,13.0,Extreme Fear,16832.0,115449884.4
2022-05-21,29420.0782857978,19046021,560335430175.998,453602833639.2232,0.19047982831150043,3194281.5628280835,787760.0,13.0,Extreme Fear,16832.0,112488253.2
2022-05-22,30331.87514173,19046783,577724660337.6167,453685839974.2592,0.21470231215484276,1898809.7936476283,751429.0,14.0,Extreme Fear,16832.0,115182033.4
2022-05-23,29088.2515419638,19047783,554066719072.9943,453074523632.4683,0.1822744300713376,6127958.6595212575,939060.0,10.0,Extreme Fear,16832.0,116873135.0
2022-05-24,29643.6837556984,19048533,564668704416.9316,453007315734.9623,0.19774672796373446,7012149.277542695,848460.0,12.0,Extreme Fear,16832.0,114109386.2
2022-05-25,29577.259880187,19049433,563430046529.958,452798140055.0667,0.1963542895098494,6593011.90242028,1034175.0,11.0,Extreme Fear,16832.0,116063610.2
2022-05-26,29332.4860467563,19050314,558793092909.8008,452358549565.1414,0.1904721885347996,5773556.603119596,910134.0,12.0,Extreme Fear,16852.0,115623691.9
2022-05-27,28612.0413103448,19051177,545093071774.412,451629503355.8456,0.17146350459806708,11412347.9393883,936015.0,12.0,Extreme Fear,16852.0,113312147.3
2022-05-28,29045.5206344243,19052102,553378230337.7416,451646599133.5233,0.18383742913437112,2176807.512450414,794128.0,13.0,Extreme Fear,16852.0,112774214.9
2022-05-29,29430.0689800117,19053033,560732091506.9722,451728420542.5497,0.19439527827179323,4247256.035459406,757441.0,14.0,Extreme Fear,16852.0,113544293.7
2022-05-30,31735.9549719462,19053996,604696760518.8394,452066140151.2896,0.25240852991603635,6082224.876739688,941604.0,10.0,Extreme Fear,16852.0,119470192.0
2022-05-31,31831.4095251315,19054908,606544597358.8982,452440121078.379,0.2540694896163325,13208559.46742619,1000162.0,16.0,Extreme Fear,16852.0,124069355.5
2022-06-01,29825.9221992987,19055758,568355571810.9253,451704611979.6822,0.2052429247056794,13464724.967629764,968548.0,17.0,Extreme Fear,16852.0,123371657.8
2022-06-02,30504.2679997078,19056539,581305797052.8909,450749847876.7756,0.22459082609877445,20654612.386552975,956018.0,13.0,Extreme Fear,16897.0,117609651.1
2022-06-03,29662.6709708942,19057433,565294380794.1554,450310467569.2916,0.2034053709561526,10895826.937912362,946371.0,10.0,Extreme Fear,16897.0,117479184.3
2022-06-04,29792.4076779077,19058302,567792711620.5787,449911995453.1583,0.2076122390352078,8060241.247439747,780613.0,14.0,Extreme Fear,16897.0,117327443.0
2022-06-05,29915.4093009936,19059214,570164211547.1091,449823011506.5768,0.2110641068017811,2458990.5994326835,742340.0,10.0,Extreme Fear,16897.0,117751444.7
2022-06-06,31333.6770197545,19060152,597224655957.9525,449717827856.7545,0.24698717079018784,5902886.29132697,957734.0,13.0,Extreme Fear,16897.0,124154787.3
2022-06-07,31175.0324289889,19061164,594232430617.5212,449190707419.6132,0.2440824763589256,13500641.024880521,946090.0,15.0,Extreme Fear,16897.0,117796258.5
2022-06-08,30228.464698422,19062277,576223376282.5609,448934868479.6006,0.22090132584371627,8026900.456710564,894223.0,17.0,Extreme Fear,16897.0,120968031.7
2022-06-09,30064.4855289305,19063189,573124993726.16,448347221435.8981,0.21771476319506136,7775773.642334194,916889.0,11.0,Extreme Fear,16956.0,120427476.4
2022-06-10,29070.4000300994,19064108,554201261619.542,447945070384.3943,0.19172852642853122,11227672.990348838,908421.0,13.0,Extreme Fear,16956.0,119138466.2
2022-06-11,28360.7899231444,19065071,540700474776.24445,447479522788.1893,0.1724077494598694,7961204.501893463,849994.0,12.0,Extreme Fear,16956.0,114742179.9
2022-06-12,26830.2839456458,19065864,511542566118.36273,446829977927.0216,0.12650479642854917,7647490.016554188,760134.0,14.0,Extreme Fear,16956.0,109795849.0
2022-06-13,22316.2570400351,19066696,425497289843.79254,442190223070.4799,-0.03923158531236625,29992257.4927091,1005439.0,11.0,Extreme Fear,16956.0,95413320.41
2022-06-14,22072.8663085915,19067608,420876774237.70087,439015347092.5479,-0.04309711052053166,23638847.21603126,1097038.0,8.0,Extreme Fear,16956.0,89076142.47
2022-06-15,22520.7910087668,19068639,429440851643.99475,437154485384.53625,-0.017962039966649666,24182454.091987118,1069858.0,7.0,Extreme Fear,16956.0,85129276.11
2022-06-16,20310.1769848042,19069383,387302554789.4731,435186884070.6166,-0.12363545938180574,10515914.721871601,893767.0,7.0,Extreme Fear,16923.0,85016487.27
2022-06-17,20464.9290873174,19070058,390267395813.8219,433817875914.4785,-0.11159138725857716,74413148.8141128,880351.0,9.0,Extreme Fear,16923.0,82223997.61
2022-06-18,19013.8672536528,19071033,362614100214.0374,431753546128.6143,-0.19066949099267375,17705395.223046336,936380.0,6.0,Extreme Fear,16923.0,76530014.9
2022-06-19,20492.2951683226,19071864,390826282788.88525,431758282522.0642,-0.10473195262379377,5877593.104527775,750949.0,6.0,Extreme Fear,16923.0,76879800.05
2022-06-20,20571.6292247224,19072689,392356302780.2893,431375310381.9027,-0.0994478929613708,6510791.940141426,834875.0,9.0,Extreme Fear,16923.0,80300217.87
2022-06-21,20688.4651312098,19073627,394604073217.6982,430652789988.7504,-0.09135414258931031,10594288.718502177,917352.0,9.0,Extreme Fear,16923.0,82544960.43
2022-06-22,20003.1683375219,19074433,381549105142.9287,429795004924.16895,-0.12644741956128364,9509449.144918788,881810.0,11.0,Extreme Fear,16923.0,80052091.23
2022-06-23,21097.1028331385,19075383,402435328229.8103,429724712436.1368,-0.06781060779719345,4695184.504544198,861825.0,11.0,Extreme Fear,16963.0,80442516.58
2022-06-24,21299.0769853887,19076189,406305235030.9727,429309251139.9262,-0.0566175725183553,9746515.848925078,885638.0,11.0,Extreme Fear,16963.0,82653749.77
2022-06-25,21468.3431566335,19077133,409554449388.36066,429452211412.1295,-0.04858392346484014,16735615.48913074,755500.0,14.0,Extreme Fear,16963.0,83374701.65
2022-06-26,21066.6209430158,19077996,401908911031.7579,429357048518.3136,-0.06829442376903865,1663831.2972002716,715607.0,14.0,Extreme Fear,16963.0,84000777.57
2022-06-27,20751.0516960842,19078846,395906120580.824,428790912707.9727,-0.08306209582944635,7085104.81021788,974966.0,12.0,Extreme Fear,16963.0,83057024.29
2022-06-28,20263.2196393922,19079758,386617338063.31665,428369422378.3379,-0.10799330553608918,9174825.280332275,909041.0,10.0,Extreme Fear,16963.0,82078729.01
2022-06-29,20080.9480864991,19080702,383158592239.25604,427932546446.7323,-0.1168548875435841,14252878.457866574,923528.0,13.0,Extreme Fear,16963.0,79826876.48
2022-06-30,19332.9121294565,19081771,368906202886.83093,426634887978.1192,-0.1564860786821675,15087772.554922076,963234.0,11.0,Extreme Fear,16981.0,76434808.69
2022-07-01,19341.8631240795,19082608,369093202527.21814,425871471852.0877,-0.15383179353101892,7964404.333684387,941571.0,11.0,Extreme Fear,16981.0,77908837.5
2022-07-02,19231.8317083577,19083471,367010103548.19855,425631536262.01965,-0.15972702698666305,3936360.601439161,848341.0,14.0,Extreme Fear,16981.0,77824827.45
2022-07-03,19276.5146639392,19084439,367881483560.8225,425370670052.4132,-0.15627094338953296,7662537.332619171,737759.0,11.0,Extreme Fear,16981.0,77785634.11
2022-07-04,20226.2984745763,19085333,386025652767.42596,425408637246.46216,-0.10202167704840016,3029502.4346235804,855494.0,14.0,Extreme Fear,16981.0,79656650.02
2022-07-05,20193.3427938048,19086071,385411575198.0108,425217012880.4946,-0.10328033781038673,4426134.7027595285,868675.0,19.0,Extreme Fear,16981.0,82278030.09
2022-07-06,20560.8438126826,19086864,392442045923.188,424487160746.8514,-0.08165566140671769,9438399.399925467,984023.0,18.0,Extreme Fear,16981.0,82539602.17
2022-07-07,21651.4191423144,19087846,413278955243.63446,424494753133.5646,-0.02713856524177048,4337408.910072038,1007918.0,18.0,Extreme Fear,16996.0,84566396.87
2022-07-08,21813.7871239042,19088771,416398388031.9428,424279160181.0868,-0.01892603904254171,6804124.270538529,946807.0,20.0,Extreme Fear,16996.0,90136994.43
2022-07-09,21585.1321922852,19089608,412051723942.1753,423675728961.16986,-0.028210062823631837,4399376.80474918,782171.0,24.0,Extreme Fear,16996.0,90108039.23
2022-07-10,20831.2733915839,19090564,397680774443.7869,423552095550.4605,-0.06505549870460371,2146988.549365614,710613.0,24.0,Extreme Fear,16996.0,89194593.13
2022-07-11,19971.3294704851,19091333,381279312257.5393,422125410907.8391,-0.10712907135834807,19375257.597626843,838433.0,22.0,Extreme Fear,16996.0,86379133.8
2022-07-12,19339.1534734074,19092277,369228480764.2949,421762910938.5813,-0.1422816302402817,5818508.986271444,945981.0,16.0,Extreme Fear,16996.0,83803322.8
2022-07-13,20155.5278386908,19092964,384828783448.18054,421762842859.2521,-0.09597530382247231,2738708.835890431,810857.0,15.0,Extreme Fear,16996.0,83250862.05
2022-07-14,20552.8990289304,19093739,392431706090.7083,421425837857.1948,-0.07388325488609905,8103763.609612193,990479.0,18.0,Extreme Fear,17002.0,85789021.31
2022-07-15,20831.722700526,19094627,397773980878.7299,419881741329.07886,-0.05557869924400352,13817729.362279212,955069.0,15.0,Extreme Fear,17002.0,88747737.56
2022-07-16,21196.5091428989,19095552,404759048809.056,419914593024.47845,-0.03744337343418358,2438591.7737666825,791313.0,21.0,Extreme Fear,17002.0,88693532.87
2022-07-17,20827.8886085915,19096327,397736177732.8606,419840633051.5161,-0.055575671905566434,1626179.4860780286,727955.0,24.0,Extreme Fear,17002.0,90669481.18
2022-07-18,22305.7066428989,19097146,425975337395.7192,419984914198.9776,0.014062840429601308,6764434.53546102,874433.0,20.0,Extreme Fear,17002.0,93623184.41
2022-07-19,23371.2026601403,19098008,446343428109.6075,419535140194.7229,0.06006202001993258,41134697.73008374,998065.0,30.0,Fear,17002.0,94603223.86
2022-07-20,23280.9356680304,19098796,444637842059.80237,419679310683.01984,0.056132269941670164,9609003.36280774,920079.0,31.0,Fear,17002.0,100408639.2
2022-07-21,23152.4093112215,19099664,442203257040.29517,418971873503.8867,0.052535532397246724,35425558.42961923,965128.0,34.0,Fear,16943.0,97956602.76
2022-07-22,22706.0835554646,19100489,433697317234.9095,418176045060.18494,0.03578825959469228,9602206.624999437,852850.0,33.0,Fear,16943.0,99608862.16
2022-07-23,22484.4592317358,19101452,429485825393.22076,417928173742.75256,0.026910437940266034,5213373.507297727,776821.0,31.0,Fear,16943.0,97126908.79
2022-07-24,22653.3570260082,19102433,432734247159.82263,417853291351.8823,0.03438820917366472,2935579.6282632328,734545.0,30.0,Fear,16943.0,98279241.87
2022-07-25,21510.1255874342,19103321,410914834814.4,417268202552.92175,-0.015461519517520915,6775942.438882224,905603.0,30.0,Fear,16943.0,95013691.84
2022-07-26,21181.6591967855,19104321,404661217560.5519,416996596177.6955,-0.03048322419308146,6159409.006591338,962865.0,26.0,Fear,16943.0,91434213.99
2022-07-27,22898.4150683226,19105352,437482286876.7748,417273967412.9794,0.04619231468333132,4289816.123330573,890784.0,28.0,Fear,16943.0,92825861.54
2022-07-28,23838.5568838691,19106233,455465035198.2782,417517145136.4854,0.08331680179417698,3850971.3694583476,1016625.0,32.0,Fear,16958.0,100792595.5
2022-07-29,23950.7403798948,19107146,457630294323.8332,417484750844.4855,0.08772483810029304,4617012.1308009345,954956.0,39.0,Fear,16958.0,104854391.8
2022-07-30,23623.4349611338,19107952,451395468280.6938,417503243311.8175,0.07508321937295323,2475279.853722769,801682.0,42.0,Fear,16958.0,105266574.8
2022-07-31,23356.1722215079,19108902,446310812965.30927,417383029425.13824,0.06481533205071487,4770988.948048688,773541.0,39.0,Fear,16958.0,104957041.3
2022-08-01,23331.4426969608,19109752,445858090623.23004,417408037062.6193,0.06380966087402971,3387905.319629703,908302.0,33.0,Fear,16958.0,102875008.5
2022-08-02,23031.4268834015,19110721,440147174436.33093,417267853014.6398,0.051981070765684874,5948458.073612284,947567.0,31.0,Fear,16958.0,100831923.9
2022-08-03,22809.7474418469,19111627,435931391800.99524,417176989820.5989,0.04302145322206536,4406927.008393544,979238.0,34.0,Fear,16958.0,102374676.3
2022-08-04,22628.3320821157,19112452,432482917434.1972,416833741899.22095,0.036184494009193546,10329781.323829388,955783.0,30.0,Fear,17037.0,101337468.8
2022-08-05,23248.9715023378,19113389,444366654656.354,416903814421.8585,0.06180220758403568,3123990.8498166976,950479.0,31.0,Fear,17037.0,102780650.0
2022-08-06,22996.2750452952,19114396,439559908774.8549,416897149545.3449,0.051557839505144684,3579035.465157332,876047.0,31.0,Fear,17037.0,103212352.6
2022-08-07,23153.6584713618,19115389,442591206859.7122,416928017977.436,0.05798395558818837,4015909.037339907,712883.0,30.0,Fear,17037.0,102985281.2
2022-08-08,23803.6505154296,19116289,455037481431.16205,417021071656.15967,0.08354566673372706,4495307.079809529,923946.0,30.0,Fear,17037.0,106701838.7
2022-08-09,23186.2917464641,19117183,443256595044.3995,416474014646.1746,0.060422294214352607,10077631.35418705,953042.0,42.0,Fear,17037.0,104914241.0
2022-08-10,23923.0584830508,19118108,457363628806.6535,416813099772.1752,0.08866146427139862,16017530.916879104,1033613.0,31.0,Fear,17037.0,104894099.1
2022-08-11,23934.4390561075,19118983,457602146471.8296,416744828388.1697,0.08928567839699836,4473027.270298916,1012662.0,41.0,Fear,17074.0,110895848.2
2022-08-12,24396.3088462887,19119946,466456108837.4876,416905719603.5949,0.10622733478050762,5229456.378262165,961031.0,42.0,Fear,17074.0,109492026.7
2022-08-13,24426.2225748101,19120814,467049277993.6826,416918486323.505,0.1073351229350486,2309615.7656612876,828340.0,46.0,Fear,17074.0,111949906.8
2022-08-14,24314.2021315021,19121646,464927567024.4616,416888494634.7773,0.10332592815937887,1951500.2070311932,819073.0,47.0,Neutral,17074.0,112433901.3
2022-08-15,24083.9539748685,19122552,460546669354.09656,416772740295.8547,0.09504775948034443,3752111.426009836,918182.0,45.0,Fear,17074.0,110461014.0
2022-08-16,23868.8193530099,19123477,456454824955.0483,416745366888.1407,0.08699537368417166,3359092.4891201374,1032647.0,44.0,Fear,17074.0,109339178.1
2022-08-17,23336.3489310345,19124283,446290953861.4837,416501432025.3992,0.06674910521563109,5527987.158201843,913886.0,41.0,Fear,17074.0,108113966.7
2022-08-18,23221.1706028638,19125183,444109149908.8541,416460568520.8818,0.0622562750478047,6133388.95688322,1014144.0,30.0,Fear,17062.0,106918676.6
2022-08-19,20906.7663141438,19126296,399869001867.34064,415572759789.0614,-0.03927225628489851,8163291.473496412,999570.0,33.0,Fear,17062.0,98700318.01
2022-08-20,21146.6548021625,19127227,404476872929.2513,415508624073.53656,-0.027274120926599647,2897074.674597837,844049.0,29.0,Fear,17062.0,96935131.66
2022-08-21,21553.9961717125,19128139,412287851912.7856,415506464574.70447,-0.007806712341841549,1607583.6185808757,769158.0,27.0,Fear,17062.0,97913562.93
2022-08-22,21301.0840581531,19129046,407469417756.2075,415300173785.1551,-0.019218021494886224,5539812.14260954,886312.0,29.0,Fear,17062.0,97348596.09
2022-08-23,21534.5143521333,19130121,411957866200.9744,415180651723.0754,-0.007823094997119705,5141062.627530403,936789.0,28.0,Fear,17062.0,97412654.54
2022-08-24,21424.9728232028,19131033,409881873780.78394,415025827386.1249,-0.012549844075544726,3939225.9888327816,923697.0,25.0,Extreme Fear,17062.0,97520553.41
2022-08-25,21587.8395844535,19132027,413019136169.21893,414875704460.4138,-0.00449511445986422,3736697.4981791177,920757.0,25.0,Extreme Fear,17033.0,98560181.31
2022-08-26,20246.1655733489,19133127,387372463149.9432,414552901247.492,-0.07016615966072914,5988482.582821586,931907.0,27.0,Fear,17033.0,97883401.12
2022-08-27,20043.9909485681,19134033,383522395184.9963,414285071271.2893,-0.08021089895273081,3810356.023258118,844000.0,28.0,Fear,17033.0,92082562.37
2022-08-28,19673.5412188778,19135039,376453994131.22815,414253448445.29095,-0.10040922636853811,17678106.92111991,772045.0,28.0,Fear,17033.0,91556825.81
2022-08-29,20270.960383986,19136021,387905524509.7287,414309008661.3001,-0.06806679070874952,19099449.06987843,940481.0,24.0,Extreme Fear,17033.0,91284173.38
2022-08-30,19825.4632066043,19137033,379400554429.374,413788834666.8026,-0.09063845541593699,11159049.23520599,952599.0,27.0,Fear,17033.0,93192111.99
2022-08-31,20024.6716059614,19137946,383231084763.15125,413638693181.069,-0.07934536008922809,3790443.320857539,925078.0,23.0,Extreme Fear,17033.0,93354701.79
2022-09-01,20105.4626072472,19138808,384794599548.17676,413406086918.2999,-0.07435522069103513,5856924.410761917,969780.0,20.0,Extreme Fear,17066.0,92418542.04
2022-09-02,19948.8567472823,19139614,381813433743.0406,413081943989.9249,-0.08189473570992256,6234917.015791663,993737.0,25.0,Extreme Fear,17066.0,93083220.26
2022-09-03,19803.8332697253,19140533,379055935018.189,413034952970.8808,-0.08964117116662819,3316602.812380067,945920.0,21.0,Extreme Fear,17066.0,91924042.83
2022-09-04,19961.9118907072,19141583,382102604173.3211,413111120004.0316,-0.08115232791411466,17554531.24113425,774346.0,20.0,Extreme Fear,17066.0,92290562.62
2022-09-05,19797.7967884278,19142539,378980112875.2274,412994026910.2274,-0.08975118450660889,3417103.668964001,939069.0,23.0,Extreme Fear,17066.0,92628599.41
2022-09-06,18846.150537405,19143427,360779912602.8905,412394970415.0191,-0.143065220676355,11598014.088546937,931166.0,22.0,Extreme Fear,17066.0,92696638.39
2022-09-07,19292.9070745178,19144339,369349968667.36786,412240393854.5116,-0.11612407966865253,7133583.240686819,961941.0,24.0,Extreme Fear,17066.0,88425109.69
2022-09-08,19319.1248512566,19145133,369867225249.27484,412034168813.7873,-0.11400562333170698,4332184.507550213,934179.0,20.0,Extreme Fear,17075.0,90675933.48
2022-09-09,21363.3136152542,19146052,409023119671.52203,412334206827.9532,-0.00809511002480793,4684981.6111488445,1036226.0,22.0,Extreme Fear,17075.0,98539186.88
2022-09-10,21715.2107980713,19147033,415781869586.7868,412380428891.1758,0.008180829767761277,3030724.7891795174,897672.0,28.0,Fear,17075.0,100720143.3
2022-09-11,21732.7705686733,19148177,416142943959.8832,412352309790.4611,0.009108971386974859,2978965.190578749,862582.0,26.0,Fear,17075.0,102333648.6
2022-09-12,22365.2145601987,19149133,428274480375.1738,412435803018.3795,0.0369825382612558,4366594.763727988,987756.0,25.0,Extreme Fear,17075.0,105404633.8
2022-09-13,20165.0421607247,19149989,386160351593.0372,411104010426.1003,-0.06459404423618945,15856524.641210083,950171.0,34.0,Fear,17075.0,105566373.3
2022-09-14,20246.3660424313,19150783,387733773650.8521,410693429693.2214,-0.059215001639356946,7235696.159190744,987889.0,27.0,Fear,17075.0,96553930.87
2022-09-15,19696.8698661601,19151702,377228587819.4827,410141378620.9032,-0.08724893039434861,6784476.881034087,957592.0,28.0,Fear,17049.0,95892956.15
2022-09-16,19741.5776168907,19152502,378100610613.84644,410038933240.6759,-0.08447043387467054,3283774.803519445,937515.0,20.0,Extreme Fear,17049.0,94369350.36
2022-09-17,20120.7023459965,19153564,385383176104.3681,410005134659.898,-0.0638895522228554,2340974.3307367237,936221.0,22.0,Extreme Fear,17049.0,95396769.78
2022-09-18,19427.1002626534,19154527,372116922243.132,409869308437.67737,-0.10145302171955209,1630420.0608013817,779131.0,27.0,Fear,17049.0,95237638.06
2022-09-19,19557.9769582116,19155339,374639694336.75574,409605389836.3877,-0.09333152900824766,12858816.935457863,916643.0,21.0,Extreme Fear,17049.0,90939616.09
2022-09-20,18872.9498667446,19156289,361535696933.31805,409284021342.6359,-0.13207084338928948,5843870.971082413,968908.0,23.0,Extreme Fear,17049.0,92225544.84
2022-09-21,18506.7607481005,19157171,354537181139.716,408980770128.2947,-0.1535624241541074,7102218.096655486,915105.0,23.0,Extreme Fear,17049.0,91397357.77
2022-09-22,19414.5396449445,19157971,371943188369.2875,408974962536.40936,-0.0995629852222338,4737606.997711681,866821.0,22.0,Extreme Fear,17063.0,91513802.45
2022-09-23,19326.8648199883,19158814,370279823653.5956,408880444979.95074,-0.10424716352481263,4640268.681562207,987921.0,20.0,Extreme Fear,17063.0,91764540.61
2022-09-24,18924.7677872589,19159727,362593389924.53156,408820467249.4778,-0.12749012698374812,1558911.8752378786,814336.0,24.0,Extreme Fear,17063.0,92072058.87
2022-09-25,18793.1561531268,19160646,360089013117.9307,408725080554.0676,-0.13506679088875276,2602194.811253774,795079.0,24.0,Extreme Fear,17063.0,91885538.04
2022-09-26,19201.1317209234,19161583,367924089628.46576,408688410871.402,-0.11079546676082158,4669481.21103524,932798.0,21.0,Extreme Fear,17063.0,92371596.52
2022-09-27,19106.7389135009,19162389,366130778771.24414,408384026563.8689,-0.11540479588858679,11332785.913315203,955761.0,20.0,Extreme Fear,17063.0,97565176.67
2022-09-28,19454.937210111,19163327,372821329260.46625,408132692435.8695,-0.09471390289135921,5997583.830744576,867381.0,20.0,Extreme Fear,17063.0,92732973.54
2022-09-29,19540.8664105786,19164221,374485483302.57654,408028486743.8043,-0.08957090444578256,6084241.980797676,887558.0,22.0,Extreme Fear,17061.0,94594072.63
2022-09-30,19435.1946917008,19165277,372480895548.1934,407750851895.5208,-0.09468930291154756,8604217.143286292,993821.0,21.0,Extreme Fear,17061.0,95252286.39
2022-10-01,19311.861629398,19166408,370139029752.99066,407702135181.9384,-0.10148377341891017,2333611.8783983067,884590.0,20.0,Extreme Fear,17061.0,94848675.16
2022-10-02,19015.2928050847,19167389,364473529260.5652,407631981548.0813,-0.11841313242987743,2078259.1046010493,841556.0,24.0,Extreme Fear,17061.0,94790389.29
2022-10-03,19633.4325859147,19168352,376340552566.3757,407624094379.4985,-0.0831256201325933,4417340.579063703,989556.0,24.0,Extreme Fear,17061.0,94816453.43
2022-10-04,20339.9712811221,19169371,389904456531.8829,407634027604.3351,-0.04547157842244987,5426435.5608662665,938192.0,20.0,Extreme Fear,17061.0,98905607.73
2022-10-05,20155.0996987142,19170464,386382629213.3303,407528782979.9844,-0.05472853117053251,7507956.74419188,894638.0,25.0,Extreme Fear,17061.0,100115917.6
2022-10-06,19950.5477957335,19171458,382481100015.3665,407414414407.245,-0.06518835673416741,5138371.668663824,944081.0,26.0,Fear,17076.0,100413639.6
2022-10-07,19539.1439216832,19172527,374614770158.8371,407293576031.1583,-0.0872330951031786,6666489.784087171,946342.0,23.0,Extreme Fear,17076.0,98389440.61
2022-10-08,19416.1772291058,19173621,372278424332.8689,407061792432.29926,-0.09343374696442029,4772693.43431161,820789.0,24.0,Extreme Fear,17076.0,96552661.37
2022-10-09,19428.3671323787,19174608,372531334431.34155,407044377945.1532,-0.09264467260584891,1727747.7359097805,776456.0,22.0,Extreme Fear,17076.0,96696113.0
2022-10-10,19154.4042346581,19175658,367298315236.14954,406871884057.5682,-0.10774230966993503,4601216.475990543,917605.0,22.0,Extreme Fear,17076.0,96386042.49
2022-10-11,19039.2820683811,19176639,365109454180.19403,406747040178.0031,-0.11404137997823388,6628227.599634528,902571.0,24.0,Extreme Fear,17076.0,95421177.38
2022-10-12,19156.9115645821,19177496,367381595763.63165,406333354583.3113,-0.10602534059637723,9557360.527411107,876831.0,20.0,Extreme Fear,17076.0,95680441.28
2022-10-13,19387.8336806546,19178389,371827431607.6604,406261180904.1015,-0.09260680189076102,4852511.039124961,949993.0,20.0,Extreme Fear,17105.0,95565373.55
2022-10-14,19177.6941031561,19179364,367815991130.79425,406144302186.0517,-0.10420512424547636,4864867.5582677405,983980.0,24.0,Extreme Fear,17105.0,98078022.54
2022-10-15,19069.8749272355,19180314,365766204205.1008,406102775231.7554,-0.11027965559124235,1872342.6839226468,863932.0,24.0,Extreme Fear,17105.0,95495833.39
2022-10-16,19261.7497878434,19181214,369463760007.6106,406069172366.04,-0.09907713914261941,3246663.2498768996,767400.0,24.0,Extreme Fear,17105.0,96455496.83
2022-10-17,19557.0218106371,19182152,375145770807.70953,405738726019.768,-0.0815495137961709,23288537.649920657,876676.0,20.0,Extreme Fear,17105.0,97779550.3
2022-10-18,19341.4075543542,19183039,371026990805.9285,405968480433.8535,-0.09417506136690115,55440353.510441154,887436.0,22.0,Extreme Fear,17105.0,96737885.0
2022-10-19,19132.1544254822,19183983,367030935678.2938,405757041715.8933,-0.10551183094697852,7995619.68357841,925521.0,23.0,Extreme Fear,17105.0,95707827.12
2022-10-20,19033.3760239626,19184889,365153221445.965,405642344955.4624,-0.11088255869458052,3290653.872156814,894481.0,23.0,Extreme Fear,17087.0,95375114.62
2022-10-21,19174.8763487434,19185864,367886585087.2773,405568050809.1964,-0.1024268544964193,4619512.711749505,929251.0,23.0,Extreme Fear,17087.0,95916510.4
2022-10-22,19207.6285078901,19186714,368531290068.6409,405324333376.7773,-0.09983695903076087,13683238.734317867,835674.0,20.0,Extreme Fear,17087.0,96152911.39
2022-10-23,19565.4123243717,19187683,375414940106.9189,405327703647.84863,-0.07967920384950726,2470118.710065594,808800.0,23.0,Extreme Fear,17087.0,97853247.36
2022-10-24,19341.460210111,19188533,371134258050.436,405267004008.77344,-0.09196872888435681,4484706.7255397,923403.0,22.0,Extreme Fear,17087.0,96674944.8
2022-10-25,20094.9611215663,19189296,385608157973.91736,405423975889.8949,-0.05138848208008578,12205934.83814359,830671.0,20.0,Extreme Fear,17087.0,100544216.0
2022-10-26,20797.0308258328,19190264,399100528496.905,405643999996.2868,-0.01639554706686518,19296391.9941851,1053033.0,33.0,Fear,17087.0,104126504.0
2022-10-27,20280.1751280538,19191108,389199042193.5008,405609392664.3083,-0.042164416382732633,12449072.850510117,901087.0,32.0,Fear,17087.0,101499826.4
2022-10-28,20604.6138535944,19192102,395445856826.5595,405608562441.0848,-0.02569936045374368,4720107.543134178,942825.0,30.0,Fear,17087.0,103040810.6
2022-10-29,20803.8999205143,19192996,399289168894.40265,405644292721.827,-0.015916093704773333,3498439.167061421,884714.0,34.0,Fear,17087.0,104166529.6
2022-10-30,20616.7033766803,19193839,395713701712.4385,405561393913.7705,-0.02488590149574416,2999868.3052062285,833298.0,34.0,Fear,17087.0,103205916.0
2022-10-31,20490.8581808884,19194921,393320404925.8501,405481613995.8409,-0.03091934442679995,6355072.572263928,972865.0,31.0,Fear,17087.0,102520478.3
2022-11-01,20483.966530976,19195821,393206555819.78986,405383781977.00085,-0.030969031357635686,6837680.372182812,963108.0,30.0,Fear,17087.0,102505468.7
2022-11-02,20148.2845537697,19196583,386778227724.28796,405258534052.4194,-0.0477801101599363,18257688.51411051,873292.0,30.0,Fear,17087.0,100869423.7
2022-11-03,20198.1111860316,19197608,387755431897.23376,405221291588.0619,-0.04504349456916718,8111228.739274676,1016762.0,30.0,Fear,17087.0,101094567.5
2022-11-04,21157.2449275278,19198414,406185564037.474,405824170563.7808,0.0008897250559594844,38348527.59317489,950915.0,30.0,Fear,17087.0,105832593.6
2022-11-05,21283.4715999416,19199358,408629002328.9855,405856622431.2047,0.00678458915539414,9191909.59175431,933416.0,38.0,Fear,17087.0,106518031.4
2022-11-06,20946.8030359439,19200214,402183117558.0727,405679796765.9851,-0.008694246613689637,8998361.42720303,825050.0,40.0,Fear,17087.0,104691865.1
2022-11-07,20568.5651183518,19201114,394939380005.30835,404625941741.71655,-0.024526705177584485,20884341.06002921,919351.0,33.0,Fear,17087.0,103090842.5
2022-11-08,18520.971163647,19202133,355642161666.9058,403829635954.3339,-0.13549426778189605,13906201.744127799,1059839.0,31.0,Fear,17087.0,92910890.76
2022-11-09,15758.2912819988,19203064,302607488546.24896,401455771189.3432,-0.3266551106119992,26458268.21217531,1076548.0,29.0,Fear,17087.0,79630658.88
2022-11-10,17541.5602866745,19203983,336867835098.41315,401079216793.04126,-0.19061297934802618,16758468.340274956,1053637.0,22.0,Extreme Fear,17087.0,87887582.45
2022-11-11,16916.8506312098,19204821,324885089016.88824,400432967348.5846,-0.232537228963959,47377058.59915497,977570.0,25.0,Extreme Fear,17087.0,85556293.49
2022-11-12,16771.2426718293,19205864,322106219198.801,399483509635.7152,-0.24022290109573335,31000185.55525695,927792.0,21.0,Extreme Fear,17087.0,84042926.92
2022-11-13,16320.4983375219,19206671,313462442858.77856,399214155238.7172,-0.27356295573365264,4513830.725465339,897887.0,22.0,Extreme Fear,17087.0,81767823.85
2022-11-14,16629.4784146698,19207439,319409705471.5393,398611333184.1527,-0.24796249567836187,14050823.239621056,948108.0,24.0,Extreme Fear,17087.0,83244366.9
2022-11-15,16855.59378609,19208408,323769131711.2906,397927391927.9619,-0.22904672790980973,14254159.211582478,997707.0,22.0,Extreme Fear,17087.0,84548549.86
2022-11-16,16659.6063345996,19209346,320020143054.31396,397040480681.353,-0.24067340540488144,35273272.05194617,955243.0,23.0,Extreme Fear,17087.0,83502882.01
2022-11-17,16675.1790204559,19210208,320333666507.68243,395389084783.5382,-0.23430387162897767,18932517.794603262,885271.0,20.0,Extreme Fear,17087.0,84526986.09
2022-11-18,16661.5229576271,19211077,320085805390.9074,391095048111.8016,-0.22184439773633055,75567840.21607678,971978.0,23.0,Extreme Fear,17087.0,83551863.29
2022-11-19,16696.0040581531,19211996,320763563932.05646,390899733243.0315,-0.2186537911326835,4095900.637811861,1109770.0,23.0,Extreme Fear,17087.0,83689201.01
2022-11-20,16246.8446992987,19212927,312149445980.31024,390616352955.6332,-0.2513760891963027,9319512.667570554,1019510.0,24.0,Extreme Fear,17087.0,81130216.62
2022-11-21,15778.0174047341,19213733,303154622282.4752,389896983881.7599,-0.28613240644722665,12878387.077216834,978810.0,21.0,Extreme Fear,17087.0,79196281.45
2022-11-22,16172.8893445354,19214521,310754322668.562,389433184343.0743,-0.25318670066716326,16431966.226110213,928080.0,22.0,Extreme Fear,17087.0,81078433.55
2022-11-23,16574.0617299825,19215402,318477263803.2961,389671083428.17255,-0.223544433830757,86631878.05676901,1061672.0,22.0,Extreme Fear,17087.0,83241865.3
2022-11-24,16583.5243445354,19216208,318672462215.19507,389445689880.48303,-0.22208767953566,8826635.789749281,997933.0,20.0,Extreme Fear,17087.0,83125440.94
2022-11-25,16522.3887767388,19216977,317510369981.2725,389215413223.3074,-0.22583527979342588,6015347.529093032,981952.0,20.0,Extreme Fear,17087.0,82600505.67
2022-11-26,16448.6413077148,19217658,316104372180.3676,388975719553.38007,-0.23052938771575238,4114668.949479855,893310.0,22.0,Extreme Fear,17087.0,82420540.73
2022-11-27,16436.0707688486,19218508,315876766516.8642,388890608281.8981,-0.23114660369025833,3726166.23718113,857686.0,26.0,Fear,17087.0,82418389.36
2022-11-28,16212.5814161309,19219377,311595719162.0544,388386662967.4465,-0.24644415530450448,9739824.623219341,940694.0,28.0,Fear,17087.0,81171993.3
2022-11-29,16443.0368199883,19220196,316038391254.851,388232747781.66223,-0.22843540064913895,8501369.77180895,964873.0,26.0,Fear,17087.0,82338938.61
2022-11-30,17176.8986914085,19221058,330158175368.59784,388082685114.1099,-0.17544472336886263,7222603.144223307,941581.0,29.0,Fear,17087.0,85869543.56
2022-12-01,16961.2918042081,19222014,326030202002.3078,387913739270.2624,-0.1898092167164211,13948805.692801222,1035543.0,27.0,Fear,17087.0,84925190.41
2022-12-02,17075.1091370544,19222796,328231340387.21686,387687983836.4443,-0.1811424935202287,9087071.164329732,971482.0,27.0,Fear,17087.0,85875997.68
2022-12-03,16899.5073831093,19223614,324869620157.6609,387592995499.7439,-0.1930724556874325,3141516.67839001,942108.0,27.0,Fear,17087.0,84904677.31
2022-12-04,17121.7149824664,19224489,329156234952.8267,387413924101.7924,-0.176990993827946,5679146.497343541,854339.0,26.0,Fear,17087.0,85722449.61
2022-12-05,16961.3517866745,19225402,326088811565.3417,386292762813.19885,-0.18462440020207044,16828044.495260764,968963.0,26.0,Fear,17087.0,85066330.56
2022-12-06,17070.5158281707,19226246,328201937426.9811,385974965395.103,-0.17602890592617354,7716838.996852304,945078.0,25.0,Extreme Fear,17087.0,85413052.0
2022-12-07,16848.2518243717,19227321,323946746873.71234,385904947438.6676,-0.19126044994398136,5344836.378189377,923181.0,29.0,Fear,17087.0,84299790.98
2022-12-08,17231.4563223261,19228364,331332728114.2949,385770071504.7172,-0.16429811718341286,5971018.876050415,886391.0,25.0,Extreme Fear,17087.0,86224620.34
2022-12-09,17136.1490008767,19229314,329516403511.38513,385432752025.0936,-0.16969215467835286,11559931.799062489,945942.0,26.0,Fear,17087.0,85788892.05
2022-12-10,17124.2146797195,19230277,329303396749.6183,385438594088.6815,-0.17046649956588492,4498414.754685036,937078.0,27.0,Fear,17087.0,85661010.37
2022-12-11,17094.3606592636,19231196,328745001101.7373,385331093342.56665,-0.1721276127429769,4771334.6914269095,776310.0,26.0,Fear,17087.0,85220078.75
2022-12-12,17195.5249962011,19232089,330705880798.60724,385279787905.93774,-0.16502248758184268,5748391.426274593,909723.0,27.0,Fear,17087.0,86089884.29
2022-12-13,17774.9166320865,19233121,341867123149.1872,385135974566.3174,-0.1265662840537261,11125394.473507812,975737.0,27.0,Fear,17087.0,88962869.22
2022-12-14,17809.7240835769,19234046,342553053071.74634,384820704168.8972,-0.12339008722335951,12893082.995010708,929316.0,30.0,Fear,17087.0,89235593.4
2022-12-15,17344.0544569258,19234914,333611409678.30414,384692619213.4751,-0.15311589488029714,5526569.809509293,916384.0,31.0,Fear,17087.0,86764014.84
2022-12-16,16606.1101750438,19235727,319430606757.385,384452570793.5127,-0.20355583547920122,8184258.872907025,880665.0,29.0,Fear,17087.0,83427383.79
2022-12-17,16774.3853702513,19236589,322681970430.2863,384347612087.938,-0.19110346194868733,6021007.6869630795,973490.0,28.0,Fear,17087.0,86134566.36226615
2022-12-18,16776.1159254822,19237496,322730463766.4382,384296117219.814,-0.1907649272859821,3996896.298983393,806020.0,26.0,Fear,17087.0,86242673.16709694
2022-12-19,16424.1313857393,19238346,315973123086.9211,383715453970.5252,-0.21439269967581667,14191587.722797586,966009.0,29.0,Fear,17087.0,86548440.82204449
2022-12-20,16901.8169362946,19239221,325177792099.0056,383668096764.407,-0.17987176888018555,4218723.659139851,953831.0,29.0,Fear,17087.0,86841853.67370166
2022-12-21,16800.5329707773,19240114,323244182974.44977,383394190948.473,-0.18608225961108077,7036199.119391403,929009.0,26.0,Fear,17087.0,86875149.02374543
2022-12-22,16814.2225791935,19240958,323521759612.1768,383259131587.0383,-0.1846471533984977,6464236.937608468,905153.0,28.0,Fear,17087.0,86348469.67519552
2022-12-23,16780.5169798363,19241783,322887075498.71985,383110300530.8543,-0.18651482082122928,9507398.3525539,893033.0,27.0,Fear,17087.0,86441587.188323
2022-12-24,16837.612170076,19242339,323995054712.5408,383045451657.8638,-0.1822570933921028,3897044.709026732,760320.0,29.0,Fear,17087.0,86516539.75970317
2022-12-25,16824.8389736996,19243221,323764095416.9437,382860109867.474,-0.1825280050724166,6194443.685402297,756854.0,29.0,Fear,17087.0,85793460.55247678
2022-12-26,16879.9382273524,19244027,324837991984.59326,382833896468.5119,-0.17853793557087783,2723286.337555807,782542.0,28.0,Fear,17087.0,85985606.36152397
2022-12-27,16698.9112708942,19244746,321366306635.8622,382639505419.7223,-0.19066466371438348,4923799.058523646,865433.0,27.0,Fear,17087.0,84553196.87217504
2022-12-28,16536.2942001753,19245796,318254145516.21,382103412851.87866,-0.2006235212807826,17509413.793982133,916269.0,28.0,Fear,17087.0,84818584.35407177
2022-12-29,16630.5931551724,19246677,320083659681.556,381754073426.1129,-0.1926696720660823,13372807.262150176,951167.0,28.0,Fear,17087.0,85038776.44182459
2022-12-30,16593.6888287551,19247664,319389760287.93243,381634520347.82056,-0.19488652361232237,11223381.24084231,1071554.0,28.0,Fear,17087.0,84872653.43546756
2022-12-31,16524.2178024547,19248639,318068716373.0971,380838253667.5207,-0.19734583774908068,19812682.29316185,845887.0,25.0,Extreme Fear,17087.0,84758833.15547843
2023-01-01,16606.7520432496,19249608,319673476035.9514,380798448853.4354,-0.1912106489892509,4207334.817306036,720492.0,26.0,Fear,17087.0,85691747.52652179
2023-01-02,16688.7192729398,19250583,321267584622.2947,380774896577.926,-0.1852266297752773,5244100.84618056,852672.0,27.0,Fear,17087.0,86067546.36654115
2023-01-03,16670.0773836937,19251546,320924762325.4083,380623729894.0271,-0.18602169286047726,8293825.583343492,984940.0,26.0,Fear,17087.0,86837559.39948219
2023-01-04,16848.3660391584,19252439,324372152812.53046,380430991294.7416,-0.17282259896893828,8260558.447612486,924789.0,29.0,Fear,17087.0,87103817.47595769
2023-01-05,16824.8001826417,19253421,323934961913.9049,380312604571.4109,-0.17404000582218715,30827904.71005852,937729.0,29.0,Fear,17087.0,86933477.06518772
2023-01-06,16957.8622738165,19254546,326515939975.4757,380132546413.8256,-0.16420823572159143,10882778.150375836,953581.0,26.0,Fear,17087.0,87801641.50588353
2023-01-07,16942.6285891292,19255508,326238929572.2466,380050804738.7902,-0.16494621054912098,8102644.716097605,807340.0,25.0,Extreme Fear,17087.0,87683666.15874729
2023-01-08,17059.2399444769,19256464,328500653419.78174,380045184483.4736,-0.15690845825449404,4265159.18670338,773840.0,25.0,Extreme Fear,17087.0,89094819.45071349
2023-01-09,17182.3198521333,19257414,330887060532.395,380014178128.9324,-0.14847095416028708,5715107.198252998,984100.0,25.0,Extreme Fear,17087.0,89202887.7764793
2023-01-10,17433.9146320865,19258471,335750540142.5334,379858397975.41614,-0.13137092144113308,12110991.033673832,1150952.0,26.0,Fear,17087.0,90578372.50264718
2023-01-11,17833.7107656341,19259389,343466387126.1171,379619976283.9406,-0.10526092366805105,10687145.556213003,945471.0,26.0,Fear,17087.0,94572814.22391298
2023-01-12,18869.7044842198,19260333,363436802261.10754,379833464666.3361,-0.045115580764571436,8243116.343311051,1050430.0,30.0,Fear,17087.0,98243539.10305382
2023-01-13,19868.7247454705,19261327,382698010256.19586,380178559101.9408,0.006583392353068228,8014028.929297321,1074197.0,31.0,Fear,17087.0,107726222.47352308
2023-01-14,21010.9227200468,19262396,404720714703.82,380439312244.1061,0.059995452611026796,5161980.904456104,983318.0,46.0,Fear,17087.0,107139754.91840516
2023-01-15,20876.0085561075,19263414,402143212079.66156,380514318131.1472,0.05378405826288029,5514310.786076655,811063.0,52.0,Neutral,17087.0,109859054.08891238
2023-01-16,21180.4119485681,19264333,408026520397.1042,380700055409.2028,0.06697227660914393,16427849.099147575,971751.0,45.0,Fear,17087.0,109619363.4158863
2023-01-17,21178.2993962595,19265308,408006472326.7114,380886698029.23486,0.06646898060911247,6933829.170303252,993453.0,51.0,Neutral,17087.0,110885935.70488948
2023-01-18,20709.6686040327,19266183,398996276480.8165,380825739089.7922,0.045540618953365045,10398307.794296335,953948.0,52.0,Neutral,17087.0,108612349.28404252
2023-01-19,21071.8334152542,19267089,405992906556.37225,380782874385.9539,0.062094760187436704,7834334.442275745,935852.0,45.0,Fear,17776.0,109708512.03730068
2023-01-20,22660.7169421391,19267914,436624763234.09106,381198914946.3689,0.12694160513751318,6123025.160680767,918882.0,51.0,Neutral,17776.0,117911300.76012212
2023-01-21,22803.172761543,19268777,439389257560.92,381382751930.46747,0.13201621257754598,4824027.401605596,905450.0,53.0,Neutral,17776.0,119665175.287296
2023-01-22,22716.2771966686,19269721,437736324760.0389,381528689241.5839,0.12840523470211712,2837298.3015443105,863602.0,53.0,Neutral,17776.0,119328666.34863394
2023-01-23,22929.0248936295,19270708,441858555945.5178,381613899233.8916,0.13634375956059233,5444447.80849279,932335.0,50.0,Neutral,17776.0,121391760.4675859
2023-01-24,22611.1268787259,19271514,435750666174.3317,381697937232.0048,0.12404508618858177,5928870.448120126,915811.0,52.0,Neutral,17776.0,119145225.34810238
2023-01-25,23109.0845189947,19272608,445372339767.23334,381913590237.68274,0.1424847119215268,6112434.910665924,922991.0,51.0,Neutral,17776.0,121814236.45783836
2023-01-26,23008.6894766219,19273577,443459755083.6571,381724852276.2476,0.13921196252806167,30091925.198855206,901563.0,54.0,Neutral,17761.0,120850108.31465696
2023-01-27,23070.4964582116,19274539,444673202073.5361,381503263867.2848,0.14205924240922618,12921335.20669719,928369.0,55.0,Greed,17761.0,121932499.108385
2023-01-28,23008.8094649328,19275589,443508372916.68994,381581251423.2,0.1396301068370642,2873536.4032746386,862388.0,52.0,Neutral,17761.0,122545359.2650713
2023-01-29,23774.9963679135,19276596,458301000954.9203,381735982946.66046,0.16706273355006476,3466321.6807616684,835444.0,55.0,Greed,17761.0,125091156.11697792
2023-01-30,22799.427261543,19277458,439515013883.47595,381760077595.744,0.13140606000559493,4751835.89278693,948343.0,61.0,Greed,17761.0,120813641.96679178
2023-01-31,23130.0519132087,19278177,445905241624.71954,381926462122.4497,0.14348066254873793,6662547.994472502,948426.0,51.0,Neutral,17761.0,122501586.35599747
2023-02-01,23727.2026075395,19279033,457437534999.0765,382453031763.48816,0.1639229348237453,10292890.810585449,1054557.0,56.0,Greed,17761.0,126790971.57510927
2023-02-02,23505.6048430742,19279939,453186646218.8484,382561942893.4941,0.15584021266868692,4172889.2151913955,1004623.0,60.0,Greed,17731.0,125238278.21687388
2023-02-03,23445.8131773816,19280771,452053355836.2577,382692364543.9199,0.15343540844647913,7870360.744662361,993120.0,60.0,Greed,17731.0,124006213.70334885
2023-02-04,23355.5243863238,19281621,450332370523.6734,382845062469.05566,0.14986110808809827,2887912.927171471,977809.0,58.0,Greed,17731.0,124837262.31314103
2023-02-05,22957.2251905319,19282571,442674325731.8283,382855384839.0654,0.13513081155965015,4045179.9467595355,809568.0,58.0,Greed,17731.0,121713807.81553346
2023-02-06,22745.1650371128,19283496,438606300035.37646,382889048182.6598,0.12703249325926855,4393932.308681967,915864.0,56.0,Greed,17731.0,122663256.22567768
2023-02-07,23266.2692036821,19284383,448675658984.3517,382995736107.132,0.14638619582327367,3911665.5371929496,933987.0,54.0,Neutral,17731.0,124355112.82638983
2023-02-08,22937.5799453536,19285246,442356872922.3357,383051172703.1703,0.13406754557101155,5930314.858182575,945889.0,58.0,Greed,17731.0,121152540.82894304
2023-02-09,21818.1989456458,19286258,420791425851.3377,382923608143.7352,0.08999189475163137,6848190.883056214,1074333.0,55.0,Greed,17734.0,117055072.91853043
2023-02-10,21620.5667837522,19287177,416999704775.9888,382819890935.5804,0.08196603846223273,6904107.912112264,916853.0,48.0,Neutral,17734.0,116125341.7648574
2023-02-11,21864.8626414378,19288102,421731707293.54126,382829108154.3698,0.09224489993609554,4016111.3901235983,883953.0,49.0,Neutral,17734.0,116611390.8378822
2023-02-12,21772.1373252484,19289114,419965256198.5884,382815667678.1066,0.08845871883962439,3872001.206904357,876806.0,50.0,Neutral,17734.0,117085787.42490228
2023-02-13,21798.7157168323,19290089,420499183592.7398,382786594328.4917,0.08968528533642375,4934912.835783969,970819.0,48.0,Neutral,17734.0,116875953.0773679
2023-02-14,22222.415043834,19291052,428693770731.15106,382839104965.9585,0.10696368572602759,3136930.547487777,912315.0,50.0,Neutral,17734.0,118964093.54899658
2023-02-15,24304.6129827586,19292071,468886320383.90247,383244054068.6257,0.18265038366902422,6415994.319140035,994080.0,53.0,Neutral,17734.0,132708333.9850692
2023-02-16,23742.4488354763,19293189,458067571580.2315,383327737280.40027,0.16316333863581609,6641981.587968733,1127027.0,62.0,Greed,17791.0,126712484.29552418
2023-02-17,24607.3356054939,19294221,474779372500.1836,383592339758.2554,0.19206190922267366,4799982.871387234,1052081.0,61.0,Greed,17791.0,131364981.3795811
2023-02-18,24636.5266127995,19295271,475368458600.6066,383689001587.0159,0.19285978140720023,2307791.4913307726,1054449.0,60.0,Greed,17791.0,132471237.591582
2023-02-19,24366.9907606663,19296283,470192362855.5045,383750107407.1847,0.18384444809641562,4650758.770033775,920448.0,60.0,Greed,17791.0,131158217.522204
2023-02-20,24797.8430359439,19297202,478528993543.54626,383889150933.735,0.1977724315281202,2965611.5598650645,910033.0,58.0,Greed,17791.0,133609063.27117772
2023-02-21,24400.3893898305,19298246,470884718038.0478,383949852061.3672,0.18462027465851252,5162956.0701313345,1015220.0,60.0,Greed,17791.0,128747420.45508575
2023-02-22,24163.7389812975,19299121,466338923499.14374,383891034871.01807,0.17679821364573925,7653582.925450064,942922.0,59.0,Greed,17791.0,130822353.74147992
2023-02-23,23910.0342104033,19300189,461468198265.0323,383983847350.7294,0.16790832218908786,4039907.822646825,1079195.0,56.0,Greed,17836.0,128710809.20583594
2023-02-24,23175.8242036821,19301033,447317360387.61804,383866745320.5564,0.14184697641083993,9370965.651918456,964183.0,53.0,Neutral,17836.0,124557111.87683436
2023-02-25,23159.8154403857,19301702,447023862836.7966,383828687582.3776,0.14136868410868436,3395121.853091948,817375.0,52.0,Neutral,17836.0,125195775.74724068
2023-02-26,23542.0964281122,19302752,454427255856.1704,383898638197.7011,0.15520331747176744,3509317.8580450136,918618.0,51.0,Neutral,17836.0,127206329.45119272
2023-02-27,23504.1894178843,19303627,453716112393.23895,383976883723.5959,0.15370674914273175,9392982.479646007,971028.0,50.0,Neutral,17836.0,126706269.73249924
2023-02-28,23145.9491277031,19304483,446820594068.47943,383585448975.6286,0.14152244979818332,14408685.169492401,985104.0,53.0,Neutral,17836.0,127810563.3466956
2023-03-01,23610.6590902981,19305546,455816666219.8621,383447918990.1624,0.15876722505533136,14584547.445560431,1086910.0,50.0,Neutral,17836.0,127164461.2006455
2023-03-02,23470.0254815897,19306446,453122780634.4051,383419656829.6163,0.15382833700658205,5206975.329098794,943944.0,51.0,Neutral,17916.0,121448092.05215923
2023-03-03,22350.0962340736,19307496,431524394644.0964,383277489477.6554,0.11180574207451945,5661235.88212435,1089648.0,50.0,Neutral,17916.0,120145682.6769586
2023-03-04,22334.2852638808,19308446,431240341970.6324,383283814633.4115,0.11120603215848192,4078075.478170959,907044.0,50.0,Neutral,17916.0,120832762.812652
2023-03-05,22419.8171390999,19309414,432913548766.2791,383072740906.7345,0.1151287780241145,10126239.863458293,995109.0,47.0,Neutral,17916.0,120426990.0837259
2023-03-06,22414.7033056692,19310239,432833295765.6005,383008433667.6812,0.115113283994912,7647134.515959001,928914.0,48.0,Neutral,17916.0,121117516.95496383
2023-03-07,22174.6484725307,19311271,428220646979.9916,381709243185.273,0.10861550960407519,25075514.981027447,1067378.0,49.0,Neutral,17916.0,118131291.96929634
2023-03-08,21701.3846227352,19312102,419099359776.772,381571242991.5429,0.08954467695970222,5533937.633788038,895631.0,50.0,Neutral,17916.0,117357325.6161708
2023-03-09,20349.8141732905,19312946,393014863153.9447,381208394172.1552,0.030040769672277947,8143342.663059721,930069.0,44.0,Fear,17940.0,108017920.4517472
2023-03-10,20240.406694623,19313796,390919086767.21344,380969154533.87,0.02545266417054863,5818113.24640573,993875.0,34.0,Fear,17940.0,110103062.17194396
2023-03-11,20585.2343290473,19314827,397600245892.05597,380949562560.5581,0.041877950286827385,6746122.023439815,975440.0,33.0,Fear,17940.0,110955754.56223585
2023-03-12,22065.9800359439,19315833,426222797380.9447,381101865700.1048,0.1058623141655002,3647284.256569988,891560.0,33.0,Fear,17940.0,120840678.09636268
2023-03-13,24154.4290946815,19316814,466586633300.22064,381750976185.894,0.18182187628109778,12592510.88703985,995257.0,49.0,Neutral,17940.0,131424616.9082434
2023-03-14,24769.0175691409,19317727,478481126765.00836,382227709330.4224,0.20116450169174158,14185682.871274548,1028332.0,56.0,Greed,17940.0,134020126.9452075
2023-03-15,24409.8017518995,19318646,471564320072.85846,382408829868.4549,0.18906326541123533,12020702.16947116,1015005.0,50.0,Neutral,17940.0,132221022.76162016
2023-03-16,25043.2388468732,19319483,483822440814.9443,382720091027.8756,0.20896581319538046,9603868.970441334,893376.0,52.0,Neutral,17954.0,139431416.29251897
2023-03-17,27450.6282933957,19320402,530357181878.11707,383871003275.8469,0.27620287535944893,9138152.99234609,1074437.0,51.0,Neutral,17954.0,149102571.3838313
2023-03-18,26985.7359915254,19321414,521402598639.8392,384008144087.9384,0.26350933982744973,4348438.752740369,972557.0,64.0,Greed,17954.0,147402550.79946327
2023-03-19,28185.2043319696,19322339,544604095293.004,384298292408.5311,0.2943529148421594,4716909.877465745,849038.0,63.0,Greed,17954.0,148577879.8235705
2023-03-20,27834.3361090006,19323302,537851290814.0443,384651040016.42926,0.2848375627503741,7858684.74569847,1023019.0,66.0,Greed,17954.0,150922394.91750503
2023-03-21,28172.7950558153,19324208,544416966953.3016,385075221148.1887,0.29268328409533334,7435680.100079283,985637.0,68.0,Greed,17954.0,153430451.25458655
2023-03-22,27341.5571297487,19325202,528381122591.8992,385221948877.3991,0.2709392285103845,9170545.911859287,944070.0,62.0,Greed,17954.0,150138119.83274403
2023-03-23,28387.8897495617,19326346,548634180786.51337,385877554130.3533,0.29665783204180746,11223237.257167412,915894.0,57.0,Greed,18012.0,153908175.42369324
2023-03-24,27464.1249453536,19327358,530808989942.73,386007882903.0305,0.27279324537310934,9136606.529662078,886593.0,61.0,Greed,18012.0,149668514.71173316
2023-03-25,27488.954880187,19328264,531313798861.26355,386078561937.0797,0.27335114810768846,3500365.0336312973,909390.0,64.0,Greed,18012.0,149480966.09665647
2023-03-26,28049.3916911163,19329164,542171314396.2761,386270616682.3798,0.28754877577301624,5146165.348691489,838165.0,64.0,Greed,18012.0,151780681.70659965
2023-03-27,27154.9963702513,19330089,524908518219.0681,386798443806.5076,0.2631126560512796,11213165.812275127,1055338.0,64.0,Greed,18012.0,145377306.9199039
2023-03-28,27283.9634029807,19330927,527424312861.66833,386964121063.8261,0.26631345649528637,5171764.838660638,977256.0,59.0,Greed,18012.0,148633699.17187437
2023-03-29,28389.2917784921,19331846,548817417987.5691,387310250505.87976,0.29428214591641755,4624296.0455802195,992610.0,57.0,Greed,18012.0,154799440.99437717
2023-03-30,28021.5583009936,19332814,541735596899.5904,381407265481.932,0.29595310394080476,91213768.49157289,1018397.0,60.0,Greed,18032.0,151747212.706296
2023-03-31,28514.6813062537,19333696,551294181194.3245,381853203768.82745,0.3073512893940216,15126048.191748908,1044871.0,63.0,Greed,18032.0,154043793.3014151
2023-04-01,28494.5638863238,19334571,550930169855.5913,382026797468.652,0.30657854956683883,4526256.486592552,1047870.0,61.0,Greed,18032.0,153607033.49250185
2023-04-02,28161.9980362361,19335502,544526377660.6107,382095028391.8816,0.29829840377350536,2630964.3332249518,1015069.0,63.0,Greed,18032.0,149623966.39805475
2023-04-03,27850.9799436002,19336321,538535489606.5007,382202977813.3079,0.29029193954779553,7126617.517887218,975912.0,63.0,Greed,18032.0,150833478.68336678
2023-04-04,28113.9585187025,19337333,543648993145.6279,382366199645.9512,0.29666714283139256,9749023.748092221,1126607.0,62.0,Greed,18032.0,154417171.25106716
2023-04-05,28190.3116063705,19338202,545149948602.26044,382702573994.11206,0.29798659070711836,12376757.447828969,962257.0,62.0,Greed,18032.0,151561911.26778662
2023-04-06,28049.0744763296,19339202,542446725484.44476,382775649223.9984,0.2943534705972247,10060211.64058622,1038298.0,63.0,Greed,18004.0,151408237.51419267
2023-04-07,27936.8042609585,19340089,540300302991.46466,382708111584.6083,0.29167518606656406,8053178.62285447,974883.0,64.0,Greed,18004.0,151812503.5276153
2023-04-08,27964.0512498539,19341008,540852954175.4301,382769575307.13873,0.2922853201556439,2215167.4426212204,873000.0,61.0,Greed,18004.0,152146992.8602731
2023-04-09,28357.8072703098,19341921,548494469230.83563,382842313995.9447,0.302012444113043,1663833.7319170942,936841.0,61.0,Greed,18004.0,153545896.16846615
2023-04-10,29687.5651846873,19342689,574237364135.3862,383248738104.3553,0.3325952610530619,7768798.9805228915,948055.0,62.0,Greed,18004.0,162701306.50162205
2023-04-11,30247.0959193454,19343652,585089306396.4524,383947597022.5584,0.3437795002829906,20554568.399918042,1160423.0,68.0,Greed,18004.0,162439341.6689628
2023-04-12,29913.0035463472,19344652,578656652702.3198,384048711432.2053,0.3363098658959466,18744786.267063513,1046999.0,65.0,Greed,18004.0,163060314.54422927
2023-04-13,30370.82207218,19345539,587539947003.3406,384414699269.1271,0.3457215952212669,8517511.528147498,1020561.0,61.0,Greed,18032.0,167213986.01844522
2023-04-14,30458.9700414962,19346414,589271868650.3793,384831145953.7435,0.3469378627642115,12749764.434414452,1016870.0,68.0,Greed,18032.0,165209906.9118718
2023-04-15,30342.0591084161,19347402,587040024028.3141,384919494132.5359,0.34430451353011926,3438022.565904033,1052383.0,68.0,Greed,18032.0,164837131.64475712
2023-04-16,30312.9308533022,19348177,586499960479.8864,385017480111.5271,0.3435336640150873,3357583.480156463,838013.0,68.0,Greed,18032.0,162827277.23336196
2023-04-17,29469.5050727645,19349146,570209757525.9329,385002330733.4329,0.32480578304392976,6650646.686186196,987873.0,69.0,Greed,18032.0,161223299.2504204
2023-04-18,30366.8723813559,19350183,587604554265.946,385380704146.34894,0.3441495622378582,5851901.236847222,1149961.0,58.0,Greed,18032.0,165128356.96724513
2023-04-19,28796.7440952659,19351052,557247300912.3866,385535833078.3841,0.3081423051360816,27228242.680831257,994818.0,63.0,Greed,18032.0,156794212.84698018
2023-04-20,28251.2763790181,19351883,546715410483.5472,385511707813.7183,0.2948585307431719,5152158.208261785,953756.0,52.0,Neutral,18070.0,151843732.2385667
2023-04-21,27292.0211052016,19352789,528176747528.87756,385525086049.7903,0.2700831911788921,6762747.212156808,1036355.0,50.0,Neutral,18070.0,147537407.40916643
2023-04-22,27827.5475920514,19353721,538566593462.2161,385603304878.381,0.2840192660307782,2365454.1995994495,921038.0,53.0,Neutral,18070.0,148706517.34438676
2023-04-23,27604.6855742256,19354639,534278745942.56757,385690532283.489,0.2781099094573586,3201933.420188382,842549.0,56.0,Greed,18070.0,149102501.3608889
2023-04-24,27520.1996729982,19355521,532667803932.51953,385699761896.3286,0.2759093771975177,5372177.452838443,983636.0,53.0,Neutral,18070.0,147159370.63612133
2023-04-25,28302.6942180012,19356302,547835505045.75793,385834226482.0336,0.2957115358015964,5099102.894675651,906982.0,53.0,Neutral,18070.0,152519979.69548732
2023-04-26,28384.2340333139,19357114,549436876550.1787,386006532107.9252,0.29745062884822193,5835508.357898435,893665.0,56.0,Greed,18070.0,0.0
2023-04-27,29465.5514272355,19357927,570392002234.6526,386223346604.9368,0.3228808519547771,5154843.385210759,897822.0,59.0,Greed,17974.0,156420258.04044324
2023-04-28,29350.811886616,19358846,568197848607.9028,386423225719.5392,0.31991431036515794,5748031.407426141,955033.0,64.0,Greed,17974.0,158366348.89478764
2023-04-29,29221.5145075979,19359702,565719821475.2703,386587659434.3999,0.3166446626772488,10225754.741568234,811292.0,64.0,Greed,17974.0,158235631.8783142
2023-04-30,29362.0867974868,19360627,568468419088.7294,386641281700.6418,0.31985442160456606,2251079.8324115565,782782.0,60.0,Greed,17974.0,153604974.14060768
2023-05-01,28114.9531873174,19361764,544355110834.45856,386572654141.0175,0.28985207184253586,4596523.198588263,933809.0,63.0,Greed,17974.0,151779291.01239657
2023-05-02,28690.5809959088,19362571,555523412854.7778,386731376722.61865,0.3038432444543682,5034773.51585922,815626.0,55.0,Greed,17974.0,154262473.61380008
2023-05-03,29045.0427735243,19363452,562412300150.5288,387426522804.99365,0.3111343356087704,14740981.065966459,964920.0,64.0,Greed,17974.0,157637978.2822299
2023-05-04,28855.8574465225,19364364,558775350066.1409,387478467276.0152,0.3065576940175505,5301264.17484468,904617.0,64.0,Greed,18040.0,158054036.58735937
2023-05-05,29552.9695236704,19365108,572296462652.096,387643814600.4727,0.32265208698987746,4779134.420649735,831530.0,61.0,Greed,18040.0,158455916.85804442
2023-05-06,28899.4629602572,19366039,559668149741.6301,387664594125.8814,0.30733132785053763,1756802.3526392549,767118.0,60.0,Greed,18040.0,156009654.6013245
2023-05-07,28761.738434249,19366908,557025957850.4767,389532063400.8479,0.30069315817161507,26501993.305304945,567445.0,64.0,Greed,18040.0,152356752.03776208
2023-05-08,27727.2854091175,19367764,537015542206.8179,389682193865.6341,0.27435583658478563,8757839.430253388,691575.0,60.0,Greed,18040.0,148581124.16110587
2023-05-09,27642.4281092928,19368708,535398133524.2049,389642109050.7105,0.27223857415054825,3217696.794539814,761548.0,51.0,Neutral,18040.0,149035462.42621905
2023-05-10,27646.004902104,19369771,535496785261.89923,389606700637.81226,0.27243876833496855,8016003.111611085,899670.0,52.0,Neutral,18040.0,147149947.29258397
2023-05-11,26986.271065751,19370714,522743360194.43964,389531901013.57965,0.25483147051606864,8320927.663967647,832817.0,52.0,Neutral,18015.0,142257663.78774816
2023-05-12,26773.3443591467,19371596,518642411698.29175,389588227393.9701,0.24883075775028585,8320119.59069196,809108.0,49.0,Neutral,18015.0,143492446.15780616
2023-05-13,26841.3982913501,19372502,519985049999.40936,389594448291.8397,0.2507583664332614,2458428.357285354,719504.0,48.0,Neutral,18015.0,143873276.8365414
2023-05-14,26918.261597896,19373589,521503358191.35657,389663906444.7674,0.2528065249739255,7864220.297018604,836690.0,48.0,Neutral,18015.0,144984083.01093775
2023-05-15,27231.6216052016,19374508,527599285483.39417,390087562769.9628,0.26063667350770026,32107030.0454992,813853.0,50.0,Neutral,18015.0,144097271.36856443
2023-05-16,27025.7181864407,19375464,523635851280.1882,390239542154.0551,0.2547501451629122,9820116.384909295,813434.0,54.0,Neutral,18015.0,143238117.49878412
2023-05-17,27401.0440610754,19376464,530935365594.8756,390335979842.0834,0.26481450448353644,4365751.809665899,838435.0,50.0,Neutral,18015.0,144456345.6612534
2023-05-18,26843.2350938048,19377346,520150655379.1641,390260268688.0311,0.249716856737303,4483820.899929928,813710.0,51.0,Neutral,18091.0,142339341.749887
2023-05-19,26889.503631502,19378283,521072425754.7721,390223180686.9364,0.25111527419302776,4632156.84853382,898269.0,48.0,Neutral,18091.0,142391914.2623042
2023-05-20,27100.8582878434,19379102,525190305041.6288,390275315574.7301,0.25688781413473494,3230723.3122035977,741142.0,48.0,Neutral,18091.0,143564737.39378276
2023-05-21,26777.0977831677,19380046,518941387988.47986,390290615026.0385,0.24791002594939932,3390963.3747033593,777170.0,52.0,Neutral,18091.0,141858254.66923463
2023-05-22,26858.7370637054,19380946,520547733867.7361,390853560083.5764,0.2491494350009276,19153757.564214647,830833.0,49.0,Neutral,18091.0,146326459.3242833
2023-05-23,27226.8558763881,19381908,527708430563.25934,390956747563.8132,0.2591425019560171,5960396.459319207,851408.0,50.0,Neutral,18091.0,142907054.99832517
2023-05-24,26341.4306446522,19382789,510570413084.0999,390886500323.17535,0.23441215882051222,6272004.974272062,863939.0,50.0,Neutral,18091.0,140154361.36521745
2023-05-25,26484.8359234366,19383733,513375002522.1699,391177660895.1547,0.23802744782404583,36318713.21423474,934639.0,51.0,Neutral,18124.0,140870786.8897493
2023-05-26,26720.3838071303,19384689,517966351303.786,391222898525.8277,0.24469437533718014,8723617.099980345,962531.0,49.0,Neutral,18124.0,142965550.29161012
2023-05-27,26854.5403702513,19385596,520591271591.0566,391254983697.93726,0.24844113789659864,2449957.2053723377,887381.0,48.0,Neutral,18124.0,145138465.1772587
2023-05-28,28097.5211259497,19386596,544715291933.82446,391435626061.5981,0.2813940936522263,4986096.40457912,874230.0,50.0,Neutral,18124.0,149746410.73575667
2023-05-29,27765.0728693746,19387608,538298364014.0283,391537641909.5612,0.2726382465852013,6994526.518505039,905417.0,52.0,Neutral,18124.0,148249274.212409
2023-05-30,27712.4915844535,19388571,537305611918.3365,391704118696.5183,0.2709845011705326,10486607.99198849,956160.0,51.0,Neutral,18124.0,145284084.0100012
2023-05-31,27217.6832580362,19389452,527735971111.32263,391739830205.14136,0.2576973114411671,10362278.991466155,934567.0,51.0,Neutral,18124.0,143541893.30201986
2023-06-01,26825.3713451198,19390277,520151388922.441,391796222576.4628,0.24676501703068027,11403007.244817724,920709.0,52.0,Neutral,18132.0,144430869.86497483
2023-06-02,27255.2279941555,19391302,528514365153.0243,391921836089.31854,0.25844619951655845,5936746.212663275,982299.0,50.0,Neutral,18132.0,144587344.4064951
2023-06-03,27079.4084643483,19392114,525126997520.5505,391923910218.12,0.25365880621519116,3094159.8518109582,866525.0,53.0,Neutral,18132.0,144095021.04710647
2023-06-04,27158.25456955,19393039,526681111629.23505,391944844556.1122,0.2558213387534058,2952457.465737124,895565.0,52.0,Neutral,18132.0,143029685.3764457
2023-06-05,25785.8514842198,19393902,500088284277.59064,391774000408.9822,0.216590324696519,8954194.210083649,884878.0,53.0,Neutral,18132.0,137811247.11103448
2023-06-06,27213.7705187025,19394846,527806889513.4044,392076042843.7931,0.25716005108372925,6174507.223785858,1030676.0,44.0,Fear,18132.0,144189117.95247385
2023-06-07,26339.5790292227,19395689,510874304180.9258,392013298459.6535,0.2326619380707348,4868975.759222212,1002967.0,53.0,Neutral,18132.0,141245596.38978374
2023-06-08,26521.693600526,19396652,514432069043.15924,392053835073.2007,0.23788997874409615,9810786.15879406,974592.0,50.0,Neutral,18123.0,141911220.78229553
2023-06-09,26470.6775780245,19397708,513470488646.41705,392085854042.92847,0.23640041109952814,5027918.394187067,1025999.0,50.0,Neutral,18123.0,138221470.8189351
2023-06-10,25863.2138506721,19398671,501711977654.9247,391976457319.24207,0.21872214581880728,6120383.807060828,943821.0,49.0,Neutral,18123.0,138384712.27575642
2023-06-11,25906.8281516657,19399689,502584429713.9355,391974858830.9608,0.22008157106246248,3616696.8256310923,885081.0,47.0,Neutral,18123.0,138594690.01958463
2023-06-12,25906.7519354179,19400671,502608372142.7074,391933429395.2163,0.22020115239160154,8143550.12357564,978234.0,47.0,Neutral,18123.0,139997172.91864482
2023-06-13,25880.8599734074,19401589,502129828745.1334,391915373159.9725,0.21949394215555082,9010645.950422198,939394.0,45.0,Fear,18123.0,139136257.1675299
2023-06-14,25097.5853796026,19402346,486952036428.2535,391847157233.7478,0.19530646158108475,9219634.44962869,835411.0,46.0,Fear,18123.0,134314353.74829945
2023-06-15,25559.1433293396,19403271,495930985696.4377,391813626867.7077,0.2099432417648145,9659474.376623806,913181.0,41.0,Fear,18090.0,137333772.5689396
2023-06-16,26331.8200943892,19404227,510948622201.8117,391931578825.5365,0.23293348529525246,6319160.079566731,962059.0,47.0,Neutral,18090.0,144227932.8830435
2023-06-17,26514.1713495032,19405102,514510207303.49786,391937554069.2643,0.23823172309180402,2816852.6034023236,860690.0,47.0,Neutral,18090.0,143682717.37545162
2023-06-18,26353.962682934,19406046,511426213292.4636,392068228558.76416,0.23338261049486633,12857261.493090084,897404.0,49.0,Neutral,18090.0,143011895.6161377
2023-06-19,26778.0634415547,19406933,519680097673.2684,391971056765.5489,0.2457454912733878,10723161.606888399,909634.0,47.0,Neutral,18090.0,145378744.4022462
2023-06-20,28305.4204573349,19407783,549345473385.3487,392158589073.14825,0.28613484943005757,17450045.601512752,959473.0,49.0,Neutral,18090.0,156340067.73186845
2023-06-21,30099.5153509643,19408539,584187641498.5299,392714687155.9225,0.32775933748178965,21629514.99111087,915404.0,59.0,Greed,18090.0,164354688.32600904
2023-06-22,29952.5112866745,19409396,581360154104.5281,393043675275.38495,0.32392395230321197,7174441.583979863,1008212.0,65.0,Greed,18054.0,163135833.8479148
2023-06-23,30638.3537644652,19410177,594695878594.3104,393501555783.71625,0.3383146412350453,20001614.818133313,951874.0,65.0,Greed,18054.0,167148731.7259322
2023-06-24,30549.0162872589,19411089,592989698300.0128,393732285045.9533,0.336021711380977,5520082.759169921,1013179.0,62.0,Greed,18054.0,168087505.20699286
2023-06-25,30467.4403705435,19412046,591435355345.3975,393887843299.5912,0.3340137011769254,5909183.307613632,951595.0,64.0,Greed,18054.0,164723122.34342924
2023-06-26,30255.8861241964,19412958,587356263070.3868,394130220233.5623,0.3289758788418145,5487046.731301276,1010313.0,55.0,Greed,18054.0,164578637.23199162
2023-06-27,30667.0762948568,19413833,595365514499.2747,394602479640.6018,0.3372097139813721,10099220.16401032,963926.0,59.0,Greed,18054.0,165805553.39695752
2023-06-28,30104.0432717709,19414508,584455205337.9717,394942300660.7837,0.3242556537204571,7412412.092018111,836792.0,62.0,Greed,18054.0,164458267.69307113
2023-06-29,30460.792978083,19415421,591409121033.1764,394994931860.804,0.332112208261587,18062415.813812792,982837.0,54.0,Neutral,18054.0,167552739.50032502
2023-06-30,30484.503257744,19416408,591899569542.8556,395336711413.2728,0.3320881923962118,6862440.399496634,1062608.0,56.0,Greed,18054.0,165696396.1679333
2023-07-01,30581.6889655172,19417239,593811987978.6649,395912849775.95416,0.33326901815566085,31970741.820227716,926042.0,59.0,Greed,18054.0,165831047.7644998
2023-07-02,30594.2164736996,19418308,594087935177.9323,396040609828.0458,0.33336365481074837,4157311.190544974,1010690.0,63.0,Greed,18054.0,166559861.02354977
2023-07-03,31135.3575993571,19419164,604622640172.267,396279926806.79767,0.3445830498608339,6834278.785890319,961193.0,62.0,Greed,18054.0,168734348.131401
2023-07-04,30799.9474558738,19420046,598136397775.7554,396391894786.0006,0.33728845751565495,4401440.58489202,963114.0,64.0,Greed,18054.0,167234152.32471007
2023-07-05,30497.8221282876,19421021,592298845379.2545,396494636831.98,0.33058347162891943,5221709.378126805,969986.0,61.0,Greed,18054.0,165932486.3375997
2023-07-06,29979.7298094681,19421889,582263008442.4951,396002568813.218,0.31989055964160973,22020907.896427523,974988.0,56.0,Greed,18054.0,164191325.20804024
2023-07-07,30329.8829786674,19422983,589096818015.5516,396154937560.9886,0.32752151183656464,4399692.1430572765,1033152.0,55.0,Greed,18054.0,164559656.31909466
2023-07-08,30263.6196341321,19424096,587843454441.8508,396228271095.2359,0.3259629445539219,2037228.127304637,1006754.0,58.0,Greed,18054.0,164809969.1195845
2023-07-09,30163.2210563998,19425152,585925162727.4409,396301289097.6186,0.323631558588705,3769703.6363913845,980068.0,55.0,Greed,18054.0,165217423.33832937
2023-07-10,30394.6555806546,19426114,590450068463.4009,396456325738.2669,0.32855232489004055,7264289.51561761,930844.0,56.0,Greed,18054.0,149987910.20089948
2023-07-11,30616.247094097,19426958,594780563099.6101,396697017592.395,0.3330363461693036,12457410.041199585,931508.0,57.0,Greed,18054.0,149305623.64535344
2023-07-12,30385.6087852133,19427858,590327309281.9508,396836963582.4425,0.3277679054605517,6933229.171165869,953165.0,64.0,Greed,18054.0,147364621.697888
2023-07-13,31434.7354704851,19428608,610733170170.7686,397028730875.948,0.3499145776461857,10780490.457135482,873562.0,57.0,Greed,18054.0,152632342.66009986
2023-07-14,30310.6720204559,19429471,588920324375.0593,397045094984.04114,0.3258084692434909,8354594.963332642,1002400.0,60.0,Greed,18054.0,147322998.15440568
2023-07-15,30290.8905958504,19430333,588562107651.5974,397091643238.2101,0.32531904776773246,2402943.3913632263,916326.0,56.0,Greed,18054.0,146718690.10649478
2023-07-16,30249.7729658095,19431302,587792482852.8846,397145132460.9543,0.3243446555604326,2670663.1830921583,925365.0,57.0,Greed,18054.0,147429890.96970114
2023-07-17,30143.7462744009,19432152,585757868345.1217,397076195632.1038,0.3221154728080389,10298116.065903815,951557.0,54.0,Neutral,18054.0,147213688.742546
2023-07-18,29835.7474076563,19433164,579802996154.1125,397229478192.0966,0.3148888832466254,11454871.001235848,1017135.0,56.0,Greed,18054.0,147779979.44396096
2023-07-19,29913.0294646406,19434089,581332500655.4375,397411488664.237,0.31637834076683186,9573357.723739387,961963.0,50.0,Neutral,18054.0,149131263.91854033
2023-07-20,29805.6065707189,19434889,579268678974.1841,397493070360.716,0.31380189402846886,7397391.999592536,904255.0,56.0,Greed,18054.0,147760497.80600086
2023-07-21,29919.6934921099,19435589,581506889503.9102,397381394680.4099,0.31663510466845834,9505470.399821378,856403.0,50.0,Neutral,18054.0,147849022.42934352
2023-07-22,29726.0096271186,19436427,577767424887.0975,397446199155.3276,0.3121000215043394,7017966.2069930285,925679.0,52.0,Neutral,18054.0,148254964.09150314
2023-07-23,30066.5724482759,19437346,584414373063.3284,397540653864.9058,0.319762360085166,3683459.539620516,895779.0,54.0,Neutral,18054.0,147313050.1213325
2023-07-24,29178.3597042665,19438283,567177229308.6871,397484692984.7433,0.2991878509135077,7196633.878824309,942591.0,55.0,Greed,18054.0,142476158.98489916
2023-07-25,29221.2548533022,19439146,568036240710.658,397506784928.1282,0.3002087605698961,4635967.878377841,941826.0,50.0,Neutral,18054.0,136654814.40966377
2023-07-26,29361.5917580362,19440046,570790695729.8635,397541878805.6406,0.30352424841594805,3757690.186307134,1017946.0,51.0,Neutral,18054.0,137631524.45253965
2023-07-27,29201.6865175336,19440908,567707316946.2822,397158284510.6287,0.3004171821371667,23108957.00105361,943039.0,51.0,Neutral,18054.0,136875823.3962021
2023-07-28,29316.3130751023,19441783,569961413142.741,395826432633.2919,0.3055206484054365,61339501.55226899,944840.0,52.0,Neutral,18054.0,137841539.03872004
2023-07-29,29360.376179135,19442608,570842300784.012,395868546608.6734,0.3065185497553779,3108868.2614586465,883630.0,52.0,Neutral,18054.0,137753000.261066
2023-07-30,29262.8367337814,19443658,568976605508.8788,395897443615.6449,0.3041938108130757,3109051.369441615,1013491.0,52.0,Neutral,18054.0,138505296.86313495
2023-07-31,29219.8201887785,19444539,568165956462.5994,395861166840.819,0.3032648958669573,7661468.819280363,916255.0,50.0,Neutral,18054.0,136557657.64780343
2023-08-01,29499.5875385739,19445408,573631531595.7037,395969450544.4554,0.3097146360783821,3782507.7579829325,988380.0,53.0,Neutral,18054.0,138600003.22392428
2023-08-02,29143.1519620105,19446371,566728546473.2296,395818699764.236,0.3015726802056667,10539843.247469312,1076907.0,53.0,Neutral,18054.0,136703808.3614603
2023-08-03,29192.3448617767,19447314,567712720130.3245,395860211824.8141,0.3027103360764223,3340026.0301492577,1035109.0,52.0,Neutral,18054.0,136772893.8138416
2023-08-04,29057.2532437171,19448071,565107525455.523,395899044099.1139,0.29942705367445455,5744832.2867672285,915811.0,54.0,Neutral,18054.0,136413099.57051393
2023-08-05,29053.0956975453,19449033,565054632806.81,395928334615.3436,0.2993096390544771,1785971.478867049,993100.0,50.0,Neutral,18054.0,136511255.89643294
2023-08-06,29048.0433275862,19450058,564986143338.4047,395980944230.9366,0.29913158242934207,3078167.471830802,980117.0,49.0,Neutral,18054.0,136779262.5299449
2023-08-07,29164.3585873758,19450971,567275094428.1968,396015865636.1112,0.3018980217432458,4298541.074135489,952715.0,49.0,Neutral,18054.0,137554474.5632085
2023-08-08,29779.511383986,19451752,579263678906.5635,396096922535.21,0.3162061821606092,8414640.767609062,876004.0,54.0,Neutral,18054.0,139696179.58941922
2023-08-09,29582.9442375804,19452764,575470056196.393,396190207202.1625,0.31153636416669944,5645119.971707873,1051782.0,50.0,Neutral,18054.0,139233897.87514344
2023-08-10,29430.1599117475,19453558,572521338831.0374,396209202995.5378,0.3079573177053805,6310953.943511455,953741.0,53.0,Neutral,17842.0,138599140.82655165
2023-08-11,29399.784739626,19454502,571958179688.7062,396304967613.0416,0.307108488545903,3743052.1970105185,967467.0,51.0,Neutral,17842.0,138686786.2997323
2023-08-12,29415.733902104,19455546,572299165378.9977,396392140259.4793,0.3073690051653775,5080702.387322008,929964.0,54.0,Neutral,17842.0,138535695.7918378
2023-08-13,29286.1176110462,19456389,569802119821.8785,396455178037.9303,0.30422305525668614,3796523.929728036,867958.0,54.0,Neutral,17842.0,138773974.92710242
2023-08-14,29408.9717127411,19457458,572223847950.8835,396532123978.166,0.30703320842335446,11649581.197023075,1004609.0,50.0,Neutral,17842.0,138276905.3366255
2023-08-15,29167.59721654,19458527,567558486566.7626,396569508391.65686,0.3012711151751795,6785199.865095246,1069685.0,53.0,Neutral,17842.0,137615612.92910892
2023-08-16,28754.2924079486,19459546,559545477103.0347,396546066906.3146,0.2913068139530424,7465327.136023467,956823.0,52.0,Neutral,17842.0,0.0
2023-08-17,26660.5627264757,19460521,518828442009.3487,396233469931.33386,0.23629192648579936,10255165.587637836,1053728.0,50.0,Neutral,17836.0,123930255.69161823
2023-08-18,26037.3658474576,19461389,506723325991.6367,395950631394.9274,0.21860587210966,11519408.451235937,1020222.0,37.0,Fear,17836.0,120478656.66202176
2023-08-19,26093.981808007,19462264,507847983502.5873,395923889504.8524,0.22038896999413735,2178962.0029666615,887935.0,39.0,Fear,17836.0,120958050.75279634
2023-08-20,26176.4721642315,19463277,509479936336.5263,395930096191.4664,0.22287401729998052,2797773.6200104035,932504.0,37.0,Fear,17836.0,120954132.85221346
2023-08-21,26128.9050160725,19464308,508581069175.07446,395790081472.3648,0.22177582796319611,6612625.110754296,1009275.0,38.0,Fear,17836.0,121304763.56547657
2023-08-22,25978.2096914085,19465202,505671106904.4416,395680581244.4192,0.21751396146271748,7475683.704512756,930845.0,37.0,Fear,17836.0,121617524.12876326
2023-08-23,26452.1935882525,19466089,514920775662.87823,395655552985.4731,0.23161858739117727,4895604.903035257,934855.0,37.0,Fear,17836.0,123510617.61625306
2023-08-24,26126.7943331385,19466958,508609222196.18933,395485496070.2781,0.22241776434457822,4768875.802508933,950085.0,41.0,Fear,17728.0,121781618.89654627
2023-08-25,26040.881255114,19467802,506958727861.3746,395360534186.6354,0.22013270024074857,4844663.26473433,921331.0,39.0,Fear,17728.0,122364021.52146864
2023-08-26,26006.1740800701,19468658,506305323225.95905,395336711365.8874,0.21917330663842827,2101539.4932507444,921637.0,38.0,Fear,17728.0,123349228.79033998
2023-08-27,26086.3612594974,19469383,507885372653.8266,395393633753.35406,0.2214904089729448,6614389.617585149,804867.0,38.0,Fear,17728.0,123076282.33431429
2023-08-28,26103.2765730567,19470121,508233954547.7687,395343493552.654,0.22212302028416356,6143844.9895147635,878193.0,39.0,Fear,17728.0,120440580.67237552
2023-08-29,27672.2221306254,19471108,538808840785.9547,395340833944.57855,0.2662688433844198,13996635.097664809,1051269.0,39.0,Fear,17728.0,127396763.82012215
2023-08-30,27298.997779661,19471896,531563246897.452,395339508587.14813,0.2562700470835672,5532276.876567106,880620.0,49.0,Neutral,17728.0,127066702.7783342
2023-08-31,25954.8665935126,19472796,505413823549.90106,395157086571.4734,0.21815140750209752,6442776.655967657,996890.0,52.0,Neutral,17693.0,121560331.06247838
2023-09-01,25802.7885298071,19473739,502476789814.12476,395071046615.99036,0.21375264564531574,6333374.498807025,1030029.0,40.0,Fear,17693.0,120984449.65046243
2023-09-02,25868.2960976037,19474689,503777042025.28986,395073292833.3432,0.2157774970350667,2024249.7678418686,969824.0,39.0,Fear,17693.0,121398154.68155298
2023-09-03,25962.5475689655,19475677,505638198208.5049,395061161522.39215,0.21868806011470518,3571933.643146454,872819.0,40.0,Fear,17693.0,121809129.06150477
2023-09-04,25799.5256870251,19476608,502487262452.11084,395032227073.1937,0.21384628707709388,5130142.379372698,925489.0,40.0,Fear,17693.0,121034585.8296228
2023-09-05,25782.3622200468,19477383,502172957655.2205,394939977446.1056,0.21353794260410658,6148947.337058939,939569.0,40.0,Fear,17693.0,121749656.17763127
2023-09-06,25754.7902676797,19478227,501657658768.17114,394885287186.32837,0.2128391139168973,6745113.425880566,1009477.0,42.0,Fear,17693.0,122256013.7560558
2023-09-07,26210.6045637054,19479139,510560030407.12134,394905513118.0667,0.2265248166740188,4096803.3371077273,999440.0,41.0,Fear,17668.0,124822001.05275404
2023-09-08,25904.6982127411,19479971,504622771112.9076,394868894554.0275,0.2174968765615276,4032695.9526585084,986362.0,46.0,Fear,17668.0,121904524.09582624
2023-09-09,25894.6205976037,19480914,504450897510.0177,394845531454.8946,0.2172765805277341,2793946.145452514,1111523.0,41.0,Fear,17668.0,121909524.70322444
2023-09-10,25831.4647802455,19481833,503244297071.5227,394849852462.7724,0.21539130247380614,2052257.504576756,1054485.0,40.0,Fear,17668.0,122132297.91633362
2023-09-11,25135.0393781414,19482827,489701631256.6231,394683710773.4948,0.1940322727520896,5436460.147480354,1115222.0,40.0,Fear,17668.0,121593004.3970086
2023-09-12,25859.7018068381,19483708,503842893064.2925,394683316319.677,0.216653997202827,5476859.260700989,1045471.0,30.0,Fear,17668.0,122700459.0860865
2023-09-13,26226.8667524839,19484627,511020723787.01416,394717740338.5427,0.22758956346542375,3477765.5187727897,1049807.0,41.0,Fear,17668.0,124315184.37823153
2023-09-14,26556.056943308,19485639,517461759972.03723,394876923066.1417,0.23689641706571668,7219500.969703559,1124087.0,45.0,Fear,17641.0,127068570.68095572
2023-09-15,26672.6160818235,19486814,519764329683.8585,394970573487.5252,0.240096807474722,5850150.78179652,1240740.0,45.0,Fear,17641.0,126921320.9680004
2023-09-16,26555.6361031561,19487783,517510488277.32214,394997002478.3673,0.23673623737902416,2622467.2854916,1058662.0,43.0,Fear,17641.0,127310093.18103984
2023-09-17,26502.4321189363,19488714,516498340939.0274,395029176086.66296,0.2351782285138141,2203890.1687423303,1043496.0,46.0,Fear,17641.0,128186213.96144883
2023-09-18,26764.6319064874,19489689,521634373334.0216,395168897002.7505,0.24244084131758442,12556136.932679297,1125339.0,46.0,Fear,17641.0,129087024.27799462
2023-09-19,27215.0504848042,19490558,530436534778.41656,395497141995.3613,0.25439309688467165,29141878.9804528,1027880.0,46.0,Fear,17641.0,130609940.54417416
2023-09-20,27133.4037235535,19491471,528869953029.15027,395494165138.5181,0.2521901407457737,7514555.753603533,1064416.0,47.0,Neutral,17641.0,130977772.6484727
2023-09-21,26571.5952919345,19492333,517942398252.36725,395448732820.51373,0.23650055651973972,3312724.253787902,1083042.0,47.0,Neutral,17675.0,129349399.2819879
2023-09-22,26561.133454198716,19493139,517759887535.57544,395458311881.73926,0.2362129214682217,2659875.421635862,983637.0,43.0,Fear,17675.0,128244458.49079236
2023-09-23,26575.776386616,19494114,518071235646.1708,395483830516.5722,0.2366226817759915,2576318.6317631756,1090031.0,47.0,Neutral,17675.0,128525762.81695686
2023-09-24,26286.6410488019,19495027,512458784739.4971,395484762757.1772,0.228260350813934,3070597.4474081635,1057446.0,44.0,Fear,17675.0,122151720.05101652
2023-09-25,26288.8095005845,19495933,512524882999.7966,395493774733.74316,0.22834229546294996,5562270.986162723,1105224.0,47.0,Neutral,17675.0,121542340.27521566
2023-09-26,26194.5378880772,19496783,510709235264.3819,395481651048.13385,0.22562267580024767,5416732.3626956325,1027121.0,46.0,Fear,17675.0,115908765.80907616
2023-09-27,26336.0825973115,19497764,513494744103.3075,395478710017.31696,0.22982909843035798,4267639.511750546,1079190.0,44.0,Fear,17675.0,115674586.93761344
2023-09-28,27033.4254415546,19498677,527116038862.53094,395572740531.4931,0.24955282828216813,6832617.217528594,1037665.0,46.0,Fear,16947.0,118671400.8621498
2023-09-29,26911.2514739918,19499596,524758532807.4694,395641547604.6999,0.24605028242607296,8612122.123304872,1055075.0,48.0,Neutral,16947.0,119081321.99226794
2023-09-30,26977.6933126826,19500458,526077390082.90735,395712268773.1168,0.24780597639682936,3495577.5594966407,1018477.0,47.0,Neutral,16947.0,119591908.81917828
2023-10-01,27950.1453594389,19501339,545065281973.24866,395829220934.35876,0.27379483884687095,3650733.5049768486,932326.0,48.0,Neutral,16947.0,124033666.41908988
2023-10-02,27565.8892954413,19502321,537598822929.8245,395833977911.1387,0.26370006587084943,17731189.936022438,1032203.0,50.0,Neutral,16947.0,130034309.6557234
2023-10-03,27439.1422393337,19503346,535155086270.90454,395920548639.6171,0.26017605214501227,7841117.473568518,1086734.0,50.0,Neutral,16947.0,136173926.07223693
2023-10-04,27797.251176505,19504164,542162167793.7539,396101540186.4609,0.26940394642743964,11417239.072701935,887242.0,49.0,Neutral,16947.0,144919876.45766014
2023-10-05,27426.3450926359,19505046,534952123877.1265,396058908416.1911,0.25963672123458637,7657606.480060093,953504.0,48.0,Neutral,16519.0,144650211.11694092
2023-10-06,27941.9633760959,19506046,545037224201.01886,396244536391.5499,0.27299546013134635,9350577.886692684,920042.0,50.0,Neutral,16519.0,147232016.14225474
2023-10-07,27972.7515704266,19507114,545667676015.51587,396383537159.3283,0.2735806891591334,10171709.940476118,866698.0,49.0,Neutral,16519.0,147475556.02491653
2023-10-08,27936.3261157218,19508039,544982961590.78735,396429389807.0529,0.27258388289812113,2842333.30274157,788615.0,50.0,Neutral,16519.0,145641970.84694892
2023-10-09,27591.3467618352,19509014,538279992189.817,396569076435.38416,0.2632661771022328,15136704.646591617,958607.0,50.0,Neutral,16519.0,144437013.495752
2023-10-10,27419.7971803039,19510027,534960991410.2968,396583078265.81335,0.25866916535294127,6952395.331844146,908967.0,50.0,Neutral,16519.0,139890151.45822844
2023-10-11,26828.1725710111,19511027,523445207307.1888,396560602729.4225,0.2424028395073314,13489996.443035072,866739.0,47.0,Neutral,16519.0,139043195.7622182
2023-10-12,26741.3405990649,19512058,521778603339.96313,396515241186.9082,0.24006994796496092,6408532.019851803,899971.0,45.0,Fear,16505.0,139403516.98568055
2023-10-13,26842.4467703098,19512921,523774544482.89087,396519150996.7866,0.24295833928267785,5058683.2020938005,919317.0,44.0,Fear,16505.0,141379770.98520124
2023-10-14,26861.9892375804,19513833,524180386668.9453,396724513769.9894,0.24315269350101185,23312413.419890285,830652.0,47.0,Neutral,16505.0,141795726.4667669
2023-10-15,27130.3067092344,19514877,529444606405.63666,396779404875.3535,0.2505742809071909,2469467.2637634855,779037.0,45.0,Fear,16505.0,147194204.46359548
2023-10-16,28506.7936741671,19515758,556331702236.3507,397044692373.56226,0.28631661511016554,6240889.541416532,1025139.0,47.0,Neutral,16505.0,149888432.1372606
2023-10-17,28433.2051522501,19516771,554924355031.1538,397149910246.5253,0.28431703051809815,7956584.457220161,923337.0,52.0,Neutral,16505.0,0.0
2023-10-18,28328.0750195792,19517677,552898226619.875,397279545076.3968,0.2814599035610005,7907225.598616209,923760.0,50.0,Neutral,16505.0,152104178.21135062
2023-10-19,28690.358041204,19518552,559994253788.6808,397201703312.91516,0.2907039659324736,18450283.740659885,911129.0,52.0,Neutral,16417.0,156393209.754685
2023-10-20,29704.9853673291,19519389,579823188238.8053,397538890763.889,0.3143791093084758,9695118.837348392,960129.0,53.0,Neutral,16417.0,159276242.32208192
2023-10-21,29922.5464044418,19520327,584097899313.6604,397664088686.5379,0.31918247068888633,3870257.159048855,889257.0,63.0,Greed,16417.0,159585024.04618174
2023-10-22,29984.1593196961,19521283,585329275937.3711,397769753489.3795,0.32043420713516474,4233104.273726201,810757.0,53.0,Neutral,16417.0,163393050.36231714
2023-10-23,32954.1690482174,19522264,643340014257.5363,398759679086.32715,0.3801727387553743,14045942.993702024,1052873.0,53.0,Neutral,16417.0,179401389.92541096
2023-10-24,33880.9566537113,19523052,661459688554.0499,399895943013.50665,0.39543414370771607,21180027.71261918,1030593.0,66.0,Greed,16417.0,178014596.79033148
2023-10-25,34488.6589210988,19523952,673354931493.0576,400515313207.21826,0.40519435668327375,9963648.38389135,1085437.0,72.0,Greed,16417.0,180870970.5111298
2023-10-26,34181.4922521917,19524889,667389869251.6967,401204842557.0581,0.3988448715787303,14928103.825786244,1084798.0,71.0,Greed,16216.0,178232675.84260902
2023-10-27,33896.938528346,19525852,661866614956.1942,401503541997.4376,0.3933769540196385,9632897.691313086,1060419.0,70.0,Greed,16216.0,179031210.27846557
2023-10-28,34091.5890327294,19526852,665701423542.9589,401748465880.60834,0.3965035199377446,8769682.279213313,1028701.0,65.0,Greed,16216.0,178854004.6983917
2023-10-29,34574.3377206312,19527708,675157590143.8816,401972983206.8989,0.404623470023887,6032952.578466211,906239.0,72.0,Greed,16216.0,180447460.6511782
2023-10-30,34495.1050207481,19528683,673643989800.7286,402336995843.56494,0.4027453641164665,7374879.066579648,1105712.0,68.0,Greed,16216.0,181132538.7703648
2023-10-31,34636.4264736996,19529652,676437365771.6803,402670060969.6635,0.4047193704175446,10613736.95002466,1054273.0,66.0,Greed,16216.0,181636566.19036004
2023-11-01,35431.9794532437,19530583,692007234875.2705,403511134474.03516,0.4168975205197598,29630521.52039163,1042925.0,66.0,Greed,16216.0,186525808.49891105
2023-11-02,34882.9173366452,19531483,681315125961.268,403852222890.59906,0.40724606352926085,7002853.563338064,1078718.0,72.0,Greed,16185.0,182599917.0213862
2023-11-03,34708.2218804792,19532333,677932566522.3789,404229062297.733,0.4037326391158269,7771725.664007112,991167.0,65.0,Greed,16185.0,184168797.17166337
2023-11-04,35091.0763062537,19533383,685447452495.8964,404437722208.9793,0.40996538722798653,4308785.72086595,1121107.0,68.0,Greed,16185.0,186997292.38404107
2023-11-05,35105.0420265926,19534402,685756013529.3225,404590713642.51404,0.4100077787721595,4256823.583472834,1132351.0,70.0,Greed,16185.0,185376490.28993464
2023-11-06,35017.7151484512,19535196,684077930471.9435,404858612926.0629,0.40816887244593303,4899277.067243574,1000768.0,74.0,Greed,16185.0,183789504.3942411
2023-11-07,35418.4768901227,19536027,691936331271.7352,405244180561.21515,0.41433313695726603,7233232.396868989,962942.0,68.0,Greed,16185.0,187129575.3752616
2023-11-08,35797.8946090006,19536958,699381982973.284,405652253575.48785,0.41998469584398274,6111297.870578686,1006491.0,66.0,Greed,16185.0,194244611.1259384
2023-11-09,36675.3264333723,19537852,716557110725.072,406707574656.82733,0.43241429249751384,21984255.174714804,1000533.0,69.0,Greed,16217.0,193546640.7661511
2023-11-10,37367.4943722969,19538814,730116551892.4287,407332159024.33545,0.4420998154766535,9173202.811269768,1126341.0,70.0,Greed,16217.0,195825618.7286333
2023-11-11,36979.9312405026,19539814,722581007570.1815,407507357529.0057,0.43603920770166926,4000974.3433244023,1072884.0,70.0,Greed,16217.0,195644737.0335124
2023-11-12,37053.3410514319,19540821,724052706604.3068,407667234708.4698,0.43696469747297134,4163386.6370259086,1015437.0,73.0,Greed,16217.0,195218815.0127434
2023-11-13,36543.2680870836,19541577,714113097934.5897,407869976565.92426,0.42884400559855895,6890983.9935598625,962078.0,72.0,Greed,16217.0,193799533.1310393
2023-11-14,35590.6835645821,19542439,695528790822.708,407925156244.6561,0.41350356501829233,6509373.327641749,959901.0,69.0,Greed,16217.0,188633014.6368004
2023-11-15,37840.5534894798,19543364,739531740888.5149,408617651376.35095,0.44746434969050175,15755794.28098251,970942.0,60.0,Greed,16217.0,198564047.8162101
2023-11-16,36160.4044509059,19544289,706729423691.8627,408787008711.6255,0.4215791857424369,8970682.815860365,938169.0,70.0,Greed,16218.0,192419834.892108
2023-11-17,36569.7120534775,19545227,714763334196.8569,409044159506.5303,0.42772084138010197,6619310.356363197,1018940.0,63.0,Greed,16218.0,192616543.3398665
2023-11-18,36577.4249617183,19546158,714948147468.5243,409178438384.58,0.42768095863540345,4197053.894174185,867084.0,69.0,Greed,16218.0,193885570.3527156
2023-11-19,37442.7285119813,19547221,731901290750.535,409401730919.5343,0.44063258790033083,7461686.952284039,960190.0,66.0,Greed,16218.0,196843575.16792184
2023-11-20,37516.0503708358,19548258,733373452235.2518,409863905272.4287,0.44112524932119795,9067200.56172314,1070654.0,69.0,Greed,16218.0,199397836.57303688
2023-11-21,36035.0330862069,19549208,704456376727.1873,410208063829.81464,0.4176955772114833,13272584.652006457,1004116.0,71.0,Greed,16218.0,194726897.5891804
2023-11-22,37403.0347168323,19550096,731232921087.4546,410751691665.62463,0.43827516538126543,16051383.406658506,983283.0,62.0,Greed,16218.0,200149875.22428736
2023-11-23,37311.7192156634,19551014,729481974411.2373,410941217582.8523,0.43666707060922005,4261435.278487309,966211.0,66.0,Greed,16629.0,200795221.28604057
2023-11-24,37718.7841630625,19552064,737480111943.7224,411249652380.33826,0.4423583148616203,5341176.8205502145,1135376.0,66.0,Greed,16629.0,203028548.17509487
2023-11-25,37800.1260932203,19553058,739108078508.0209,411413846094.43353,0.44336443064602654,3049900.2758750226,1030991.0,73.0,Greed,16629.0,202899962.4881
2023-11-26,37482.7055260082,19553971,732935738542.7373,411574664856.7296,0.4384573664329089,6062938.612183455,978981.0,73.0,Greed,16629.0,200340653.93811148
2023-11-27,37229.2452197545,19554783,728009831814.944,411701734937.8624,0.43448327626086963,4487462.466373692,972020.0,66.0,Greed,16629.0,197731942.4328809
2023-11-28,37828.4655911748,19555702,739762211376.567,412054939368.80225,0.44299001350441963,6912950.1430252455,994152.0,68.0,Greed,16629.0,202376828.7688783
2023-11-29,37846.8531227352,19556552,740153962294.8558,412392931698.65814,0.4428281780455121,6715420.11276907,927484.0,72.0,Greed,16629.0,190937753.51544127
2023-11-30,37712.7114789597,19557389,737562198619.2906,412651822163.93115,0.440519290527075,32581614.61567595,967326.0,74.0,Greed,16604.0,192722750.66432464
2023-12-01,38703.5536820573,19558446,756981366439.1549,413298415225.1853,0.454017716222866,8422562.65864047,1117312.0,71.0,Greed,16604.0,196542727.663594
2023-12-02,39462.2799272355,19559239,771852195953.0682,413611964582.01685,0.4641306110798885,4725030.005407686,865744.0,74.0,Greed,16604.0,200850735.46893305
2023-12-03,39978.2226104617,19560271,781984870156.8173,413938316669.9548,0.47065687270017814,4470548.651339681,922008.0,73.0,Greed,16604.0,210682754.1699596
2023-12-04,41910.2994815897,19561239,819817418038.4231,415275773298.8416,0.49345334197403146,19322329.394567713,1040544.0,74.0,Greed,16604.0,210985517.77330968
2023-12-05,44067.0054763296,19562102,862043268961.0051,416469696346.02014,0.5168807514175262,13436252.032083342,865483.0,75.0,Greed,16604.0,219401882.77287427
2023-12-06,43745.8343907072,19562952,855797671289.1049,417755114918.3658,0.5118529426598076,21338734.8501705,866120.0,72.0,Greed,16604.0,221526715.4895286
2023-12-07,43282.6182261835,19563671,846766904942.1184,418429997622.00397,0.5058498446504518,10971881.517247275,907921.0,72.0,Greed,16605.0,218790272.5965276
2023-12-08,44205.0522089421,19564514,864850397954.3114,419114266694.5769,0.5153910229029945,10296171.760513162,936564.0,72.0,Greed,16605.0,223700860.58877376
2023-12-09,43740.0063927528,19565496,855794922084.4094,419490456472.2182,0.5098236205345903,5925241.842173971,955551.0,73.0,Greed,16605.0,221875236.88504395
2023-12-10,43732.7120900059,19566371,855690471555.9429,419729244628.4562,0.509484727736605,4704091.220190889,864229.0,74.0,Greed,16605.0,212007697.963355
2023-12-11,41209.8947904734,19567358,806368786965.7239,419992261954.6055,0.4791561023399855,11816912.25887411,1071567.0,74.0,Greed,16605.0,208431694.24927303
2023-12-12,41467.2735698422,19568258,811442330369.713,420887141303.97424,0.4813098533912968,19362531.127264626,900468.0,67.0,Greed,16605.0,205192092.2557424
2023-12-13,42939.0607583285,19569189,840282629597.5201,421399211663.0547,0.49850300741680553,6160538.997123816,764902.0,65.0,Greed,16605.0,214818449.5516212
2023-12-14,43033.1371560491,19570102,842162896217.3966,421799136189.78314,0.4991478037273925,4861253.082093416,701811.0,72.0,Greed,16594.0,214262637.05925828
2023-12-15,41978.0970195792,19571121,821558418007.7192,422369633866.2301,0.4858921476448659,14851651.979252316,882952.0,70.0,Greed,16594.0,212000151.1254968
2023-12-16,42203.2140450029,19572071,826004303614.913,422702962969.89215,0.48825573774860354,8321871.53324235,743285.0,67.0,Greed,16594.0,210197404.7819328
2023-12-17,41428.6657855056,19573008,810883629426.447,422784518733.58405,0.4786125858372214,2781443.297932948,707359.0,73.0,Greed,16594.0,0.0
2023-12-18,42635.7331911163,19574058,834554337590.6719,423517663666.35205,0.4925223624275536,17191547.905885257,934037.0,65.0,Greed,16594.0,215362185.39984167
2023-12-19,42271.863025716,19575071,827474721931.6718,423954246585.7127,0.4876529332569503,10133506.111611187,828993.0,73.0,Greed,16594.0,213547867.8583947
2023-12-20,43644.0,19575977,854373953061.7125,424732371351.65466,0.5028729869050962,11614872.575693984,790695.0,74.0,Greed,16594.0,218274950.47206447
2023-12-21,43968.0,19576889,860756690505.2832,425199234916.4605,0.5060169271912842,7967708.950956817,818059.0,70.0,Greed,16605.0,221581707.6754276
2023-12-22,43792.0,19577939,857357139501.3683,425712114849.70874,0.5034599990649179,16497328.898604307,1019741.0,74.0,Greed,16605.0,218580963.3277922
2023-12-23,43798.0,19578939,857518405140.1381,426010215347.7193,0.5032057471954792,6578550.396273286,908560.0,70.0,Greed,16605.0,216093753.3811208
2023-12-24,43057.0,19580008,843056427920.8146,426503680947.3201,0.49409829897248564,20142027.70151208,914956.0,71.0,Greed,16605.0,214146173.13246337
2023-12-25,43706.0,19580877,855801823054.0007,426748988859.26556,0.5013460156740775,4663504.059552599,707047.0,73.0,Greed,16605.0,212310006.9200445
2023-12-26,42473.0,19581746,831695499768.0515,427300873026.19,0.48622918706983703,7916538.947813949,746048.0,71.0,Greed,16605.0,210325436.01265445
2023-12-27,43334.0,19582552,848590321150.2716,428701221619.2704,0.4948077877695304,56035830.30603648,775268.0,73.0,Greed,16605.0,216142935.09009147
2023-12-28,42619.0,19583308,834621026878.1173,428983652023.957,0.4860138455550761,9137046.883232528,848674.0,73.0,Greed,16625.0,213503907.6716716
2023-12-29,41733.0,19584252,817309601026.0231,429448414868.7224,0.47455846067437935,31195695.836012553,922051.0,65.0,Greed,16625.0,210144348.157014
2023-12-30,42164.0,19585158,825788624890.1555,429749976989.97363,0.4795884030890617,9240003.227031743,807966.0,68.0,Greed,16625.0,210538591.14364243
2023-12-31,42321.0,19586133,828904757756.716,430009103638.01086,0.4812321927047995,5824738.263708988,793703.0,67.0,Greed,16625.0,210539702.536622
2024-01-01,43552.0,19587102,853057479150.5752,430304260707.8685,0.4955741304368606,3817020.2947031492,845486.0,65.0,Greed,16625.0,224404424.115005
2024-01-02,45034.0,19587921,882122436339.2222,431177274089.5351,0.5112047304012514,11850927.138604997,876861.0,71.0,Greed,16625.0,0.0
2024-01-03,42771.0,19588908,837837207376.9529,431570385390.8698,0.4848994749922807,10772285.971978445,958234.0,70.0,Greed,16625.0,0.0
2024-01-04,44413.0,19589971,870049384020.2952,435442323800.63074,0.4995199907060983,67832679.89222616,1025456.0,68.0,Greed,16659.0,0.0
2024-01-05,44020.0,19590833,862388492649.6216,436050436120.3107,0.49436890701013453,8817181.789739987,868879.0,72.0,Greed,16659.0,0.0
2024-01-06,43903.0,19591708,860134780249.86,436265080665.2415,0.49279451234548244,3796324.987078704,815325.0,70.0,Greed,16659.0,0.0
2024-01-07,43913.0,19592446,860363083172.8097,436455485151.63855,0.49270779547851246,4644601.2561592,726494.0,71.0,Greed,16659.0,0.0
2024-01-08,47030.0,19593214,921468891807.4843,437350900058.195,0.5253763811816584,8519968.178891176,809278.0,71.0,Greed,16659.0,0.0
2024-01-09,46307.0,19594164,907346989160.7202,438211873698.35803,0.5170404719106456,13119502.866222344,935495.0,76.0,Extreme Greed,16659.0,0.0
2024-01-10,46935.0,19594996,919691139370.712,439006740700.2633,0.5226585079414285,10854426.996233022,856843.0,73.0,Greed,16659.0,0.0
2024-01-11,46434.0,19596077,909924253114.6815,439744083997.13983,0.5167245158133871,11359761.779897612,968663.0,76.0,Extreme Greed,16638.0,0.0
2024-01-12,42449.0,19597127,831878456544.2223,439286370163.72205,0.47193443139686625,12419398.42452352,998633.0,71.0,Greed,16638.0,206272041.8881796
2024-01-13,42962.0,19598121,841974476334.0424,439466496767.76587,0.4780524717551969,4086605.7165707373,848148.0,64.0,Greed,16638.0,205002898.75850323
2024-01-14,42279.0,19598921,828622782860.3271,439545221125.307,0.4695472653937433,6076271.596711629,711613.0,60.0,Greed,16638.0,204789652.1142675
2024-01-15,42571.0,19599633,834375999642.9587,439746695149.55646,0.4729633937964056,6497127.794584903,799151.0,52.0,Neutral,16638.0,206547939.50883523
2024-01-16,43212.0,19600414,846973124120.2852,441923391615.4036,0.47823209611944817,104688541.72213419,777712.0,64.0,Greed,16638.0,207752526.2755375
2024-01-17,42699.0,19601171,836950402449.215,442124008318.1783,0.47174407584443956,25260823.472963173,843100.0,60.0,Greed,16638.0,207247445.8933583
2024-01-18,41322.0,19602058,809996263195.29,442948493267.927,0.4531474854950878,21981141.899076317,936785.0,63.0,Greed,16636.0,199432920.7923576
2024-01-19,41636.0,19602883,816185659278.4109,443282074263.93097,0.45688573521882714,16627511.282108301,854201.0,51.0,Neutral,16636.0,202339383.28691435
2024-01-20,41777.0,19603777,818987004052.0018,443372132724.48364,0.45863349414475985,3178233.3521111305,911943.0,52.0,Neutral,16636.0,202539082.8740585
2024-01-21,41601.0,19604652,815573140123.0869,443436305511.21014,0.45628873279926013,2571983.033589078,878379.0,56.0,Greed,16636.0,200803076.8835005
2024-01-22,39821.0,19605652,780716680038.0386,443360468568.9081,0.43211093101365994,26141988.557230316,983112.0,55.0,Greed,16636.0,194083283.0600781
2024-01-23,39447.0,19606614,773422133817.2195,443531918591.28815,0.42653319681680235,22404921.15570729,869624.0,50.0,Neutral,16636.0,192474645.30138063
2024-01-24,39869.0,19607552,781733502448.1971,444416414090.4931,0.43149882575239495,57749927.581288576,893063.0,48.0,Neutral,16636.0,192757761.47489145
2024-01-25,39949.0,19608683,783347298938.0448,444813265707.05316,0.43216340145670995,26183164.270014886,1102828.0,52.0,Neutral,16648.0,194102557.35326663
2024-01-26,41884.0,19609633,821329891397.5637,445315370607.0255,0.45781180586367926,16624632.813121913,908781.0,49.0,Neutral,16648.0,202930470.92673743
2024-01-27,42128.0,19610702,826159666282.5366,445524710400.1319,0.46072807886536565,4942923.924670273,979299.0,55.0,Greed,16648.0,206598600.5819697
2024-01-28,41821.0,19611702,820181001677.9805,445632365962.25275,0.45666582735938943,3000680.017389841,899984.0,54.0,Neutral,16648.0,205975213.3447753
2024-01-29,43157.0,19612677,846424314019.0616,446107358713.01807,0.4729506804987981,13755590.370652681,963016.0,55.0,Greed,16648.0,212536539.2969432
2024-01-30,43338.0,19613577,850013212809.4514,447200229538.35,0.4738902609992729,21758336.810663708,916025.0,61.0,Greed,16648.0,211142932.5623324
2024-01-31,42649.0,19614396,836534376921.9664,447861596150.0906,0.464622604275989,19900307.451209463,876782.0,60.0,Greed,16648.0,207456848.3493881
2024-02-01,42949.0,19615352,842459765716.7078,448094416817.09094,0.4681117899608149,10345869.161094893,948860.0,63.0,Greed,16665.0,212700062.66151264
2024-02-02,43152.0,19616527,846492385832.5868,448382515208.2826,0.47030531790635566,13241355.664851528,932784.0,63.0,Greed,16665.0,212991732.8022052
2024-02-03,43014.0,19617471,843825899528.3809,448475205259.551,0.46852163993756724,2108800.0526017733,818423.0,60.0,Greed,16665.0,211782192.19684908
2024-02-04,42526.0,19618439,834293770720.935,448585346618.2863,0.46231727676613,6834907.283167761,807380.0,60.0,Greed,16665.0,210719395.8158064
2024-02-05,42456.0,19619414,832961874535.2871,448823315944.9436,0.4611718379123366,11560900.577970928,854077.0,60.0,Greed,16665.0,209941971.5777766
2024-02-06,43179.0,19620477,847192589119.551,449519218907.26074,0.46940137970939316,26870771.279940035,861174.0,64.0,Greed,16665.0,211828784.7287129
2024-02-07,44165.0,19621477,866582544732.3925,450001094595.7366,0.4807175642630784,9690567.926442342,909344.0,62.0,Greed,16665.0,211880937.3667069
2024-02-08,45333.0,19622339,889539529925.4185,450649228009.9994,0.4933904420776184,8418381.52730411,817557.0,66.0,Greed,16636.0,219655736.15389115
2024-02-09,47299.0,19623377,928166122674.8314,451525087993.8765,0.5135298768579799,9831923.749651743,963041.0,72.0,Greed,16636.0,226150544.20248032
2024-02-10,47843.0,19624327,938886690773.2957,451954686785.68256,0.518627017267186,5878861.679652838,962140.0,74.0,Greed,16636.0,229631374.866066
2024-02-11,48122.0,19625183,944403082551.0925,452353500357.21735,0.5210164931532348,6269919.235775226,856030.0,71.0,Greed,16636.0,227996242.95318863
2024-02-12,50006.0,19626302,981432872562.3177,453604647078.836,0.5378138844131354,13913558.678307248,1009686.0,70.0,Greed,16636.0,237599486.4266601
2024-02-13,49579.0,19627146,973094273763.6152,454295169864.89874,0.5331437229531406,10759857.924483541,862962.0,79.0,Extreme Greed,16636.0,236737707.0546658
2024-02-14,51835.0,19628014,1017418146897.3197,456819117316.48615,0.5510016027239295,23809983.951205425,799661.0,74.0,Greed,16636.0,249823515.7416585
2024-02-15,51720.0,19628996,1015211675445.8981,457700806584.01843,0.5491572667513024,14575119.14494042,886946.0,72.0,Greed,16341.0,250070929.0643845
2024-02-16,52002.0,19629833,1020790604005.5798,458478151123.52216,0.5508597460395354,14483542.392565778,858413.0,72.0,Greed,16341.0,241346261.37973407
2024-02-17,51696.0,19630771,1014832339940.8187,458836985094.2268,0.5478691730291286,5590980.749761603,850975.0,76.0,Extreme Greed,16341.0,240093329.8748769
2024-02-18,52180.0,19631527,1024373094251.5847,459295815900.6919,0.5516322924937255,5065946.167925707,759402.0,72.0,Greed,16341.0,242960782.71834928
2024-02-19,51967.0,19632377,1020235750887.7559,460771317505.8645,0.5483677992023653,40958353.46337474,877518.0,75.0,Greed,16341.0,241220396.1845288
2024-02-20,52287.0,19633258,1026564189540.8966,461350843923.8567,0.5505874365925588,9223281.215287684,879965.0,72.0,Greed,16341.0,241150312.78175184
2024-02-21,51516.0,19634121,1011471379752.724,461984469171.02936,0.5432550258772805,13202434.072465165,828959.0,78.0,Extreme Greed,16341.0,241827223.8037036
2024-02-22,51462.0,19634964,1010454558278.7955,462875600180.2029,0.5419134919152986,20106380.485593494,860531.0,74.0,Greed,16213.0,240436141.5529488
2024-02-23,50773.0,19635958,996976523203.8105,463715080840.3639,0.5348786355066786,15106090.5087948,953945.0,76.0,Extreme Greed,16213.0,234885251.61082903
2024-02-24,51574.0,19636814,1012749086235.8323,464086519423.0985,0.5417556769683131,4575768.184980395,822973.0,72.0,Greed,16213.0,236234456.7695973
2024-02-25,51702.0,19637839,1015315593079.5885,464377996855.5199,0.542626942774513,4858860.941554103,908205.0,74.0,Greed,16213.0,0.0
2024-02-26,54675.0,19638671,1073744339383.7872,465818427987.9674,0.5661737986387927,11306366.14390168,884329.0,72.0,Greed,16213.0,257732783.1148381
2024-02-27,56918.0,19639477,1117839768675.157,468206929680.67377,0.5811502302914272,18754894.27453896,923179.0,79.0,Extreme Greed,16213.0,260402994.22540903
2024-02-28,61348.0,19640408,1204899783416.8784,475167914462.643,0.6056369824259138,48440873.346258715,1046938.0,82.0,Extreme Greed,16213.0,282372446.9897165
2024-02-29,61255.0,19641239,1203124143640.946,477531798210.791,0.6030901709231238,30933378.997015815,1005567.0,80.0,Extreme Greed,16137.0,278188452.567891
2024-03-01,62481.0,19642202,1227264441592.0806,480911256614.4565,0.6081437379619752,67343122.90153688,1065754.0,80.0,Extreme Greed,16137.0,281959636.0047423
2024-03-02,61856.0,19642996,1215037163357.7236,481367508108.6427,0.6038248683864154,6313011.812262981,845759.0,80.0,Extreme Greed,16137.0,282103790.241691
2024-03-03,62754.0,19643964,1232737366743.6077,482118557330.06354,0.6089040777569473,7484189.69033475,866349.0,83.0,Extreme Greed,16137.0,0.0
2024-03-04,67979.0,19644771,1335431890866.0808,485880160120.8425,0.636162530306409,28035689.432077657,900297.0,82.0,Extreme Greed,16137.0,303192941.2082961
2024-03-05,63187.0,19645814,1241360099449.83,489125223055.0704,0.605976361515204,45535434.422743805,1174926.0,90.0,Extreme Greed,16137.0,301094132.5162184
2024-03-06,66070.0,19646689,1298056794753.7312,496768255581.2696,0.6172985206895227,69392562.93536457,934042.0,75.0,Greed,16137.0,298745230.088737
2024-03-07,67182.0,19647814,1319979493555.739,500541328286.3601,0.620796133023241,33571741.955544606,1045624.0,82.0,Extreme Greed,16117.0,300861099.5321529
2024-03-08,68521.0,19648777,1346353869028.705,503859995576.9187,0.6257596110743036,29857001.968961418,965916.0,81.0,Extreme Greed,16117.0,308371812.3757032
2024-03-09,68497.0,19649796,1345952079692.3757,504921753714.5734,0.6248590411703395,10430909.935888799,940966.0,84.0,Extreme Greed,16117.0,312991800.92495155
2024-03-10,68470.0,19650689,1345482730261.6616,506001956447.6037,0.6239253428773482,20426443.54660581,873972.0,79.0,Extreme Greed,16117.0,0.0
2024-03-11,72497.0,19651752,1424693086128.5098,510872494988.4311,0.641415754759724,27911671.336951707,1139020.0,82.0,Extreme Greed,16117.0,0.0
2024-03-12,71109.0,19652633,1397479118749.3398,513335042107.67096,0.632670688799218,20981960.815208938,1039921.0,81.0,Extreme Greed,16117.0,332128481.6955514
2024-03-13,72985.0,19653633,1434420444279.7056,522529225577.3873,0.635721013555565,32856681.522796717,1101923.0,81.0,Extreme Greed,16117.0,331159312.61086977
2024-03-14,71456.0,19654514,1404433009189.4448,524697026074.7967,0.6263993920382002,37435046.75296549,1003406.0,88.0,Extreme Greed,15967.0,305440829.7921081
2024-03-15,68861.0,19655308,1353484201715.245,525716317792.5526,0.6115829670369833,16840719.939940725,969668.0,83.0,Extreme Greed,15967.0,315477139.91323835
2024-03-16,66305.0,19656208,1303304907574.2996,526020248263.4345,0.5963950989469846,7301868.43280956,930729.0,81.0,Extreme Greed,15967.0,302416594.8500872
2024-03-17,68209.0,19657121,1340792569356.424,527647400293.7883,0.6064660467598971,36949120.91571919,873076.0,79.0,Extreme Greed,15967.0,316556280.5877117
2024-03-18,67839.0,19658021,1333580489669.785,528596713175.3012,0.6036259398889452,16637205.455680018,907957.0,77.0,Extreme Greed,15967.0,299845245.8573097
2024-03-19,62373.0,19659002,1226190950144.2236,527965876087.4655,0.5694260538904102,13189325.894511178,998366.0,79.0,Extreme Greed,15967.0,280436810.11692154
2024-03-20,67583.0,19659933,1328677288769.7725,529550471810.2773,0.6014453800888023,14487198.358156165,952120.0,74.0,Greed,15967.0,0.0
2024-03-21,65420.0,19660683,1286201917512.0002,530351291264.85284,0.5876609387344467,25473211.13824521,822816.0,78.0,Extreme Greed,15883.0,0.0
2024-03-22,63028.0,19661527,1239226742347.4297,531410891389.4568,0.5711754167095997,37354598.79923496,902989.0,75.0,Greed,15883.0,291676332.82856494
2024-03-23,64749.0,19662502,1273127361097.0747,537056435306.3246,0.5781596942166617,162961827.3517912,927156.0,73.0,Greed,15883.0,290211608.0080101
2024-03-24,66956.0,19663564,1316593644412.0754,537728881147.48517,0.5915756669267473,12049332.171989404,913291.0,74.0,Greed,15883.0,303995718.39791644
2024-03-25,70369.0,19664389,1383763445482.3115,543739700056.2798,0.6070573320667833,70044740.41489135,917928.0,75.0,Greed,15883.0,317022334.074981
2024-03-26,70258.0,19665227,1381639539290.0696,544538841549.5258,0.6058748855513159,25825042.648542427,883192.0,81.0,Extreme Greed,15883.0,320657619.5630812
2024-03-27,69407.0,19666077,1364963426812.0493,545344601393.7705,0.6004694406593338,11935583.115381718,866771.0,83.0,Extreme Greed,15883.0,0.0
2024-03-28,70817.0,19667027,1392759871947.9585,547743794539.58984,0.606720580071353,41066768.922411755,947479.0,80.0,Extreme Greed,15828.0,0.0
2024-03-29,69928.0,19667927,1375338819882.7292,548393351092.23956,0.6012667255774841,8904716.337089023,852562.0,79.0,Extreme Greed,15828.0,319841616.9453083
2024-03-30,69744.0,19668896,1371787485760.4546,548813921280.6455,0.5999278846195271,5782729.745312189,833495.0,75.0,Greed,15828.0,321961626.5165182
2024-03-31,70932.0,19669752,1395214869786.8801,549336900754.73865,0.6062707525195383,8108315.257077398,699725.0,75.0,Greed,15828.0,321073890.2518754
2024-04-01,69770.0,19670689,1372424026995.1238,552492878357.5698,0.597432814137454,72573996.33151937,960059.0,79.0,Extreme Greed,15828.0,305227990.17483234
2024-04-02,65774.0,19671614,1293880791524.42,554087892324.638,0.5717627961136786,27066831.109895613,961310.0,79.0,Extreme Greed,15828.0,302877560.416671
2024-04-03,66212.0,19672502,1302555721954.6172,554937005654.2136,0.5739629435418899,10021503.48800125,969593.0,71.0,Greed,15828.0,301344723.8507501
2024-04-04,67934.0,19673364,1336490363981.5571,555588492194.1661,0.5842929308229319,9591372.34728119,976616.0,70.0,Greed,15731.0,307139790.62463766
2024-04-05,67733.0,19674289,1332598670682.768,555969597823.5828,0.5827929217888781,6095175.782885799,959099.0,79.0,Extreme Greed,15731.0,308759985.4324837
2024-04-06,69074.0,19675258,1359048808735.324,556733122236.3397,0.5903508993511328,7294502.677384965,920369.0,75.0,Greed,15731.0,315068606.64448994
2024-04-07,69212.0,19676321,1361837532164.53,557107724423.1842,0.5909146933718982,5303967.91807515,840435.0,78.0,Extreme Greed,15731.0,317234680.0533689
2024-04-08,71933.0,19677308,1415447835565.396,558486765453.3373,0.6054345830199729,9581385.507662276,897904.0,76.0,Extreme Greed,15731.0,322540916.4260583
2024-04-09,69306.0,19678221,1363818787742.7573,558980000085.9601,0.5901361639025943,11873308.2364796,902503.0,80.0,Extreme Greed,15731.0,315829650.1142041
2024-04-10,70587.0,19679164,1389093205382.6152,559709709395.4258,0.5970682836640483,7816146.707759275,852125.0,78.0,Extreme Greed,15731.0,321586214.45536864
2024-04-11,70221.0,19679989,1381948563392.6558,560228692457.1525,0.594609591632121,6542669.76622024,749867.0,76.0,Extreme Greed,15680.0,323583146.0806406
2024-04-12,67033.0,19680839,1319265733976.2883,560421713353.3917,0.5752017967871631,9292795.22279104,831521.0,79.0,Extreme Greed,15680.0,308028267.3782734
2024-04-13,64589.0,19681864,1271231965242.3794,560339609535.7615,0.5592152928368787,5148030.118176416,866882.0,72.0,Greed,15680.0,293693913.7841525
2024-04-14,65380.0,19682846,1286864474420.2014,560679879638.7539,0.5643054177159028,6630599.7194857355,848904.0,72.0,Greed,15680.0,298554022.6684748
2024-04-15,63415.0,19683727,1248243566410.5835,560733263886.5178,0.5507821718649448,9872602.845259119,866800.0,74.0,Greed,15680.0,288037538.0463049
2024-04-16,63813.0,19684758,1256143497030.232,561467783424.0397,0.5530225768381886,24558419.57290196,949038.0,65.0,Greed,15680.0,0.0
2024-04-17,61658.0,19685614,1213775637028.3193,561343348697.0393,0.5375229724734191,8928164.55494547,794322.0,67.0,Greed,15680.0,284122906.96673274
2024-04-18,63525.0,19686521,1250586249381.7803,562175200311.3854,0.5504706687849052,21010918.155092467,828634.0,57.0,Greed,15684.0,287263090.92628485
2024-04-19,64113.0,19687464,1262222430399.9731,562988830239.1777,0.5539701904514739,11728971.94072161,895458.0,66.0,Greed,15684.0,297573257.6310004
2024-04-20,64623.0,19687874,1272289492486.0332,563136223437.0641,0.5573835775875937,2593972.5047268467,513263.0,66.0,Greed,15684.0,301604557.85475427
2024-04-21,65037.0,19688311,1280468726079.9014,563357490568.371,0.560038071142069,3501265.5281906454,579036.0,72.0,Greed,15684.0,307609827.02202696
2024-04-22,67067.0,19688786,1320467855594.9424,564072848605.2878,0.5728234911472779,5699934.316446334,682700.0,73.0,Greed,15684.0,309593604.38322824
2024-04-23,66379.0,19689311,1306956819341.0022,564416774192.7251,0.5681442830855598,8103668.607994726,535269.0,71.0,Greed,15684.0,311460107.25307685
2024-04-24,64080.0,19689796,1261722130561.739,566827394776.5315,0.5507510084457575,22411431.997184925,840149.0,72.0,Greed,15684.0,298462224.5587794
2024-04-25,64583.0,19690242,1271654958500.4844,567149869879.3872,0.5540064810126156,6892794.54306023,826067.0,72.0,Greed,15702.0,300745223.26932734
2024-04-26,63802.0,19690658,1256303396486.237,567506143408.7002,0.548273016696475,7306610.092639286,874788.0,70.0,Greed,15702.0,295692339.8136231
2024-04-27,63517.0,19691096,1250719347488.4204,567829446153.8064,0.5459977114017871,9006749.22432695,884525.0,67.0,Greed,15702.0,299665534.3854996
2024-04-28,63030.0,19691533,1241157359339.5195,568337472238.2598,0.542090720437979,7068876.801798339,721232.0,65.0,Greed,15702.0,292337508.1728212
2024-04-29,63798.0,19691942,1256306574408.3074,568814864612.445,0.5472324381647495,8991220.96665126,864590.0,67.0,Greed,15702.0,299553771.9281779
2024-04-30,60749.0,19692383,1196292607973.441,568928520958.1067,0.5244236091018816,15088463.897711422,864726.0,67.0,Greed,15702.0,284167474.3182485
2024-05-01,58298.0,19692796,1148050623829.717,568361680073.3466,0.5049332596698732,9743750.80286919,793233.0,54.0,Neutral,15702.0,273575386.65815693
2024-05-02,59135.0,19693249,1164560289666.2327,568337854281.5757,0.5119721500683632,7969463.823022361,761983.0,43.0,Fear,15752.0,284012248.2322605
2024-05-03,62839.0,19693652,1237529416563.6802,568950429363.5631,0.5402530059096285,9207597.2462593,730435.0,48.0,Neutral,15752.0,302473086.3295049
2024-05-04,63820.0,19694092,1256877010152.5466,569236290691.2114,0.5471026312891797,3042554.4558394314,625305.0,67.0,Greed,15752.0,303467465.9957438
2024-05-05,64010.0,19694527,1260646692151.091,569384907901.8833,0.5483390299225556,2532271.7016649824,590888.0,69.0,Greed,15752.0,308271938.4772964
2024-05-06,63172.0,19694908,1244166762602.9055,569774544327.8325,0.5420432682707145,9842385.266596794,669797.0,71.0,Greed,15752.0,306338192.56412154
2024-05-07,62363.0,19695289,1228257357483.774,569834443606.4664,0.5360626662364656,4889598.696069968,714029.0,68.0,Greed,15752.0,302247120.3978192
2024-05-08,61216.0,19695686,1205691155188.9421,570174614579.5034,0.5270972901097942,7262983.063122741,698761.0,64.0,Greed,15752.0,297594746.07012784
2024-05-09,63149.0,19696139,1243791531912.621,570628943246.8838,0.5412181795695232,5228951.639624851,690029.0,55.0,Greed,15732.0,303427141.2910237
2024-05-10,60888.0,19696592,1199286149711.192,570540761996.6097,0.5242663628409238,4697295.524436939,617192.0,66.0,Greed,15732.0,294650921.3111684
2024-05-11,60777.0,19697089,1197130026468.95,570741990602.533,0.523241437451877,4597932.426438733,619134.0,53.0,Neutral,15732.0,294903041.4243792
2024-05-12,61507.0,19697502,1211534273656.7788,571022695051.5807,0.5286780510731566,8560839.593248757,577382.0,56.0,Greed,15732.0,295856052.38558173
2024-05-13,62879.0,19697961,1238588131846.104,571489297722.5009,0.5385961781575435,7030367.020059292,741821.0,57.0,Greed,15732.0,302908595.3330942
2024-05-14,61569.0,19698386,1212809968883.442,571754237100.826,0.5285706320280297,9780966.170875402,697325.0,66.0,Greed,15732.0,299715280.118505
2024-05-15,66221.0,19698827,1304476042300.272,573905284907.1204,0.560049195004675,41283879.30902665,736651.0,64.0,Greed,15732.0,320565188.8718608
2024-05-16,65261.0,19699271,1285594127665.8499,574466684997.9635,0.5531508174815821,7522651.927626554,694288.0,70.0,Greed,15645.0,318214194.0959989
2024-05-17,67053.0,19699755,1320927700175.3127,575294107020.969,0.5644772178336359,7968668.220769729,751695.0,74.0,Greed,15645.0,324334075.89387184
2024-05-18,66913.0,19700155,1318196499616.5168,575524301386.81,0.5634002202598484,3321765.034410046,640101.0,73.0,Greed,15645.0,325946235.6187861
2024-05-19,66253.0,19700636,1305226281295.586,575791414872.3918,0.558857017266881,4832620.948176028,657375.0,72.0,Greed,15645.0,324932370.240014
2024-05-20,71430.0,19701124,1407251299461.0256,577279998739.5878,0.5897818684120705,9431382.509868065,708056.0,70.0,Greed,15645.0,344491953.90038764
2024-05-21,70190.0,19701555,1382852174927.7617,578473548561.3862,0.581680848430813,10902635.3424277,754610.0,76.0,Extreme Greed,15645.0,338880057.8006717
2024-05-22,69181.0,19702033,1363006382674.636,579187687790.5469,0.5750660487341201,17456653.03018029,722431.0,76.0,Extreme Greed,15645.0,337676694.0557287
2024-05-23,67906.0,19702561,1337922152761.0479,579794784868.8683,0.5666453510225873,12238583.038469916,731550.0,76.0,Extreme Greed,15593.0,328676574.9842341
2024-05-24,68540.0,19703061,1350447846859.8096,580373893106.8394,0.5702359817475512,8848348.850837111,666107.0,74.0,Greed,15593.0,336570117.45147866
2024-05-25,69268.0,19703561,1364826309755.5483,580656134087.3229,0.574556754997401,2549753.5272228927,613764.0,76.0,Extreme Greed,15593.0,338983681.9720023
2024-05-26,68509.0,19704086,1349907273673.0405,581038703884.7885,0.5695713955938568,6760738.931071781,548475.0,75.0,Greed,15593.0,337372298.30967385
2024-05-27,69367.0,19704471,1366840042976.5005,581833863286.4845,0.5743219067393918,10622053.735013397,612315.0,74.0,Greed,15593.0,331788322.8867172
2024-05-28,68317.0,19704889,1346178956123.031,591858892088.9495,0.5603415954491731,518269161.94097334,658785.0,72.0,Greed,15593.0,333291958.68073106
2024-05-29,67577.0,19705317,1331626269077.8774,592152523846.9705,0.5553162793513954,6540470.421925613,564248.0,72.0,Greed,15593.0,329808038.68411064
2024-05-30,68372.0,19705702,1347318277311.7544,592542038365.1089,0.5602063385146216,8817859.823702954,653494.0,73.0,Greed,15601.0,332355361.2293889
2024-05-31,67475.0,19706164,1329673469540.6655,592830023085.571,0.5541536800833038,6287965.197088712,690971.0,73.0,Greed,15601.0,329813068.48077863
2024-06-01,67704.0,19706605,1334216013353.7139,593055180150.2975,0.5555028764348425,4077038.699662566,574551.0,72.0,Greed,15601.0,329559728.5458276
2024-06-02,67740.0,19707042,1334955087398.8328,593314867597.32,0.5555544353530296,4710442.699821677,549032.0,73.0,Greed,15601.0,337673844.4406931
2024-06-03,68808.0,19707533,1356035968162.3618,594397566381.4814,0.5616653390197445,16424413.466050785,683287.0,73.0,Greed,15601.0,340798538.25282675
2024-06-04,70600.0,19707952,1391381432024.9497,595413781339.4664,0.5720700538076537,9319827.465197377,659985.0,73.0,Greed,15601.0,350852994.7215365
2024-06-05,71185.0,19708336,1402937945851.8828,596367362388.8988,0.5749153666046316,10534087.925738815,597581.0,75.0,Greed,15601.0,351388368.1864052
2024-06-06,70760.0,19708752,1394591312392.145,597983596544.1567,0.5712123033963016,19064843.900489226,619404.0,78.0,Extreme Greed,15612.0,354061815.6620184
2024-06-07,69325.0,19709196,1366340015817.6118,598580637147.3118,0.561909458686882,7615724.4516046485,604495.0,77.0,Extreme Greed,15612.0,344289654.2078513
2024-06-08,69315.0,19709733,1366180180669.662,598884776949.4333,0.5616355840736342,5655501.107249152,771041.0,72.0,Greed,15612.0,344978745.94322115
2024-06-09,69654.0,19710211,1372895083660.1572,599149687903.747,0.5635866898828091,4484859.633311033,625266.0,75.0,Greed,15612.0,345643397.69777703
2024-06-10,69493.0,19710646,1369751925603.167,599558033759.3136,0.5622871393334237,6321263.035137266,685238.0,72.0,Greed,15612.0,337727621.54084384
2024-06-11,67329.0,19711030,1327123967146.2246,600827550500.53,0.5472709668618848,46135977.718765266,712795.0,74.0,Greed,15612.0,335716456.1087317
2024-06-12,68225.0,19711486,1344816178058.7688,601387490261.879,0.5528106368187978,10638404.876946459,687286.0,72.0,Greed,15612.0,338373448.00186664
2024-06-13,66700.0,19711939,1314786384324.563,601510780180.9215,0.5425030352060332,4404627.129306753,622810.0,70.0,Greed,15666.0,335741396.0723246
2024-06-14,66011.0,19712339,1301231262205.828,601696371135.5641,0.537594593204303,6773887.273678502,600482.0,74.0,Greed,15666.0,332019010.8370146
2024-06-15,66190.0,19712758,1304787488091.6277,602000378306.8588,0.5386218952886037,9887802.40305413,642196.0,74.0,Greed,15666.0,331366131.1217744
