date,close_usd
2013-01-01,13.331371422
2013-01-02,13.280606813
2013-01-03,13.3840811485
2013-01-04,13.4517211496
2013-01-05,13.4594067668
2013-01-06,13.5044965079
2013-01-07,13.5560616578
2013-01-08,13.7803506312
2013-01-09,13.8209552566
2013-01-10,14.1231728556
2013-01-11,14.2276211227
2013-01-12,14.214285656
2013-01-13,14.1607882671
2013-01-14,14.3179703203
2013-01-15,14.3136377516
2013-01-16,14.7078140479
2013-01-17,15.5985997396
2013-01-18,15.7157911239
2013-01-19,15.5881263998
2013-01-20,15.7195921373
2013-01-21,16.7810195207
2013-01-22,17.3001788387
2013-01-23,17.5363954229
2013-01-24,16.9010860722
2013-01-25,17.4072020292
2013-01-26,17.5536291761
2013-01-27,17.8646280148
2013-01-28,18.7942648743
2013-01-29,19.5147141861
2013-01-30,19.7374466864
2013-01-31,20.5116430307
2013-02-01,20.4430919562
2013-02-02,19.6359017054
2013-02-03,20.5789396832
2013-02-04,20.4404879614
2013-02-05,20.6593447276
2013-02-06,21.2085655319
2013-02-07,22.1177651789
2013-02-08,22.7873650499
2013-02-09,23.7338601537
2013-02-10,23.9002893571
2013-02-11,24.4972726949
2013-02-12,24.9797364074
2013-02-13,24.6416509348
2013-02-14,27.2823898203
2013-02-15,27.1712692291
2013-02-16,27.346163562
2013-02-17,26.9272513764
2013-02-18,26.9288676371
2013-02-19,29.4136243808
2013-02-20,29.8198072276
2013-02-21,29.8180689158
2013-02-22,30.4726565324
2013-02-23,29.8064545459
2013-02-24,29.8828484924
2013-02-25,30.352033095
2013-02-26,31.1555373507
2013-02-27,31.240261083
2013-02-28,33.3752939366
2013-03-01,34.6062570341
2013-03-02,34.143515924
2013-03-03,34.4517404845
2013-03-04,36.3762652507
2013-03-05,40.6729539903
2013-03-06,43.2849961852
2013-03-07,41.9474407158
2013-03-08,43.902928915
2013-03-09,46.8885866123
2013-03-10,46.066038459
2013-03-11,48.2750745772
2013-03-12,44.4135452582
2013-03-13,47.0161908516
2013-03-14,46.9255625535
2013-03-15,46.9025172478
2013-03-16,47.1570156996
2013-03-17,47.3334997838
2013-03-18,51.3654363913
2013-03-19,59.4986011114
2013-03-20,63.6874854982
2013-03-21,70.9175250053
2013-03-22,69.8460845418
2013-03-23,64.3831163705
2013-03-24,71.6904242065
2013-03-25,74.3140892496
2013-03-26,78.614197432
2013-03-27,88.8520799138
2013-03-28,87.6731739608
2013-03-29,90.2956993583
2013-03-30,92.1899599883
2013-03-31,93.8992384231
2013-04-01,103.580346911
2013-04-02,116.679944241
2013-04-03,131.384809378
2013-04-04,133.007120476
2013-04-05,142.626065488
2013-04-06,143.081822965
2013-04-07,162.852214577
2013-04-08,186.351161848
2013-04-09,230.682996695
2013-04-10,161.192889661
2013-04-11,82.901585038
2013-04-12,111.476373194
2013-04-13,97.6090718703
2013-04-14,88.8614913998
2013-04-15,80.874693166
2013-04-16,68.2831387271
2013-04-17,92.8640369135
2013-04-18,108.628345092
2013-04-19,119.012283239
2013-04-20,128.208288893
2013-04-21,118.483243756
2013-04-22,126.31427176
2013-04-23,142.127218053
2013-04-24,154.133277805
2013-04-25,141.008659278
2013-04-26,137.20960042
2013-04-27,128.226669605
2013-04-28,134.623569562
2013-04-29,143.810378193
2013-04-30,139.129647545
2013-05-01,116.11380104
2013-05-02,106.340984697
2013-05-03,96.3168402741
2013-05-04,112.497636369
2013-05-05,116.488715827
2013-05-06,112.118596195
2013-05-07,111.609212873
2013-05-08,113.136061855
2013-05-09,111.974532711
2013-05-10,117.691036884
2013-05-11,115.499777663
2013-05-12,114.88567556
2013-05-13,117.404456646
2013-05-14,107.865566569
2013-05-15,108.986852425
2013-05-16,112.91787405
2013-05-17,117.284616014
2013-05-18,118.16987668
2013-05-19,117.033880187
2013-05-20,117.81863647
2013-05-21,117.252040912
2013-05-22,118.978173583
2013-05-23,123.726156049
2013-05-24,128.971080655
2013-05-25,128.844915254
2013-05-26,130.15860111
2013-05-27,126.392905903
2013-05-28,125.904595266
2013-05-29,129.56481239
2013-05-30,126.513068381
2013-05-31,127.816488895
2013-06-01,128.791151081
2013-06-02,122.626708942
2013-06-03,122.949187902
2013-06-04,120.189968732
2013-06-05,120.869923846
2013-06-06,119.05397567
2013-06-07,110.197731444
2013-06-08,109.178545341
2013-06-09,99.9036034483
2013-06-10,104.357566628
2013-06-11,107.507520456
2013-06-12,106.378116306
2013-06-13,101.323897721
2013-06-14,99.2132443016
2013-06-15,99.875037405
2013-06-16,99.0383512566
2013-06-17,100.126305085
2013-06-18,104.289176382
2013-06-19,104.417150789
2013-06-20,104.323499708
2013-06-21,101.416857393
2013-06-22,100.039508475
2013-06-23,100.314744594
2013-06-24,99.0456832262
2013-06-25,97.83278872
2013-06-26,98.6517007598
2013-06-27,96.8039495991
2013-06-28,89.4245067212
2013-06-29,88.7972910579
2013-06-30,89.4809076563
2013-07-01,82.8675701344
2013-07-02,87.8164666861
2013-07-03,77.6913308007
2013-07-04,79.1348708358
2013-07-05,67.4476238527
2013-07-06,66.3416808884
2013-07-07,72.1095223729
2013-07-08,73.9885537697
2013-07-09,74.8919108708
2013-07-10,85.013679135
2013-07-11,87.4975493863
2013-07-12,90.0466987142
2013-07-13,91.592597896
2013-07-14,89.8922692759
2013-07-15,93.7961525424
2013-07-16,91.7810356517
2013-07-17,91.0313512566
2013-07-18,84.9617291175
2013-07-19,86.2387945996
2013-07-20,84.9108591467
2013-07-21,85.6643502618
2013-07-22,85.6490286382
2013-07-23,86.977056692
2013-07-24,88.1517305669
2013-07-25,90.1660922268
2013-07-26,89.9839859731
2013-07-27,88.1652758621
2013-07-28,92.7458421975
2013-07-29,93.2986972531
2013-07-30,96.659552893
2013-07-31,98.0244199299
2013-08-01,96.5680178258
2013-08-02,96.0745306838
2013-08-03,95.5067095266
2013-08-04,96.3654821742
2013-08-05,97.5271338399
2013-08-06,97.6712066043
2013-08-07,97.0542068966
2013-08-08,94.2572717709
2013-08-09,92.4727767387
2013-08-10,93.293552893
2013-08-11,94.2713123904
2013-08-12,95.4464707773
2013-08-13,97.7590750847
2013-08-14,99.1212875511
2013-08-15,98.1063331385
2013-08-16,98.2909602572
2013-08-17,99.6305043834
2013-08-18,99.1780397428
2013-08-19,102.784012274
2013-08-20,104.500210988
2013-08-21,110.801603741
2013-08-22,109.523216832
2013-08-23,107.697571596
2013-08-24,108.882675044
2013-08-25,113.082563413
2013-08-26,112.118114845
2013-08-27,117.759790766
2013-08-28,118.317414378
2013-08-29,118.835638223
2013-08-30,124.885379603
2013-08-31,128.37797896
2013-09-01,130.536372005
2013-09-02,129.565371712
2013-09-03,129.182803624
2013-09-04,122.529238749
2013-09-05,122.370085038
2013-09-06,117.861146406
2013-09-07,119.81498948
2013-09-08,118.057386324
2013-09-09,121.259272648
2013-09-10,122.215530189
2013-09-11,127.08822706
2013-09-12,126.780723553
2013-09-13,127.407745178
2013-09-14,124.348477499
2013-09-15,125.076417884
2013-09-16,126.204665985
2013-09-17,126.897250146
2013-09-18,126.903819404
2013-09-19,124.180957335
2013-09-20,122.921635885
2013-09-21,123.508256867
2013-09-22,123.124935126
2013-09-23,122.865699006
2013-09-24,123.797357686
2013-09-25,123.614078609
2013-09-26,124.685674459
2013-09-27,126.60534775
2013-09-28,126.796551724
2013-09-29,127.108627703
2013-09-30,126.090261835
2013-10-01,127.575424313
2013-10-02,104.105092928
2013-10-03,117.575495032
2013-10-04,121.93034775
2013-10-05,121.393402688
2013-10-06,122.475261251
2013-10-07,123.906872589
2013-10-08,124.76652893
2013-10-09,125.933520313
2013-10-10,126.704650497
2013-10-11,127.25529924
2013-10-12,127.851263004
2013-10-13,132.415658679
2013-10-14,135.339194915
2013-10-15,141.493908533
2013-10-16,138.327921917
2013-10-17,143.74713384
2013-10-18,152.77557218
2013-10-19,165.772717124
2013-10-20,166.500151081
2013-10-21,179.91062858
2013-10-22,190.402781414
2013-10-23,204.600350964
2013-10-24,194.410043765
2013-10-25,185.643787626
2013-10-26,179.808218001
2013-10-27,194.546133255
2013-10-28,196.274687317
2013-10-29,204.428174167
2013-10-30,197.900599421
2013-10-31,203.283649912
2013-11-01,203.037109849
2013-11-02,204.792881356
2013-11-03,210.275382612
2013-11-04,228.791038866
2013-11-05,243.641668907
2013-11-06,263.209583987
2013-11-07,290.124226184
2013-11-08,333.750656512
2013-11-09,331.051148451
2013-11-10,327.5586535
2013-11-11,342.69769287
2013-11-12,354.645488311
2013-11-13,394.504495224
2013-11-14,416.706303303
2013-11-15,408.398797335
2013-11-16,435.798442767
2013-11-17,485.336576856
2013-11-18,657.778503875
2013-11-19,546.878397312
2013-11-20,595.339099649
2013-11-21,720.76442526
2013-11-22,802.916933718
2013-11-23,834.295339989
2013-11-24,807.1666955
2013-11-25,816.243386616
2013-11-26,916.09716014
2013-11-27,962.910560912
2013-11-28,1007.38716365
2013-11-29,1128.72548802
2013-11-30,1119.29671479
2013-12-01,964.485793688
2013-12-02,1040.80821771
2013-12-03,1053.62102745
2013-12-04,1134.93223089
2013-12-05,1027.41177283
2013-12-06,824.581710338
2013-12-07,703.748376026
2013-12-08,783.573348334
2013-12-09,896.079289889
2013-12-10,977.165367329
2013-12-11,875.464034272
2013-12-12,873.324805988
2013-12-13,879.156135301
2013-12-14,852.856120526
2013-12-15,864.061657861
2013-12-16,677.894106801
2013-12-17,682.626772706
2013-12-18,526.120976327
2013-12-19,685.52512896
2013-12-20,600.216954261
2013-12-21,597.033502548
2013-12-22,615.013035272
2013-12-23,657.926634155
2013-12-24,650.664745178
2013-12-25,678.290158095
2013-12-26,749.996594956
2013-12-27,722.570567493
2013-12-28,715.852363079
2013-12-29,727.271215663
2013-12-30,735.741997078
2013-12-31,729.557582911
2014-01-01,752.404549945
2014-01-02,784.954921314
2014-01-03,807.22293903
2014-01-04,828.602062618
2014-01-05,902.487380263
2014-01-06,914.459960842
2014-01-07,803.351796199
2014-01-08,820.690009503
2014-01-09,831.334750487
2014-01-10,853.298854845
2014-01-11,889.555837119
2014-01-12,845.191332221
2014-01-13,822.877012198
2014-01-14,815.293602712
2014-01-15,841.089857364
2014-01-16,815.854800298
2014-01-17,792.829506476
2014-01-18,809.783528356
2014-01-19,838.428474734
2014-01-20,828.885216593
2014-01-21,823.817963764
2014-01-22,818.976386324
2014-01-23,810.922425196
2014-01-24,781.042513951
2014-01-25,804.403240801
2014-01-26,814.499381373
2014-01-27,742.701374971
2014-01-28,790.176401876
2014-01-29,793.384424909
2014-01-30,799.474479836
2014-01-31,803.237598785
2014-02-01,813.219549217
2014-02-02,814.490870427
2014-02-03,806.997428373
2014-02-04,800.078231894
2014-02-05,784.473692778
2014-02-06,763.569382233
2014-02-07,711.571273419
2014-02-08,677.682300941
2014-02-09,687.406054576
2014-02-10,685.457498837
2014-02-11,671.89969169
2014-02-12,653.765780912
2014-02-13,612.918414962
2014-02-14,668.788602659
2014-02-15,654.377060199
2014-02-16,623.250321949
2014-02-17,631.334596306
2014-02-18,627.271761415
2014-02-19,623.540136946
2014-02-20,563.768561099
2014-02-21,580.324315973
2014-02-22,607.124633337
2014-02-23,610.082323746
2014-02-24,542.266650754
2014-02-25,533.707644436
2014-02-26,587.578588299
2014-02-27,585.39392565
2014-02-28,551.29477031
2014-03-01,567.534235441
2014-03-02,558.527707157
2014-03-03,676.505732782
2014-03-04,674.511399433
2014-03-05,670.3388511
2014-03-06,667.712834004
2014-03-07,631.770295213
2014-03-08,621.524114496
2014-03-09,640.578889322
2014-03-10,628.151241166
2014-03-11,633.733838235
2014-03-12,634.646823717
2014-03-13,643.432100859
2014-03-14,628.308590006
2014-03-15,636.218650061
2014-03-16,634.168900971
2014-03-17,622.76020865
2014-03-18,614.309513717
2014-03-19,610.511203475
2014-03-20,586.60759571
2014-03-21,569.694517995
2014-03-22,564.700026704
2014-03-23,558.958861691
2014-03-24,585.023250519
2014-03-25,583.771189094
2014-03-26,579.243850401
2014-03-27,483.164012613
2014-03-28,498.661328949
2014-03-29,489.517023548
2014-03-30,458.966328276
2014-03-31,455.355354056
2014-04-01,479.008465868
2014-04-02,439.011492525
2014-04-03,449.44115152
2014-04-04,449.719869737
2014-04-05,461.675331482
2014-04-06,458.633480545
2014-04-07,448.655275066
2014-04-08,452.803098796
2014-04-09,442.837984932
2014-04-10,366.911866063
2014-04-11,421.943528071
2014-04-12,424.274212648
2014-04-13,416.362321654
2014-04-14,461.108246587
2014-04-15,521.615299606
2014-04-16,531.481846732
2014-04-17,499.837551545
2014-04-18,483.020013534
2014-04-19,504.365595178
2014-04-20,501.557184449
2014-04-21,498.084530301
2014-04-22,489.503510029
2014-04-23,490.632967543
2014-04-24,503.291801029
2014-04-25,466.426171344
2014-04-26,459.226709819
2014-04-27,438.709363717
2014-04-28,441.547805468
2014-04-29,447.709930772
2014-04-30,448.875715514
2014-05-01,460.194698256
2014-05-02,452.239779762
2014-05-03,438.978588006
2014-05-04,436.675398645
2014-05-05,432.338179035
2014-05-06,430.128205395
2014-05-07,442.182876096
2014-05-08,440.402762712
2014-05-09,452.697999724
2014-05-10,456.755846289
2014-05-11,439.114476037
2014-05-12,441.280955582
2014-05-13,439.005774985
2014-05-14,444.848205728
2014-05-15,446.961558738
2014-05-16,448.742153711
2014-05-17,449.222289305
2014-05-18,446.962641438
2014-05-19,447.404856809
2014-05-20,490.335648159
2014-05-21,493.933491818
2014-05-22,526.814288428
2014-05-23,523.699320281
2014-05-24,527.691243133
2014-05-25,573.312458796
2014-05-26,584.847974868
2014-05-27,573.928269245
2014-05-28,579.189318819
2014-05-29,570.349310929
2014-05-30,620.846360608
2014-05-31,627.89242069
2014-06-01,630.074953536
2014-06-02,663.505723846
2014-06-03,672.387897136
2014-06-04,643.88736879
2014-06-05,661.503558153
2014-06-06,650.133315897
2014-06-07,656.800271771
2014-06-08,657.819974868
2014-06-09,648.336322326
2014-06-10,650.936609585
2014-06-11,631.489022209
2014-06-12,591.975077148
2014-06-13,597.044999708
2014-06-14,575.559461718
2014-06-15,589.724646406
2014-06-16,590.567482174
2014-06-17,609.080002922
2014-06-18,607.629796026
2014-06-19,595.751476914
2014-06-20,591.531522794
2014-06-21,592.764349503
2014-06-22,599.634633548
2014-06-23,589.552299825
2014-06-24,579.973718586
2014-06-25,562.236779953
2014-06-26,580.749230275
2014-06-27,600.638305377
2014-06-28,594.390304208
2014-06-29,600.84051841
2014-06-30,638.946113968
2014-07-01,642.956596727
2014-07-02,651.29834775
2014-07-03,646.41338913
2014-07-04,630.635502922
2014-07-05,630.468341905
2014-07-06,634.672674459
2014-07-07,622.85497896
2014-07-08,624.894331093
2014-07-09,621.939091759
2014-07-10,616.522849795
2014-07-11,634.494378141
2014-07-12,636.923957935
2014-07-13,629.875750438
2014-07-14,619.197459088
2014-07-15,621.934601403
2014-07-16,616.351882233
2014-07-17,624.259274985
2014-07-18,630.750140269
2014-07-19,629.173364407
2014-07-20,625.248676213
2014-07-21,621.305331385
2014-07-22,619.823264465
2014-07-23,619.772816774
2014-07-24,602.879645529
2014-07-25,601.578514319
2014-07-26,594.702607247
2014-07-27,591.575444185
2014-07-28,587.493004968
2014-07-29,584.112393337
2014-07-30,562.914625073
2014-07-31,581.975561952
2014-08-01,596.506759205
2014-08-02,589.757261543
2014-08-03,586.753736704
2014-08-04,587.608335476
2014-08-05,581.881988603
2014-08-06,582.24837142
2014-08-07,586.046633548
2014-08-08,589.024412624
2014-08-09,588.978521333
2014-08-10,589.373502046
2014-08-11,573.441483928
2014-08-12,568.307520164
2014-08-13,548.370175336
2014-08-14,505.107499708
2014-08-15,500.323060133
2014-08-16,521.747962887
2014-08-17,497.764658971
2014-08-18,468.957918177
2014-08-19,486.794350672
2014-08-20,515.120353887
2014-08-21,519.307852133
2014-08-22,516.15936879
2014-08-23,497.125759497
2014-08-24,508.430741964
2014-08-25,501.610286674
2014-08-26,511.852321742
2014-08-27,510.162323787
2014-08-28,506.285151666
2014-08-29,508.866571888
2014-08-30,501.275723261
2014-08-31,478.511425482
2014-09-01,474.541489772
2014-09-02,474.43067066
2014-09-03,473.95920339
2014-09-04,489.555201344
2014-09-05,478.749782876
2014-09-06,480.642491818
2014-09-07,478.365500877
2014-09-08,468.975495909
2014-09-09,473.512027177
2014-09-10,477.778417592
2014-09-11,477.270682057
2014-09-12,473.997282291
2014-09-13,477.960973992
2014-09-14,475.648063998
2014-09-15,472.655629749
2014-09-16,464.17775453
2014-09-17,456.339891292
2014-09-18,426.880106955
2014-09-19,393.893890707
2014-09-20,411.041342782
2014-09-21,400.404530684
2014-09-22,400.881622151
2014-09-23,438.491800994
2014-09-24,423.700091759
2014-09-25,409.537749854
2014-09-26,405.298251899
2014-09-27,400.5993346
2014-09-28,375.549989772
2014-09-29,373.064557861
2014-09-30,389.264040411
2014-10-01,382.909365868
2014-10-02,372.525699006
2014-10-03,357.665713618
2014-10-04,328.826113092
2014-10-05,322.826261543
2014-10-06,326.803532729
2014-10-07,333.570194915
2014-10-08,354.407334307
2014-10-09,361.716424898
2014-10-10,358.89039081
2014-10-11,361.908376973
2014-10-12,377.871243717
2014-10-13,391.994208942
2014-10-14,400.880592054
2014-10-15,394.625879895
2014-10-16,382.32147633
2014-10-17,382.200789597
2014-10-18,391.293177089
2014-10-19,388.684497954
2014-10-20,381.190858562
2014-10-21,385.204633541
2014-10-22,380.778763296
2014-10-23,357.344793103
2014-10-24,357.488433957
2014-10-25,345.811246639
2014-10-26,353.081956166
2014-10-27,350.015711864
2014-10-28,354.653805085
2014-10-29,333.599350088
2014-10-30,344.609382233
2014-10-31,337.182912624
2014-11-01,324.37131502
2014-11-02,324.248566628
2014-11-03,325.361865576
2014-11-04,329.657703974
2014-11-05,338.805765342
2014-11-06,349.689911748
2014-11-07,342.133288136
2014-11-08,345.716332554
2014-11-09,363.610051724
2014-11-10,365.502253945
2014-11-11,367.825466978
2014-11-12,422.591419638
2014-11-13,421.914471654
2014-11-14,398.388882817
2014-11-15,377.993840736
2014-11-16,390.205823495
2014-11-17,387.50103156
2014-11-18,373.864564582
2014-11-19,377.613398013
2014-11-20,356.181265342
2014-11-21,350.748858854
2014-11-22,352.455514611
2014-11-23,367.773242256
2014-11-24,376.994223846
2014-11-25,376.755630041
2014-11-26,367.530208065
2014-11-27,369.530227352
2014-11-28,377.896931911
2014-11-29,376.076335476
2014-11-30,378.690397136
2014-12-01,379.11197896
2014-12-02,382.946796318
2014-12-03,375.916019287
2014-12-04,368.845568089
2014-12-05,378.428329632
2014-12-06,375.137951198
2014-12-07,376.639793103
2014-12-08,363.215676797
2014-12-09,351.106837814
2014-12-10,347.881393922
2014-12-11,348.593006137
2014-12-12,353.190612507
2014-12-13,349.242945061
2014-12-14,356.079721508
2014-12-15,347.095181473
2014-12-16,328.613320281
2014-12-17,320.297613384
2014-12-18,313.511651179
2014-12-19,318.242888662
2014-12-20,330.065758328
2014-12-21,320.992670076
2014-12-22,331.842584454
2014-12-23,336.08412858
2014-12-24,323.032297779
2014-12-25,318.99614436
2014-12-26,329.210341905
2014-12-27,315.968443892
2014-12-28,317.010480421
2014-12-29,313.06553156
2014-12-30,310.442004091
2014-12-31,320.662287259
2015-01-01,314.776471946
2015-01-02,315.942731736
2015-01-03,285.64730976
2015-01-04,263.33457481
2015-01-05,275.003851549
2015-01-06,287.54952104
2015-01-07,297.535565167
2015-01-08,284.342391876
2015-01-09,292.501114553
2015-01-10,276.230532145
2015-01-11,268.755515488
2015-01-12,268.617232028
2015-01-13,224.108117767
2015-01-14,175.637640561
2015-01-15,212.341011397
2015-01-16,207.595204851
2015-01-17,199.824836645
2015-01-18,211.13251841
2015-01-19,216.894694915
2015-01-20,211.919853887
2015-01-21,227.904210403
2015-01-22,233.647382817
2015-01-23,233.132852425
2015-01-24,249.082123904
2015-01-25,254.517941262
2015-01-26,273.952244886
2015-01-27,264.7538045
2015-01-28,235.735840444
2015-01-29,233.957373466
2015-01-30,228.896189947
2015-01-31,217.332156049
2015-02-01,227.111301286
2015-02-02,240.09241993
2015-02-03,227.775695792
2015-02-04,226.781134132
2015-02-05,217.011151081
2015-02-06,222.724969316
2015-02-07,228.647127411
2015-02-08,224.035988895
2015-02-09,220.768493863
2015-02-10,220.888154296
2015-02-11,219.495859731
2015-02-12,222.583227937
2015-02-13,236.555363822
2015-02-14,257.627695792
2015-02-15,234.445803039
2015-02-16,235.086126826
2015-02-17,243.905794272
2015-02-18,235.99523232
2015-02-19,241.872253945
2015-02-20,245.530775278
2015-02-21,245.59600263
2015-02-22,236.690668323
2015-02-23,239.066017826
2015-02-24,239.869262127
2015-02-25,238.236111046
2015-02-26,237.044402396
2015-02-27,255.116774401
2015-02-28,254.948448568
2015-03-01,260.651330801
2015-03-02,276.322613676
2015-03-03,282.705900935
2015-03-04,273.447536528
2015-03-05,276.268809176
2015-03-06,273.318114845
2015-03-07,276.403357393
2015-03-08,275.338033898
2015-03-09,290.13005903
2015-03-10,292.320383109
2015-03-11,296.69332934
2015-03-12,295.800344828
2015-03-13,285.9110263
2015-03-14,283.608306254
2015-03-15,287.270142022
2015-03-16,291.39211806
2015-03-17,285.248396552
2015-03-18,257.28616014
2015-03-19,262.092947984
2015-03-20,262.96649211
2015-03-21,261.184297487
2015-03-22,268.899415839
2015-03-23,266.777992987
2015-03-24,246.835082992
2015-03-25,246.719136762
2015-03-26,249.532993571
2015-03-27,247.378898305
2015-03-28,253.231613968
2015-03-29,242.967614261
2015-03-30,248.336934541
2015-03-31,244.712485681
2015-04-01,247.185819404
2015-04-02,253.630070427
2015-04-03,254.833163647
2015-04-04,253.945848627
2015-04-05,261.112136178
2015-04-06,256.367386908
2015-04-07,254.831898013
2015-04-08,245.825210403
2015-04-09,243.860636178
2015-04-10,235.871900643
2015-04-11,237.409067797
2015-04-12,237.141042373
2015-04-13,225.505635885
2015-04-14,219.757236704
2015-04-15,223.313907949
2015-04-16,228.493815313
2015-04-17,222.785060199
2015-04-18,223.398044126
2015-04-19,223.284135301
2015-04-20,224.894903565
2015-04-21,234.939356517
2015-04-22,233.822418761
2015-04-23,235.933293688
2015-04-24,231.458592344
2015-04-25,226.445992987
2015-04-26,220.50340678
2015-04-27,227.325990357
2015-04-28,225.54936879
2015-04-29,225.669288428
2015-04-30,236.327976037
2015-05-01,232.7465827
2015-05-02,235.540077148
2015-05-03,240.464248977
2015-05-04,238.976661309
2015-05-05,236.023383402
2015-05-06,229.4812193
2015-05-07,237.130687317
2015-05-08,244.383472823
2015-05-09,242.705950029
2015-05-10,240.731483928
2015-05-11,242.24983723
2015-05-12,242.209092051
2015-05-13,236.550265926
2015-05-14,236.948916715
2015-05-15,237.484502338
2015-05-16,235.812134424
2015-05-17,236.963682934
2015-05-18,232.883849615
2015-05-19,231.974446815
2015-05-20,234.190306254
2015-05-21,235.553821742
2015-05-22,240.323203682
2015-05-23,238.963281707
2015-05-24,240.711758328
2015-05-25,237.00354325
2015-05-26,236.796261251
2015-05-27,237.203596435
2015-05-28,236.95688194
2015-05-29,236.646526593
2015-05-30,232.788770018
2015-05-31,229.450547925
2015-06-01,223.282701929
2015-06-02,225.320800994
2015-06-03,225.213063413
2015-06-04,223.540076856
2015-06-05,224.731071888
2015-06-06,225.16051315
2015-06-07,223.411685856
2015-06-08,228.77429135
2015-06-09,229.370529515
2015-06-10,228.588487434
2015-06-11,229.584411748
2015-06-12,229.81121851
2015-06-13,233.015344535
2015-06-14,232.507108708
2015-06-15,236.790962887
2015-06-16,251.432676797
2015-06-17,247.96931765
2015-06-18,249.012479544
2015-06-19,244.80348422
2015-06-20,245.58251315
2015-06-21,244.300260082
2015-06-22,247.017892461
2015-06-23,244.184763296
2015-06-24,240.451545295
2015-06-25,242.347857686
2015-06-26,242.96799737
2015-06-27,251.52932671
2015-06-28,249.058285798
2015-06-29,256.650222385
2015-06-30,263.854356865
2015-07-01,258.042647575
2015-07-02,254.747113384
2015-07-03,256.087042833
2015-07-04,260.509239626
2015-07-05,271.302458212
2015-07-06,269.137940094
2015-07-07,266.469919053
2015-07-08,270.576142899
2015-07-09,269.680304793
2015-07-10,285.55878083
2015-07-11,293.917453828
2015-07-12,311.481879895
2015-07-13,292.649223846
2015-07-14,287.74095149
2015-07-15,285.922885447
2015-07-16,278.532749269
2015-07-17,280.064724722
2015-07-18,277.354635301
2015-07-19,275.28198948
2015-07-20,279.114393045
2015-07-21,276.652412624
2015-07-22,277.764369082
2015-07-23,276.81162858
2015-07-24,289.30597633
2015-07-25,289.507639977
2015-07-26,293.314842782
2015-07-27,294.426761835
2015-07-28,295.410125269
2015-07-29,289.855836353
2015-07-30,288.236260666
2015-07-31,284.597324372
2015-08-01,281.668846289
2015-08-02,282.423006429
2015-08-03,282.185052309
2015-08-04,285.286617475
2015-08-05,282.338886908
2015-08-06,278.995748685
2015-08-07,279.488715079
2015-08-08,261.45027557
2015-08-09,266.342020456
2015-08-10,264.928825248
2015-08-11,271.421736119
2015-08-12,268.143868498
2015-08-13,264.691627995
2015-08-14,266.355941555
2015-08-15,261.936836645
2015-08-16,258.93081739
2015-08-17,258.009398305
2015-08-18,217.885883117
2015-08-19,227.218251899
2015-08-20,235.523883109
2015-08-21,232.80061784
2015-08-22,230.63917329
2015-08-23,228.673073933
2015-08-24,211.955917592
2015-08-25,222.655039451
2015-08-26,226.116700175
2015-08-27,224.939877265
2015-08-28,232.170808299
2015-08-29,229.826200175
2015-08-30,229.019572472
2015-08-31,230.689466102
2015-09-01,227.955570427
2015-09-02,229.50218071
2015-09-03,227.107121566
2015-09-04,231.177563413
2015-09-05,235.903006137
2015-09-06,240.805472238
2015-09-07,240.633615722
2015-09-08,244.174952659
2015-09-09,238.722463179
2015-09-10,238.750477206
2015-09-11,240.845008117
2015-09-12,236.351832177
2015-09-13,230.548837317
2015-09-14,230.94879398
2015-09-15,230.398590006
2015-09-16,229.043285798
2015-09-17,233.202697838
2015-09-18,233.175130918
2015-09-19,232.241568089
2015-09-20,231.362323787
2015-09-21,226.773447984
2015-09-22,230.626304793
2015-09-23,230.132437756
2015-09-24,234.319868498
2015-09-25,235.5382218
2015-09-26,234.591814436
2015-09-27,233.24330976
2015-09-28,240.017265342
2015-09-29,237.336233781
2015-09-30,236.739848042
2015-10-01,238.229813852
2015-10-02,237.937007306
2015-10-03,239.735897721
2015-10-04,239.516924898
2015-10-05,240.961213833
2015-10-06,246.940498247
2015-10-07,243.73448685
2015-10-08,243.029632963
2015-10-09,244.448887493
2015-10-10,245.955924313
2015-10-11,248.5281654
2015-10-12,246.093637347
2015-10-13,250.471300701
2015-10-14,253.142325541
2015-10-15,254.693015003
2015-10-16,262.737363238
2015-10-17,271.930938925
2015-10-18,263.481677382
2015-10-19,264.362728229
2015-10-20,270.832211864
2015-10-21,268.040217709
2015-10-22,275.414956458
2015-10-23,278.612778027
2015-10-24,283.611142899
2015-10-25,286.049693454
2015-10-26,286.703382817
2015-10-27,295.562913793
2015-10-28,304.442097019
2015-10-29,314.879462303
2015-10-30,328.492321157
2015-10-31,314.119508182
2015-11-01,329.854227645
2015-11-02,364.616627995
2015-11-03,400.923105202
2015-11-04,405.481681473
2015-11-05,384.341222969
2015-11-06,372.975417884
2015-11-07,386.504550847
2015-11-08,372.400129749
2015-11-09,380.49564436
2015-11-10,337.830502338
2015-11-11,308.922185856
2015-11-12,337.522988603
2015-11-13,337.278958212
2015-11-14,333.047117475
2015-11-15,319.928021625
2015-11-16,331.132725015
2015-11-17,335.84978609
2015-11-18,335.744504968
2015-11-19,326.232145529
2015-11-20,321.940475453
2015-11-21,325.905231151
2015-11-22,323.716966102
2015-11-23,323.012556341
2015-11-24,319.961356527
2015-11-25,328.960457335
2015-11-26,356.255292519
2015-11-27,359.268824372
2015-11-28,356.567322618
2015-11-29,371.707612507
2015-11-30,377.38983986
2015-12-01,362.532375804
2015-12-02,359.22240415
2015-12-03,361.210068089
2015-12-04,363.241631794
2015-12-05,389.362958796
2015-12-06,393.319129749
2015-12-07,395.346588252
2015-12-08,413.798660432
2015-12-09,417.632671245
2015-12-10,415.729924313
2015-12-11,453.861480129
2015-12-12,435.855722385
2015-12-13,434.403466394
2015-12-14,442.991689655
2015-12-15,464.617871712
2015-12-16,454.142492402
2015-12-17,456.240134611
2015-12-18,463.175769725
2015-12-19,461.399907949
2015-12-20,442.153990064
2015-12-21,437.640129456
2015-12-22,435.268379018
2015-12-23,442.66572706
2015-12-24,455.878713033
2015-12-25,455.718825833
2015-12-26,418.22153156
2015-12-27,422.705894506
2015-12-28,421.052879603
2015-12-29,431.340021333
2015-12-30,426.04364699
2015-12-31,429.677153419
2016-01-01,434.678006429
2016-01-02,434.439877265
2016-01-03,430.136180012
2016-01-04,433.44897107
2016-01-05,432.66950263
2016-01-06,430.677869667
2016-01-07,459.208940094
2016-01-08,454.134423729
2016-01-09,449.845216248
2016-01-10,448.580216248
2016-01-11,449.03305903
2016-01-12,441.768157218
2016-01-13,432.310645237
2016-01-14,429.823224722
2016-01-15,367.823199883
2016-01-16,388.071204559
2016-01-17,382.482086499
2016-01-18,384.865166569
2016-01-19,378.161725015
2016-01-20,420.622924168
2016-01-21,409.298459673
2016-01-22,381.04645938
2016-01-23,386.370602572
2016-01-24,403.446926651
2016-01-25,391.986097312
2016-01-26,391.142935126
2016-01-27,394.627530374
2016-01-28,378.900995617
2016-01-29,378.999994823
2016-01-30,377.262779077
2016-01-31,366.34168761
2016-02-01,371.223435091
2016-02-02,372.92763121
2016-02-03,368.098206604
2016-02-04,389.723081239
2016-02-05,384.398413983
2016-02-06,374.631555523
2016-02-07,375.153917592
2016-02-08,370.814350327
2016-02-09,373.511612861
2016-02-10,379.082611631
2016-02-11,377.639165108
2016-02-12,382.294456458
2016-02-13,389.598432472
2016-02-14,406.150669492
2016-02-15,399.267618647
2016-02-16,407.035309468
2016-02-17,415.324113384
2016-02-18,421.289662982
2016-02-19,419.626528541
2016-02-20,440.195760082
2016-02-21,438.718612681
2016-02-22,437.535295094
2016-02-23,420.03259261
2016-02-24,423.995112507
2016-02-25,424.090870251
2016-02-26,431.762241964
2016-02-27,432.947845996
2016-02-28,433.102262712
2016-02-29,437.775872589
2016-03-01,432.807867154
2016-03-02,423.079789392
2016-03-03,419.268821333
2016-03-04,407.990154296
2016-03-05,397.314453945
2016-03-06,403.705187463
2016-03-07,413.22936616
2016-03-08,411.425953244
2016-03-09,412.540703507
2016-03-10,416.340928697
2016-03-11,419.511934249
2016-03-12,410.264163296
2016-03-13,411.805882466
2016-03-14,415.026957276
2016-03-15,415.266400292
2016-03-16,417.024118469
2016-03-17,418.605363822
2016-03-18,408.901587405
2016-03-19,409.124429866
2016-03-20,412.056953828
2016-03-21,411.60177405
2016-03-22,416.581653828
2016-03-23,417.378299532
2016-03-24,413.560239918
2016-03-25,416.373243834
2016-03-26,416.823096669
2016-03-27,425.454959848
2016-03-28,422.917446815
2016-03-29,415.863828755
2016-03-30,412.777697779
2016-03-31,415.956811222
2016-04-01,417.200660257
2016-04-02,419.763056692
2016-04-03,420.073578901
2016-04-04,419.540727878
2016-04-05,422.501364407
2016-04-06,421.907191233
2016-04-07,421.467220047
2016-04-08,418.643460549
2016-04-09,418.758635359
2016-04-10,421.954488545
2016-04-11,423.273044009
2016-04-12,427.427664582
2016-04-13,424.872518118
2016-04-14,425.856594974
2016-04-15,430.724418761
2016-04-16,432.216313033
2016-04-17,429.339968732
2016-04-18,429.656933665
2016-04-19,437.568726184
2016-04-20,442.661653302
2016-04-21,452.164702805
2016-04-22,448.134421333
2016-04-23,453.914722969
2016-04-24,463.38287142
2016-04-25,465.316006663
2016-04-26,469.608764524
2016-04-27,445.741113092
2016-04-28,451.060061777
2016-04-29,457.009965225
2016-04-30,449.900484512
2016-05-01,455.010731151
2016-05-02,444.933061192
2016-05-03,451.62885038
2016-05-04,448.367967563
2016-05-05,449.336072472
2016-05-06,461.693862361
2016-05-07,461.36184249
2016-05-08,461.378872297
2016-05-09,463.462231677
2016-05-10,451.079668323
2016-05-11,453.89630526
2016-05-12,455.607255932
2016-05-13,457.241902688
2016-05-14,458.119524839
2016-05-15,460.857720631
2016-05-16,455.224077323
2016-05-17,453.545777031
2016-05-18,454.486184103
2016-05-19,437.724187142
2016-05-20,442.39679924
2016-05-21,444.078207189
2016-05-22,440.558668849
2016-05-23,444.205057276
2016-05-24,445.674454939
2016-05-25,450.549527177
2016-05-26,454.433722385
2016-05-27,471.8201173
2016-05-28,530.910597896
2016-05-29,527.549712449
2016-05-30,533.493149036
2016-05-31,530.943692811
2016-06-01,537.613678843
2016-06-02,538.771243191
2016-06-03,570.175988252
2016-06-04,574.266201636
2016-06-05,575.137638048
2016-06-06,585.857149036
2016-06-07,578.469240678
2016-06-08,583.09758533
2016-06-09,577.101699708
2016-06-10,579.814993571
2016-06-11,605.449556984
2016-06-12,670.392374342
2016-06-13,704.321778141
2016-06-14,684.948319404
2016-06-15,695.00146844
2016-06-16,767.420031268
2016-06-17,750.014633928
2016-06-18,758.288780129
2016-06-19,766.767132671
2016-06-20,722.497452367
2016-06-21,669.604204676
2016-06-22,594.832974635
2016-06-23,627.67785564
2016-06-24,664.126985681
2016-06-25,668.872684103
2016-06-26,630.434242139
2016-06-27,652.244807715
2016-06-28,647.218768381
2016-06-29,638.586345646
2016-06-30,674.284814728
2016-07-01,677.512385739
2016-07-02,702.739316774
2016-07-03,662.550085915
2016-07-04,679.842453361
2016-07-05,668.165981297
2016-07-06,677.651333139
2016-07-07,640.053236119
2016-07-08,665.051708358
2016-07-09,651.941914027
2016-07-10,649.95934097
2016-07-11,650.272594681
2016-07-12,670.023127995
2016-07-13,658.333613384
2016-07-14,660.905960199
2016-07-15,666.758671128
2016-07-16,665.275622151
2016-07-17,681.089601987
2016-07-18,675.118579193
2016-07-19,674.660360316
2016-07-20,667.305364874
2016-07-21,666.851739334
2016-07-22,650.562911631
2016-07-23,657.377942957
2016-07-24,661.393979836
2016-07-25,655.119577849
2016-07-26,654.626339158
2016-07-27,656.275146873
2016-07-28,656.196453361
2016-07-29,657.557567504
2016-07-30,655.361730158
2016-07-31,624.804487142
2016-08-01,606.509247925
2016-08-02,526.981148334
2016-08-03,570.347040912
2016-08-04,583.542158036
2016-08-05,581.279805669
2016-08-06,590.795402981
2016-08-07,594.732324021
2016-08-08,591.629283869
2016-08-09,587.932138223
2016-08-10,589.968758328
2016-08-11,589.585884687
2016-08-12,587.191649562
2016-08-13,585.363581648
2016-08-14,571.387062537
2016-08-15,566.564441321
2016-08-16,578.414924138
2016-08-17,573.663744418
2016-08-18,573.263191993
2016-08-19,573.958457919
2016-08-20,581.797070134
2016-08-21,580.792192577
2016-08-22,584.971897721
2016-08-23,582.627747399
2016-08-24,578.701831677
2016-08-25,576.033436587
2016-08-26,578.874653419
2016-08-27,570.200993746
2016-08-28,575.105232554
2016-08-29,573.429267563
2016-08-30,575.695698422
2016-08-31,572.272758328
2016-09-01,572.221702046
2016-09-02,576.846767387
2016-09-03,600.37440678
2016-09-04,610.538913326
2016-09-05,607.526964173
2016-09-06,612.99545827
2016-09-07,615.659819112
2016-09-08,630.550172005
2016-09-09,622.977884044
2016-09-10,624.752640444
2016-09-11,608.246675921
2016-09-12,607.707372706
2016-09-13,608.694296318
2016-09-14,609.413087668
2016-09-15,607.070262595
2016-09-16,607.806438048
2016-09-17,607.381449679
2016-09-18,611.533460316
2016-09-19,608.871306312
2016-09-20,608.371748627
2016-09-21,596.945756634
2016-09-22,595.56471654
2016-09-23,602.378784921
2016-09-24,602.687359731
2016-09-25,600.61005488
2016-09-26,606.778810637
2016-09-27,605.151613735
2016-09-28,604.686494389
2016-09-29,605.202561952
2016-09-30,608.865840736
2016-10-01,615.408478843
2016-10-02,611.748578317
2016-10-03,612.590347399
2016-10-04,610.007881356
2016-10-05,612.147780947
2016-10-06,611.76086277
2016-10-07,617.905705143
2016-10-08,619.301001753
2016-10-09,617.101041321
2016-10-10,618.0852
2016-10-11,642.981387259
2016-10-12,636.597932203
2016-10-13,635.444095324
2016-10-14,639.586090298
2016-10-15,637.283759322
2016-10-16,642.913042548
2016-10-17,639.13753647
2016-10-18,635.576508591
2016-10-19,629.640708036
2016-10-20,628.59890111
2016-10-21,630.90620339
2016-10-22,654.508630976
2016-10-23,651.96195675
2016-10-24,650.027167154
2016-10-25,655.792505085
2016-10-26,675.109869316
2016-10-27,686.52332706
2016-10-28,690.390654939
2016-10-29,715.445469316
2016-10-30,699.333410988
2016-10-31,698.897727995
2016-11-01,730.578480012
2016-11-02,740.367055523
2016-11-03,689.939206955
2016-11-04,705.432016657
2016-11-05,706.81932557
2016-11-06,715.896879778
2016-11-07,706.181216774
2016-11-08,711.835846581
2016-11-09,721.501509936
2016-11-10,713.407615605
2016-11-11,715.703310637
2016-11-12,703.84755114
2016-11-13,703.626435301
2016-11-14,705.643584161
2016-11-15,712.347152835
2016-11-16,742.050117592
2016-11-17,735.318080538
2016-11-18,749.578727294
2016-11-19,751.213819404
2016-11-20,730.350813618
2016-11-21,736.506983928
2016-11-22,747.997677966
2016-11-23,741.240317943
2016-11-24,737.354975979
2016-11-25,739.685200175
2016-11-26,734.652925891
2016-11-27,727.741115839
2016-11-28,730.082483752
2016-11-29,731.64643571
2016-11-30,742.204451315
2016-12-01,753.674910111
2016-12-02,772.302382729
2016-12-03,766.110468147
2016-12-04,766.3801391
2016-12-05,752.670726242
2016-12-06,759.117325774
2016-12-07,764.987650088
2016-12-08,767.659224635
2016-12-09,771.902321099
2016-12-10,775.474561309
2016-12-11,770.496150497
2016-12-12,778.506599065
2016-12-13,778.930694565
2016-12-14,776.963961485
2016-12-15,776.176781999
2016-12-16,782.230215897
2016-12-17,789.602932203
2016-12-18,790.632966526
2016-12-19,790.279031677
2016-12-20,799.777520748
2016-12-21,828.483679252
2016-12-22,858.501433957
2016-12-23,915.56243834
2016-12-24,891.155272063
2016-12-25,896.00327931
2016-12-26,903.201246639
2016-12-27,925.950810462
2016-12-28,979.960973992
2016-12-29,973.462559439
2016-12-30,961.182658153
2016-12-31,968.970597019
2017-01-01,997.257357978
2017-01-02,1017.07788609
2017-01-03,1032.60905319
2017-01-04,1134.49644535
2017-01-05,1000.49812893
2017-01-06,892.46395564
2017-01-07,903.453283635
2017-01-08,912.484997078
2017-01-09,903.508666803
2017-01-10,906.498947399
2017-01-11,788.314655991
2017-01-12,807.109833548
2017-01-13,826.746927411
2017-01-14,820.045157276
2017-01-15,824.547065167
2017-01-16,830.838035067
2017-01-17,906.026828112
2017-01-18,881.259815371
2017-01-19,902.263869959
2017-01-20,895.174516189
2017-01-21,924.468259497
2017-01-22,922.467077382
2017-01-23,919.115744126
2017-01-24,887.743193805
2017-01-25,895.690033255
2017-01-26,916.667468556
2017-01-27,920.454463472
2017-01-28,922.774948568
2017-01-29,915.632023144
2017-01-30,920.313260783
2017-01-31,968.499105669
2017-02-01,987.532590415
2017-02-02,1007.70436598
2017-02-03,1015.30203945
2017-02-04,1033.785973
2017-02-05,1014.56787575
2017-02-06,1023.31748118
2017-02-07,1053.62445903
2017-02-08,1052.36764535
2017-02-09,982.751939451
2017-02-10,996.650153127
2017-02-11,1011.37532221
2017-02-12,1006.29646487
2017-02-13,999.95318498
2017-02-14,1012.21346353
2017-02-15,1013.9038405
2017-02-16,1036.80686476
2017-02-17,1058.66992034
2017-02-18,1060.66880488
2017-02-19,1058.78640035
2017-02-20,1088.68842922
2017-02-21,1128.85529316
2017-02-22,1129.70179065
2017-02-23,1188.86178551
2017-02-24,1185.48889158
2017-02-25,1151.60473688
2017-02-26,1181.71086587
2017-02-27,1194.15245015
2017-02-28,1188.39994074
2017-03-01,1228.45965061
2017-03-02,1262.93146739
2017-03-03,1289.36319112
2017-03-04,1268.94066441
2017-03-05,1276.27368293
2017-03-06,1282.25465663
2017-03-07,1234.47646207
2017-03-08,1152.13938925
2017-03-09,1193.45552659
2017-03-10,1098.53014904
2017-03-11,1176.82292139
2017-03-12,1231.74835663
2017-03-13,1239.39629632
2017-03-14,1246.53656487
2017-03-15,1258.65138147
2017-03-16,1178.02075038
2017-03-17,1072.08253816
2017-03-18,962.569056166
2017-03-19,1020.22025354
2017-03-20,1037.75634588
2017-03-21,1111.81826359
2017-03-22,1037.30257013
2017-03-23,1028.17285628
2017-03-24,935.063496201
2017-03-25,968.543329281
2017-03-26,962.958054588
2017-03-27,1042.91919778
2017-03-28,1045.16293162
2017-03-29,1039.68861578
2017-03-30,1037.98766143
2017-03-31,1081.74353109
2017-04-01,1089.52477183
2017-04-02,1105.56295576
2017-04-03,1144.66477101
2017-04-04,1141.9219187
2017-04-05,1135.81164378
2017-04-06,1194.59645938
2017-04-07,1191.73145108
2017-04-08,1184.41772034
2017-04-09,1213.6341398
2017-04-10,1211.64987621
2017-04-11,1229.7849329
2017-04-12,1216.11436786
2017-04-13,1172.55833968
2017-04-14,1174.33323355
2017-04-15,1175.56218901
2017-04-16,1173.69137989
2017-04-17,1191.90120146
2017-04-18,1202.13145804
2017-04-19,1209.56090888
2017-04-20,1235.80307452
2017-04-21,1247.33607025
2017-04-22,1243.55039258
2017-04-23,1250.00148323
2017-04-24,1257.23944226
2017-04-25,1279.86471742
2017-04-26,1296.48545745
2017-04-27,1345.88995567
2017-04-28,1347.98515552
2017-04-29,1357.71525342
2017-04-30,1381.9563723
2017-05-01,1436.94148802
2017-05-02,1463.81906847
2017-05-03,1519.40894448
2017-05-04,1539.83005155
2017-05-05,1529.85044302
2017-05-06,1573.28550961
2017-05-07,1526.26777171
2017-05-08,1685.08649632
2017-05-09,1719.22801356
2017-05-10,1782.499
2017-05-11,1835.48754822
2017-05-12,1704.66164109
2017-05-13,1779.84025669
2017-05-14,1794.59355056
2017-05-15,1736.88284611
2017-05-16,1757.02694857
2017-05-17,1808.7460647
2017-05-18,1894.24726455
2017-05-19,1967.54554769
2017-05-20,2048.117678
2017-05-21,2045.22249316
2017-05-22,2078.94350003
2017-05-23,2257.28836382
2017-05-24,2415.00722665
2017-05-25,2319.60137867
2017-05-26,2279.41858364
2017-05-27,2044.30049982
2017-05-28,2225.70086663
2017-05-29,2284.71579749
2017-05-30,2167.26447791
2017-05-31,2299.43261026
2017-06-01,2399.88763194
2017-06-02,2479.42389433
2017-06-03,2549.55195152
2017-06-04,2524.99383355
2017-06-05,2685.31891672
2017-06-06,2871.34167735
2017-06-07,2706.76000885
2017-06-08,2802.56354681
2017-06-09,2804.87226692
2017-06-10,2916.32785979
2017-06-11,2974.21455921
2017-06-12,2665.43326996
2017-06-13,2707.13782402
2017-06-14,2443.82445137
2017-06-15,2409.88676417
2017-06-16,2476.35909538
2017-06-17,2652.75536335
2017-06-18,2508.21420742
2017-06-19,2589.64221338
2017-06-20,2733.22655628
2017-06-21,2639.2613142
2017-06-22,2686.64751432
2017-06-23,2685.87047101
2017-06-24,2562.18914874
2017-06-25,2497.72894138
2017-06-26,2426.3650512
2017-06-27,2530.345536
2017-06-28,2562.7922642
2017-06-29,2540.44303162
2017-06-30,2452.71206429
2017-07-01,2412.36621315
2017-07-02,2518.87218738
2017-07-03,2551.92743174
2017-07-04,2599.74474991
2017-07-05,2608.10489117
2017-07-06,2603.1954737
2017-07-07,2495.78092221
2017-07-08,2553.49415812
2017-07-09,2506.17321356
2017-07-10,2319.36689737
2017-07-11,2319.16744062
2017-07-12,2374.88626645
2017-07-13,2343.73834825
2017-07-14,2214.82523729
2017-07-15,1989.63319024
2017-07-16,1910.74954161
2017-07-17,2215.74629614
2017-07-18,2303.76114588
2017-07-19,2257.06523589
2017-07-20,2823.89792636
2017-07-21,2666.13971829
2017-07-22,2829.75405497
2017-07-23,2753.24386493
2017-07-24,2755.15952423
2017-07-25,2558.69299895
2017-07-26,2522.32464629
2017-07-27,2665.14754649
2017-07-28,2793.83348486
2017-07-29,2706.45076546
2017-07-30,2749.3845277
2017-07-31,2862.61129088
2017-08-01,2727.389182
2017-08-02,2690.14567198
2017-08-03,2789.74631245
2017-08-04,2860.27284325
2017-08-05,3237.4233633
2017-08-06,3230.11670894
2017-08-07,3392.56241864
2017-08-08,3425.6766166
2017-08-09,3347.21543162
2017-08-10,3437.03215546
2017-08-11,3660.52053729
2017-08-12,3871.0824062
2017-08-13,4063.80105272
2017-08-14,4304.60393121
2017-08-15,4160.03054588
2017-08-16,4364.67857463
2017-08-17,4308.51686143
2017-08-18,4108.50716219
2017-08-19,4160.33245687
2017-08-20,4085.81039433
2017-08-21,3992.62603524
2017-08-22,4074.33046125
2017-08-23,4146.91534524
2017-08-24,4325.816428
2017-08-25,4353.13177256
2017-08-26,4341.97871677
2017-08-27,4344.90344477
2017-08-28,4379.76392069
2017-08-29,4600.45683098
2017-08-30,4586.6327367
2017-08-31,4740.35621771
2017-09-01,4918.16624489
2017-09-02,4595.02001783
2017-09-03,4625.29631444
2017-09-04,4374.75349649
2017-09-05,4454.0525377
2017-09-06,4607.51652981
2017-09-07,4635.1118758
2017-09-08,4345.45765634
2017-09-09,4335.59344974
2017-09-10,4261.84352104
2017-09-11,4212.54757335
2017-09-12,4164.31943425
2017-09-13,3887.11858679
2017-09-14,3247.46873904
2017-09-15,3699.22294389
2017-09-16,3711.23435067
2017-09-17,3711.85620397
2017-09-18,4080.42844302
2017-09-19,3925.73619024
2017-09-20,3895.77707861
2017-09-21,3617.24346581
2017-09-22,3619.21371829
2017-09-23,3775.6005941
2017-09-24,3676.89694418
2017-09-25,3918.7380713
2017-09-26,3890.09093688
2017-09-27,4207.78748539
2017-09-28,4187.76979632
2017-09-29,4155.01011981
2017-09-30,4334.54461251
2017-10-01,4382.08689801
2017-10-02,4386.87571508
2017-10-03,4306.56464202
2017-10-04,4216.68482145
2017-10-05,4319.42091584
2017-10-06,4365.9157104
2017-10-07,4438.85593308
2017-10-08,4600.73979661
2017-10-09,4777.53465693
2017-10-10,4741.07791496
2017-10-11,4814.96711806
2017-10-12,5393.66898276
2017-10-13,5614.07751461
2017-10-14,5785.73831502
2017-10-15,5689.86505961
2017-10-16,5756.14881181
2017-10-17,5590.41632437
2017-10-18,5583.87042577
2017-10-19,5708.31299094
2017-10-20,6000.88313033
2017-10-21,6030.20789275
2017-10-22,5996.59813881
2017-10-23,5888.25001666
2017-10-24,5517.7753533
2017-10-25,5736.01780158
2017-10-26,5900.31772911
2017-10-27,5771.94504617
2017-10-28,5762.38857686
2017-10-29,6174.72884483
2017-10-30,6119.25638399
2017-10-31,6428.51463705
2017-11-01,6726.4118346
2017-11-02,7043.77793892
2017-11-03,7198.63211075
2017-11-04,7420.49807861
2017-11-05,7371.13902981
2017-11-06,6985.26384395
2017-11-07,7118.20254383
2017-11-08,7451.21278667
2017-11-09,7117.73804968
2017-11-10,6620.56733635
2017-11-11,6346.72144915
2017-11-12,5829.09782759
2017-11-13,6519.44517212
2017-11-14,6592.37439714
2017-11-15,7257.37321216
2017-11-16,7833.70443337
2017-11-17,7729.03327002
2017-11-18,7796.15424109
2017-11-19,8018.32068849
2017-11-20,8269.87425745
2017-11-21,8091.99808358
2017-11-22,8249.59733022
2017-11-23,8071.66982145
2017-11-24,8232.42233314
2017-11-25,8760.16544214
2017-11-26,9319.90331473
2017-11-27,9730.72857949
2017-11-28,9932.19418001
2017-11-29,9800.02755172
2017-11-30,9996.71497195
2017-12-01,10808.9583326
2017-12-02,10934.8599857
2017-12-03,11213.9426555
2017-12-04,11562.1285669
2017-12-05,11736.7540672
2017-12-06,13992.1323372
2017-12-07,17032.2933764
2017-12-08,16298.4873387
2017-12-09,15050.0219541
2017-12-10,15474.9995432
2017-12-11,16873.4977849
2017-12-12,17433.9307382
2017-12-13,16515.1525722
2017-12-14,16602.8928033
2017-12-15,17702.0021721
2017-12-16,19640.5138834
2017-12-17,19250.4676508
2017-12-18,18982.0250243
2017-12-19,17653.3260894
2017-12-20,16453.6272604
2017-12-21,15633.8336505
2017-12-22,14305.7183437
2017-12-23,14910.8581049
2017-12-24,14026.3468662
2017-12-25,14080.9422601
2017-12-26,15727.1454793
2017-12-27,15389.0005739
2017-12-28,14289.4522095
2017-12-29,14571.7460821
2017-12-30,12948.7158828
2017-12-31,13921.4806414
2018-01-01,13464.6536116
2018-01-02,14754.3222049
2018-01-03,15010.2861596
2018-01-04,15070.3007987
2018-01-05,16997.2274079
2018-01-06,17103.5892797
2018-01-07,16231.6949994
2018-01-08,14937.4150894
2018-01-09,14378.5862174
2018-01-10,14669.0882656
2018-01-11,13186.7549427
2018-01-12,13789.4436639
2018-01-13,14231.2250646
2018-01-14,13681.0654611
2018-01-15,13591.6961967
2018-01-16,11431.0401052
2018-01-17,11159.6085906
2018-01-18,11246.0397303
2018-01-19,11440.2555617
2018-01-20,12768.4045856
2018-01-21,11422.3942589
2018-01-22,10737.3505774
2018-01-23,10849.3918793
2018-01-24,11225.8961748
2018-01-25,11130.4649474
2018-01-26,11035.5546099
2018-01-27,11320.9701853
2018-01-28,11615.9587113
2018-01-29,11132.5543139
2018-01-30,9959.54671537
2018-01-31,10050.0957972
2018-02-01,9039.8650751
2018-02-02,8786.07737989
2018-02-03,9132.10032233
2018-02-04,8250.52689597
2018-02-05,6849.54255932
2018-02-06,7738.64395967
2018-02-07,7624.59538954
2018-02-08,8218.58085184
2018-02-09,8660.45346786
2018-02-10,8530.29280479
2018-02-11,8096.7284813
2018-02-12,8907.67017914
2018-02-13,8523.96693191
2018-02-14,9467.30103273
2018-02-15,10106.7330836
2018-02-16,10189.3164833
2018-02-17,11085.5984144
2018-02-18,10452.0919772
2018-02-19,11139.3557306
2018-02-20,11245.9323179
2018-02-21,10458.8650888
2018-02-22,9878.15894272
2018-02-23,10159.0656125
2018-02-24,9686.60177995
2018-02-25,9603.2274775
2018-02-26,10312.365713
2018-02-27,10654.1072949
2018-02-28,10307.0249664
2018-03-01,10923.6308618
2018-03-02,11014.0584673
2018-03-03,11425.6805655
2018-03-04,11462.5831975
2018-03-05,11540.6623206
2018-03-06,10677.0352309
2018-03-07,9903.08504909
2018-03-08,9330.47545295
2018-03-09,9278.1391844
2018-03-10,8786.56042314
2018-03-11,9513.53539977
2018-03-12,9147.8901806
2018-03-13,9160.54293279
2018-03-14,8222.12723904
2018-03-15,8268.58912244
2018-03-16,8376.90449825
2018-03-17,7881.66192051
2018-03-18,8189.01671917
2018-03-19,8537.01562332
2018-03-20,8895.54717914
2018-03-21,8879.59425658
2018-03-22,8710.66493513
2018-03-23,8771.7463235
2018-03-24,8610.98851636
2018-03-25,8440.61092256
2018-03-26,8171.18435447
2018-03-27,7837.2653194
2018-03-28,7933.64272969
2018-03-29,7108.57081327
2018-03-30,6832.14906634
2018-03-31,6922.2812969
2018-04-01,6804.52487931
2018-04-02,7033.25960959
2018-04-03,7420.80051549
2018-04-04,6780.5436014
2018-04-05,6798.4226166
2018-04-06,6610.4923498
2018-04-07,6886.46947195
2018-04-08,7009.99610432
2018-04-09,6736.89282379
2018-04-10,6816.71861543
2018-04-11,6944.7858571
2018-04-12,7904.33027528
2018-04-13,7919.06469462
2018-04-14,8006.41794331
2018-04-15,8342.2711014
2018-04-16,8046.98213355
2018-04-17,7887.73795792
2018-04-18,8162.83486178
2018-04-19,8272.9673159
2018-04-20,8839.50113209
2018-04-21,8863.54082905
2018-04-22,8800.95908708
2018-04-23,8930.78463355
2018-04-24,9652.21378872
2018-04-25,8855.50893659
2018-04-26,9264.72742694
2018-04-27,8981.33079018
2018-04-28,9341.82468469
2018-04-29,9396.99762975
2018-04-30,9228.72648364
2018-05-01,9072.16875745
2018-05-02,9204.12764056
2018-05-03,9750.70014641
2018-05-04,9696.64290999
2018-05-05,9795.92577206
2018-05-06,9595.0868194
2018-05-07,9339.51084717
2018-05-08,9212.36963472
2018-05-09,9293.04227352
2018-05-10,9037.53050906
2018-05-11,8419.75858738
2018-05-12,8485.7752668
2018-05-13,8695.8330938
2018-05-14,8671.07417475
2018-05-15,8488.46342139
2018-05-16,8327.75620134
2018-05-17,8050.51623933
2018-05-18,8233.08645529
2018-05-19,8229.48293571
2018-05-20,8511.44883022
2018-05-21,8398.62312653
2018-05-22,8007.52653214
2018-05-23,7520.86767914
2018-05-24,7575.62448597
2018-05-25,7425.37567446
2018-05-26,7326.30318644
2018-05-27,7338.19304442
2018-05-28,7110.82388165
2018-05-29,7453.63372501
2018-05-30,7374.66904909
2018-05-31,7478.74186704
2018-06-01,7519.83573729
2018-06-02,7637.44825307
2018-06-03,7702.15793308
2018-06-04,7486.65319959
2018-06-05,7611.14985272
2018-06-06,7650.77580713
2018-06-07,7665.94789626
2018-06-08,7622.60233022
2018-06-09,7556.17169784
2018-06-10,6744.73580099
2018-06-11,6849.45268732
2018-06-12,6526.69968001
2018-06-13,6306.51316803
2018-06-14,6629.7701242
2018-06-15,6399.67404646
2018-06-16,6495.31530918
2018-06-17,6450.69397282
2018-06-18,6703.81258971
2018-06-19,6732.50880918
2018-06-20,6753.20682583
2018-06-21,6720.37323437
2018-06-22,6059.57585915
2018-06-23,6174.22577937
2018-06-24,6146.48719492
2018-06-25,6243.53544097
2018-06-26,6096.12876622
2018-06-27,6139.18968323
2018-06-28,5858.6357782
2018-06-29,6220.91371508
2018-06-30,6375.54123144
2018-07-01,6361.40253887
2018-07-02,6608.36715722
2018-07-03,6498.30785915
2018-07-04,6579.33337639
2018-07-05,6535.29840269
2018-07-06,6598.45909585
2018-07-07,6737.85608036
2018-07-08,6704.91998013
2018-07-09,6664.02409351
2018-07-10,6309.08400409
2018-07-11,6377.9765114
2018-07-12,6159.46667621
2018-07-13,6208.98557189
2018-07-14,6255.11247867
2018-07-15,6347.60427382
2018-07-16,6710.80743746
2018-07-17,7320.59482788
2018-07-18,7376.03833928
2018-07-19,7467.03429807
2018-07-20,7327.25668293
2018-07-21,7410.5656204
2018-07-22,7399.48374693
2018-07-23,7716.15862741
2018-07-24,8397.61652162
2018-07-25,8202.72039538
2018-07-26,7913.9307782
2018-07-27,8173.77461134
2018-07-28,8190.36005669
2018-07-29,8229.60583869
2018-07-30,8171.83951929
2018-07-31,7725.13303594
2018-08-01,7596.69801198
2018-08-02,7542.69466189
2018-08-03,7411.34425015
2018-08-04,7002.20865283
2018-08-05,7031.58775102
2018-08-06,6929.99089421
2018-08-07,6722.57843279
2018-08-08,6267.38867358
2018-08-09,6558.09690795
2018-08-10,6135.75185856
2018-08-11,6313.74931181
2018-08-12,6314.69165576
2018-08-13,6265.84804383
2018-08-14,6184.82908562
2018-08-15,6270.21479866
2018-08-16,6290.75045529
2018-08-17,6563.07828872
2018-08-18,6399.28744681
2018-08-19,6490.71612712
2018-08-20,6272.95272881
2018-08-21,6473.07603945
2018-08-22,6365.00983168
2018-08-23,6516.40902542
2018-08-24,6697.73187873
2018-08-25,6745.43893922
2018-08-26,6689.86933314
2018-08-27,6839.15895237
2018-08-28,7092.9738083
2018-08-29,7033.42806809
2018-08-30,6966.96374372
2018-08-31,7025.14078025
2018-09-01,7192.35254734
2018-09-02,7286.66779106
2018-09-03,7257.47021391
2018-09-04,7358.81147896
2018-09-05,6790.89732846
2018-09-06,6488.07593688
2018-09-07,6408.65362244
2018-09-08,6187.79050234
2018-09-09,6249.24631034
2018-09-10,6295.38860257
2018-09-11,6278.42463968
2018-09-12,6327.53636324
2018-09-13,6490.91231648
2018-09-14,6494.69547896
2018-09-15,6524.16566745
2018-09-16,6497.40470134
2018-09-17,6258.59487493
2018-09-18,6340.34779018
2018-09-19,6383.9518758
2018-09-20,6498.60711105
2018-09-21,6741.14289889
2018-09-22,6705.47605114
2018-09-23,6703.1368495
2018-09-24,6576.54500321
2018-09-25,6416.44402162
2018-09-26,6463.25040357
2018-09-27,6677.9004886
2018-09-28,6623.12615985
2018-09-29,6584.49914757
2018-09-30,6604.48502835
2018-10-01,6561.81383226
2018-10-02,6508.72093863
2018-10-03,6464.45684366
2018-10-04,6545.28566774
2018-10-05,6585.14957978
2018-10-06,6550.4783159
2018-10-07,6564.56826008
2018-10-08,6604.68527411
2018-10-09,6590.42862215
2018-10-10,6529.102436
2018-10-11,6159.25164261
2018-10-12,6191.67722326
2018-10-13,6197.68569638
2018-10-14,6182.87934424
2018-10-15,6442.71541409
2018-10-16,6461.93715926
2018-10-17,6442.73070018
2018-10-18,6396.4798121
2018-10-19,6383.07784015
2018-10-20,6408.25274635
2018-10-21,6415.34050292
2018-10-22,6408.03363559
2018-10-23,6395.98766686
2018-10-24,6413.80364115
2018-10-25,6402.32485915
2018-10-26,6404.10855231
2018-10-27,6409.40532759
2018-10-28,6406.63325307
2018-10-29,6263.04173466
2018-10-30,6272.16772823
2018-10-31,6306.31693133
2018-11-01,6342.97750058
2018-11-02,6348.1685827
2018-11-03,6332.43413296
2018-11-04,6420.42200029
2018-11-05,6402.94683898
2018-11-06,6441.14521888
2018-11-07,6500.86980508
2018-11-08,6406.75293746
2018-11-09,6331.3787671
2018-11-10,6353.11273407
2018-11-11,6335.41420397
2018-11-12,6320.65605377
2018-11-13,6267.93799123
2018-11-14,5574.25834892
2018-11-15,5538.56060783
2018-11-16,5496.01623115
2018-11-17,5501.09234044
2018-11-18,5555.3763384
2018-11-19,4792.20002367
2018-11-20,4317.53067008
2018-11-21,4549.32200994
2018-11-22,4303.61554851
2018-11-23,4289.8928533
2018-11-24,3806.3169249
2018-11-25,3946.85087434
2018-11-26,3700.28599269
2018-11-27,3776.55590532
2018-11-28,4208.47526914
2018-11-29,4239.03948831
2018-11-30,3973.33405231
2018-12-01,4148.0737256
2018-12-02,4098.74676388
2018-12-03,3843.97666598
2018-12-04,3892.95164699
2018-12-05,3709.52085827
2018-12-06,3511.96898159
2018-12-07,3372.99569258
2018-12-08,3407.95119462
2018-12-09,3540.43957598
2018-12-10,3413.59258416
2018-12-11,3352.56420018
2018-12-12,3423.01291788
2018-12-13,3260.34158241
2018-12-14,3198.9474737
2018-12-15,3185.07404383
2018-12-16,3195.41455523
2018-12-17,3499.15648188
2018-12-18,3659.52737931
2018-12-19,3697.72530333
2018-12-20,4067.73770777
2018-12-21,3839.08510842
2018-12-22,3964.94611631
2018-12-23,3942.66699591
2018-12-24,4040.0457896
2018-12-25,3761.58401081
2018-12-26,3807.65745354
2018-12-27,3585.46053594
2018-12-28,3881.05488486
2018-12-29,3823.13832613
2018-12-30,3825.40746289
2018-12-31,3687.19994009
2019-01-01,3808.11783168
2019-01-02,3898.19748802
2019-01-03,3784.38863472
2019-01-04,3827.52459439
2019-01-05,3798.613955
2019-01-06,4045.99377499
2019-01-07,4001.0182782
2019-01-08,3992.6227893
2019-01-09,4004.25903565
2019-01-10,3627.90345003
2019-01-11,3624.1614211
2019-01-12,3617.02207832
2019-01-13,3508.67010812
2019-01-14,3666.94519375
2019-01-15,3581.29301549
2019-01-16,3606.98657569
2019-01-17,3640.12913063
2019-01-18,3609.42673612
2019-01-19,3687.30196113
2019-01-20,3538.31372297
2019-01-21,3535.62339304
2019-01-22,3577.3083498
2019-01-23,3551.89382116
2019-01-24,3567.58893366
2019-01-25,3561.35049795
2019-01-26,3557.03991525
2019-01-27,3537.61413063
2019-01-28,3435.05251403
2019-01-29,3395.8237633
2019-01-30,3437.89586616
2019-01-31,3410.13161601
2019-02-01,3445.04989129
2019-02-02,3461.93511748
2019-02-03,3413.02161631
2019-02-04,3411.38796172
2019-02-05,3426.4650114
2019-02-06,3367.50636499
2019-02-07,3358.87359906
2019-02-08,3612.47961923
2019-02-09,3621.26812098
2019-02-10,3642.02235915
2019-02-11,3590.61848364
2019-02-12,3587.90246581
2019-02-13,3576.08537259
2019-02-14,3561.9163834
2019-02-15,3565.00692373
2019-02-16,3584.73600263
2019-02-17,3622.75742899
2019-02-18,3866.12921712
2019-02-19,3895.43521099
2019-02-20,3931.61382905
2019-02-21,3892.26179427
2019-02-22,3948.30051052
2019-02-23,4110.15112127
2019-02-24,3754.18378989
2019-02-25,3822.01869667
2019-02-26,3796.17506838
2019-02-27,3799.3819924
2019-02-28,3792.94772297
2019-03-01,3810.63269258
2019-03-02,3809.643391
2019-03-03,3782.38187025
2019-03-04,3698.16185506
2019-03-05,3840.12804909
2019-03-06,3851.99842548
2019-03-07,3855.92316832
2019-03-08,3839.23355289
2019-03-09,3910.36116657
2019-03-10,3903.91195091
2019-03-11,3851.56892168
2019-03-12,3858.91482379
2019-03-13,3851.95746639
2019-03-14,3853.78326505
2019-03-15,3901.9142069
2019-03-16,3989.79607686
2019-03-17,3967.14349445
2019-03-18,3969.44014582
2019-03-19,3996.16790357
2019-03-20,4030.65527586
2019-03-21,3976.27385009
2019-03-22,3983.88764582
2019-03-23,3981.77603302
2019-03-24,3970.66698802
2019-03-25,3908.23883869
2019-03-26,3917.7634021
2019-03-27,4027.00791788
2019-03-28,4010.93746201
2019-03-29,4089.46104004
2019-03-30,4091.89103834
2019-03-31,4094.31781473
2019-04-01,4138.41780771
2019-04-02,4903.71946207
2019-04-03,4960.22760275
2019-04-04,4911.26970245
2019-04-05,5033.22548369
2019-04-06,5044.35684594
2019-04-07,5189.11195558
2019-04-08,5283.42302484
2019-04-09,5195.57790883
2019-04-10,5311.74160327
2019-04-11,5050.66600859
2019-04-12,5082.86143203
2019-04-13,5074.79069258
2019-04-14,5156.80404062
2019-04-15,5042.89773846
2019-04-16,5205.96295745
2019-04-17,5226.3522152
2019-04-18,5278.50233957
2019-04-19,5289.95121911
2019-04-20,5313.97326213
2019-04-21,5295.73382817
2019-04-22,5383.79997534
2019-04-23,5544.86271186
2019-04-24,5431.94791964
2019-04-25,5127.67316739
2019-04-26,5150.16466067
2019-04-27,5181.80776365
2019-04-28,5148.66961543
2019-04-29,5148.80049328
2019-04-30,5266.61820251
2019-05-01,5315.17532905
2019-05-02,5393.12937639
2019-05-03,5658.43038837
2019-05-04,5774.7124287
2019-05-05,5728.35170222
2019-05-06,5691.68837405
2019-05-07,5825.74489305
2019-05-08,5931.80059497
2019-05-09,6150.14044477
2019-05-10,6357.46349357
2019-05-11,7325.08286032
2019-05-12,6942.62317452
2019-05-13,7798.905736
2019-05-14,7955.55768235
2019-05-15,8215.2068384
2019-05-16,7862.07160234
2019-05-17,7326.92068188
2019-05-18,7277.98756341
2019-05-19,8219.74278697
2019-05-20,7981.13937896
2019-05-21,7983.80847738
2019-05-22,7667.90211485
2019-05-23,7897.47129369
2019-05-24,7987.10036762
2019-05-25,8061.59176072
2019-05-26,8731.52495587
2019-05-27,8816.78670836
2019-05-28,8719.12584833
2019-05-29,8655.48850614
2019-05-30,8271.62196318
2019-05-31,8556.22218556
2019-06-01,8554.80732963
2019-06-02,8744.35374547
2019-06-03,8173.40127054
2019-06-04,7649.93933197
2019-06-05,7798.54446639
2019-06-06,7776.71332613
2019-06-07,8023.95009305
2019-06-08,7939.80515488
2019-06-09,7634.06575073
2019-06-10,7993.30253857
2019-06-11,7922.48362712
2019-06-12,8146.75612507
2019-06-13,8232.77734138
2019-06-14,8698.00481502
2019-06-15,8850.58481601
2019-06-16,9019.51700672
2019-06-17,9340.57218878
2019-06-18,9047.13274448
2019-06-19,9285.05567656
2019-06-20,9546.7197782
2019-06-21,10083.4863137
2019-06-22,10685.2952328
2019-06-23,10794.4276964
2019-06-24,11004.2069095
2019-06-25,11726.2638308
2019-06-26,12863.460685
2019-06-27,11109.7978418
2019-06-28,12358.2079582
2019-06-29,11944.3515473
2019-06-30,10842.616711
2019-07-01,10569.5517282
2019-07-02,10766.0833162
2019-07-03,11952.0248935
2019-07-04,11177.0103788
2019-07-05,10998.3991005
2019-07-06,11208.2256005
2019-07-07,11456.1836039
2019-07-08,12319.6228758
2019-07-09,12579.107616
2019-07-10,12106.7829313
2019-07-11,11294.6780283
2019-07-12,11813.3237159
2019-07-13,11346.8371482
2019-07-14,10283.0757891
2019-07-15,10926.3802741
2019-07-16,9471.14086476
2019-07-17,9674.88246113
2019-07-18,10679.8906897
2019-07-19,10532.2027291
2019-07-20,10862.6485479
2019-07-21,10589.7064908
2019-07-22,10318.5609252
2019-07-23,9866.64894039
2019-07-24,9792.78753653
2019-07-25,9897.18678603
2019-07-26,9836.69678814
2019-07-27,9446.67205207
2019-07-28,9529.78879193
2019-07-29,9504.15891596
2019-07-30,9589.10920602
2019-07-31,10059.004019
2019-08-01,10400.3070144
2019-08-02,10529.6944544
2019-08-03,10810.4216686
2019-08-04,10986.5089291
2019-08-05,11790.0239376
2019-08-06,11423.4970018
2019-08-07,11967.2735473
2019-08-08,11938.2346109
2019-08-09,11858.3410985
2019-08-10,11303.7305619
2019-08-11,11530.1952423
2019-08-12,11384.6962466
2019-08-13,10867.0547583
2019-08-14,10024.3795917
2019-08-15,10310.0858697
2019-08-16,10373.3219028
2019-08-17,10207.1555617
2019-08-18,10331.309976
2019-08-19,10884.6297744
2019-08-20,10771.3923794
2019-08-21,10096.8302238
2019-08-22,10119.7145248
2019-08-23,10414.1441726
2019-08-24,10147.0871549
2019-08-25,10100.3567784
2019-08-26,10362.6434724
2019-08-27,10168.2215717
2019-08-28,9724.79997808
2019-08-29,9482.31173495
2019-08-30,9577.6788235
2019-08-31,9605.02446143
2019-09-01,9762.9365569
2019-09-02,10377.3383846
2019-09-03,10618.7815058
2019-09-04,10577.2410839
2019-09-05,10580.1846996
2019-09-06,10330.8497312
2019-09-07,10494.5069649
2019-09-08,10407.2656574
2019-09-09,10332.4644424
2019-09-10,10085.9519243
2019-09-11,10142.1480604
2019-09-12,10403.3599708
2019-09-13,10345.3387469
2019-09-14,10363.4528963
2019-09-15,10306.1696674
2019-09-16,10257.8227615
2019-09-17,10195.6111812
2019-09-18,10161.3188665
2019-09-19,10268.3926292
2019-09-20,10170.1251161
2019-09-21,9986.40610812
2019-09-22,10047.0134749
2019-09-23,9692.74104793
2019-09-24,8613.67124851
2019-09-25,8424.15764641
2019-09-26,8091.69529924
2019-09-27,8186.77963928
2019-09-28,8201.97901344
2019-09-29,8064.50806236
2019-09-30,8282.36545412
2019-10-01,8314.55139012
2019-10-02,8362.53073232
2019-10-03,8254.33991029
2019-10-04,8165.68615126
2019-10-05,8141.63371379
2019-10-06,7854.60981297
2019-10-07,8226.02342928
2019-10-08,8190.11512075
2019-10-09,8598.33192075
2019-10-10,8578.09037931
2019-10-11,8289.85402893
2019-10-12,8323.75014407
2019-10-13,8291.25065143
2019-10-14,8346.36843659
2019-10-15,8160.71262753
2019-10-16,8003.85592314
2019-10-17,8072.48938229
2019-10-18,7959.33199357
2019-10-19,7948.47733723
2019-10-20,8213.70903928
2019-10-21,8211.65455874
2019-10-22,8029.20537288
2019-10-23,7458.03585681
2019-10-24,7454.37113816
2019-10-25,8656.65517756
2019-10-26,9249.64676096
2019-10-27,9558.15604401
2019-10-28,9319.17814167
2019-10-29,9431.2071239
2019-10-30,9182.85506517
2019-10-31,9155.27729877
2019-11-01,9251.38129345
2019-11-02,9300.19083752
2019-11-03,9209.63869608
2019-11-04,9418.36013063
2019-11-05,9330.78722297
2019-11-06,9354.93338229
2019-11-07,9210.74822238
2019-11-08,8791.33393495
2019-11-09,8810.78456195
2019-11-10,9042.8907232
2019-11-11,8713.20792957
2019-11-12,8788.95814296
2019-11-13,8766.72943051
2019-11-14,8645.43580362
2019-11-15,8465.87788854
2019-11-16,8477.69024284
2019-11-17,8505.16122326
2019-11-18,8183.5334135
2019-11-19,8116.82067259
2019-11-20,8076.55466008
2019-11-21,7612.27748802
2019-11-22,7277.52427323
2019-11-23,7324.83617855
2019-11-24,6943.38065605
2019-11-25,7139.04468597
2019-11-26,7165.43773027
2019-11-27,7526.86381654
2019-11-28,7436.33638171
2019-11-29,7747.73804208
2019-11-30,7556.19372122
2019-12-01,7417.72720602
2019-12-02,7318.3125218
2019-12-03,7306.44623331
2019-12-04,7215.02034483
2019-12-05,7404.08679497
2019-12-06,7534.20835593
2019-12-07,7512.06140263
2019-12-08,7528.94026943
2019-12-09,7340.22745909
2019-12-10,7232.09178375
2019-12-11,7200.464446
2019-12-12,7192.84902425
2019-12-13,7244.90372005
2019-12-14,7071.1070903
2019-12-15,7111.28666996
2019-12-16,6882.39579532
2019-12-17,6608.96197984
2019-12-18,7284.62548364
2019-12-19,7146.16763764
2019-12-20,7184.21917206
2019-12-21,7140.29801128
2019-12-22,7479.40240789
2019-12-23,7321.74872385
2019-12-24,7235.62908381
2019-12-25,7191.17416569
2019-12-26,7194.63975833
2019-12-27,7237.15044728
2019-12-28,7306.6433083
2019-12-29,7391.57852139
2019-12-30,7229.39710064
2019-12-31,7167.39505465
2020-01-01,7170.63186879
2020-01-02,6946.82526914
2020-01-03,7315.30936032
2020-01-04,7343.16419439
2020-01-05,7345.53069182
2020-01-06,7765.79773466
2020-01-07,8136.08684191
2020-01-08,8059.69952887
2020-01-09,7817.13609322
2020-01-10,8129.81791993
2020-01-11,8032.00549503
2020-01-12,8164.54999316
2020-01-13,8121.92566762
2020-01-14,8830.16787347
2020-01-15,8811.44820251
2020-01-16,8718.68699801
2020-01-17,8912.54190415
2020-01-18,8928.18075658
2020-01-19,8687.35483665
2020-01-20,8636.25878621
2020-01-21,8730.8675602
2020-01-22,8647.90047399
2020-01-23,8366.38461397
2020-01-24,8423.39095815
2020-01-25,8344.77456897
2020-01-26,8573.87480959
2020-01-27,8901.95928486
2020-01-28,9297.38831765
2020-01-29,9311.94754354
2020-01-30,9508.92096493
2020-01-31,9357.28478241
2020-02-01,9381.88602864
2020-02-02,9339.38706312
2020-02-03,9279.81252051
2020-02-04,9161.62719772
2020-02-05,9628.13677586
2020-02-06,9739.28043647
2020-02-07,9800.27939982
2020-02-08,9911.29340842
2020-02-09,10151.0832027
2020-02-10,9872.36187306
2020-02-11,10272.2225559
2020-02-12,10360.1352229
2020-02-13,10235.4973226
2020-02-14,10361.6156902
2020-02-15,9911.724327
2020-02-16,9952.04661157
2020-02-17,9683.0796277
2020-02-18,10195.3037905
2020-02-19,9636.00229866
2020-02-20,9614.03012244
2020-02-21,9701.79750269
2020-02-22,9675.24905757
2020-02-23,9972.84242309
2020-02-24,9648.00788311
2020-02-25,9344.28714009
2020-02-26,8798.88894857
2020-02-27,8779.02948188
2020-02-28,8750.593446
2020-02-29,8582.09029965
2020-03-01,8541.77389392
2020-03-02,8906.21475646
2020-03-03,8768.8106142
2020-03-04,8756.36957218
2020-03-05,9062.61580275
2020-03-06,9147.08505897
2020-03-07,8898.30695675
2020-03-08,8109.61454115
2020-03-09,7896.38531987
2020-03-10,7909.92787545
2020-03-11,7939.34133477
2020-03-12,4959.31341438
2020-03-13,5627.69238837
2020-03-14,5145.17250643
2020-03-15,5358.61066335
2020-03-16,5012.92738778
2020-03-17,5416.7547107
2020-03-18,5392.48783594
2020-03-19,6203.55163209
2020-03-20,6174.14947604
2020-03-21,6175.83102221
2020-03-22,5830.5609796
2020-03-23,6486.40865733
2020-03-24,6775.05761894
2020-03-25,6689.96901286
2020-03-26,6754.46033606
2020-03-27,6490.79541502
2020-03-28,6231.81989024
2020-03-29,5904.85758679
2020-03-30,6436.90570018
2020-03-31,6432.38324214
2020-04-01,6643.11000871
2020-04-02,6792.74222209
2020-04-03,6751.90255178
2020-04-04,6859.98916867
2020-04-05,6790.81247265
2020-04-06,7298.17374518
2020-04-07,7187.59333665
2020-04-08,7372.194764
2020-04-09,7299.5791879
2020-04-10,6859.82267475
2020-04-11,6883.18222896
2020-04-12,6978.66628662
2020-04-13,6863.5755332
2020-04-14,6875.53850345
2020-04-15,6625.4757751
2020-04-16,7127.79228223
2020-04-17,7081.39519842
2020-04-18,7262.7923436
2020-04-19,7150.24421546
2020-04-20,6853.27341479
2020-04-21,6870.42369866
2020-04-22,7123.65691993
2020-04-23,7488.60516528
2020-04-24,7506.44331648
2020-04-25,7537.73820912
2020-04-26,7684.06852168
2020-04-27,7777.49151859
2020-04-28,7769.89969842
2020-04-29,8761.83716955
2020-04-30,8652.41099123
2020-05-01,8855.53525827
2020-05-02,8977.28170538
2020-05-03,8896.7956384
2020-05-04,8881.9543045
2020-05-05,8985.87959936
2020-05-06,9266.81307306
2020-05-07,9993.75317686
2020-05-08,9859.32360462
2020-05-09,9577.33892238
2020-05-10,8715.03329322
2020-05-11,8591.65288434
2020-05-12,8817.25068112
2020-05-13,9322.99720205
2020-05-14,9801.26948773
2020-05-15,9326.87585891
2020-05-16,9395.4753893
2020-05-17,9682.53248118
2020-05-18,9726.85002209
2020-05-19,9754.20146201
2020-05-20,9515.70255026
2020-05-21,9068.80122934
2020-05-22,9161.8150339
2020-05-23,9183.66212507
2020-05-24,8806.23065716
2020-05-25,8909.19258153
2020-05-26,8835.13725336
2020-05-27,9169.05743922
2020-05-28,9568.26185301
2020-05-29,9432.41333343
2020-05-30,9691.68049117
2020-05-31,9433.94384664
2020-06-01,10199.1350542
2020-06-02,9512.34653302
2020-06-03,9642.27340035
2020-06-04,9813.36067914
2020-06-05,9641.89162256
2020-06-06,9668.67053857
2020-06-07,9747.58011105
2020-06-08,9769.34236148
2020-06-09,9779.42216566
2020-06-10,9888.44417469
2020-06-11,9277.45116932
2020-06-12,9456.16153331
2020-06-13,9461.33379866
2020-06-14,9342.9556353
2020-06-15,9441.38321128
2020-06-16,9520.09194828
2020-06-17,9448.69356061
2020-06-18,9389.99076639
2020-06-19,9285.99158293
2020-06-20,9357.29246447
2020-06-21,9284.76937183
2020-06-22,9684.62018475
2020-06-23,9611.72599825
2020-06-24,9292.94354354
2020-06-25,9247.1214325
2020-06-26,9159.43777206
2020-06-27,9002.16561718
2020-06-28,9108.06567458
2020-06-29,9184.24736628
2020-06-30,9143.9675853
2020-07-01,9241.33961239
2020-07-02,9094.38728679
2020-07-03,9066.69069661
2020-07-04,9126.21955494
2020-07-05,9079.61401809
2020-07-06,9338.94259117
2020-07-07,9252.15873261
2020-07-08,9434.56795646
2020-07-09,9231.50234752
2020-07-10,9285.22101543
2020-07-11,9237.17100818
2020-07-12,9289.09797691
2020-07-13,9236.62250117
2020-07-14,9260.35698685
2020-07-15,9196.72555897
2020-07-16,9132.5923121
2020-07-17,9156.46870976
2020-07-18,9175.90530859
2020-07-19,9218.84231081
2020-07-20,9167.1905675
2020-07-21,9388.5743498
2020-07-22,9531.25743016
2020-07-23,9609.16671537
2020-07-24,9548.10072706
2020-07-25,9702.45279047
2020-07-26,9933.90655424
2020-07-27,11046.5083295
2020-07-28,10944.6129789
2020-07-29,11115.771282
2020-07-30,11135.3907262
2020-07-31,11338.1973408
2020-08-01,11797.5821265
2020-08-02,11094.0206841
2020-08-03,11236.0956805
2020-08-04,11202.6519091
2020-08-05,11721.4384716
2020-08-06,11769.3091081
2020-08-07,11598.9690585
2020-08-08,11743.008635
2020-08-09,11680.5173662
2020-08-10,11870.3695447
2020-08-11,11392.6440884
2020-08-12,11575.5124737
2020-08-13,11773.4481155
2020-08-14,11774.4082519
2020-08-15,11866.9103613
2020-08-16,11899.6427536
2020-08-17,12315.7624167
2020-08-18,11992.6959963
2020-08-19,11736.8490645
2020-08-20,11867.520344
2020-08-21,11524.6989492
2020-08-22,11682.2891504
2020-08-23,11665.6092735
2020-08-24,11771.4080537
2020-08-25,11358.4543203
2020-08-26,11472.0491205
2020-08-27,11314.673741
2020-08-28,11527.8830322
2020-08-29,11490.7623477
2020-08-30,11698.975833
2020-08-31,11678.3482269
2020-09-01,11970.3648562
2020-09-02,11414.5209337
2020-09-03,10261.4944095
2020-09-04,10471.9664133
2020-09-05,10128.6435861
2020-09-06,10253.299898
2020-09-07,10367.8783544
2020-09-08,10108.6354501
2020-09-09,10223.1114091
2020-09-10,10334.6307302
2020-09-11,10387.020742
2020-09-12,10436.9778323
2020-09-13,10322.5236148
2020-09-14,10662.7199123
2020-09-15,10779.381025
2020-09-16,10968.3205466
2020-09-17,10936.2927506
2020-09-18,10920.112844
2020-09-19,11073.7795478
2020-09-20,10921.2180998
2020-09-21,10455.3799623
2020-09-22,10519.8391641
2020-09-23,10233.2995687
2020-09-24,10739.0427094
2020-09-25,10683.6305807
2020-09-26,10742.0304202
2020-09-27,10758.8242899
2020-09-28,10727.3750541
2020-09-29,10841.1427445
2020-09-30,10772.3517668
2020-10-01,10606.6173326
2020-10-02,10570.1056778
2020-10-03,10555.705434
2020-10-04,10665.6186224
2020-10-05,10772.6355996
2020-10-06,10596.3735494
2020-10-07,10667.1943942
2020-10-08,10902.5293637
2020-10-09,11074.1036798
2020-10-10,11302.8542864
2020-10-11,11378.2625285
2020-10-12,11548.4015567
2020-10-13,11434.9687849
2020-10-14,11417.1081139
2020-10-15,11502.581239
2020-10-16,11338.9871766
2020-10-17,11362.8022174
2020-10-18,11489.622565
2020-10-19,11745.8119676
2020-10-20,11929.4572507
2020-10-21,12848.4906178
2020-10-22,12997.4993418
2020-10-23,12953.429697
2020-10-24,13113.8669231
2020-10-25,13041.6410375
2020-10-26,13080.6561698
2020-10-27,13675.5239275
2020-10-28,13290.3288498
2020-10-29,13475.2173007
2020-10-30,13603.2960909
2020-10-31,13807.233611
2020-11-01,13736.8994113
2020-11-02,13595.5647604
2020-11-03,13996.9153986
2020-11-04,14129.1481955
2020-11-05,15606.4668337
2020-11-06,15618.9724714
2020-11-07,14866.3563045
2020-11-08,15500.0007072
2020-11-09,15319.8199725
2020-11-10,15319.2756762
2020-11-11,15731.2411058
2020-11-12,16289.8148977
2020-11-13,16330.062768
2020-11-14,16102.0100169
2020-11-15,15986.7549906
2020-11-16,16743.0539398
2020-11-17,17682.169187
2020-11-18,17804.690024
2020-11-19,17818.6686622
2020-11-20,18663.7818531
2020-11-21,18706.5893354
2020-11-22,18482.6926317
2020-11-23,18373.2577598
2020-11-24,19150.2510485
2020-11-25,18748.393713
2020-11-26,17113.7168714
2020-11-27,17101.6030181
2020-11-28,17745.3773124
2020-11-29,18190.8668804
2020-11-30,19664.4076067
2020-12-01,18820.6077896
2020-12-02,19214.872229
2020-12-03,19470.3112081
2020-12-04,18732.967091
2020-12-05,19114.6331309
2020-12-06,19356.3136768
2020-12-07,19182.1768328
2020-12-08,18340.9781377
2020-12-09,18574.6967352
2020-12-10,18294.8469515
2020-12-11,18061.7600257
2020-12-12,18813.2837686
2020-12-13,19156.0825056
2020-12-14,19286.7512992
2020-12-15,19432.5884641
2020-12-16,21370.7203186
2020-12-17,22789.2674161
2020-12-18,23048.7645611
2020-12-19,23856.7735192
2020-12-20,23528.5506136
2020-12-21,22937.4183435
2020-12-22,23756.8887686
2020-12-23,23307.2709018
2020-12-24,23707.6330441
2020-12-25,24669.164322
2020-12-26,26478.0681052
2020-12-27,26430.8565972
2020-12-28,27039.34902
2020-12-29,27231.2034553
2020-12-30,28844.6136782
2020-12-31,29022.6714126
2021-01-01,29380.6937328
2021-01-02,32022.6810579
2021-01-03,33277.8353051
2021-01-04,31802.1467136
2021-01-05,34013.1741724
2021-01-06,36643.2777224
2021-01-07,39215.651149
2021-01-08,40775.4045634
2021-01-09,40370.6823495
2021-01-10,38329.3401666
2021-01-11,35269.5137177
2021-01-12,33712.4685453
2021-01-13,37296.5475278
2021-01-14,39045.5183402
2021-01-15,36710.3174249
2021-01-16,36177.261097
2021-01-17,36069.9394668
2021-01-18,36594.2964018
2021-01-19,36250.1461894
2021-01-20,35515.4800129
2021-01-21,31022.9510281
2021-01-22,32986.4357569
2021-01-23,32036.2822724
2021-01-24,32216.1042905
2021-01-25,32419.7059462
2021-01-26,32640.6391426
2021-01-27,30358.9347236
2021-01-28,33511.2875951
2021-01-29,34166.1494259
2021-01-30,34349.9170953
2021-01-31,33157.8325745
2021-02-01,33570.2718469
2021-02-02,35596.1489094
2021-02-03,37578.3732069
2021-02-04,37129.2029377
2021-02-05,38045.4136084
2021-02-06,39341.7270812
2021-02-07,39003.0121818
2021-02-08,46121.9340725
2021-02-09,46548.1619912
2021-02-10,45078.1283503
2021-02-11,47892.8409182
2021-02-12,47525.2091432
2021-02-13,47208.6250271
2021-02-14,48829.8275096
2021-02-15,48110.2417335
2021-02-16,49140.3826578
2021-02-17,52224.939114
2021-02-18,51650.0699486
2021-02-19,55820.5044039
2021-02-20,55861.8205671
2021-02-21,57500.7161103
2021-02-22,53952.1533386
2021-02-23,48560.4890351
2021-02-24,49567.3456891
2021-02-25,47568.1311701
2021-02-26,46231.7675785
2021-02-27,45834.5133612
2021-02-28,45359.4641642
2021-03-01,49634.4471093
2021-03-02,48304.7054879
2021-03-03,50690.4671835
2021-03-04,48472.7954752
2021-03-05,48800.8173594
2021-03-06,48970.5244868
2021-03-07,51086.4681794
2021-03-08,52088.4751315
2021-03-09,54739.1352542
2021-03-10,56116.0409123
2021-03-11,57847.2549357
2021-03-12,57334.6415348
2021-03-13,61288.7941276
2021-03-14,59905.6184705
2021-03-15,56121.121924
2021-03-16,56500.4460257
2021-03-17,58683.0659825
2021-03-18,57731.4798411
2021-03-19,58168.1219223
2021-03-20,58247.8847066
2021-03-21,57447.9330199
2021-03-22,54453.1373508
2021-03-23,54563.6119458
2021-03-24,52595.4113238
2021-03-25,51547.1248954
2021-03-26,54817.8571122
2021-03-27,56019.8373056
2021-03-28,55713.0381397
2021-03-29,57571.2333477
2021-03-30,58684.5483922
2021-03-31,58792.1948276
2021-04-01,58818.9770986
2021-04-02,59031.5340192
2021-04-03,57282.3896248
2021-04-04,58202.199392
2021-04-05,58755.8525295
2021-04-06,58084.0664231
2021-04-07,56266.8346762
2021-04-08,57963.3445994
2021-04-09,58051.7625564
2021-04-10,59651.5589877
2021-04-11,59932.930647
2021-04-12,59905.9363745
2021-04-13,63445.6383144
2021-04-14,62869.4955874
2021-04-15,63231.1629871
2021-04-16,61571.1100906
2021-04-17,60280.8761758
2021-04-18,56389.5579813
2021-04-19,55798.1370771
2021-04-20,56474.3737586
2021-04-21,54025.7995745
2021-04-22,51882.0598106
2021-04-23,50954.9100608
2021-04-24,50279.9484464
2021-04-25,48946.9407428
2021-04-26,53943.3499784
2021-04-27,55027.0309848
2021-04-28,54787.3787072
2021-04-29,53567.0811938
2021-04-30,57741.4444165
2021-05-01,57863.5903928
2021-05-02,56572.596841
2021-05-03,57243.0416055
2021-05-04,53724.1089252
2021-05-05,57342.0256616
2021-05-06,56527.352979
2021-05-07,57341.0684549
2021-05-08,58736.1258951
2021-05-09,58288.4256304
2021-05-10,55902.9277399
2021-05-11,56612.1026487
2021-05-12,50972.3550812
2021-05-13,49368.614474
2021-05-14,49997.3959011
2021-05-15,47047.9633331
2021-05-16,46022.503709
2021-05-17,43492.3954833
2021-05-18,42789.8093922
2021-05-19,37642.5200018
2021-05-20,40799.4021476
2021-05-21,37174.3311014
2021-05-22,37643.4197984
2021-05-23,34774.2072219
2021-05-24,38630.4091186
2021-05-25,38269.7710748
2021-05-26,39194.858898
2021-05-27,38510.8570418
2021-05-28,35596.717951
2021-05-29,34681.818367
2021-05-30,35652.1687703
2021-05-31,37312.974897
2021-06-01,36661.3781185
2021-06-02,37639.4556733
2021-06-03,39160.1504132
2021-06-04,36884.3735552
2021-06-05,35409.5672366
2021-06-06,35720.6043546
2021-06-07,33724.9077518
2021-06-08,33475.0489234
2021-06-09,37372.9888954
2021-06-10,36826.0022186
2021-06-11,37185.3931268
2021-06-12,35669.1712817
2021-06-13,38925.419429
2021-06-14,40455.5959833
2021-06-15,40254.6514679
2021-06-16,38265.5437726
2021-06-17,38018.6432347
2021-06-18,35714.3120787
2021-06-19,35555.9763967
2021-06-20,35599.9418784
2021-06-21,31715.1598624
2021-06-22,32394.555595
2021-06-23,33610.496813
2021-06-24,34658.972876
2021-06-25,31683.5032005
2021-06-26,31890.6764465
2021-06-27,34506.4911975
2021-06-28,34376.188539
2021-06-29,35933.7782179
2021-06-30,35065.4661534
2021-07-01,33505.0804935
2021-07-02,33782.9459465
2021-07-03,34588.2242916
2021-07-04,35355.6078884
2021-07-05,33911.7538404
2021-07-06,34123.9815681
2021-07-07,33931.6186382
2021-07-08,32819.6595312
2021-07-09,33914.8810742
2021-07-10,33610.9458387
2021-07-11,34258.4413898
2021-07-12,33135.2359117
2021-07-13,32641.975961
2021-07-14,32798.284519
2021-07-15,31707.6900368
2021-07-16,31455.7175819
2021-07-17,31547.951199
2021-07-18,31707.7038527
2021-07-19,30883.4697462
2021-07-20,29766.6577183
2021-07-21,32119.6572258
2021-07-22,32306.9614286
2021-07-23,33439.5957029
2021-07-24,34166.9146546
2021-07-25,35119.937436
2021-07-26,37444.7825102
2021-07-27,39126.5402881
2021-07-28,39939.1940432
2021-07-29,40086.1643951
2021-07-30,41789.6670982
2021-07-31,41793.3137481
2021-08-01,39968.9689544
2021-08-02,39304.1862836
2021-08-03,38288.8253975
2021-08-04,39773.9113489
2021-08-05,40941.6504342
2021-08-06,42790.3573285
2021-08-07,44484.9005862
2021-08-08,43972.3010181
2021-08-09,46265.6424565
2021-08-10,45488.7912624
2021-08-11,45676.3263612
2021-08-12,44405.7483483
2021-08-13,47717.4853559
2021-08-14,47124.2050736
2021-08-15,47074.3707101
2021-08-16,45984.7199071
2021-08-17,44714.0967982
2021-08-18,44954.3637469
2021-08-19,46646.861505
2021-08-20,49240.8356049
2021-08-21,49070.2409702
2021-08-22,49363.3160953
2021-08-23,49590.8763676
2021-08-24,47925.8622127
2021-08-25,49002.3166049
2021-08-26,47190.344993
2021-08-27,49048.4755891
2021-08-28,48852.4687995
2021-08-29,48948.3479579
2021-08-30,47125.768519
2021-08-31,47219.2443425
2021-09-01,48688.5375573
2021-09-02,49369.5862747
2021-09-03,49860.5341635
2021-09-04,49919.5775636
2021-09-05,51747.6438565
2021-09-06,52640.5883741
2021-09-07,46854.4006029
2021-09-08,46187.9757306
2021-09-09,46448.774829
2021-09-10,44765.2755763
2021-09-11,45098.5916448
2021-09-12,46180.6124564
2021-09-13,44991.5221277
2021-09-14,47022.6177598
2021-09-15,48167.1893676
2021-09-16,47797.3283238
2021-09-17,47213.7941295
2021-09-18,48204.013652
2021-09-19,47218.4739965
2021-09-20,42855.5103448
2021-09-21,40526.4893761
2021-09-22,43577.5724822
2021-09-23,44861.2980329
2021-09-24,42803.3077011
2021-09-25,42735.2658241
2021-09-26,43131.2941774
2021-09-27,42496.785225
2021-09-28,41223.7862743
2021-09-29,41453.9470132
2021-09-30,43781.5460155
2021-10-01,48078.1315544
2021-10-02,47792.4391943
2021-10-03,48202.6229177
2021-10-04,49288.5013106
2021-10-05,51558.0493319
2021-10-06,55419.8004112
2021-10-07,53805.1569126
2021-10-08,53933.5275909
2021-10-09,55010.9224752
2021-10-10,54701.2797022
2021-10-11,57289.186457
2021-10-12,56196.1812598
2021-10-13,57348.892877
2021-10-14,57384.0369147
2021-10-15,61446.0840073
2021-10-16,60932.0632119
2021-10-17,61462.2223723
2021-10-18,61977.0575514
2021-10-19,64290.8977575
2021-10-20,66061.796564
2021-10-21,62373.8856207
2021-10-22,60750.9673718
2021-10-23,61250.0826289
2021-10-24,60865.4470523
2021-10-25,63031.6729015
2021-10-26,60393.9802738
2021-10-27,58563.33599
2021-10-28,60564.5721122
2021-10-29,62230.805569
2021-10-30,61742.9165321
2021-10-31,61432.9700628
2021-11-01,61092.0950592
2021-11-02,63024.7472297
2021-11-03,62955.981763
2021-11-04,61393.889978
2021-11-05,61005.8408337
2021-11-06,61455.0536269
2021-11-07,63043.829059
2021-11-08,67541.7555082
2021-11-09,67095.5856707
2021-11-10,64756.0779689
2021-11-11,64962.931294
2021-11-12,64078.9680374
2021-11-13,64397.7912063
2021-11-14,65032.2256548
2021-11-15,63753.5031593
2021-11-16,60322.497853
2021-11-17,60154.3083662
2021-11-18,56794.1556271
2021-11-19,58014.0729889
2021-11-20,59749.4738229
2021-11-21,59032.6241018
2021-11-22,56383.5658761
2021-11-23,57642.2657981
2021-11-24,57141.8303784
2021-11-25,59008.6554793
2021-11-26,53800.617839
2021-11-27,54635.8824629
2021-11-28,57248.5696964
2021-11-29,57920.71073
2021-11-30,57097.0127943
2021-12-01,57180.609844
2021-12-02,56582.8937691
2021-12-03,53671.6160681
2021-12-04,49159.7357984
2021-12-05,49327.0935999
2021-12-06,50535.4252233
2021-12-07,50574.4728345
2021-12-08,50500.6543514
2021-12-09,47937.8228458
2021-12-10,47437.2289725
2021-12-11,49321.7693252
2021-12-12,50136.5722569
2021-12-13,46785.327841
2021-12-14,48292.6822501
2021-12-15,48830.622386
2021-12-16,47663.4691077
2021-12-17,46334.483749
2021-12-18,46904.8736753
2021-12-19,46876.426924
2021-12-20,46954.7634783
2021-12-21,49082.0624666
2021-12-22,48692.0987392
2021-12-23,50712.9707683
2021-12-24,50783.8344211
2021-12-25,50590.4508977
2021-12-26,50798.3065859
2021-12-27,50796.3776736
2021-12-28,47673.0440452
2021-12-29,46470.3215751
2021-12-30,47102.4630038
2021-12-31,46355.1173303
2022-01-01,47560.0093816
2022-01-02,47352.5577566
2022-01-03,46453.4323518
2022-01-04,45905.9611222
2022-01-05,43530.9440389
2022-01-06,43144.9652928
2022-01-07,41512.7845808
2022-01-08,41799.8128849
2022-01-09,41886.498557
2022-01-10,41816.9510561
2022-01-11,42768.1786116
2022-01-12,43961.0265441
2022-01-13,42626.8653925
2022-01-14,43102.6476181
2022-01-15,43206.6744813
2022-01-16,43168.8596672
2022-01-17,42211.2703995
2022-01-18,42431.231967
2022-01-19,41787.7220129
2022-01-20,40756.1261631
2022-01-21,36492.2872241
2022-01-22,34996.3909652
2022-01-23,36271.050265
2022-01-24,36659.7252206
2022-01-25,36952.5867732
2022-01-26,36825.8245994
2022-01-27,37021.9371333
2022-01-28,37768.8474836
2022-01-29,38088.291228
2022-01-30,37983.5063846
2022-01-31,38462.672403
2022-02-01,38787.9640824
2022-02-02,36942.3307493
2022-02-03,37057.6521879
2022-02-04,41079.9060881
2022-02-05,41508.5816926
2022-02-06,42358.2251733
2022-02-07,43888.9801198
2022-02-08,44167.4447946
2022-02-09,44405.0732043
2022-02-10,43614.3426961
2022-02-11,42357.3217417
2022-02-12,42173.4593963
2022-02-13,42195.5947452
2022-02-14,42646.1618591
2022-02-15,44511.908488
2022-02-16,44065.7092674
2022-02-17,40610.0242615
2022-02-18,40044.2204857
2022-02-19,40095.8873294
2022-02-20,38551.6224968
2022-02-21,37098.0360082
2022-02-22,38202.5940818
2022-02-23,37308.2687344
2022-02-24,38283.7904021
2022-02-25,39323.7702158
2022-02-26,39056.5781523
2022-02-27,37664.7792829
2022-02-28,43179.254514
2022-03-01,44334.4575824
2022-03-02,43984.5849268
2022-03-03,42492.7744553
2022-03-04,39106.405216
2022-03-05,39383.8848434
2022-03-06,38399.3426268
2022-03-07,38146.7342732
2022-03-08,38725.4772615
2022-03-09,41989.4028179
2022-03-10,39482.2584673
2022-03-11,38825.3644214
2022-03-12,38951.1300158
2022-03-13,37808.3174004
2022-03-14,39649.0453244
2022-03-15,39356.8139001
2022-03-16,41101.7685791
2022-03-17,40966.4169325
2022-03-18,41826.116071
2022-03-19,42193.1615362
2022-03-20,41294.7235129
2022-03-21,41064.4296482
2022-03-22,42383.1695188
2022-03-23,42734.2000356
2022-03-24,43974.5935883
2022-03-25,44347.0342797
2022-03-26,44519.9268641
2022-03-27,46777.2056265
2022-03-28,47223.652886
2022-03-29,47463.7096771
2022-03-30,47123.2971479
2022-03-31,45562.2106666
2022-04-01,46250.3362878
2022-04-02,45939.8973489
2022-04-03,46440.5438539
2022-04-04,46663.0041771
2022-04-05,45693.035062
2022-04-06,43304.937199
2022-04-07,43569.0471698
2022-04-08,42222.0689772
2022-04-09,42680.9947356
2022-04-10,42264.463391
2022-04-11,39544.0251835
2022-04-12,40096.3669749
2022-04-13,41152.7554518
2022-04-14,39916.4963843
2022-04-15,40527.3319568
2022-04-16,40439.588121
2022-04-17,39704.7839798
2022-04-18,40818.8786026
2022-04-19,41489.6638012
2022-04-20,41395.6445835
2022-04-21,40457.4959418
2022-04-22,39737.9735041
2022-04-23,39582.454872
2022-04-24,39511.6456929
2022-04-25,40473.7483177
2022-04-26,38072.8008738
2022-04-27,39218.5376175
2022-04-28,39747.989427
2022-04-29,38609.5059071
2022-04-30,37714.0949804
2022-05-01,38459.2269791
2022-05-02,38566.0628878
2022-05-03,37704.4053153
2022-05-04,39641.8521765
2022-05-05,36502.0245601
2022-05-06,36042.9995584
2022-05-07,35508.7110228
2022-05-08,34058.9066861
2022-05-09,30457.9218194
2022-05-10,30990.735166
2022-05-11,28796.5568217
2022-05-12,29030.7070418
2022-05-13,29285.9346718
2022-05-14,30051.9357551
2022-05-15,31182.6212461
2022-05-16,29889.6124757
2022-05-17,30438.1944477
2022-05-18,28771.2204787
2022-05-19,30257.8852484
2022-05-20,29224.2459984
2022-05-21,29420.0782858
2022-05-22,30331.8751417
2022-05-23,29088.251542
2022-05-24,29643.6837557
2022-05-25,29577.2598802
2022-05-26,29332.4860468
2022-05-27,28612.0413103
2022-05-28,29045.5206344
2022-05-29,29430.06898
2022-05-30,31735.9549719
2022-05-31,31831.4095251
2022-06-01,29825.9221993
2022-06-02,30504.2679997
2022-06-03,29662.6709709
2022-06-04,29792.4076779
2022-06-05,29915.409301
2022-06-06,31333.6770198
2022-06-07,31175.032429
2022-06-08,30228.4646984
2022-06-09,30064.4855289
2022-06-10,29070.4000301
2022-06-11,28360.7899231
2022-06-12,26830.2839456
2022-06-13,22316.25704
2022-06-14,22072.8663086
2022-06-15,22520.7910088
2022-06-16,20310.1769848
2022-06-17,20464.9290873
2022-06-18,19013.8672537
2022-06-19,20492.2951683
2022-06-20,20571.6292247
2022-06-21,20688.4651312
2022-06-22,20003.1683375
2022-06-23,21097.1028331
2022-06-24,21299.0769854
2022-06-25,21468.3431566
2022-06-26,21066.620943
2022-06-27,20751.0516961
2022-06-28,20263.2196394
2022-06-29,20080.9480865
2022-06-30,19332.9121295
2022-07-01,19341.8631241
2022-07-02,19231.8317084
2022-07-03,19276.5146639
2022-07-04,20226.2984746
2022-07-05,20193.3427938
2022-07-06,20560.8438127
2022-07-07,21651.4191423
2022-07-08,21813.7871239
2022-07-09,21585.1321923
2022-07-10,20831.2733916
2022-07-11,19971.3294705
2022-07-12,19339.1534734
2022-07-13,20155.5278387
2022-07-14,20552.8990289
2022-07-15,20831.7227005
2022-07-16,21196.5091429
2022-07-17,20827.8886086
2022-07-18,22305.7066429
2022-07-19,23371.2026601
2022-07-20,23280.935668
2022-07-21,23152.4093112
2022-07-22,22706.0835555
2022-07-23,22484.4592317
2022-07-24,22653.357026
2022-07-25,21510.1255874
2022-07-26,21181.6591968
2022-07-27,22898.4150683
2022-07-28,23838.5568839
2022-07-29,23950.7403799
2022-07-30,23623.4349611
2022-07-31,23356.1722215
2022-08-01,23331.442697
2022-08-02,23031.4268834
2022-08-03,22809.7474418
2022-08-04,22628.3320821
2022-08-05,23248.9715023
2022-08-06,22996.2750453
2022-08-07,23153.6584714
2022-08-08,23803.6505154
2022-08-09,23186.2917465
2022-08-10,23923.0584831
2022-08-11,23934.4390561
2022-08-12,24396.3088463
2022-08-13,24426.2225748
2022-08-14,24314.2021315
2022-08-15,24083.9539749
2022-08-16,23868.819353
2022-08-17,23336.348931
2022-08-18,23221.1706029
2022-08-19,20906.7663141
2022-08-20,21146.6548022
2022-08-21,21553.9961717
2022-08-22,21301.0840582
2022-08-23,21534.5143521
2022-08-24,21424.9728232
2022-08-25,21587.8395845
2022-08-26,20246.1655733
2022-08-27,20043.9909486
2022-08-28,19673.5412189
2022-08-29,20270.960384
2022-08-30,19825.4632066
2022-08-31,20024.671606
2022-09-01,20105.4626072
2022-09-02,19948.8567473
2022-09-03,19803.8332697
2022-09-04,19961.9118907
2022-09-05,19797.7967884
2022-09-06,18846.1505374
2022-09-07,19292.9070745
2022-09-08,19319.1248513
2022-09-09,21363.3136153
2022-09-10,21715.2107981
2022-09-11,21732.7705687
2022-09-12,22365.2145602
2022-09-13,20165.0421607
2022-09-14,20246.3660424
2022-09-15,19696.8698662
2022-09-16,19741.5776169
2022-09-17,20120.702346
2022-09-18,19427.1002627
2022-09-19,19557.9769582
2022-09-20,18872.9498667
2022-09-21,18506.7607481
2022-09-22,19414.5396449
2022-09-23,19326.86482
2022-09-24,18924.7677873
2022-09-25,18793.1561531
2022-09-26,19201.1317209
2022-09-27,19106.7389135
2022-09-28,19454.9372101
2022-09-29,19540.8664106
2022-09-30,19435.1946917
2022-10-01,19311.8616294
2022-10-02,19015.2928051
2022-10-03,19633.4325859
2022-10-04,20339.9712811
2022-10-05,20155.0996987
2022-10-06,19950.5477957
2022-10-07,19539.1439217
2022-10-08,19416.1772291
2022-10-09,19428.3671324
2022-10-10,19154.4042347
2022-10-11,19039.2820684
2022-10-12,19156.9115646
2022-10-13,19387.8336807
2022-10-14,19177.6941032
2022-10-15,19069.8749272
2022-10-16,19261.7497878
2022-10-17,19557.0218106
2022-10-18,19341.4075544
2022-10-19,19132.1544255
2022-10-20,19033.376024
2022-10-21,19174.8763487
2022-10-22,19207.6285079
2022-10-23,19565.4123244
2022-10-24,19341.4602101
2022-10-25,20094.9611216
2022-10-26,20797.0308258
2022-10-27,20280.1751281
2022-10-28,20604.6138536
2022-10-29,20803.8999205
2022-10-30,20616.7033767
2022-10-31,20490.8581809
2022-11-01,20483.966531
2022-11-02,20148.2845538
2022-11-03,20198.111186
2022-11-04,21157.2449275
2022-11-05,21283.4715999
2022-11-06,20946.8030359
2022-11-07,20568.5651184
2022-11-08,18520.9711636
2022-11-09,15758.291282
2022-11-10,17541.5602867
2022-11-11,16916.8506312
2022-11-12,16771.2426718
2022-11-13,16320.4983375
2022-11-14,16629.4784147
2022-11-15,16855.5937861
2022-11-16,16659.6063346
2022-11-17,16675.1790205
2022-11-18,16661.5229576
2022-11-19,16696.0040582
2022-11-20,16246.8446993
2022-11-21,15778.0174047
2022-11-22,16172.8893445
2022-11-23,16574.06173
2022-11-24,16583.5243445
2022-11-25,16522.3887767
2022-11-26,16448.6413077
2022-11-27,16436.0707688
2022-11-28,16212.5814161
2022-11-29,16443.03682
2022-11-30,17176.8986914
2022-12-01,16961.2918042
2022-12-02,17075.1091371
2022-12-03,16899.5073831
2022-12-04,17121.7149825
2022-12-05,16961.3517867
2022-12-06,17070.5158282
2022-12-07,16848.2518244
2022-12-08,17231.4563223
2022-12-09,17136.1490009
2022-12-10,17124.2146797
2022-12-11,17094.3606593
2022-12-12,17195.5249962
2022-12-13,17774.9166321
2022-12-14,17809.7240836
2022-12-15,17344.0544569
2022-12-16,16606.110175
2022-12-17,16774.3853703
2022-12-18,16776.1159255
2022-12-19,16424.1313857
2022-12-20,16901.8169363
2022-12-21,16800.5329708
2022-12-22,16814.2225792
2022-12-23,16780.5169798
2022-12-24,16837.6121701
2022-12-25,16824.8389737
2022-12-26,16879.9382274
2022-12-27,16698.9112709
2022-12-28,16536.2942002
2022-12-29,16630.5931552
2022-12-30,16593.6888288
2022-12-31,16524.2178025
2023-01-01,16606.7520432
2023-01-02,16688.7192729
2023-01-03,16670.0773837
2023-01-04,16848.3660392
2023-01-05,16824.8001826
2023-01-06,16957.8622738
2023-01-07,16942.6285891
2023-01-08,17059.2399445
2023-01-09,17182.3198521
2023-01-10,17433.9146321
2023-01-11,17833.7107656
2023-01-12,18869.7044842
2023-01-13,19868.7247455
2023-01-14,21010.92272
2023-01-15,20876.0085561
2023-01-16,21180.4119486
2023-01-17,21178.2993963
2023-01-18,20709.668604
2023-01-19,21071.8334153
2023-01-20,22660.7169421
2023-01-21,22803.1727615
2023-01-22,22716.2771967
2023-01-23,22929.0248936
2023-01-24,22611.1268787
2023-01-25,23109.084519
2023-01-26,23008.6894766
2023-01-27,23070.4964582
2023-01-28,23008.8094649
2023-01-29,23774.9963679
2023-01-30,22799.4272615
2023-01-31,23130.0519132
2023-02-01,23727.2026075
2023-02-02,23505.6048431
2023-02-03,23445.8131774
2023-02-04,23355.5243863
2023-02-05,22957.2251905
2023-02-06,22745.1650371
2023-02-07,23266.2692037
2023-02-08,22937.5799454
2023-02-09,21818.1989456
2023-02-10,21620.5667838
2023-02-11,21864.8626414
2023-02-12,21772.1373252
2023-02-13,21798.7157168
2023-02-14,22222.4150438
2023-02-15,24304.6129828
2023-02-16,23742.4488355
2023-02-17,24607.3356055
2023-02-18,24636.5266128
2023-02-19,24366.9907607
2023-02-20,24797.8430359
2023-02-21,24400.3893898
2023-02-22,24163.7389813
2023-02-23,23910.0342104
2023-02-24,23175.8242037
2023-02-25,23159.8154404
2023-02-26,23542.0964281
2023-02-27,23504.1894179
2023-02-28,23145.9491277
2023-03-01,23610.6590903
2023-03-02,23470.0254816
2023-03-03,22350.0962341
2023-03-04,22334.2852639
2023-03-05,22419.8171391
2023-03-06,22414.7033057
2023-03-07,22174.6484725
2023-03-08,21701.3846227
2023-03-09,20349.8141733
2023-03-10,20240.4066946
2023-03-11,20585.234329
2023-03-12,22065.9800359
2023-03-13,24154.4290947
2023-03-14,24769.0175691
2023-03-15,24409.8017519
2023-03-16,25043.2388469
2023-03-17,27450.6282934
2023-03-18,26985.7359915
2023-03-19,28185.204332
2023-03-20,27834.336109
2023-03-21,28172.7950558
2023-03-22,27341.5571297
2023-03-23,28387.8897496
2023-03-24,27464.1249454
2023-03-25,27488.9548802
2023-03-26,28049.3916911
2023-03-27,27154.9963703
2023-03-28,27283.963403
2023-03-29,28389.2917785
2023-03-30,28021.558301
2023-03-31,28514.6813063
2023-04-01,28494.5638863
2023-04-02,28161.9980362
2023-04-03,27850.9799436
2023-04-04,28113.9585187
2023-04-05,28190.3116064
2023-04-06,28049.0744763
2023-04-07,27936.804261
2023-04-08,27964.0512499
2023-04-09,28357.8072703
2023-04-10,29687.5651847
2023-04-11,30247.0959193
2023-04-12,29913.0035463
2023-04-13,30370.8220722
2023-04-14,30458.9700415
2023-04-15,30342.0591084
2023-04-16,30312.9308533
2023-04-17,29469.5050728
2023-04-18,30366.8723814
2023-04-19,28796.7440953
2023-04-20,28251.276379
2023-04-21,27292.0211052
2023-04-22,27827.5475921
2023-04-23,27604.6855742
2023-04-24,27520.199673
2023-04-25,28302.694218
2023-04-26,28384.2340333
2023-04-27,29465.5514272
2023-04-28,29350.8118866
2023-04-29,29221.5145076
2023-04-30,29362.0867975
2023-05-01,28114.9531873
2023-05-02,28690.5809959
2023-05-03,29045.0427735
2023-05-04,28855.8574465
2023-05-05,29552.9695237
2023-05-06,28899.4629603
2023-05-07,28761.7384342
2023-05-08,27727.2854091
2023-05-09,27642.4281093
2023-05-10,27646.0049021
2023-05-11,26986.2710658
2023-05-12,26773.3443591
2023-05-13,26841.3982914
2023-05-14,26918.2615979
2023-05-15,27231.6216052
2023-05-16,27025.7181864
2023-05-17,27401.0440611
2023-05-18,26843.2350938
2023-05-19,26889.5036315
2023-05-20,27100.8582878
2023-05-21,26777.0977832
2023-05-22,26858.7370637
2023-05-23,27226.8558764
2023-05-24,26341.4306447
2023-05-25,26484.8359234
2023-05-26,26720.3838071
2023-05-27,26854.5403703
2023-05-28,28097.5211259
2023-05-29,27765.0728694
2023-05-30,27712.4915845
2023-05-31,27217.683258
2023-06-01,26825.3713451
2023-06-02,27255.2279942
2023-06-03,27079.4084643
2023-06-04,27158.2545696
2023-06-05,25785.8514842
2023-06-06,27213.7705187
2023-06-07,26339.5790292
2023-06-08,26521.6936005
2023-06-09,26470.677578
2023-06-10,25863.2138507
2023-06-11,25906.8281517
2023-06-12,25906.7519354
2023-06-13,25880.8599734
2023-06-14,25097.5853796
2023-06-15,25559.1433293
2023-06-16,26331.8200944
2023-06-17,26514.1713495
2023-06-18,26353.9626829
2023-06-19,26778.0634416
2023-06-20,28305.4204573
2023-06-21,30099.515351
2023-06-22,29952.5112867
2023-06-23,30638.3537645
2023-06-24,30549.0162873
2023-06-25,30467.4403705
2023-06-26,30255.8861242
2023-06-27,30667.0762949
2023-06-28,30104.0432718
2023-06-29,30460.7929781
2023-06-30,30484.5032577
2023-07-01,30581.6889655
2023-07-02,30594.2164737
2023-07-03,31135.3575994
2023-07-04,30799.9474559
2023-07-05,30497.8221283
2023-07-06,29979.7298095
2023-07-07,30329.8829787
2023-07-08,30263.6196341
2023-07-09,30163.2210564
2023-07-10,30394.6555807
2023-07-11,30616.2470941
2023-07-12,30385.6087852
2023-07-13,31434.7354705
2023-07-14,30310.6720205
2023-07-15,30290.8905959
2023-07-16,30249.7729658
2023-07-17,30143.7462744
2023-07-18,29835.7474077
2023-07-19,29913.0294646
2023-07-20,29805.6065707
2023-07-21,29919.6934921
2023-07-22,29726.0096271
2023-07-23,30066.5724483
2023-07-24,29178.3597043
2023-07-25,29221.2548533
2023-07-26,29361.591758
2023-07-27,29201.6865175
2023-07-28,29316.3130751
2023-07-29,29360.3761791
2023-07-30,29262.8367338
2023-07-31,29219.8201888
2023-08-01,29499.5875386
2023-08-02,29143.151962
2023-08-03,29192.3448618
2023-08-04,29057.2532437
2023-08-05,29053.0956975
2023-08-06,29048.0433276
2023-08-07,29164.3585874
2023-08-08,29779.511384
2023-08-09,29582.9442376
2023-08-10,29430.1599117
2023-08-11,29399.7847396
2023-08-12,29415.7339021
2023-08-13,29286.117611
2023-08-14,29408.9717127
2023-08-15,29167.5972165
2023-08-16,28754.2924079
2023-08-17,26660.5627265
2023-08-18,26037.3658475
2023-08-19,26093.981808
2023-08-20,26176.4721642
2023-08-21,26128.9050161
2023-08-22,25978.2096914
2023-08-23,26452.1935883
2023-08-24,26126.7943331
2023-08-25,26040.8812551
2023-08-26,26006.1740801
2023-08-27,26086.3612595
2023-08-28,26103.2765731
2023-08-29,27672.2221306
2023-08-30,27298.9977797
2023-08-31,25954.8665935
2023-09-01,25802.7885298
2023-09-02,25868.2960976
2023-09-03,25962.547569
2023-09-04,25799.525687
2023-09-05,25782.36222
2023-09-06,25754.7902677
2023-09-07,26210.6045637
2023-09-08,25904.6982127
2023-09-09,25894.6205976
2023-09-10,25831.4647802
2023-09-11,25135.0393781
2023-09-12,25859.7018068
2023-09-13,26226.8667525
2023-09-14,26556.0569433
2023-09-15,26672.6160818
2023-09-16,26555.6361032
2023-09-17,26502.4321189
2023-09-18,26764.6319065
2023-09-19,27215.0504848
2023-09-20,27133.4037236
2023-09-21,26571.5952919
2023-09-22,26581.1476116
2023-09-23,26575.7763866
2023-09-24,26286.6410488
2023-09-25,26288.8095006
2023-09-26,26194.5378881
2023-09-27,26336.0825973
2023-09-28,27033.4254416
2023-09-29,26911.251474
2023-09-30,26977.6933127
2023-10-01,27950.1453594
2023-10-02,27565.8892954
2023-10-03,27439.1422393
2023-10-04,27797.2511765
2023-10-05,27426.3450926
2023-10-06,27941.9633761
2023-10-07,27972.7515704
2023-10-08,27936.3261157
2023-10-09,27591.3467618
2023-10-10,27419.7971803
2023-10-11,26828.172571
2023-10-12,26741.3405991
2023-10-13,26842.4467703
2023-10-14,26861.9892376
2023-10-15,27130.3067092
2023-10-16,28506.7936742
2023-10-17,28433.2051523
2023-10-18,28328.0750196
2023-10-19,28690.3580412
2023-10-20,29704.9853673
2023-10-21,29922.5464044
2023-10-22,29984.1593197
2023-10-23,32954.1690482
2023-10-24,33880.9566537
2023-10-25,34488.6589211
2023-10-26,34181.4922522
2023-10-27,33896.9385283
2023-10-28,34091.5890327
2023-10-29,34574.3377206
2023-10-30,34495.1050207
2023-10-31,34636.4264737
2023-11-01,35431.9794532
2023-11-02,34882.9173366
2023-11-03,34708.2218805
2023-11-04,35091.0763063
2023-11-05,35105.0420266
2023-11-06,35017.7151485
2023-11-07,35418.4768901
2023-11-08,35797.894609
2023-11-09,36675.3264334
2023-11-10,37367.4943723
2023-11-11,36979.9312405
2023-11-12,37053.3410514
2023-11-13,36543.2680871
2023-11-14,35590.6835646
2023-11-15,37840.5534895
2023-11-16,36160.4044509
2023-11-17,36569.7120535
2023-11-18,36577.4249617
2023-11-19,37442.728512
2023-11-20,37516.0503708
2023-11-21,36035.0330862
2023-11-22,37403.0347168
2023-11-23,37311.7192157
2023-11-24,37718.7841631
2023-11-25,37800.1260932
2023-11-26,37482.705526
2023-11-27,37229.2452198
2023-11-28,37828.4655912
2023-11-29,37846.8531227
2023-11-30,37712.711479
2023-12-01,38703.5536821
2023-12-02,39462.2799272
2023-12-03,39978.2226105
2023-12-04,41910.2994816
2023-12-05,44067.0054763
2023-12-06,43745.8343907
2023-12-07,43282.6182262
2023-12-08,44205.0522089
2023-12-09,43740.0063928
2023-12-10,43732.71209
2023-12-11,41209.8947905
2023-12-12,41467.2735698
2023-12-13,42939.0607583
2023-12-14,43033.137156
2023-12-15,41978.0970196
2023-12-16,42203.214045
2023-12-17,41428.6657855
2023-12-18,42635.7331911
2023-12-19,42271.8630257
2023-12-20,43605.1555549
2023-12-21,43870.2382341
2023-12-22,44009.5016552
2023-12-23,43768.8067519
2023-12-24,43097.8093258
2023-12-25,43623.750403
2023-12-26,42491.1229079
2023-12-27,43436.9594269
2023-12-28,42670.679718
2023-12-29,41998.6033442
2023-12-30,42204.4917744
2023-12-31,42217.1587914
2024-01-01,44049.4735535
2024-01-02,44941.1604936
2024-01-03,42773.6515424
2024-01-04,44250.7452671
2024-01-05,44146.3222022
2024-01-06,43917.9798147
2024-01-07,43844.1959497
2024-01-08,46981.3242995
2024-01-09,46084.0057951
2024-01-10,46818.1592764
2024-01-11,46380.8708083
2024-01-12,42817.4305357
2024-01-13,42846.9544699
2024-01-14,41888.1513068
2024-01-15,42528.919249
2024-01-16,43171.4472241
2024-01-17,42689.3043273
2024-01-18,41261.9076178
2024-01-19,41606.853533
2024-01-20,41668.6904103
2024-01-21,41537.1123562
2024-01-22,39577.0998603
2024-01-23,39737.3143618
2024-01-24,40101.856898
2024-01-25,39917.6611461
2024-01-26,41860.7310459
2024-01-27,42125.3014155
2024-01-28,41983.0202744
2024-01-29,43218.3470821
2024-01-30,42950.0541277
2024-01-31,42589.470806
2024-02-01,43020.3596549
2024-02-02,43155.3852031
2024-02-03,42982.378998
2024-02-04,42576.2913051
2024-02-05,42619.2742738
2024-02-06,43102.7062633
2024-02-07,44253.0314731
2024-02-08,45332.0915722
2024-02-09,47176.9665137
2024-02-10,47792.8972157
2024-02-11,48200.7986058
2024-02-12,49989.8037165
2024-02-13,49628.0941528
2024-02-14,51844.2929193
2024-02-15,51939.1472919
2024-02-16,52157.3123977
2024-02-17,51674.8158521
2024-02-18,52148.0645365
2024-02-19,51804.8051537
2024-02-20,52308.0531712
2024-02-21,51744.321808
2024-02-22,51292.3252575
2024-02-23,50789.1431759
2024-02-24,51578.2349164
2024-02-25,51746.478967
2024-02-26,54551.8259185
2024-02-27,57049.8882203
2024-02-28,62460.7406198
2024-02-29,61394.7818515
2024-03-01,62524.4018171
2024-03-02,62049.6145637
2024-03-03,62991.4422914
2024-03-04,68091.8388244
2024-03-05,63950.5243299
2024-03-06,66103.72154
2024-03-07,67070.3791485
2024-03-08,68343.7149553
2024-03-09,68502.5053393
2024-03-10,68882.2513396
2024-03-11,72198.0875342
2024-03-12,71432.7283019
2024-03-13,73081.5759053
2024-03-14,71505.2729077
2024-03-15,69424.9141753
2024-03-16,65433.6819006
2024-03-17,68285.0891692
2024-03-18,67770.8865245
2024-03-19,61969.3075395
2024-03-20,67848.1076397
2024-03-21,65454.7357233
2024-03-22,63486.4849997
2024-03-23,64361.2429047
2024-03-24,67289.5658311
2024-03-25,70042.0204237
2024-03-26,70071.0472145
2024-03-27,69267.8879816
2024-03-28,70826.8968714
2024-03-29,69917.043007
2024-03-30,69663.0119074
2024-03-31,71227.451794
2024-04-01,69791.6277306
2024-04-02,65533.7548352
2024-04-03,66130.2162393
2024-04-04,68438.1350245
2024-04-05,67904.9094766
2024-04-06,69136.0710783
2024-04-07,69392.6830108
2024-04-08,71712.797284
2024-04-09,69074.5418638
2024-04-10,70579.4456768
2024-04-11,70046.5536058
2024-04-12,67098.113692
2024-04-13,64551.6482876
2024-04-14,65648.8099603
2024-04-15,63393.3251663
2024-04-16,63784.820334
2024-04-17,61324.2184287
2024-04-18,63510.1450026
2024-04-19,63762.6310301
2024-04-20,64907.9928366
2024-04-21,64968.1926198
2024-04-22,66944.5960912
2024-04-23,66385.3002919
2024-04-24,64189.9679065
2024-04-25,64515.3874725
2024-04-26,63777.4715003
2024-04-27,63429.3099649
2024-04-28,62978.577005
2024-04-29,63908.3888767
2024-04-30,60636.3261634
2024-05-01,58141.77728
2024-05-02,59170.1088936
2024-05-03,62983.6554784
2024-05-04,63881.130543
2024-05-05,64067.5959918
2024-05-06,63228.1031341
2024-05-07,62396.9997203
2024-05-08,61079.2744278
2024-05-09,62998.4903381
2024-05-10,60896.6418881
2024-05-11,60843.572924
2024-05-12,61431.2746879
2024-05-13,62886.9394492
2024-05-14,61555.5670047
2024-05-15,66281.5322542
2024-05-16,65269.2603247
2024-05-17,66956.4409477
2024-05-18,66977.6006914
2024-05-19,66259.4704261
2024-05-20,71202.2025903
2024-05-21,70217.2546914
2024-05-22,69074.914135
2024-05-23,67758.7306587
2024-05-24,68608.9982797
2024-05-25,69282.7925976
2024-05-26,68445.0069532
2024-05-27,69347.8152604
2024-05-28,68342.8204489
2024-05-29,67584.2632402
2024-05-30,68375.476026
2024-05-31,67377.7626122
2024-06-01,67714.35264
2024-06-02,67805.4855742
2024-06-03,68833.3028352
2024-06-04,70554.0894331
2024-06-05,71087.4433159
2024-06-06,70788.5013755
2024-06-07,69338.1573241
2024-06-08,69310.1092618
2024-06-09,69644.0190894
2024-06-10,69465.9362478
2024-06-11,67368.2635064
2024-06-12,68213.8346838
2024-06-13,66783.4902767
2024-06-14,65982.1865196
2024-06-15,66204.904308
2024-06-16,66622.5999337
2024-06-17,66483.878526
2024-06-18,65112.123002
2024-06-19,64878.7141525
2024-06-20,64897.7011543
2024-06-21,64086.0489229
2024-06-22,64258.1355064
2024-06-23,63345.0218761
2024-06-24,60258.9554375
2024-06-25,61739.6658477
2024-06-26,60794.4760584
2024-06-27,61569.9234275
2024-06-28,60303.3147364
2024-06-29,60889.3298431
2024-06-30,62763.2796861
2024-07-01,62835.3997648
2024-07-02,62028.6170386
2024-07-03,60216.3920859
2024-07-04,57418.2420213
2024-07-05,56720.9881257
2024-07-06,58259.2217732
2024-07-07,56112.5725587
2024-07-08,56691.9149062
2024-07-09,57981.4320967
2024-07-10,57722.0113527
2024-07-11,57307.7127385
2024-07-12,57859.120282
2024-07-13,59329.0372016
2024-07-14,61015.0339413
2024-07-15,64734.7611698
2024-07-16,65118.8266584
2024-07-17,64201.3707805
2024-07-18,63984.3022022
2024-07-19,66755.7833828
2024-07-20,67185.4978112
2024-07-21,68056.6201216
2024-07-22,67535.1976739
2024-07-23,65916.4081616
2024-07-24,65353.3857785
2024-07-25,65722.0611917
2024-07-26,67912.2433092
2024-07-27,68077.3730812
2024-07-28,68170.6691309
2024-07-29,66867.167277
2024-07-30,66186.9146861
2024-07-31,64690.6340386
2024-08-01,65178.0554892
2024-08-02,61506.7698878
2024-08-03,60688.2444272
2024-08-04,58306.2644787
2024-08-05,54343.6276774
2024-08-06,56047.4712867
2024-08-07,55129.7410377
2024-08-08,61908.7896724
2024-08-09,60720.9407595
2024-08-10,60871.5550728
2024-08-11,58836.1043723
2024-08-12,59394.1629538
2024-08-13,60536.2457846
2024-08-14,58840.6466797
2024-08-15,57644.1876879
2024-08-16,58927.2765088
2024-08-17,59414.6743352
2024-08-18,58793.2061458
2024-08-19,59411.5190169
2024-08-20,59123.3002662
2024-08-21,61133.0256493
2024-08-22,60394.473775
2024-08-23,64106.8029153
2024-08-24,64023.2267037
2024-08-25,64498.0183413
2024-08-26,62983.4427729
2024-08-27,59548.0076216
2024-08-28,59100.7747548
2024-08-29,59339.7909947
2024-08-30,59142.9399641
2024-08-31,58959.9262732
2024-09-01,57349.080718
2024-09-02,59159.0238878
2024-09-03,57637.7754445
2024-09-04,58033.3989705
2024-09-05,56112.9529401
2024-09-06,53838.9534623
2024-09-07,54066.4399249
2024-09-08,54859.2584082
2024-09-09,57135.7814372
2024-09-10,57664.4998214
2024-09-11,57409.1950663
2024-09-12,58124.6418065
2024-09-13,60536.8814503
2024-09-14,60007.1702507
2024-09-15,59129.9197537
2024-09-16,58227.4642165
2024-09-17,60238.2177256
2024-09-18,61306.2337317
2024-09-19,62994.6096528
2024-09-20,63153.951827
2024-09-21,63367.7296078
2024-09-22,63571.952173
2024-09-23,63336.0126347
2024-09-24,64342.7891113
2024-09-25,63059.6269167
2024-09-26,65057.7861461
2024-09-27,65767.7132542
2024-09-28,65770.5276479
2024-09-29,65617.761069
2024-09-30,63260.0425482
2024-10-01,60858.2487086
2024-10-02,60686.0993136
2024-10-03,60765.2367499
2024-10-04,62052.5100497
2024-10-05,62030.4538977
2024-10-06,62789.8814556
2024-10-07,62416.5088299
2024-10-08,62126.327377
2024-10-09,60615.2581917
2024-10-10,60221.117287
2024-10-11,62462.5399626
2024-10-12,63202.8806993
2024-10-13,62759.4311134
2024-10-14,66089.7587411
2024-10-15,66933.9748337
2024-10-16,67662.9534039
2024-10-17,67337.9075482
2024-10-18,68390.5375625
2024-10-19,68357.8982963
2024-10-20,69012.3532089
2024-10-21,67440.4625058
2024-10-22,67425.7553212
2024-10-23,66647.2866642
2024-10-24,68130.9948369
2024-10-25,66261.5376861
2024-10-26,67023.3399611
2024-10-27,68000.1475009
2024-10-28,69862.520547
2024-10-29,72678.7866201
2024-10-30,72450.2843819
2024-10-31,70367.0819576
2024-11-01,69483.5830304
2024-11-02,69241.6794866
2024-11-03,68742.7546227
2024-11-04,67779.0969795
2024-11-05,69538.024173
2024-11-06,75696.0366192
2024-11-07,75972.2955546
2024-11-08,76507.4474012
2024-11-09,76799.2527469
2024-11-10,80409.2865666
2024-11-11,88859.9984486
2024-11-12,88048.7488878
2024-11-13,90369.3819693
2024-11-14,87204.2569828
2024-11-15,91139.0844427
2024-11-16,90567.6957569
2024-11-17,89732.9704293
2024-11-18,90587.6965535
2024-11-19,92254.1385801
2024-11-20,94160.0406859
2024-11-21,98545.5688799
2024-11-22,98938.349545
2024-11-23,97707.0484591
2024-11-24,97980.208282
2024-11-25,93343.0290745
2024-11-26,91875.5699594
2024-11-27,95989.0802274
2024-11-28,95737.9402823
2024-11-29,97398.9417399
2024-11-30,96463.624898
2024-12-01,97469.604453
2024-12-02,95726.4417259
2024-12-03,96010.8774229
2024-12-04,98920.2528255
2024-12-05,96949.6644117
2024-12-06,99953.1056581
2024-12-07,99977.7002282
2024-12-08,100798.983564
2024-12-09,97390.1988597
2024-12-10,96835.5017387
2024-12-11,101310.2019
2024-12-12,100090.89048
2024-12-13,101289.823977
2024-12-14,101366.871668
2024-12-15,104551.367141
2024-12-16,105855.67223
2024-12-17,106115.910583
2024-12-18,100469.770657
2024-12-19,97697.0457797
2024-12-20,97617.4422051
2024-12-21,97093.0190833
2024-12-22,95149.1058252
2024-12-23,94800.756206
2024-12-24,98637.7330544
2024-12-25,99235.3678869
2024-12-26,95628.3030903
2024-12-27,94219.9821461
2024-12-28,95123.5811099
2024-12-29,93457.5783203
2024-12-30,92523.163085
2024-12-31,93389.7326017
2025-01-01,94455.7965719
2025-01-02,96851.3936829
2025-01-03,98120.6846759
2025-01-04,98230.0478571
2025-01-05,98414.8120964
2025-01-06,102179.560367
2025-01-07,96974.9957858
2025-01-08,95039.2809211
2025-01-09,92346.169159
2025-01-10,94759.1196359
2025-01-11,94606.5080099
2025-01-12,94353.7752586
2025-01-13,94375.7299103
2025-01-14,96569.4757268
2025-01-15,100172.405985
2025-01-16,99977.7298235
2025-01-17,104296.588034
2025-01-18,104398.156261
2025-01-19,100954.572282
2025-01-20,102588.998699
2025-01-21,105987.888705
2025-01-22,103791.128861
2025-01-23,104184.616744
2025-01-24,104716.124882
2025-01-25,104866.085349
2025-01-26,102833.369273
2025-01-27,101907.446297
2025-01-28,101138.144066
2025-01-29,103918.795459
2025-01-30,104987.446411
2025-01-31,102263.043671
2025-02-01,100610.29044
2025-02-02,97424.7809001
2025-02-03,101582.408702
2025-02-04,97848.1497592
2025-02-05,96559.3327563
2025-02-06,96541.3006812
2025-02-07,96384.1109836
2025-02-08,96603.3181572
2025-02-09,96309.7532405
2025-02-10,97375.2253536
2025-02-11,95806.2580386
2025-02-12,97756.4976549
2025-02-13,96534.7406333
2025-02-14,97414.3589822
2025-02-15,97583.2431768
2025-02-16,96182.2661707
2025-02-17,95790.5109985
2025-02-18,95444.0318866
2025-02-19,96647.9132978
2025-02-20,98392.2197247
2025-02-21,96048.9937247
2025-02-22,96605.7091058
2025-02-23,96091.6329775
2025-02-24,91869.6543431
2025-02-25,88769.7356265
2025-02-26,83987.8956417
2025-02-27,84625.4191365
2025-02-28,84243.7779115
2025-03-01,85844.3685628
2025-03-02,94328.0094445
2025-03-03,86315.9305511
2025-03-04,87323.6906508
2025-03-05,90619.4090976
2025-03-06,90222.0693276
2025-03-07,86553.5921937
2025-03-08,86171.2789363
2025-03-09,80647.7964109
2025-03-10,79005.9601292
2025-03-11,82747.1601917
2025-03-12,83630.1581102
2025-03-13,81110.2890491
2025-03-14,84105.8335517
2025-03-15,84352.8773019
2025-03-16,82492.1028288
2025-03-17,84013.9475181
2025-03-18,82680.8065514
2025-03-19,86774.2350722
2025-03-20,84124.9712878
2025-03-21,84069.40818
2025-03-22,83821.2203054
2025-03-23,85760.8814506
2025-03-24,87322.5718568
2025-03-25,87422.8426084
2025-03-26,86836.6760956
2025-03-27,87211.3240169
2025-03-28,84309.0783551
2025-03-29,82497.1792472
2025-03-30,82216.4666765
2025-03-31,82461.449628
2025-04-01,85226.7137937
2025-04-02,82555.6312963
2025-04-03,82931.6973995
2025-04-04,83774.1797376
2025-04-05,83302.1715757
2025-04-06,77949.0884927
2025-04-07,79421.8044106
2025-04-08,76351.4295304
2025-04-09,82720.6034892
2025-04-10,79558.9558252
2025-04-11,83359.8995158
2025-04-12,85269.249512
2025-04-13,83568.954436
2025-04-14,84589.0324135
2025-04-15,83671.3439714
2025-04-16,84151.5357563
2025-04-17,84940.5838539
2025-04-18,84434.7727463
2025-04-19,85124.7214962
2025-04-20,85101.7461546
2025-04-21,87360.7198933
2025-04-22,93495.6106891
2025-04-23,93695.7404772
2025-04-24,93849.8817791
2025-04-25,94771.4128007
2025-04-26,94694.5111014
2025-04-27,93812.8765348
2025-04-28,95066.0211867
2025-04-29,94102.8403025
2025-04-30,94236.7325143
2025-05-01,96411.7422636
2025-05-02,96842.1021058
2025-05-03,95943.611353
2025-05-04,94377.7899196
2025-05-05,94853.7298594
2025-05-06,96677.9245029
2025-05-07,97137.3757086
2025-05-08,103069.539296
2025-05-09,102940.802949
2025-05-10,104582.821806
2025-05-11,103976.137799
2025-05-12,102920.074689
2025-05-13,104145.711825
2025-05-14,103572.719642
2025-05-15,103716.283947
2025-05-16,103566.269191
2025-05-17,103190.041365
2025-05-18,106015.689849
2025-05-19,105615.82896
2025-05-20,106893.330248
2025-05-21,109704.85562
2025-05-22,111477.014788
2025-05-23,107291.88897
2025-05-24,107917.328289
2025-05-25,108914.876558
2025-05-26,109371.985172
2025-05-27,109066.345637
2025-05-28,107895.402399
2025-05-29,105732.957892
2025-05-30,103981.302958
2025-05-31,104708.96415
2025-06-01,105750.159724
2025-06-02,105899.696927
2025-06-03,105483.985551
2025-06-04,104782.8449
2025-06-05,101669.190497
2025-06-06,104421.051549
2025-06-07,105685.250402
2025-06-08,105727.739632
2025-06-09,110198.158714
2025-06-10,110074.119082
2025-06-11,108645.785558
2025-06-12,105998.985831
2025-06-13,106024.822087
2025-06-14,105467.108742
2025-06-15,105512.797438
2025-06-16,107243.933346
2025-06-17,104628.396527
2025-06-18,104813.367029
2025-06-19,104709.720767
2025-06-20,103274.95884
2025-06-21,101548.196382
2025-06-22,100899.234152
2025-06-23,105496.947495
2025-06-24,105964.065137
2025-06-25,107305.0652
2025-06-26,107012.822824
2025-06-27,107090.959051
2025-06-28,107357.617171
2025-06-29,108360.901696
2025-06-30,107153.101136
2025-07-01,105566.356598
2025-07-02,108927.134518
2025-07-03,109632.159127
2025-07-04,108081.395759
2025-07-05,108244.788814
2025-07-06,109180.005546
2025-07-07,108249.401004
2025-07-08,108956.631703
2025-07-09,111416.80672
2025-07-10,115873.903784
2025-07-11,117618.605087
2025-07-12,117382.372541
2025-07-13,118899.737108
2025-07-14,119871.096198
2025-07-15,117710.891008
2025-07-16,118730.187792
2025-07-17,119501.663771
2025-07-18,117958.511213
2025-07-19,117908.524732
2025-07-20,117305.680954
2025-07-21,117432.435635
2025-07-22,120068.005789
2025-07-23,118650.587166
2025-07-24,118377.081937
2025-07-25,117520.17335
2025-07-26,117983.204599
2025-07-27,119438.164236
2025-07-28,118022.63732
2025-07-29,117871.370895
2025-07-30,117732.643661
2025-07-31,115848.339985
2025-08-01,113282.144336
2025-08-02,112545.673659
2025-08-03,114263.693948
2025-08-04,115199.933659
2025-08-05,114111.361018
2025-08-06,115034.678749
2025-08-07,117444.913924
2025-08-08,116740.687721
2025-08-09,116511.655739
2025-08-10,119189.19816
2025-08-11,118742.043049
2025-08-12,120154.324935
2025-08-13,123442.679822
2025-08-14,118510.271281
2025-08-15,117311.209948
2025-08-16,117462.426846
2025-08-17,117601.952232
2025-08-18,116312.914398
2025-08-19,112886.101475
2025-08-20,114277.32086
2025-08-21,112347.102298
2025-08-22,116800.977035
2025-08-23,115280.444724
2025-08-24,113516.122474
2025-08-25,110089.533314
2025-08-26,111895.295495
2025-08-27,111252.307236
2025-08-28,112481.152904
2025-08-29,108473.330442
2025-08-30,108746.150825
2025-08-31,108316.446895
2025-09-01,108992.324615
2025-09-02,111140.94716
2025-09-03,111780.743587
2025-09-04,110900.633413
2025-09-05,110711.229485
2025-09-06,110243.650742
2025-09-07,111307.784421
2025-09-08,112112.311575
2025-09-09,111486.39678
2025-09-10,113930.748423
2025-09-11,115445.812933
2025-09-12,116149.174032
2025-09-13,115965.627551
2025-09-14,115395.933423
2025-09-15,115420.931814
2025-09-16,116798.867051
2025-09-17,116575.777629
2025-09-18,117014.426762
2025-09-19,115612.372542
2025-09-20,115753.165961
2025-09-21,115320.858829
2025-09-22,112727.707738
2025-09-23,112052.393282
2025-09-24,113324.623592
2025-09-25,109166.347975
2025-09-26,109669.102167
2025-09-27,109644.730693
2025-09-28,112170.007786
2025-09-29,114341.141435
2025-09-30,113971.742797
2025-10-01,118393.270386
2025-10-02,120558.594007
2025-10-03,122348.12764
2025-10-04,122379.744318
2025-10-05,123523.768314
2025-10-06,124824.453667
2025-10-07,121587.699237
2025-10-08,123390.353095
2025-10-09,121603.332786
2025-10-10,113754.852328
2025-10-11,110940.113648
2025-10-12,115152.917045
2025-10-13,115332.25293
2025-10-14,113327.07941
2025-10-15,110862.872485
2025-10-16,108135.049606
2025-10-17,106625.668651
2025-10-18,107143.913935
2025-10-19,108706.663764
2025-10-20,110640.249515
2025-10-21,108700.382072
2025-10-22,107667.630188
2025-10-23,110060.936797
2025-10-24,111024.943147
2025-10-25,111614.535858
2025-10-26,114557.100461
2025-10-27,114087.773805
2025-10-28,112980.685846
2025-10-29,110206.347983
2025-10-30,108019.723842
2025-10-31,109554.239628
2025-11-01,110005.295855
2025-11-02,110389.168627
2025-11-03,106495.80279
2025-11-04,101349.737232
2025-11-05,103915.884791
2025-11-06,101241.573678
2025-11-07,103428.471747
2025-11-08,102335.021439
2025-11-09,104685.545441
2025-11-10,106082.478157
2025-11-11,102974.405612
2025-11-12,101682.126653
2025-11-13,100035.310145
2025-11-14,94502.5476026
2025-11-15,95541.315839
2025-11-16,94182.3130996
2025-11-17,91911.4713472
2025-11-18,92836.4419112
2025-11-19,91320.4811333
2025-11-20,86911.298059
2025-11-21,84948.0463206
2025-11-22,84775.0015453
2025-11-23,86872.4546631
2025-11-24,88377.6024421
2025-11-25,87434.5506108
2025-11-26,90449.2770675
2025-11-27,91336.2000453
2025-11-28,90990.1266105
2025-11-29,90842.0738244
2025-11-30,90607.7021514
2025-12-01,86504.6368156
2025-12-02,91528.0245809
2025-12-03,93609.0938659
2025-12-04,92205.5929544
2025-12-05,89279.8344635
2025-12-06,89169.5570611
2025-12-07,90067.8473995
2025-12-08,90673.1444436
2025-12-09,92808.8518477
2025-12-10,92102.9300918
2025-12-11,92623.7198708
2025-12-12,90331.6083092
2025-12-13,90245.2672642
2025-12-14,88096.3826143
2025-12-15,86352.5802566
2025-12-16,87752.4290336
2025-12-17,86059.5522241
2025-12-18,85434.1928673
2025-12-19,88168.0738326
2025-12-20,88292.4536373
2025-12-21,88533.4309831
2025-12-22,88474.4622332
2025-12-23,87365.9937873
2025-12-24,87625.6707896
2025-12-25,87231.3047686
2025-12-26,87334.8077808
2025-12-27,87695.4159077
2025-12-28,87747.6491549
2025-12-29,87133.5103992
2025-12-30,88428.4922735
2025-12-31,87516.9780377
