Date,Closing Price (USD),active_addresses,hash_rate,btc_left,total_addresses,difficulty,total_fees,fed_assets,GLD,IYE,SLV,SPY,TLT,UUP,NYFed_inflation,Google_popularity,realized_volatility,exchange_netflow_proxy,funding_rate_proxy,macro_interaction_proxy
2013-10-01,123.65498999999998,89218,1309351515956620.0,9220600.0,18656301,6.39173596179762e+17,39.13974553,3747387.0,124.589996,47.43,20.41,169.339996,105.800003,21.610001,1.738484455,3,0.0,0.004782191282183965,0.0020485068904322764,21098.069424280016
2013-10-02,125.455,105303,1307159450402430.0,9215825.0,18708039,6.39173596179762e+17,39.92303312,3747387.0,127.059998,47.540001,20.92,169.179993,105.959999,21.530001,1.738484455,3,0.0,0.0056287567072102,0.0020450773596016984,21496.009572220013
2013-10-03,108.58483,89993,1452700445873280.0,9210850.0,18751619,6.39173596179762e+17,36.60294587,3748997.857142857,127.18,47.099998,20.92,167.619995,105.790001,21.51,1.738484455,3,0.0,0.004799212270684468,0.0022727791863678933,21317.9109641
2013-10-04,118.67466,77370,1283409529949880.0,9206350.0,18791964,6.39173596179762e+17,24.77279491,3750608.7142857136,126.529999,47.52,20.93,168.889999,105.709999,21.610001,1.738484455,3,0.0,0.0041171854096783075,0.002007920129399294,21369.65140458
2013-10-05,121.33866,64961,1602048841926960.0,9200875.0,18823649,6.39173596179762e+17,26.06242489,3752219.5714285714,126.529999,47.52,20.93,168.889999,105.709999,21.610001,1.738484455,3,0.0,0.0034510312001674063,0.002506437768240348,21369.65140458
2013-10-06,120.65533,60512,1498212320882360.0,9196250.0,18854508,8.1295677540806e+17,21.15735044,3753830.4285714286,126.529999,47.52,20.93,168.889999,105.709999,21.610001,1.738484455,3,0.0,0.0032094181402134705,0.001842917564873408,21369.65140458
2013-10-07,121.795,76050,1453538761761120.0,9192350.0,18894507,8.1295677540806e+17,32.57715142,3755441.2857142864,127.639999,47.169998,21.530001,167.429993,106.139999,21.549999,1.738484455,3,0.0,0.004024979323355725,0.0017879656160458503,21370.764139090006
2013-10-08,123.033,75519,1523365505193240.0,9188300.0,18936521,8.1295677540806e+17,17.13190379,3757052.142857143,127.400002,46.700001,21.49,165.479996,106.169998,21.559999,1.738484455,3,0.0,0.003988008145741237,0.0018738579359629465,21082.151821359992
2013-10-09,124.049,80026,1573011164177310.0,9183850.0,18981656,8.1295677540806e+17,30.37507628,3758663.0,126.110001,46.490002,21.049999,165.600006,105.32,21.66,1.738484455,3,0.0,0.004215965140238555,0.0019349259539509268,20883.816922260008
2013-10-10,125.96116,79814,1803127140049070.0,9179050.0,19027925,8.1295677540806e+17,31.05788363,3766511.0,124.269997,47.330002,20.83,169.169998,105.489998,21.700001,1.738484455,3,0.0,0.004194571925209922,0.002217986484144865,21022.755143950006
2013-10-11,125.27966,79150,1736004379925790.0,9174425.0,19072137,8.1295677540806e+17,22.76995908,3774359.0,122.599998,47.849998,20.52,170.259995,105.459999,21.66,1.738484455,3,0.0,0.004150033108507977,0.0021354202737955044,20873.87504648001
2013-10-12,125.9275,66189,1887684185861040.0,9169075.0,19109014,8.1295677540806e+17,32.14776583,3782207.0,122.599998,47.849998,20.52,170.259995,105.459999,21.66,1.738484455,3,0.0,0.003463757994002202,0.0023219982205247326,20873.87504648001
2013-10-13,126.38333,86718,2006000774484790.0,9163550.0,19154778,8.1295677540806e+17,30.80432869,3790055.0,122.599998,47.849998,20.52,170.259995,105.459999,21.66,1.738484455,3,0.0,0.004527225530883208,0.002467536817659078,20873.87504648001
2013-10-14,135.24199,81570,2324806042552390.0,9157300.0,19197695,8.1295677540806e+17,33.03670276,3797903.0,122.830002,48.139999,20.5,170.940002,104.610001,21.620001,1.738484455,3,0.0,0.004248947595010755,0.0028596920683580797,20996.560787540002
2013-10-15,133.20333,84704,2433638004514470.0,9150800.0,19243735,8.1295677540806e+17,38.64309771,3805751.0,123.730003,47.970001,20.559999,169.699997,104.540001,21.700001,1.738484455,3,0.05149374487699025,0.0044016403260593645,0.002993563837748835,20996.98113790999
2013-10-16,142.76333,92553,2213540714975550.0,9145550.0,19294441,1.14989696064422e+18,47.19904597,3813599.0,123.540001,48.619999,20.5,172.070007,105.849998,21.690001,1.738484455,3,0.05425594300663253,0.0047968738767814,0.0019249904910918563,21257.528836850008
2013-10-17,137.92333,80595,2243164101808060.0,9141375.0,19337720,1.14989696064422e+18,36.51952508,3817232.4285714286,127.419998,48.740002,21.049999,173.220001,106.809998,21.450001,1.738484455,3,0.03476216154306729,0.004167761245896621,0.0019507522661433476,22071.692180979997
2013-10-18,142.95166,85159,2394813121060510.0,9136575.0,19385680,1.14989696064422e+18,38.35801158,3820865.857142857,126.849998,49.23,21.110001,174.389999,107.040001,21.450001,1.738484455,3,0.028699913057512016,0.004392881756017844,0.002082632794958286,22121.37102437
2013-10-19,152.55183,91726,2954943272262410.0,9131000.0,19435339,1.14989696064422e+18,36.26226694,3824499.2857142864,126.849998,49.23,21.110001,174.389999,107.040001,21.450001,1.738484455,3,0.03183010327862373,0.004719547212425778,0.002569746136738137,22121.37102437
2013-10-20,160.33883,72841,2600039713307570.0,9126025.0,19476267,1.14989696064422e+18,28.48710739,3828132.7142857136,126.849998,49.23,21.110001,174.389999,107.040001,21.450001,1.738484455,3,0.032326921956422706,0.0037399877502192797,0.0022611066924213105,22121.37102437
2013-10-21,164.31499,95520,2774733637107220.0,9120750.0,19526920,1.14989696064422e+18,37.66450678,3831766.142857143,126.980003,49.009998,21.41,174.399994,106.699997,21.469999,1.738484455,3,0.03218649117412243,0.004891708472201453,0.0024130280643169097,22145.31176131998
2013-10-22,177.63333,108902,3158349275312030.0,9114625.0,19587580,1.14989696064422e+18,41.68008116,3835399.5714285714,129.339996,49.330002,21.870001,175.410004,107.889999,21.35,1.738484455,3,0.03531124576674446,0.005559747554317583,0.0027466367713004404,22687.529215719984
2013-10-23,188.29716,107064,2927901702890390.0,9109100.0,19643298,1.14989696064422e+18,45.77781754,3839033.0,128.690002,48.619999,21.75,174.570007,108.309998,21.360001,1.738484455,3,0.03587831124550254,0.005450408582102659,0.0025462296215219647,22465.414549970013
2013-10-24,200.70166,111582,2823299262718900.0,9103725.0,19703983,1.14989696064422e+18,50.7649601,3839656.2857142864,129.899994,48.919998,21.870001,175.149994,107.889999,21.33,1.738484455,3,0.03670128950029994,0.005662915969832089,0.0024552628273207806,22751.983169700034
2013-10-25,180.355,100390,2979204729134220.0,9097850.0,19757554,1.14989696064422e+18,51.0751821,3840279.5714285714,130.46000700000002,49.099998,21.709999,175.949997,108.290001,21.34,1.738484455,3,0.05183148912127902,0.005081094552493694,0.0025908449461986105,22954.43784026998
2013-10-26,175.03166000000004,72818,3246407683221270.0,9093300.0,19795833,1.67902635797051e+18,35.34328044,3840902.857142857,130.46000700000002,49.099998,21.709999,175.949997,108.290001,21.34,1.738484455,3,0.05373403508451109,0.003678450914391933,0.001933506086911763,22954.43784026998
2013-10-27,177.6965,64388,3462707737504700.0,9088825.0,19829530,1.67902635797051e+18,57.75029853,3841526.142857143,130.46000700000002,49.099998,21.709999,175.949997,108.290001,21.34,1.738484455,3,0.053493739298872606,0.0032470764561742006,0.002062330779422772,22954.43784026998
2013-10-28,187.15983,85464,3385718875898360.0,9084450.0,19874304,1.67902635797051e+18,31.18348979,3842149.4285714286,130.559998,49.150002,21.68,176.229996,107.919998,21.379999,1.738484455,3,0.052665312259077654,0.00430022606074658,0.002016477501872443,23008.58792530001
2013-10-29,192.75666,84684,3116233032610440.0,9080450.0,19920610,1.67902635797051e+18,34.455093,3842772.7142857136,129.770004,49.490002,21.690001,177.169998,108.059998,21.440001,1.738484455,3,0.051500375637862965,0.004251074640786602,0.0018559762435040776,22991.35134913999
2013-10-30,197.4,94473,3672946677782940.0,9075575.0,19971519,1.67902635797051e+18,29.72252695,3843396.0,129.600006,49.189999,21.879999,176.28999299999995,107.410004,21.48,1.738484455,3,0.049997585193307985,0.004730386306619942,0.0021875455738661195,22847.184150539953
2013-10-31,196.02499,95831,4057988402824380.0,9070300.0,20022851,1.67902635797051e+18,29.97871915,3844571.2857142864,127.739998,49.099998,21.1,175.78999299999995,107.639999,21.629999,1.738484455,3,0.04806172253064546,0.004786081662396629,0.002416869981558475,22455.41335424001
2013-11-01,198.04883,85764,4045003155712030.0,9065100.0,20069765,1.67902635797051e+18,35.00360841,3845746.5714285714,126.949997,48.91,21.08,176.21000700000005,106.190002,21.75,1.812959206,10,0.04810903907569331,0.004273293683309197,0.0024091361856887986,22369.859860019984
2013-11-02,198.93233,76960,3910475076212270.0,9060050.0,20110388,1.67902635797051e+18,23.53096079,3846921.857142857,126.949997,48.91,21.08,176.21000700000005,106.190002,21.75,1.812959206,10,0.04677382897934968,0.0038268779299534153,0.0023290135128902797,22369.859860019984
2013-11-03,200.543,81980,3690843798433060.0,9055250.0,20150667,1.67902635797051e+18,40.87943337,3848097.142857143,126.949997,48.91,21.08,176.21000700000005,106.190002,21.75,1.812959206,10,0.04598128871142548,0.004068351682850002,0.002198204799413807,22369.859860019984
2013-11-04,210.3075,99449,3740291306482460.0,9050375.0,20204389,1.67902635797051e+18,51.82985587,3849272.4285714286,126.809998,49.580002,20.85,176.830002,106.290001,21.690001,1.812959206,10,0.04671621859560331,0.004922148351034025,0.002227654907695114,22423.812199959997
2013-11-05,225.02,116561,3553145113172220.0,9046025.0,20269331,2.19442651533322e+18,47.27916843,3850447.7142857136,126.559998,49.200001,20.9,176.270004,105.019997,21.74,1.812959206,10,0.045763291258192874,0.005750609134559005,0.0016191679640877293,22308.73135369999
2013-11-06,248.25333,130148,4139325356130620.0,9041950.0,20334187,2.19442651533322e+18,145.62558243,3851623.0,127.199997,49.41,21.0,177.169998,105.07,21.67,1.812959206,10,0.049627759843374725,0.0064004525973917715,0.0018862902572529617,22536.023214090004
2013-11-07,262.32666,129202,3571359028582220.0,9038350.0,20411709,2.19442651533322e+18,128.50248332,3859594.5714285714,126.160004,48.709999,20.83,174.929993,105.959999,21.77,1.812959206,10,0.04908760957086689,0.006329798254521461,0.0016274680439868432,22069.16861659997
2013-11-08,294.48699,129769,3416283117487880.0,9035000.0,20486090,2.19442651533322e+18,106.82017227,3867566.142857143,124.279999,49.459999,20.690001,177.28999299999995,103.410004,21.9,1.812959206,10,0.04040402839314452,0.006334493307410052,0.001556799962822689,22033.60015275
2013-11-09,331.10325,129144,3719665161766480.0,9031300.0,20556927,2.19442651533322e+18,56.05344924,3875537.7142857136,124.279999,49.459999,20.690001,177.28999299999995,103.410004,21.9,1.812959206,10,0.04132919078730292,0.006282261935356389,0.001695051137860342,22033.60015275
2013-11-10,285.8875,115715,4311795446545720.0,9027025.0,20617682,2.19442651533322e+18,45.83360662,3883509.2857142864,124.279999,49.459999,20.690001,177.28999299999995,103.410004,21.9,1.812959206,10,0.0658733209348,0.005612415595506808,0.001964884864641266,22033.60015275
2013-11-11,304.97974,114927,4611175817683750.0,9022350.0,20672176,2.19442651533322e+18,62.22351764,3891480.857142857,123.870003,49.599998,20.6,177.320007,103.019997,21.84,1.812959206,10,0.06622769520733846,0.005559501815387021,0.0021013124775260705,21964.62979905002
2013-11-12,338.13699999999994,115057,5063944910357710.0,9017325.0,20734570,2.19442651533322e+18,22.51123231,3899452.4285714286,122.449997,49.110001,20.0,176.96000700000005,103.5,21.85,1.812959206,10,0.06865212872002684,0.0055490420105167365,0.002307639319418613,21668.752326269983
2013-11-13,357.48,122181,4232648158162810.0,9013125.0,20800574,2.19442651533322e+18,23.04229153,3907424.0,122.849998,49.450001,19.780001,178.380005,103.879997,21.799999,1.812959206,10,0.06859629471636357,0.005873924440738991,0.0019288174512055098,21913.983257489992
2013-11-14,402.954,132459,4574742570298910.0,9008550.0,20875800,2.19442651533322e+18,23.13862517,3907309.142857143,124.269997,49.82,20.049999,179.270004,104.519997,21.799999,1.812959206,10,0.06992398709973216,0.006345098151927112,0.002084709849399647,22277.88285926999
2013-11-15,409.10375,118695,4097441048618320.0,9004400.0,20942233,2.19442651533322e+18,17.31629565,3907194.2857142864,124.32,50.150002,20.0,180.050003,104.730003,21.76,1.812959206,10,0.06971486989172639,0.005667733713019046,0.0018672035814314475,22383.81637296
2013-11-16,420.21649,102572,4808371008444430.0,8999550.0,20997661,2.19442651533322e+18,14.265989800000002,3907079.4285714286,124.32,50.150002,20.0,180.050003,104.730003,21.76,1.812959206,10,0.06879660347170938,0.004884925039984216,0.002191174311304877,22383.81637296
2013-11-17,437.29725,106668,4782484799111360.0,8994900.0,21055618,2.61770817759892e+18,17.08725612,3906964.5714285714,124.32,50.150002,20.0,180.050003,104.730003,21.76,1.812959206,10,0.06770070359065641,0.005066011360958391,0.0018269740072776447,22383.81637296
2013-11-18,510.6025,163680,4704149059491890.0,8991000.0,21154119,2.61770817759892e+18,27.23178132,3906849.7142857136,122.900002,49.75,19.67,179.419998,105.360001,21.73,1.812959206,10,0.07261726054663947,0.007737500200315598,0.0017970486931078572,22050.718113039995
2013-11-19,693.65,206980,4788182285568180.0,8986975.0,21276688,2.61770817759892e+18,31.59785609,3906734.857142857,122.949997,49.77,19.610001,179.029999,104.559998,21.719999,1.812959206,10,0.09747584343733548,0.009728017819314736,0.0018291505243186108,22011.737839960002
2013-11-20,531.54249,164365,4920447697122290.0,8982875.0,21371314,2.61770817759892e+18,25.27945207,3906620.0,120.120003,49.59,19.139999,178.470001,102.779999,21.82,1.812959206,10,0.13411931772794808,0.007690916899166799,0.0018796777040424521,21437.817055530002
2013-11-21,574.71599,187781,4465300809004810.0,8979125.0,21458301,2.61770817759892e+18,26.55807643,3909370.857142857,119.940002,50.060001,19.24,179.910004,102.949997,21.82,1.812959206,10,0.13426951545901272,0.008750972409232213,0.0017058054244612495,21578.406239580007
2013-11-22,681.33,164716,5169356784199750.0,8974825.0,21550843,2.61770817759892e+18,23.29739671,3912121.7142857136,119.919998,50.330002,19.129999,180.809998,103.910004,21.73,1.812959206,10,0.1368971736500091,0.007643134888041271,0.0019747643486147937,21682.734598540006
2013-11-23,774.18,149482,5162952794215500.0,8970575.0,21640331,2.61770817759892e+18,21.01611529,3914872.5714285714,119.919998,50.330002,19.129999,180.809998,103.910004,21.73,1.812959206,10,0.13726573703408765,0.006907565323284565,0.00197231793765155,21682.734598540006
2013-11-24,746.19374,123604,5027551059602600.0,8966375.0,21707199,2.61770817759892e+18,17.53595197,3917623.4285714286,119.919998,50.330002,19.129999,180.809998,103.910004,21.73,1.812959206,10,0.12725721339422102,0.005694147826258007,0.0019205926400146314,21682.734598540006
2013-11-25,768.8475,142032,5113230827787020.0,8962050.0,21787969,2.61770817759892e+18,19.60120774,3920374.2857142864,120.459999,49.82,19.27,180.630005,104.209999,21.76,1.812959206,10,0.1276767074933216,0.006518826972812381,0.0019533234726252435,21758.690221669996
2013-11-26,789.36475,178735,4809739302004120.0,8958100.0,21893718,2.61770817759892e+18,25.2369173,3923125.142857143,119.82,49.709999,19.129999,180.679993,104.599998,21.690001,1.812959206,10,0.1276086118478294,0.008163757293302125,0.0018373855967458639,21649.07676126
2013-11-27,893.1815,197974,5115252278550280.0,8953775.0,22014557,2.61770817759892e+18,30.41271141,3925876.0,119.459999,49.32,18.959999,181.119995,104.419998,21.719999,1.812959206,10,0.12869381251194725,0.00899286776472495,0.001954095694212263,21636.594421580005
2013-11-28,934.355,200988,5442845919580530.0,8949225.0,22133596,2.61770817759892e+18,30.73997164,3926840.2857142864,119.459999,49.32,18.959999,181.119995,104.419998,21.719999,1.812959206,10,0.12781308537725228,0.009080675367888707,0.0020792409047569824,21636.594421580005
2013-11-29,1068.363,188638,5432557879744340.0,8944900.0,22245489,3.03829544062569e+18,26.09068458,3927804.5714285714,120.699997,48.919998,19.24,181.0,104.449997,21.700001,1.812959206,10,0.12854554426290907,0.008479831573942925,0.00178802818419317,21846.699457
2013-11-30,1154.92593,162746,6183967036151830.0,8940475.0,22339477,3.03829544062569e+18,20.18102674,3928768.857142857,120.699997,48.919998,19.24,181.0,104.449997,21.700001,1.812959206,10,0.12799276831383755,0.007285130265135571,0.002035340919604032,21846.699457
2013-12-01,1099.51926,165741,6027444029930410.0,8935625.0,22430792,3.03829544062569e+18,18.88083922,3929733.142857143,120.699997,48.919998,19.24,181.0,104.449997,21.700001,1.880977815,12,0.13187608835311626,0.0073889945571248665,0.0019838242026552727,21846.699457
2013-12-02,1019.78966,176727,5486654723099720.0,8931650.0,22528931,3.03829544062569e+18,21.13751064,3930697.4285714286,117.580002,49.330002,18.459999,180.529999,103.330002,21.77,1.880977815,12,0.1342433678790731,0.007844446769356255,0.0018058331819007791,21226.71764348
2013-12-03,1028.845,172692,6743600396465810.0,8926650.0,22632102,3.03829544062569e+18,20.40592636,3931661.7142857136,117.959999,49.400002,18.42,179.75,103.709999,21.700001,1.880977815,12,0.11217035207651181,0.007630400393211377,0.0022195341197882553,21203.30982025
2013-12-04,1071.2848,182763,6005855252719350.0,8922425.0,22739217,3.03829544062569e+18,20.83224443,3932626.0,119.959999,49.279999,19.0,179.729996,102.720001,21.690001,1.880977815,12,0.07357154992112257,0.008037347987839687,0.001976718647045903,21560.41014043
2013-12-05,1139.33083,182715,5901490195680710.0,8918125.0,22851222,3.03829544062569e+18,22.54506788,3941387.2857142864,118.300003,49.110001,18.690001,178.940002,102.43,21.58,1.880977815,12,0.07321910286601187,0.007995852475635657,0.0019423687758506425,21168.602773420007
2013-12-06,1004.61633,167765,7184854722141740.0,8912925.0,22945943,3.03829544062569e+18,19.20163235,3950148.5714285714,118.550003,49.259998,18.76,180.940002,102.919998,21.58,1.880977815,12,0.07807736066902903,0.007311314248449061,0.0023647650014779766,21450.437779920005
2013-12-07,759.4304099999997,148960,6697273590635840.0,8908050.0,23031309,3.03829544062569e+18,37.49123851,3958909.857142857,118.550003,49.259998,18.76,180.940002,102.919998,21.58,1.880977815,12,0.1081149022719311,0.006467717488398076,0.0022042864894194227,21450.437779920005
2013-12-08,689.81,113253,6773613030308680.0,8903175.0,23090266,3.03829544062569e+18,11.38643048,3967671.142857143,118.550003,49.259998,18.76,180.940002,102.919998,21.58,1.880977815,12,0.1107422387047813,0.004904794080761131,0.0022294122354716626,21450.437779920005
2013-12-09,841.83966,155386,6147425994414290.0,8898800.0,23175318,3.03829544062569e+18,17.04236096,3976432.4285714286,119.720001,49.279999,19.120001,181.399994,103.160004,21.559999,1.880977815,12,0.12343136204400795,0.006704805517663231,0.0020233140965212793,21717.20746307999
2013-12-10,916.77599,152729,7372041995071730.0,8893975.0,23257269,3.9013372474604e+18,17.50092456,3985193.7142857136,121.82,49.16,19.66,180.75,103.900002,21.5,1.880977815,12,0.1251538022622152,0.006566936126507373,0.001889619258081471,22018.965
2013-12-11,967.42866,151480,7300654915121030.0,8889850.0,23340601,3.9013372474604e+18,17.44596076,3993955.0,120.860001,48.43,19.549999,178.720001,103.099998,21.49,1.880977815,12,0.12165328163354329,0.00648997855710742,0.0018713211527338317,21600.09949958
2013-12-12,866.2900300000001,128765,7318486987709410.0,8885800.0,23412087,3.9013372474604e+18,14.34126064,3995970.2857142864,118.290001,48.669998,18.809999,178.130005,102.709999,21.57,1.880977815,12,0.12483915393539662,0.00549993684885931,0.001875891911798557,21070.99846958001
2013-12-13,911.23204,143726,7728938643494370.0,8881400.0,23490130,3.9013372474604e+18,15.13416963,3997985.5714285714,119.379997,48.439999,18.950001,178.110001,103.209999,21.58,1.880977815,12,0.11954997015654124,0.0061185697993157125,0.0019810998519867954,21262.77138505
2013-12-14,889.8194599999997,147127,8864945717630400.0,8876475.0,23562862,3.9013372474604e+18,12.4010342,4000000.857142857,119.379997,48.439999,18.950001,178.110001,103.209999,21.58,1.880977815,12,0.11676558527131797,0.0062440207815162695,0.0022722838748178184,21262.77138505
2013-12-15,848.9975,139100,7893291262407890.0,8872050.0,23629440,3.9013372474604e+18,11.51956075,4002016.142857143,119.379997,48.439999,18.950001,178.110001,103.209999,21.58,1.880977815,12,0.11672278523821514,0.0058867243574117715,0.002023227104384805,21262.77138505
2013-12-16,868.9531599999997,175647,8607024484562730.0,8867025.0,23719666,3.9013372474604e+18,15.70545173,4004031.4285714286,119.690002,48.970001,19.219999,179.220001,102.830002,21.540001,1.880977815,12,0.11600185314555814,0.007405121134505014,0.002206172893708568,21450.842278130003
2013-12-17,653.80483,156965,9084533497378490.0,8861950.0,23804408,3.9013372474604e+18,15.20684554,4006046.7142857136,118.650002,48.700001,19.139999,178.649994,103.290001,21.540001,1.880977815,12,0.13670065670080678,0.006593946801785619,0.002328569134414648,21196.822145399987
2013-12-18,654.0626599999998,179980,8696733678850020.0,8856975.0,23904989,3.9013372474604e+18,18.64447134,4008062.0,117.610001,49.459999,19.09,181.699997,102.769997,21.629999,1.880977815,12,0.13547385249014263,0.00752897229946435,0.0022291673667820472,21369.736828869994
2013-12-19,553.69166,155885,1.00708420094352e+16,8851325.0,23990298,3.9013372474604e+18,16.48965383,4011563.857142857,114.82,49.540001,18.49,181.490005,102.669998,21.68,1.880977815,12,0.13664951260655148,0.006497835083165703,0.0025813820673900667,20838.682374099997
2013-12-20,693.05883,152391,7859901643969030.0,8846875.0,24066666,3.9013372474604e+18,16.24432139,4015065.7142857136,115.940002,49.689999,18.620001,181.559998,104.25,21.66,1.880977815,12,0.15308784782194906,0.006332036186482997,0.0020146685983339387,21050.066531239998
2013-12-21,649.38965,125334,8563010604674840.0,8842850.0,24134338,5.07202650272104e+18,12.43490207,4018567.5714285714,115.940002,49.689999,18.620001,181.559998,104.25,21.66,1.880977815,12,0.13550838589059575,0.00519318159876604,0.0016882819125808898,21050.066531239998
2013-12-22,595.95883,122324,9756228490648160.0,8838625.0,24196441,5.07202650272104e+18,11.46529505,4022069.4285714286,115.940002,49.689999,18.620001,181.559998,104.25,21.66,1.880977815,12,0.13503909109666554,0.005055454229818344,0.0019235365756496224,21050.066531239998
2013-12-23,647.6831599999998,151429,9904152424493250.0,8834350.0,24275318,5.07202650272104e+18,12.11174057,4025571.2857142864,115.57,49.509998,18.719999,182.529999,103.660004,21.620001,1.880977815,12,0.1243249263094294,0.006237982134775742,0.0019527012367107843,21094.99198443
2013-12-24,671.58116,127770,9809373436021380.0,8830125.0,24349929,5.07202650272104e+18,12.06624608,4029073.142857143,116.099998,49.779999,18.76,182.929993,102.830002,21.639999,1.880977815,12,0.12183519419928779,0.0052472432260480106,0.0019340146252703626,21238.171821440013
2013-12-25,659.84333,128733,9365769151620400.0,8826075.0,24426498,5.07202650272104e+18,12.31784641,4032575.0,116.099998,49.779999,18.76,182.929993,102.830002,21.639999,1.880977815,12,0.11988747726733581,0.0052702192512410085,0.0018465536697404583,21238.171821440013
2013-12-26,702.00083,121372,1.05492618754814e+16,8821575.0,24491172,5.07202650272104e+18,13.36262326,4031298.5714285714,116.739998,50.200001,19.02,183.860001,102.099998,21.629999,1.880977815,12,0.11954760251559662,0.004955744870029087,0.0020798909212761275,21463.81614902
2013-12-27,758.0101599999997,124149,1.05871001304671e+16,8816975.0,24558562,5.07202650272104e+18,12.27928333,4030022.142857143,117.120003,50.470001,19.27,183.850006,101.809998,21.59,1.880977815,12,0.12085055182669692,0.005055222695856541,0.002087351106069208,21532.51325427002
2013-12-28,734.01166,114541,8699873932626150.0,8813225.0,24616738,5.07202650272104e+18,11.65867105,4028745.7142857136,117.120003,50.470001,19.27,183.850006,101.809998,21.59,1.880977815,12,0.12092812562886414,0.004652972298766799,0.0017152658662092641,21532.51325427002
2013-12-29,717.92623,127888,9538580267509240.0,8809025.0,24672234,5.07202650272104e+18,14.55153464,4027469.2857142864,117.120003,50.470001,19.27,183.850006,101.809998,21.59,1.880977815,12,0.12058530895199068,0.0051834787234913545,0.0018806250839564784,21532.51325427002
2013-12-30,752.8202200000003,150364,1.00346578339117e+16,8804700.0,24747506,5.07202650272104e+18,11.74180891,4026192.857142857,115.389999,50.080002,18.85,183.820007,102.510002,21.49,1.880977815,12,0.12130118377746381,0.006075925388198714,0.0019784316640554436,21210.990423909992
2013-12-31,744.17249,116734,1.07333365133661e+16,8800100.0,24807843,5.07202650272104e+18,10.98600975,4024916.4285714286,116.120003,50.490002,18.709999,184.690002,101.860001,21.52,1.880977815,12,0.09230344112612622,0.004705528005800424,0.0021161830498338053,21446.203586310006
2014-01-01,768.40783,94589,1.12098046796163e+16,8794975.0,24855859,5.07202650272104e+18,9.36534252,4023640.0,116.120003,50.490002,18.709999,184.690002,101.860001,21.52,1.885883433,8,0.0924574489308852,0.003805501149648459,0.0022101234434801285,21446.203586310006
2014-01-02,769.0984900000003,135242,9318153539884780.0,8791625.0,24924034,6.092331202637471e+18,13.8118866,4024289.2857142864,118.0,49.799999,19.23,182.919998,102.169998,21.65,1.885883433,8,0.0772193466133582,0.005426168171653112,0.001529488996896754,21584.559763999998
2014-01-03,804.02719,141063,1.12409787483627e+16,8787600.0,25000384,6.092331202637471e+18,13.81938881,4024938.5714285714,119.290001,49.669998,19.42,182.889999,102.169998,21.74,1.885883433,8,0.05205299811326355,0.005642433332224017,0.0018451030278026077,21816.9481636
2014-01-04,813.3174799999997,115579,9678538669053950.0,8784075.0,25059614,6.092331202637471e+18,12.28749852,4025587.857142857,119.290001,49.669998,19.42,182.889999,102.169998,21.74,1.885883433,8,0.04729338763932504,0.00461216202292661,0.0015886428933581207,21816.9481636
2014-01-05,871.1158300000003,134235,1.33343152881496e+16,8779250.0,25129763,6.092331202637471e+18,13.93812559,4026237.142857143,119.290001,49.669998,19.42,182.889999,102.169998,21.74,1.885883433,8,0.03897130740328175,0.0053416739346089336,0.002188704921750964,21816.9481636
2014-01-06,970.65083,176975,1.31466280374798e+16,8774625.0,25217036,6.092331202637471e+18,29.50823266,4026886.4285714286,119.5,49.669998,19.42,182.360001,102.599998,21.68,1.885883433,8,0.04217545028018824,0.007018073020159863,0.002157897789895009,21792.0201195
2014-01-07,962.46447,140702,1.22240279189121e+16,8770175.0,25290148,6.092331202637471e+18,15.53038267,4027535.7142857136,118.82,50.049999,19.129999,183.479996,102.860001,21.74,1.885883433,8,0.043255719783100444,0.0055635103440280385,0.00200646148614181,21801.09312472
2014-01-08,855.7593300000003,145049,1.29807237873864e+16,8765350.0,25369974,6.092331202637471e+18,14.12498292,4028185.0,118.120003,49.75,18.83,183.520004,102.580002,21.780001,1.885883433,8,0.057004012706549395,0.005717349178205701,0.0021306661367600684,21677.38342304001
2014-01-09,860.8416599999997,132972,1.41323295412833e+16,8760175.0,25440496,6.092331202637471e+18,12.80728921,4034376.857142857,118.459999,49.580002,18.84,183.639999,103.18,21.76,1.885883433,8,0.05567669393259556,0.005226784886583972,0.0023196916042852664,21753.9940979
2014-01-10,847.5325,124371,1.3188085278786e+16,8755500.0,25504939,6.092331202637471e+18,12.53797561,4040568.7142857136,120.260002,49.68,19.379999,184.139999,104.410004,21.67,1.885883433,8,0.05315486329499604,0.004876349635652922,0.002164702613849467,22144.676648019995
2014-01-11,892.26115,128823,1.42466237492497e+16,8750250.0,25569297,6.092331202637471e+18,12.25450903,4046760.5714285714,120.260002,49.68,19.379999,184.139999,104.410004,21.67,1.885883433,8,0.05299363580242781,0.005038190920931459,0.0023384519448125377,22144.676648019995
2014-01-12,916.69666,114282,1.42347400382188e+16,8745100.0,25626421,6.092331202637471e+18,11.79779395,4052952.4285714286,120.260002,49.68,19.379999,184.139999,104.410004,21.67,1.885883433,8,0.052037659049038815,0.004459538068152396,0.002336501343206086,22144.676648019995
2014-01-13,873.2716800000003,150180,1.45662059799727e+16,8740875.0,25695452,7.686045629430179e+18,11.99050639,4059144.2857142864,121.019997,48.66,19.68,181.690002,104.93,21.620001,1.885883433,8,0.054064824227585365,0.005844614058550128,0.0018951495583370088,21988.123496969994
2014-01-14,863.69888,129740,1.38445733343083e+16,8736800.0,25760475,7.686045629430179e+18,16.08978681,4065336.142857143,119.889999,49.279999,19.42,183.669998,104.449997,21.66,1.885883433,8,0.05404826734773842,0.005036397814869485,0.0018012608826178276,22020.195876550002
2014-01-15,853.25666,130805,1.61770766605106e+16,8732200.0,25828605,7.686045629430179e+18,16.85023545,4071528.0,119.660004,49.130001,19.4,184.660004,104.339996,21.76,1.885883433,8,0.053992766345026116,0.0050643462935764435,0.0021047333623115533,22096.416817280013
2014-01-16,874.07416,130710,1.63017304837441e+16,8727575.0,25889305,7.686045629430179e+18,13.24725593,4075297.4285714286,119.790001,49.209999,19.35,184.419998,105.040001,21.74,1.885883433,8,0.05413116536572962,0.00504880297095654,0.002120951562052158,22091.671744839998
2014-01-17,842.1917300000001,128263,1.33749935393299e+16,8723775.0,25951230,7.686045629430179e+18,14.67029517,4079066.857142857,120.93,49.169998,19.51,183.639999,105.480003,21.82,1.885883433,8,0.05443142552278031,0.0049424632281398605,0.0017401657736868632,22207.58507907
2014-01-18,834.8666599999997,106150,1.53719145701871e+16,8719425.0,26004284,7.686045629430179e+18,12.72316648,4082836.2857142864,120.93,49.169998,19.51,183.639999,105.480003,21.82,1.885883433,8,0.054466105830436276,0.004082019716443644,0.001999977011758481,22207.58507907
2014-01-19,838.4291599999997,108455,1.47827073413115e+16,8715200.0,26058469,7.686045629430179e+18,11.42147877,4086605.7142857136,120.93,49.169998,19.51,183.639999,105.480003,21.82,1.885883433,8,0.05100109086628194,0.0041619866462607605,0.001923317666071083,22207.58507907
2014-01-20,881.8758300000003,178427,1.70740695337133e+16,8710325.0,26139084,7.686045629430179e+18,15.27797507,4090375.142857143,120.93,49.169998,19.51,183.639999,105.480003,21.82,1.885883433,8,0.043064090622165034,0.006826061693669143,0.0022214374409040717,22207.58507907
2014-01-21,873.2891599999997,157839,1.45500983531048e+16,8706200.0,26223723,7.686045629430179e+18,15.599074599999998,4094144.5714285714,119.699997,49.41,19.17,184.179993,105.559998,21.780001,1.885883433,8,0.04306932562732058,0.006018939416039439,0.0018930538608035172,22046.34460956002
2014-01-22,874.13266,150561,1.65534191168784e+16,8701375.0,26300882,7.686045629430179e+18,14.78206656,4097914.0,119.190002,49.599998,19.030001,184.300003,105.300003,21.809999,1.885883433,8,0.029023084201164732,0.005724560872141094,0.002153697741982521,21966.71772617001
2014-01-23,864.56116,149153,1.51402824151037e+16,8696950.0,26371045,7.686045629430179e+18,16.79639116,4098517.4285714286,121.790001,49.080002,19.26,182.789993,106.790001,21.59,1.885883433,8,0.029177806429953164,0.005655938170064933,0.001969840298258307,22261.993430259994
2014-01-24,838.14997,140660,1.79526997304181e+16,8692225.0,26441508,9.422504854797779e+18,15.28913391,4099120.857142857,122.290001,48.029999,19.16,178.889999,107.480003,21.620001,1.885883433,8,0.03010203654565778,0.00531966633673087,0.0019053001305992315,21876.458156599998
2014-01-25,834.57416,124761,1.7611360584529e+16,8688100.0,26500535,9.422504854797779e+18,11.85303748,4099724.2857142864,122.290001,48.029999,19.16,178.889999,107.480003,21.620001,1.885883433,8,0.026080875385321608,0.004707867218529739,0.0018690741852535736,21876.458156599998
2014-01-26,858.12641,124218,1.59254193447262e+16,8684325.0,26563053,9.422504854797779e+18,11.74920813,4100327.7142857136,122.290001,48.029999,19.16,178.889999,107.480003,21.620001,1.885883433,8,0.0261578084778588,0.004676344996939923,0.0016901471095148598,21876.458156599998
2014-01-27,887.08337,169080,1.80726630297715e+16,8679950.0,26641146,9.422504854797779e+18,13.45771067,4100931.142857143,120.959999,47.810001,18.889999,178.009995,106.730003,21.620001,1.885883433,8,0.024706048560860627,0.006346573829819483,0.001918031702638944,21532.088817190004
2014-01-28,830.53133,156954,1.65120876163686e+16,8676100.0,26722589,9.422504854797779e+18,14.15795644,4101534.5714285714,120.949997,48.200001,18.85,179.070007,106.989998,21.629999,1.885883433,8,0.03045919570268062,0.005873457844971533,0.0017524095631493283,21658.516809439978
2014-01-29,832.89496,138883,1.65288025150521e+16,8672300.0,26793146,9.422504854797779e+18,13.31325321,4102138.0,122.470001,47.919998,19.02,177.350006,107.870003,21.629999,1.885883433,8,0.03036811525870861,0.0051835271602670326,0.0017541834968263152,21720.055412170008
2014-01-30,832.87399,149694,1.88022772612745e+16,8667900.0,26869876,9.422504854797779e+18,13.29500605,4103159.0,119.769997,47.970001,18.49,179.229996,107.559998,21.77,1.885883433,8,0.029460535708059156,0.005571071485406185,0.001995464852607712,21466.376083230014
2014-01-31,841.48914,147160,1.9426538929283e+16,8663300.0,26948221,9.422504854797779e+18,14.37916749,4104180.0,120.089996,47.34,18.450001,178.179993,108.279999,21.83,1.885883433,8,0.027976206758140738,0.0054608428511848705,0.0020617170517446153,21397.63464665003
2014-02-01,847.3638300000001,133917,2.03291448448851e+16,8658575.0,27020166,9.422504854797779e+18,11.42304608,4105201.0,120.089996,47.34,18.450001,178.179993,108.279999,21.83,1.849477317,9,0.027916159203615794,0.004956187167762033,0.0021575096174701195,21397.63464665003
2014-02-02,854.7225,132776,1.97207820748553e+16,8653925.0,27088637,9.422504854797779e+18,10.80299217,4106222.0,120.089996,47.34,18.450001,178.179993,108.279999,21.83,1.849477317,9,0.02797938605920908,0.004901538604544777,0.0020929447507595407,21397.63464665003
2014-02-03,856.0336599999997,170376,1.99060808011392e+16,8649400.0,27169325,9.422504854797779e+18,12.14407582,4107243.0,121.32,46.459999,18.610001,174.169998,109.32,21.76,1.849477317,9,0.024163285037692075,0.0062708955780093915,0.002112610299267011,21130.30415736
2014-02-04,847.70697,167699,1.75739626439516e+16,8645100.0,27260708,9.422504854797779e+18,14.22240734,4108264.0,120.989998,46.849998,18.75,175.389999,108.160004,21.780001,1.849477317,9,0.024163044707797073,0.006151674417260182,0.0018651051832574263,21220.43562823
2014-02-05,844.28836,154153,2.02470224599191e+16,8640900.0,27339422,1.12588463955013e+19,13.81992653,4109285.0,121.290001,46.400002,19.07,175.169998,107.160004,21.75,1.849477317,9,0.024150853435342505,0.005638487894879416,0.0017983212265875843,21246.369232589997
2014-02-06,802.75333,160867,2.27993017488677e+16,8636350.0,27423693,1.12588463955013e+19,15.01442794,4110740.5714285714,121.239998,47.110001,19.17,177.479996,106.699997,21.719999,1.849477317,9,0.027314791184387698,0.0058659860289421994,0.0020250122390849585,21517.674360080007
2014-02-07,748.43559,163329,2.00342244745279e+16,8632475.0,27512264,1.12588463955013e+19,15.30919578,4112196.142857143,122.169998,47.619999,19.27,179.679993,106.790001,21.65,1.849477317,9,0.03177195977139614,0.005936588860880369,0.0017794207124570934,21951.504385450015
2014-02-08,692.6691400000003,147237,2.29306973286024e+16,8627950.0,27587892,1.12588463955013e+19,12.26699028,4113651.7142857136,122.169998,47.619999,19.27,179.679993,106.790001,21.65,1.849477317,9,0.036726665111197036,0.005337015238424161,0.0020366826691733553,21951.504385450015
2014-02-09,668.86463,126663,1.8070513282925e+16,8624475.0,27648496,1.12588463955013e+19,10.63153353,4115107.2857142864,122.169998,47.619999,19.27,179.679993,106.790001,21.65,1.849477317,9,0.03511492986980064,0.004581189515697345,0.0016050057570858628,21951.504385450015
2014-02-10,700.44843,169073,1.95701301165285e+16,8620575.0,27722094,1.12588463955013e+19,13.13957152,4116562.857142857,122.919998,47.310001,19.290001,180.009995,107.089996,21.629999,1.849477317,9,0.03669646018052067,0.006098853860029477,0.00173820029415697,22126.828225380013
2014-02-11,694.3125,152277,2.08876888750123e+16,8616500.0,27795683,1.12588463955013e+19,13.09678624,4118018.4285714286,124.360001,48.0,19.450001,181.979996,106.470001,21.629999,1.849477317,9,0.033897635973043405,0.005478440662889989,0.001855224606613196,22631.032484539995
2014-02-12,665.7975,213083,2.23501919145196e+16,8612025.0,27865733,1.12588463955013e+19,16.0368654,4119474.0,124.43,47.98,19.43,182.070007,105.919998,21.65,1.849477317,9,0.03441718851463777,0.00764677534231739,0.0019851227318857527,22654.970971010003
2014-02-13,645.615,162451,2.27588341460557e+16,8607575.0,27941578,1.12588463955013e+19,14.05001731,4123724.0,125.489998,48.25,19.74,183.009995,106.519997,21.530001,1.849477317,9,0.03430087245220002,0.005813952239920022,0.002021417945194585,22965.92390653001
2014-02-14,578.4125,174659,2.4712584310611e+16,8602800.0,28025621,1.12588463955013e+19,17.09758792,4127974.0,127.150002,48.950001,20.65,184.020004,106.580002,21.49,1.849477317,9,0.04101146211806729,0.006232118817277948,0.0021949481716426484,23398.14387664001
2014-02-15,641.91,149250,2.32510328539579e+16,8598125.0,28102626,1.12588463955013e+19,12.55607333,4132224.0,127.150002,48.950001,20.65,184.020004,106.580002,21.49,1.849477317,9,0.05349130697093139,0.00531089158714207,0.0020651345650517378,23398.14387664001
2014-02-16,656.2725,126181,2.47079582601568e+16,8593250.0,28161602,1.12588463955013e+19,11.32317875,4136474.0,127.150002,48.950001,20.65,184.020004,106.580002,21.49,1.849477317,9,0.05416062099845502,0.004480604476975422,0.0021945372902528776,23398.14387664001
2014-02-17,611.04499,179060,2.34739719102015e+16,8589375.0,28233353,1.34414144350121e+19,23.56170280000001,4140724.0,127.150002,48.950001,20.65,184.020004,106.580002,21.49,1.849477317,9,0.055537467945199905,0.006342144342544083,0.0017463914994732001,23398.14387664001
2014-02-18,634.99,155998,2.49780602280907e+16,8585300.0,28312744,1.34414144350121e+19,13.3494205,4144974.0,127.400002,49.139999,21.129999,184.240005,106.82,21.450001,1.849477317,9,0.05793588578772918,0.005509815650507065,0.0018582910562617598,23472.17700548001
2014-02-19,618.79,174809,3.03726458818487e+16,8580300.0,28411397,1.34414144350121e+19,14.4588035,4149224.0,126.269997,49.09,20.629999,183.020004,106.370003,21.51,1.849477317,9,0.057748171969968405,0.006152777351990118,0.0022596316800361613,23109.93535601999
2014-02-20,619.8425,178713,2.62423379108443e+16,8575875.0,28513872,1.34414144350121e+19,14.81614558,4150759.4285714286,127.599998,49.48,21.0,184.100006,106.110001,21.540001,1.849477317,9,0.05746679022201576,0.006267580916404478,0.0019523494374586387,23491.160397399988
2014-02-21,545.7625,177966,2.35474557035883e+16,8572075.0,28618046,1.34414144350121e+19,13.88804876,4152294.857142857,127.580002,49.169998,20.969999,183.889999,106.669998,21.52,1.849477317,9,0.06317004886430677,0.0062186635663385266,0.0017518584682763784,23460.686440199996
2014-02-22,561.535,153118,2.69073444505236e+16,8567550.0,28701730,1.34414144350121e+19,12.31655659,4153830.2857142864,127.580002,49.169998,20.969999,183.889999,106.669998,21.52,1.849477317,9,0.06243090714394126,0.005334800376144574,0.0020018238839831872,23460.686440199996
2014-02-23,622.22,161071,2.52268653515879e+16,8563375.0,28795378,1.34414144350121e+19,12.04602794,4155365.7142857136,127.580002,49.169998,20.969999,183.889999,106.669998,21.52,1.849477317,9,0.06947604288857337,0.005593640757207632,0.0018768013941953268,23460.686440199996
2014-02-24,572.7675,213025,2.90669597967406e+16,8558625.0,28908764,1.34414144350121e+19,15.21980169,4156901.142857143,128.990005,49.93,21.18,184.910004,106.400002,21.51,1.849477317,9,0.07068882864031555,0.00736887263668554,0.002162492640731856,23851.54234051002
2014-02-25,501.155,208076,2.42247290926864e+16,8554575.0,29030612,1.34414144350121e+19,17.70847152,4158436.5714285714,129.21000700000002,49.939999,21.02,184.839996,107.349998,21.48,1.849477317,9,0.0774711518035239,0.0071674686017642346,0.001802245530766911,23883.177177039976
2014-02-26,550.6025,200167,2.6968130238496e+16,8549950.0,29141367,1.34414144350121e+19,14.86319291,4159972.0,128.110001,49.619999,20.42,184.850006,107.919998,21.559999,1.849477317,9,0.08326623854236703,0.006868826709467679,0.0020063461601369575,23681.13445351001
2014-02-27,573.1025,182647,2.78686067138933e+16,8545275.0,29236625,1.34414144350121e+19,14.41419632,4161656.2857142864,128.199997,49.669998,20.459999,185.820007,108.510002,21.52,1.849477317,9,0.08428568673437989,0.0062471985052994315,0.002073338847532396,23822.12433993998
2014-02-28,567.2925,195028,3.01914881909529e+16,8540750.0,29328810,1.63884089264777e+19,16.40787615,4163340.5714285714,127.620003,49.919998,20.35,186.289993,108.57,21.379999,1.849477317,9,0.07911152254663649,0.00664970723326313,0.0018422464515255323,23774.32946552998
2014-03-01,551.73,180547,2.64107311892204e+16,8537150.0,29429050,1.63884089264777e+19,12.59578282,4165024.857142857,127.620003,49.919998,20.35,186.289993,108.57,21.379999,1.893748432,6,0.0732101087346895,0.006134992464928362,0.0016115494376363942,23774.32946552998
2014-03-02,560.195,158859,2.66314260641751e+16,8533650.0,29509954,1.63884089264777e+19,10.82910593,4166709.142857143,127.620003,49.919998,20.35,186.289993,108.57,21.379999,1.893748432,6,0.0729941401447632,0.005383234416427758,0.001625015959978178,23774.32946552998
2014-03-03,567.7,235496,2.71028083082142e+16,8529950.0,29633636,1.63884089264777e+19,17.235268899999998,4168393.4285714286,130.28999299999998,49.630001,20.620001,184.979996,109.029999,21.459999,1.893748432,6,0.07111597842909231,0.00794691545782637,0.0016537791087471545,24101.042383980024
2014-03-04,666.1475,231057,2.68122597262106e+16,8526225.0,29766293,1.63884089264777e+19,17.38424603,4170077.7142857136,128.679993,50.150002,20.370001,187.580002,107.389999,21.48,1.893748432,6,0.0832356706161811,0.007762370678807738,0.0016360502014867199,24137.793344299986
2014-03-05,660.84,200783,2.88115376405085e+16,8522350.0,29881497,1.63884089264777e+19,14.32140013,4171762.0,128.889999,49.66,20.360001,187.75,107.620003,21.469999,1.893748432,6,0.0828889719884096,0.006719308607597538,0.0017580436130050154,24199.097312249996
2014-03-06,662.0225,194730,3.18435979590121e+16,8518000.0,29991686,1.63884089264777e+19,14.65574101,4173133.2857142864,130.169998,49.939999,20.66,188.179993,106.559998,21.35,1.893748432,6,0.08288872969161563,0.006492799371132387,0.0019430561015331051,24495.389312450014
2014-03-07,651.285,179768,3.00455671963698e+16,8513850.0,30095915,1.63884089264777e+19,13.86113137,4174504.5714285714,129.089996,50.119999,20.08,188.259995,105.889999,21.370001,1.893748432,6,0.07414207953047815,0.005973169448411852,0.0018333425368601286,24302.482001510023
2014-03-08,612.33,170285,3.05143935324761e+16,8509650.0,30196002,1.63884089264777e+19,11.62425694,4175875.857142857,129.089996,50.119999,20.08,188.259995,105.889999,21.370001,1.893748432,6,0.07653557116875721,0.005639322715636328,0.0018619497273573615,24302.482001510023
2014-03-09,611.1625,172945,3.3263317094029e+16,8505175.0,30289176,1.63884089264777e+19,12.28010559,4177247.142857143,129.089996,50.119999,20.08,188.259995,105.889999,21.370001,1.893748432,6,0.07132566494569643,0.0057097954728118055,0.002029685568822218,24302.482001510023
2014-03-10,637.615,207866,2.76042610224416e+16,8501450.0,30382329,1.63884089264777e+19,16.26715826,4178618.4285714286,129.130005,50.220001,20.01,188.160004,106.040001,21.379999,1.893748432,6,0.06809160664018749,0.006841674316672695,0.0016843771196020847,24297.10225732002
2014-03-11,626.0,188912,3.10803488135492e+16,8497250.0,30479260,1.63884089264777e+19,15.29331241,4179989.7142857136,129.860001,49.580002,20.040001,187.229996,106.32,21.379999,1.893748432,6,0.05551173368768125,0.006198050740077023,0.001896483603318848,24313.687467789998
2014-03-12,633.7474900000002,202349,3.3182667400391e+16,8492700.0,30587215,1.63884089264777e+19,16.51719963,4181361.0,131.759995,49.59,20.469999,187.279999,107.059998,21.32,1.893748432,6,0.05074704748519596,0.006615476433536038,0.0020247644264465414,24676.011731840004
2014-03-13,631.755,192686,3.21945316792346e+16,8488650.0,30690421,1.82545469667128e+19,14.65089124,4187178.142857143,132.21000700000002,49.119999,20.360001,185.179993,108.5,21.33,1.893748432,6,0.05009133995075841,0.006278375914100364,0.001763644517606566,24482.648170789955
2014-03-14,636.4141400000002,192086,2.79997087599216e+16,8485325.0,30772583,1.82545469667128e+19,13.65532312,4192995.2857142864,133.100006,49.23,20.620001,184.660004,108.519997,21.280001,1.893748432,6,0.04984817938117896,0.006242114937182882,0.0015338484603851918,24578.247640360023
2014-03-15,628.18751,146351,3.48756455178965e+16,8481200.0,30840046,1.82545469667128e+19,10.91359883,4198812.428571428,133.100006,49.23,20.620001,184.660004,108.519997,21.280001,1.893748432,6,0.049177570710517794,0.004745485788185919,0.0019105182715020157,24578.247640360023
2014-03-16,632.9533299999998,139668,3.48264275898728e+16,8476925.0,30902160,1.82545469667128e+19,12.38310041,4204629.571428572,133.100006,49.23,20.620001,184.660004,108.519997,21.280001,1.893748432,6,0.049148824402628306,0.004519684060920013,0.001907822070489005,24578.247640360023
2014-03-17,630.34833,187889,3.24333678560162e+16,8472900.0,30987026,1.82545469667128e+19,13.0816633,4210446.714285715,131.639999,49.509998,20.33,186.330002,107.709999,21.26,1.893748432,6,0.049244432191612196,0.006063473145180179,0.001776728171625322,24528.48127695
2014-03-18,617.24333,141025,3.02880180141836e+16,8469250.0,31054584,1.82545469667128e+19,9.7413767,4216263.857142857,130.619995,49.959999,20.01,187.660004,108.099998,21.27,1.893748432,6,0.02280390638786196,0.004541197524977311,0.0016592040366388637,24512.148784179975
2014-03-19,616.86665,163345,3.28293357612828e+16,8465250.0,31131018,1.82545469667128e+19,13.48145116,4222081.0,128.089996,49.57,19.790001,186.660004,107.260002,21.43,1.893748432,6,0.022825766620744866,0.005247017620817925,0.0017984196387424544,23909.279165719985
2014-03-20,601.015,165478,3.67044361870312e+16,8460900.0,31210631,1.82545469667128e+19,13.7341206,4222779.571428572,127.860001,49.810001,19.52,187.75,107.07,21.5,1.893748432,6,0.02340079746214163,0.005301975471114314,0.0020107010189823835,24005.71518775
2014-03-21,581.3333299999998,187929,3.76273963363689e+16,8456175.0,31313914,1.82545469667128e+19,14.67722865,4223478.142857143,128.470001,49.939999,19.52,186.199997,108.230003,21.469999,1.893748432,6,0.0243459826928007,0.006001453539151957,0.0020612615807438293,23921.113800789997
2014-03-22,570.36168,168555,3.53291019289971e+16,8451925.0,31396064,1.82545469667128e+19,17.57915737,4224176.714285715,128.470001,49.939999,19.52,186.199997,108.230003,21.469999,1.893748432,6,0.01926863054389204,0.005368666594640653,0.0019353590090961876,23921.113800789997
2014-03-23,562.9533299999998,147986,4.33575628017685e+16,8446575.0,31465556,1.82545469667128e+19,11.13423626,4224875.285714285,128.470001,49.939999,19.52,186.199997,108.230003,21.469999,1.893748432,6,0.01935850405476968,0.004703110919126933,0.002375165096171989,23921.113800789997
2014-03-24,557.16833,192166,3.81745818882759e+16,8441875.0,31555219,2.15043024862685e+19,12.99764579,4225573.857142857,126.18,49.880001,19.209999,185.429993,109.0,21.41,1.893748432,6,0.013491042684369384,0.0060898325567000505,0.0017752067016659644,23397.556516740002
2014-03-25,573.34998,166188,3.86365253006209e+16,8437950.0,31644998,2.15043024862685e+19,14.55404643,4226272.428571428,126.410004,50.080002,19.219999,186.309998,108.589996,21.42,1.893748432,6,0.01663096515345127,0.005251635661345278,0.001796688143002644,23551.447592419994
2014-03-26,572.4916099999998,168544,3.88455361885559e+16,8433975.0,31736556,2.15043024862685e+19,15.14818021,4226971.0,125.410004,49.880001,19.02,184.970001,109.440002,21.42,1.893748432,6,0.01583527652680441,0.005310721175920916,0.0018064076346284929,23197.088565290003
2014-03-27,570.54833,181406,4.12156069499623e+16,8429650.0,31843864,2.15043024862685e+19,13.76146264,4228323.857142857,124.589996,50.330002,19.0,184.580002,109.989998,21.48,1.893748432,6,0.015830399211326354,0.005696733285885155,0.001916621428492293,22996.821710859993
2014-03-28,509.70665,181617,4.1452469729585e+16,8425300.0,31947140,2.15043024862685e+19,12.32486726,4229676.714285715,124.559998,50.959999,19.059999,185.490005,109.370003,21.48,1.893748432,6,0.03179286466801594,0.005684922030579263,0.0019276360977555228,23104.63465181999
2014-03-29,499.24998,143211,4.29963203095914e+16,8420900.0,32020818,2.15043024862685e+19,9.79142385,4231029.571428572,124.559998,50.959999,19.059999,185.490005,109.370003,21.48,1.893748432,6,0.03180660189042391,0.004472434152056952,0.0019994287346472434,23104.63465181999
2014-03-30,486.80845,166305,3.42183895351048e+16,8417400.0,32087932,2.15043024862685e+19,10.88456963,4232382.428571428,124.559998,50.959999,19.059999,185.490005,109.370003,21.48,1.893748432,6,0.031105572935797084,0.005182789592049746,0.001591234570707645,23104.63465181999
2014-03-31,472.4783,169533,4.27818611086611e+16,8412925.0,32183309,2.15043024862685e+19,12.63855609,4233735.285714285,123.610001,50.98,19.040001,187.009995,109.099998,21.459999,1.893748432,6,0.030935041071297686,0.005267730549397515,0.0019894558838157764,23116.305668959994
2014-04-01,464.88,178536,4.18805248699009e+16,8408650.0,32285198,2.15043024862685e+19,12.31562078,4235088.142857143,123.389999,51.279999,19.059999,188.25,107.889999,21.459999,1.958933106,4,0.030956613970899688,0.005529964536689538,0.0019475416557520784,23228.16731175
2014-04-02,480.16581,178051,4.74256945323298e+16,8403700.0,32386103,2.15043024862685e+19,13.24419169,4236441.0,124.32,51.490002,19.190001,188.880005,107.269997,21.5,1.958933106,4,0.033697348856074054,0.005497759332143173,0.002205404921299508,23481.5622216
2014-04-03,427.87498,168803,4.87257609205479e+16,8398625.0,32457118,2.15043024862685e+19,13.44998103,4237547.714285715,123.919998,51.700001,19.059999,188.630005,107.739998,21.559999,1.958933106,4,0.04262010814479563,0.005200800637937108,0.0022658610271903295,23375.02984233999
2014-04-04,432.99716,176906,4.69499970309842e+16,8393775.0,32561376,2.15043024862685e+19,13.52233973,4238654.428571428,125.57,51.490002,19.16,186.399994,108.459999,21.540001,1.958933106,4,0.04358468928598696,0.005433001357190802,0.002183283882886411,23406.24724658
2014-04-05,453.87148,152433,4.4882878298186e+16,8389475.0,32646355,2.62840234132834e+19,11.16666447,4239761.142857143,125.57,51.490002,19.16,186.399994,108.459999,21.540001,1.958933106,4,0.047247135033984526,0.00466921958056267,0.0017076106497265987,23406.24724658
2014-04-06,462.445,183298,4.48375739734265e+16,8385700.0,32729630,2.62840234132834e+19,10.34855898,4240867.857142857,125.57,51.490002,19.16,186.399994,108.459999,21.540001,1.958933106,4,0.04816983206090535,0.005600368840099934,0.0017058870047561483,23406.24724658
2014-04-07,456.46948,158520,4.42521578740276e+16,8381925.0,32817696,2.62840234132834e+19,14.19487722,4241974.571428572,124.910004,50.68,19.129999,184.339996,109.110001,21.49,1.958933106,4,0.04815924903382122,0.004830320812283714,0.001683614307376681,23025.909637719986
2014-04-08,452.81,164922,4.00972146153142e+16,8378575.0,32908037,2.62840234132834e+19,14.76358943,4243081.285714285,126.089996,51.189999,19.23,185.100006,109.370003,21.35,1.958933106,4,0.0466209248093519,0.005011602484827643,0.0015255356451649596,23339.25901613998
2014-04-09,450.48083,177406,4.7992920470191e+16,8374550.0,33008749,2.62840234132834e+19,20.25920875,4244188.0,126.32,51.459999,19.110001,187.089996,108.830002,21.27,1.958933106,4,0.046538375243515555,0.005374514496141614,0.0018259350829042547,23633.20829472
2014-04-10,426.98333,180987,4.47075876155973e+16,8370675.0,33110907,2.62840234132834e+19,14.37984843,4249870.714285715,127.010002,50.75,19.27,183.160004,109.839996,21.26,1.958933106,4,0.047325603669753365,0.005466084030860284,0.0017009415534534568,23263.152474360006
2014-04-11,374.59166,167323,5.02318212919246e+16,8366475.0,33207879,2.62840234132834e+19,13.94326692,4255553.428571428,126.93,50.59,19.190001,181.509995,110.730003,21.27,1.958933106,4,0.05020190301396138,0.0050386536279537755,0.0019111161370575585,23039.06366535
2014-04-12,438.24666,130830,4.78096503246862e+16,8362425.0,33278667,2.62840234132834e+19,9.07114824,4261236.142857143,126.93,50.59,19.190001,181.509995,110.730003,21.27,1.958933106,4,0.06935302633133406,0.00393134737037394,0.0018189624005784514,23039.06366535
2014-04-13,423.51566,170630,5.38111712095904e+16,8357750.0,33354142,2.62840234132834e+19,10.29986168,4266918.857142857,126.93,50.59,19.190001,181.509995,110.730003,21.27,1.958933106,4,0.06955223862680214,0.005115706469079612,0.0020472958178235127,23039.06366535
2014-04-14,409.03166,181682,5.61319920635996e+16,8352925.0,33458692,2.62840234132834e+19,15.3380664,4272601.571428572,127.849998,51.23,19.209999,182.940002,110.440002,21.33,1.958933106,4,0.06967298604694651,0.005430038926805626,0.00213559359543226,23388.878889819996
2014-04-15,455.28316,197395,5.29515088522108e+16,8348400.0,33558101,2.62840234132834e+19,16.49954518,4278284.285714285,125.489998,51.889999,18.879999,184.199997,111.129997,21.35,1.958933106,4,0.07634624371984745,0.0058821862417065855,0.0020145891677090123,23115.257255130007
2014-04-16,517.0966599999998,183827,4.58668684926967e+16,8344400.0,33649198,2.62840234132834e+19,14.2744465,4283967.0,125.540001,52.540001,18.879999,186.130005,111.269997,21.370001,1.958933106,4,0.0834698813018095,0.005463042536704738,0.0017450474674861436,23366.761013830008
2014-04-17,522.455,156427,5.18714866080522e+16,8340175.0,33730559,2.99739009439293e+19,14.99553797,4285734.428571428,124.75,53.029999,18.879999,186.389999,110.050003,21.370001,1.958933106,4,0.07591966571792182,0.004637545437654917,0.0017305550820724215,23252.15237525
2014-04-18,490.8785,147504,5.35726558425903e+16,8336175.0,33810841,2.99739009439293e+19,12.16011272,4287501.857142857,124.75,53.029999,18.879999,186.389999,110.050003,21.370001,1.958933106,4,0.07864168185151355,0.004362624402037205,0.001787310098302054,23252.15237525
2014-04-19,469.38332,139964,5.18162373889358e+16,8332200.0,33885327,2.99739009439293e+19,12.61314875,4289269.285714285,124.75,53.029999,18.879999,186.389999,110.050003,21.370001,1.958933106,4,0.07904749579079935,0.004130519383802907,0.001728711837870749,23252.15237525
2014-04-20,507.80663,163159,6.0072672048859e+16,8327750.0,33953766,2.99739009439293e+19,10.86690665,4291036.714285715,124.75,53.029999,18.879999,186.389999,110.050003,21.370001,1.958933106,4,0.08158352434542099,0.004805328516430254,0.0020041659629567066,23252.15237525
2014-04-21,505.09665,140648,5.7317242143182e+16,8323475.0,34026949,2.99739009439293e+19,12.47640246,4292804.142857143,124.239998,53.330002,18.67,187.039993,109.959999,21.389999,1.958933106,4,0.0814669815836154,0.004133429653067044,0.0019122383252818025,23237.848356240014
2014-04-22,497.65001,182084,5.12727234345438e+16,8319625.0,34130603,2.99739009439293e+19,15.29422985,4294571.571428572,123.779999,53.25,18.709999,187.889999,110.330002,21.370001,1.958933106,4,0.08158534603801607,0.005334918928915496,0.0017105789309992436,23257.02388833
2014-04-23,487.84,154429,5.4878979757527e+16,8315500.0,34214411,2.99739009439293e+19,14.56230652,4296339.0,123.760002,53.5,18.690001,187.449997,110.959999,21.370001,1.958933106,4,0.08184574677876282,0.00451356593571054,0.0018308921438082552,23198.812003619994
2014-04-24,487.11333,165157,4.93271180362409e+16,8311725.0,34298727,2.99739009439293e+19,14.94749758,4296297.571428572,124.559998,53.439999,18.92,187.830002,111.169998,21.34,1.958933106,4,0.08011019576555302,0.004815251598113248,0.001645668948079688,23396.104673459995
2014-04-25,469.08816,180417,5.83848834688464e+16,8307175.0,34397084,2.99739009439293e+19,13.64442103,4296256.142857143,125.43,53.130001,18.940001,186.289993,111.330002,21.34,1.958933106,4,0.07089504101707009,0.005245124848373775,0.0019478573569074017,23366.353821990004
2014-04-26,448.77834,133998,5.47440906009218e+16,8303125.0,34467854,2.99739009439293e+19,9.13901624,4296214.714285715,125.43,53.130001,18.940001,186.289993,111.330002,21.34,1.958933106,4,0.05964055715050699,0.0038876223625642606,0.0018263919235380433,23366.353821990004
2014-04-27,452.14829,171493,5.79449367847561e+16,8298675.0,34534048,2.99739009439293e+19,11.74870756,4296173.285714285,125.43,53.130001,18.940001,186.289993,111.330002,21.34,1.958933106,4,0.05874485127171902,0.004965910744086532,0.0019331796983365907,23366.353821990004
2014-04-28,426.78166,166184,5.13234383241965e+16,8294900.0,34624787,2.99739009439293e+19,12.79024099,4296131.857142857,124.879997,53.189999,18.85,186.880005,110.790001,21.32,1.958933106,4,0.060231596706442424,0.004799567431274018,0.001712270899280168,23337.574463759986
2014-04-29,432.60498,168229,5.71252410167389e+16,8290625.0,34716155,3.43634841634609e+19,12.61638574,4296090.428571428,124.860001,53.48,18.76,187.75,110.639999,21.34,1.958933106,4,0.05248581223710462,0.004845841943037759,0.0016623821014482823,23442.46518775
2014-04-30,444.85668,165611,5.33830447152609e+16,8287175.0,34805927,3.43634841634609e+19,12.95362061,4296049.0,124.220001,53.5,18.459999,188.309998,111.099998,21.280001,1.958933106,4,0.03818274691362074,0.004758126396116386,0.0015534817267459661,23391.86813987
2014-05-01,454.55666,152948,6.76590320147795e+16,8282775.0,34890315,3.43634841634609e+19,10.84631035,4297062.428571428,123.800003,53.360001,18.35,188.330002,112.019997,21.27,2.068365975,3,0.03877451528152477,0.004383680686173226,0.0019689223506247993,23315.254812590007
2014-05-02,453.59833,142884,6.07789002199041e+16,8278750.0,34966269,3.43634841634609e+19,11.87743613,4298075.857142857,125.059998,53.5,18.690001,188.059998,112.709999,21.27,2.068365975,3,0.03573586879573683,0.004086338179232105,0.0017687059883331336,23518.782973760004
2014-05-03,441.97833,115635,5.59389981911414e+16,8275200.0,35020988,3.43634841634609e+19,10.28949159,4299089.285714285,125.059998,53.5,18.690001,188.059998,112.709999,21.27,2.068365975,3,0.0344821921626894,0.003301877148640124,0.0016278616546869832,23518.782973760004
2014-05-04,438.29035,155297,5.7912321662994e+16,8271425.0,35075779,3.43634841634609e+19,9.88528194,4300102.714285715,125.059998,53.5,18.690001,188.059998,112.709999,21.27,2.068365975,3,0.024880016198881097,0.0044274711617951525,0.0016852866661458286,23518.782973760004
2014-05-05,432.78748,147303,4.98345072793073e+16,8268300.0,35152844,3.43634841634609e+19,13.53297617,4301116.142857143,126.220001,53.740002,18.84,188.419998,112.029999,21.26,2.068365975,3,0.02483983220813057,0.004190357969329594,0.0014502169524560876,23782.372335979995
2014-05-06,418.61831,167404,7.15767562940091e+16,8263450.0,35245697,3.43634841634609e+19,15.00387446,4302129.571428572,125.980003,53.799999,18.799999,186.779999,112.480003,21.16,2.068365975,3,0.025536555866504964,0.0047496294370345405,0.0020829307049754146,23530.544834359996
2014-05-07,428.42593,160837,6.05930220244675e+16,8259475.0,35335941,3.43634841634609e+19,13.54172333,4303143.0,124.169998,54.27,18.57,187.880005,112.080002,21.17,2.068365975,3,0.027102284019231565,0.0045516546453368825,0.0017632968105398574,23329.059845089992
2014-05-08,442.57666,166644,6.35902471638093e+16,8255300.0,35430260,3.43634841634609e+19,13.58433577,4307929.571428572,124.169998,53.400002,18.440001,187.679993,111.599998,21.219999,2.068365975,3,0.029287349775932926,0.004703437118440565,0.001850518034240124,23304.224355450016
2014-05-09,439.04,161746,6.46308905903322e+16,8251050.0,35518425,3.43634841634609e+19,15.57402453,4312716.142857143,124.099998,53.41,18.42,187.960007,111.239998,21.35,2.068365975,3,0.0279243595746854,0.004553861833682096,0.0018808014426853431,23325.836492779985
2014-05-10,449.04333,134886,6.90060767042059e+16,8246575.0,35591269,3.43634841634609e+19,10.09687328,4317502.714285715,124.099998,53.41,18.42,187.960007,111.239998,21.35,2.068365975,3,0.026309509707295845,0.003789862058585211,0.0020081222374296053,23325.836492779985
2014-05-11,449.74166,164721,6.10363839493089e+16,8242775.0,35652481,3.43634841634609e+19,9.70016918,4322289.285714285,124.099998,53.41,18.42,187.960007,111.239998,21.35,2.068365975,3,0.026228158806141114,0.004620183375176611,0.00177619893428064,23325.836492779985
2014-05-12,434.27,153434,6.36777383747421e+16,8238675.0,35730526,3.8025133505576894e+19,13.93177704,4327075.857142857,124.940002,53.720001,18.780001,189.789993,110.790001,21.370001,2.068365975,3,0.02289638892458871,0.004294199307337373,0.0016746223485422584,23712.36210499999
2014-05-13,437.0,147431,6.88583906539622e+16,8234625.0,35805135,3.8025133505576894e+19,12.37220357,4331862.428571428,124.599998,53.959999,18.77,189.960007,111.75,21.42,2.068365975,3,0.022676817731414462,0.0041175937473772965,0.0018108651911468818,23669.016492279985
2014-05-14,438.88,159099,6.49432409832573e+16,8230900.0,35891041,3.8025133505576894e+19,12.08030118,4336649.0,125.809998,53.91,19.0,189.059998,112.959999,21.41,2.068365975,3,0.0213358277827494,0.004432833252175661,0.0017079030366516006,23785.637970260002
2014-05-15,445.045,175329,7.3470631504979e+16,8226600.0,35991908,3.8025133505576894e+19,12.8013398,4335350.571428572,124.769997,53.259998,18.74,187.399994,113.860001,21.389999,2.068365975,3,0.020807276668278404,0.004871344970097167,0.001932159725203951,23381.89668918002
2014-05-16,443.18,153634,7.80024838727197e+16,8222075.0,36064583,3.8025133505576894e+19,11.63597683,4334052.142857143,124.5,53.130001,18.610001,188.050003,113.540001,21.389999,2.068365975,3,0.020819396147078173,0.004259968845335048,0.0020513401711339052,23412.2253735
2014-05-17,445.60666,147231,7.18191634619941e+16,8217750.0,36131519,3.8025133505576894e+19,9.31030062,4332753.714285715,124.5,53.130001,18.610001,188.050003,113.540001,21.389999,2.068365975,3,0.019660499066170387,0.004074863279343446,0.0018887287654482752,23412.2253735
2014-05-18,445.15666,175993,7.32645117392095e+16,8213450.0,36200861,3.8025133505576894e+19,8.71450665,4331455.285714285,124.5,53.130001,18.610001,188.050003,113.540001,21.389999,2.068365975,3,0.01950006202194425,0.004861569452726553,0.0019267391060826724,23412.2253735
2014-05-19,444.73833,184495,6.71024719166492e+16,8209250.0,36285561,3.8025133505576894e+19,11.40509824,4330156.857142857,124.580002,53.299999,18.629999,188.740005,112.699997,21.389999,2.068365975,3,0.019112599005403092,0.00508452935314959,0.001764687345721159,23513.230200380007
2014-05-20,455.65333,189650,7.51577160555116e+16,8204825.0,36388633,3.8025133505576894e+19,13.38509866,4328858.428571428,124.690002,53.18,18.65,187.550003,112.949997,21.4,2.068365975,3,0.017025566089051432,0.005211792374833097,0.0019765273419615663,23385.610249170008
2014-05-21,489.86999,156386,7.44023610040024e+16,8200475.0,36468029,3.8025133505576894e+19,12.79533682,4327560.0,124.389999,53.779999,18.639999,189.130005,112.260002,21.4,2.068365975,3,0.02434559368752582,0.0042883041471750505,0.0019566627160714713,23525.881132819995
2014-05-22,490.18666,161718,7.26129715775248e+16,8196150.0,36553920,3.8025133505576894e+19,12.75997199,4326859.142857143,124.669998,53.720001,18.73,189.589996,112.099998,21.440001,2.068365975,3,0.023512644957208995,0.004424094597788692,0.001909604645224326,23636.18442214001
2014-05-23,522.31,174275,7.07113461035309e+16,8192025.0,36651708,3.8025133505576894e+19,12.72896008,4326158.285714285,124.510002,53.59,18.66,190.350006,112.699997,21.48,2.068365975,3,0.02737622494060589,0.004754894369452032,0.0018595949464098563,23700.479627760014
2014-05-24,512.30833,123999,7.25317694898001e+16,8188175.0,36710325,4.4906976050921e+19,11.23540029,4325457.428571428,124.510002,53.59,18.66,190.350006,112.699997,21.48,2.068365975,3,0.028450610124993874,0.0033777690608840973,0.0016151559483220323,23700.479627760014
2014-05-25,533.9299900000002,186437,8.12599539663079e+16,8184150.0,36792028,4.4906976050921e+19,10.14448351,4324756.571428572,124.510002,53.59,18.66,190.350006,112.699997,21.48,2.068365975,3,0.02956990455962767,0.005067320561943473,0.0018095173871018498,23700.479627760014
2014-05-26,579.59333,170136,7.99128510164156e+16,8180200.0,36882421,4.4906976050921e+19,12.57750285,4324055.714285715,124.510002,53.59,18.66,190.350006,112.699997,21.48,2.068365975,3,0.03165555673997209,0.004612929286827457,0.001779519754921834,23700.479627760014
2014-05-27,581.51,178068,6.9875733589525e+16,8176800.0,36981104,4.4906976050921e+19,12.14135874,4323354.857142857,121.849998,53.75,18.360001,191.520004,113.360001,21.469999,2.068365975,3,0.03176868862216107,0.004815107737183833,0.0015560106632495447,23336.71210435999
2014-05-28,572.4483299999997,183187,8.66623154694443e+16,8172575.0,37087509,4.4906976050921e+19,13.95978274,4322654.0,121.199997,53.900002,18.280001,191.380005,114.760002,21.530001,2.068365975,3,0.03297566545840498,0.004939317978999345,0.001929818551379991,23195.256031859986
2014-05-29,562.4,171379,7.21524621760071e+16,8169050.0,37181526,4.4906976050921e+19,11.95135479,4323834.428571428,120.940002,54.279999,18.299999,192.369995,114.150002,21.52,2.068365975,3,0.03440171918348729,0.00460925137930057,0.0016067094362842837,23265.22758003999
2014-05-30,571.845,151497,8.48154284672623e+16,8164875.0,37258964,4.4906976050921e+19,11.59815107,4325014.857142857,120.43,54.189999,18.08,192.679993,114.099998,21.469999,2.068365975,3,0.03387381864035532,0.004066055084086611,0.0018886916004116653,23204.45155699
2014-05-31,612.12666,146223,7.58058551650787e+16,8161200.0,37333250,4.4906976050921e+19,9.64770833,4326195.285714285,120.43,54.189999,18.08,192.679993,114.099998,21.469999,2.068365975,3,0.036120187439271735,0.003916696242625542,0.0016880641234698322,23204.45155699
2014-06-01,638.16333,190183,8.90617619069932e+16,8156825.0,37418294,4.4906976050921e+19,10.75014255,4327375.714285715,120.43,54.189999,18.08,192.679993,114.099998,21.469999,2.103329044,3,0.03576588786646222,0.005082620816438077,0.001983250036831786,23204.45155699
2014-06-02,634.98333,174907,9.59476412065376e+16,8152000.0,37512024,4.4906976050921e+19,11.70443213,4328556.142857143,119.699997,54.099998,18.02,192.899994,112.959999,21.549999,2.103329044,3,0.03601403262976165,0.004662691621225237,0.002136586553896225,23090.128703100017
2014-06-03,660.2466599999998,185629,9.10902389327309e+16,8147575.0,37617294,4.4906976050921e+19,13.44054734,4329736.571428572,120.010002,54.279999,18.1,192.800003,111.57,21.530001,2.103329044,3,0.03619233475037056,0.00493467180281495,0.0020284206807744455,23137.928745630008
2014-06-04,627.79833,169483,9.11780973371401e+16,8143025.0,37711558,4.4906976050921e+19,12.00635921,4330917.0,119.760002,54.259998,18.059999,193.190002,111.540001,21.549999,2.103329044,3,0.038981746361588576,0.004494192470117517,0.0020303771341394993,23136.435025900002
2014-06-05,642.89166,181464,7.90294588501875e+16,8139225.0,37811716,5.04940059968286e+19,12.34989787,4332343.714285715,120.660004,54.540001,18.26,194.449997,111.589996,21.459999,2.103329044,3,0.038691364341091244,0.004799147438852022,0.0015651255488651691,23462.337415819988
2014-06-06,652.52666,173172,7.88383936553274e+16,8135750.0,37902869,5.04940059968286e+19,10.80069596,4333770.428571428,120.610001,55.049999,18.280001,195.380005,111.589996,21.469999,2.103329044,3,0.03655090193919723,0.004568836200763589,0.0015613416305349003,23564.782598430007
2014-06-07,648.6016599999998,138974,8.91601933164173e+16,8131875.0,37976981,5.04940059968286e+19,8.78221121,4335197.142857143,120.610001,55.049999,18.280001,195.380005,111.589996,21.469999,2.103329044,3,0.03572820218403042,0.003659427272536487,0.001765757965846822,23564.782598430007
2014-06-08,652.5916599999998,172445,7.73610401898059e+16,8128475.0,38048392,5.04940059968286e+19,8.84632234,4336623.857142857,120.610001,55.049999,18.280001,195.380005,111.589996,21.469999,2.103329044,3,0.035105533465483535,0.004532254608815006,0.0015320836337418893,23564.782598430007
2014-06-09,652.11,165041,8.84566528411596e+16,8124575.0,38134418,5.04940059968286e+19,11.09517441,4338050.571428572,120.650002,55.080002,18.32,195.580002,111.43,21.549999,2.103329044,3,0.029314867558684354,0.004327875149425383,0.0017518248175182483,23596.727632460006
2014-06-10,644.085,177636,9.53169394749556e+16,8120425.0,38222983,5.04940059968286e+19,11.64592603,4339477.285714285,121.389999,55.02,18.459999,195.600006,111.019997,21.59,2.103329044,3,0.02982086252793903,0.004647360986974774,0.0018876882036442547,23743.884532739994
2014-06-11,642.00666,172773,8.23903627208585e+16,8116750.0,38314492,5.04940059968286e+19,11.27334026,4340904.0,121.410004,55.240002,18.459999,194.919998,111.220001,21.59,2.103329044,3,0.029261728080563123,0.0045093381376425405,0.001631686001028186,23665.237736859992
2014-06-12,632.55,174202,9.70951729659078e+16,8112450.0,38405484,5.04940059968286e+19,12.93722403,4344798.857142857,122.639999,55.439999,18.76,193.539993,112.209999,21.540001,2.103329044,3,0.029075798747677156,0.004535862638783565,0.0019229049280028625,23735.744547980008
2014-06-13,585.48333,173372,9.43380477675862e+16,8108375.0,38496067,5.04940059968286e+19,11.5480141,4348693.714285715,122.959999,56.0,18.92,194.130005,112.150002,21.540001,2.103329044,3,0.03683510477037681,0.0045036289031812,0.00186830190841882,23870.225220669996
2014-06-14,588.52333,148511,9.89925883586524e+16,8103925.0,38572829,5.04940059968286e+19,9.08986917,4352588.571428572,122.959999,56.0,18.92,194.130005,112.150002,21.540001,2.103329044,3,0.03157540818400909,0.0038501453963877006,0.0019604819701742396,23870.225220669996
2014-06-15,570.28833,175444,1.0845422947544e+17,8099175.0,38641569,5.04940059968286e+19,9.53850979,4356483.428571428,122.959999,56.0,18.92,194.130005,112.150002,21.540001,2.103329044,3,0.02964376155722235,0.00454029182924741,0.002147863441103321,23870.225220669996
2014-06-16,589.06666,176770,1.06273418722684e+17,8094475.0,38736615,5.04940059968286e+19,11.98941586,4360378.285714285,122.419998,56.27,18.85,194.289993,112.43,21.48,2.103329044,3,0.031560978084190595,0.0045633827323321875,0.002104673943464869,23784.980554480015
2014-06-17,592.25666,184315,1.01781241889689e+17,8089875.0,38837826,5.04940059968286e+19,12.0249054,4364273.142857143,122.279999,56.18,18.940001,194.830002,111.540001,21.540001,2.103329044,3,0.029108701268869958,0.00474575997121981,0.00201570938729008,23823.81244973
2014-06-18,610.41333,166486,1.02849372756483e+17,8085925.0,38928136,5.782134131166631e+19,12.91108153,4368168.0,122.669998,56.66,19.049999,196.259995,112.400002,21.469999,2.103329044,3,0.027976025390847526,0.004276752424005095,0.0017787441526495968,24075.21319413001
2014-06-19,601.88666,157590,1.08819013692845e+17,8081750.0,39007277,5.782134131166631e+19,11.72007406,4368193.714285715,126.940002,56.950001,19.92,196.479996,110.959999,21.43,2.103329044,3,0.027109602020209074,0.004040015405330651,0.001881987017670397,24941.171085199992
2014-06-20,594.09333,154139,1.21373330970555e+17,8077100.0,39088439,5.782134131166631e+19,10.71588434,4368219.428571428,126.5,57.509998,20.030001,195.940002,111.800003,21.440001,2.103329044,3,0.026579718357487885,0.00394333987090147,0.0020991095712625083,24786.410253
2014-06-21,582.04499,152411,1.21961051960377e+17,8072450.0,39167727,5.782134131166631e+19,9.1894822,4368245.142857143,126.5,57.509998,20.030001,195.940002,111.800003,21.440001,2.103329044,3,0.026831359213394596,0.003891239335895085,0.00210927400149691,24786.410253
2014-06-22,599.57,182612,1.17045933312715e+17,8067950.0,39243434,5.782134131166631e+19,9.0220478,4368270.857142857,126.5,57.509998,20.030001,195.940002,111.800003,21.440001,2.103329044,3,0.028454832217615633,0.004653313468948717,0.002024268732920232,24786.410253
2014-06-23,592.405,162885,1.1233641760518e+17,8063550.0,39322482,5.782134131166631e+19,11.29559499,4368296.571428572,126.849998,57.720001,20.049999,195.880005,111.449997,21.4,2.103329044,3,0.028452529224551926,0.004142286847508761,0.0019428192957280026,24847.37824248999
2014-06-24,584.64166,174560,1.22469717965224e+17,8058850.0,39415962,5.782134131166631e+19,11.06251476,4368322.285714285,126.980003,56.25,20.08,194.699997,112.580002,21.42,2.103329044,3,0.028465426883878486,0.004428662682392478,0.002118071203244708,24723.00620315999
2014-06-25,575.905,174008,1.23903820792538e+17,8054175.0,39511631,5.782134131166631e+19,12.360287800000002,4368348.0,126.989998,56.669998,20.190001,195.580002,112.870003,21.4,2.103329044,3,0.028523056252051787,0.004403969049012428,0.002142873513166644,24836.704062819997
2014-06-26,571.76666,158470,1.12389307920374e+17,8049900.0,39597247,5.782134131166631e+19,10.13416507,4369588.428571428,126.730003,56.700001,20.24,195.440002,113.410004,21.41,2.103329044,3,0.02845020716313313,0.004002045899807126,0.0019437340153452614,24768.112039780004
2014-06-27,582.43166,166487,1.27688147233412e+17,8045000.0,39689057,5.782134131166631e+19,10.70192844,4370828.857142857,126.660004,56.720001,20.17,195.820007,113.239998,21.34,2.103329044,3,0.020777958229388153,0.004194783463865115,0.0022083221235763523,24802.56286990003
2014-06-28,597.66833,142577,1.16970490498997e+17,8040425.0,39761325,5.782134131166631e+19,9.26408687,4372069.285714285,126.660004,56.720001,20.17,195.820007,113.239998,21.34,2.103329044,3,0.021904404651777107,0.0035858211465538436,0.0020229639756799704,24802.56286990003
2014-06-29,598.73333,172728,1.22700163110307e+17,8036525.0,39828243,7.22347415581763e+19,8.71685196,4373309.714285715,126.660004,56.720001,20.17,195.820007,113.239998,21.34,2.103329044,3,0.019802330075635248,0.004336821988356353,0.0016986308867940913,24802.56286990003
2014-06-30,597.51333,182040,1.04889564772887e+17,8033200.0,39924103,7.22347415581763e+19,11.88919685,4374550.142857143,128.03999299999998,56.799999,20.25,195.720001,113.519997,21.26,2.103329044,3,0.017989409631167817,0.004559651596931307,0.0014520653429404356,25059.98755799999
2014-07-01,647.1224900000002,185778,1.10311172406621e+17,8029875.0,40025662,7.22347415581763e+19,13.115841199999998,4375790.571428572,127.699997,56.849998,20.209999,197.029999,112.279999,21.27,2.088295237,3,0.02772557796198661,0.004641472263469371,0.0015271207458779203,25160.730281210002
2014-07-02,637.85625,180969,1.122051724375e+17,8026450.0,40123685,7.22347415581763e+19,12.74840425,4377031.0,127.699997,56.759998,20.299999,197.229996,111.080002,21.309999,2.088295237,3,0.02733258987906036,0.004510278654615099,0.0015533408165810682,25186.26989751001
2014-07-03,642.65125,160538,1.14924732182477e+17,8022975.0,40207556,7.22347415581763e+19,10.9758023,4377941.0,127.160004,57.040001,20.290001,198.199997,110.68,21.389999,2.088295237,3,0.026892239507645292,0.003992732112342267,0.0015909897329655302,25203.112411319988
2014-07-04,643.95124,143913,1.35433001633844e+17,8018825.0,40277501,7.22347415581763e+19,10.11443135,4378851.0,127.160004,57.040001,20.290001,198.199997,110.68,21.389999,2.088295237,3,0.026426413473296908,0.0035730369667174734,0.0018749011723779641,25203.112411319988
2014-07-05,628.41625,127629,1.25081803563942e+17,8015025.0,40338031,7.22347415581763e+19,8.29427605,4379761.0,127.160004,57.040001,20.290001,198.199997,110.68,21.389999,2.088295237,3,0.02674572436590962,0.0031639868589520394,0.0017316017316017366,25203.112411319988
2014-07-06,631.03,182661,1.16160643480528e+17,8011475.0,40415288,7.22347415581763e+19,9.22847962,4380671.0,127.160004,57.040001,20.290001,198.199997,110.68,21.389999,2.088295237,3,0.025824045454467176,0.004519601592347926,0.0016080993850718594,25203.112411319988
2014-07-07,631.29875,185048,1.23009981764298e+17,8007725.0,40509189,7.22347415581763e+19,11.21868823,4381581.0,127.019997,56.549999,20.17,197.509995,111.489998,21.4,2.088295237,3,0.025454475410160576,0.004568049979968743,0.001702919940057215,25087.718972370018
2014-07-08,621.2424900000002,213384,1.22704905085064e+17,8003975.0,40621648,7.22347415581763e+19,12.27727536,4382491.0,127.07,56.5,20.209999,196.240005,112.739998,21.389999,2.088295237,3,0.02561907653214305,0.00525296265675878,0.0016986965335266011,24936.217435349998
2014-07-09,620.72,183739,1.33644295204766e+17,7999825.0,40721546,7.22347415581763e+19,11.68912918,4383401.0,127.839996,56.880001,20.27,197.119995,112.830002,21.34,2.088295237,3,0.02506706671272826,0.004512083111972222,0.0018501387604070235,25199.81937232002
2014-07-10,621.3075,170485,1.20134572581713e+17,7996100.0,40819502,7.22347415581763e+19,11.18585911,4385515.285714285,128.53999299999998,56.279999,20.52,196.339996,112.860001,21.370001,2.088295237,3,0.024846377570991562,0.004176557567997768,0.0016631134823810395,25237.541711460028
2014-07-11,616.8312400000002,169567,1.26034511996281e+17,7992200.0,40914290,7.22347415581763e+19,10.87078401,4387629.571428572,128.779999,55.84,20.57,196.610001,113.580002,21.379999,2.088295237,3,0.024797931431132847,0.004144444398277472,0.0017447907928731983,25319.43573217
2014-07-12,634.35749,153451,1.27247304743894e+17,7988275.0,40984844,7.44589144557807e+19,8.71204703,4389743.857142857,128.779999,55.84,20.57,196.610001,113.580002,21.379999,2.088295237,3,0.02495217397424596,0.003744091352403342,0.0017089599771087584,25319.43573217
2014-07-13,627.69,187805,1.34684992345455e+17,7984275.0,41065580,7.44589144557807e+19,9.42346258,4391858.142857143,128.779999,55.84,20.57,196.610001,113.580002,21.379999,2.088295237,3,0.025262638213673128,0.004573294715428346,0.0018088497976349236,25319.43573217
2014-07-14,621.4249900000002,161722,1.16105542546784e+17,7980900.0,41150615,7.44589144557807e+19,11.75980369,4393972.428571428,125.720001,56.349998,20.1,197.600006,113.089996,21.370001,2.088295237,3,0.02548368147419675,0.00393000201819584,0.0015593236000739199,24842.272951920007
2014-07-15,618.73875,177933,1.33108850694488e+17,7976925.0,41250784,7.44589144557807e+19,12.51728456,4396086.714285715,124.529999,56.060001,19.879999,197.229996,112.860001,21.440001,2.088295237,3,0.012606417725135325,0.004313445291124649,0.0017876818600886001,24561.051204650004
2014-07-16,619.8075,165672,1.23045750830655e+17,7973325.0,41341870,7.44589144557807e+19,12.61360631,4398201.0,124.970001,56.93,19.91,197.960007,113.459999,21.49,2.088295237,3,0.012234230350617237,0.004007365898059279,0.0016525321612596007,24739.062272750005
2014-07-17,614.68875,173737,1.44680049327198e+17,7969025.0,41435687,7.44589144557807e+19,11.76351954,4399993.142857143,127.089996,56.09,20.290001,195.710007,114.889999,21.48,2.088295237,3,0.012012715714833113,0.004192931566453816,0.001943085665224409,24872.78400678997
2014-07-18,623.4974900000002,168880,1.42073519700856e+17,7964725.0,41526281,7.44589144557807e+19,11.9486888,4401785.285714285,126.129997,56.279999,20.02,197.710007,114.519997,21.48,2.088295237,3,0.012834087745341028,0.004066822164980293,0.0019080793849772,24937.16258977998
2014-07-19,623.99625,150518,1.48904368629651e+17,7960300.0,41610152,7.44589144557807e+19,10.35413294,4403577.428571428,126.129997,56.279999,20.02,197.710007,114.519997,21.48,2.088295237,3,0.011150827595389198,0.0036173383841520213,0.0019998192253807513,24937.16258977998
2014-07-20,623.00625,186124,1.29687294820276e+17,7956425.0,41689966,7.44589144557807e+19,8.98402817,4405369.571428572,126.129997,56.279999,20.02,197.710007,114.519997,21.48,2.088295237,3,0.01107174956060045,0.004464479534475993,0.0017417295936713402,24937.16258977998
2014-07-21,617.9612400000002,162547,1.31751087246809e+17,7952550.0,41771473,7.44589144557807e+19,10.59027192,4407161.714285715,126.339996,56.360001,20.1,197.339996,115.089996,21.469999,2.088295237,3,0.011227178225139979,0.0038913399103737614,0.0017694467910226207,24931.934305280018
2014-07-22,622.10749,165840,1.20273986198465e+17,7949000.0,41860584,7.44589144557807e+19,11.71344544,4408953.857142857,125.739998,56.810001,20.1,198.199997,115.330002,21.540001,2.088295237,3,0.010590063257236118,0.00396172208204262,0.0016153067376491598,24921.667226380006
2014-07-23,618.4475,176062,1.23687311676326e+17,7945350.0,41961017,7.44589144557807e+19,11.00879636,4410746.0,125.620003,57.110001,20.08,198.639999,115.18,21.549999,2.088295237,3,0.010710272089053315,0.00419584682611482,0.0016611484679887566,24953.157270299995
2014-07-24,617.6875,177018,1.19528791728521e+17,7941775.0,42054315,7.44589144557807e+19,10.69751731,4410159.0,124.349998,57.18,19.58,198.649994,114.32,21.58,2.088295237,3,0.010707179480034856,0.004209270796587699,0.001605298607992817,24702.126356600013
2014-07-25,602.93125,175686,1.38095855220204e+17,7937700.0,42150615,8.04724037363577e+19,10.29317626,4409572.0,125.790001,56.73,19.870001,197.720001,115.669998,21.620001,2.088295237,3,0.012366412153558468,0.00416805306399444,0.001716064747769077,24871.19912351
2014-07-26,597.585,137797,1.22267978554912e+17,7934350.0,42222998,8.04724037363577e+19,8.73951865,4408985.0,125.790001,56.73,19.870001,197.720001,115.669998,21.620001,2.088295237,3,0.009050381229591859,0.0032635531943989386,0.0015193777354468526,24871.19912351
2014-07-27,592.96375,182039,1.37470582401915e+17,7930525.0,42292816,8.04724037363577e+19,8.9093621,4408398.0,125.790001,56.73,19.870001,197.720001,115.669998,21.620001,2.088295237,3,0.008930482070949139,0.004304253469430836,0.0017082947199178213,24871.19912351
2014-07-28,580.11,173267,1.34515250963422e+17,7926775.0,42386827,8.04724037363577e+19,10.35052053,4407811.0,125.580002,56.669998,19.809999,197.800003,115.510002,21.620001,2.088295237,3,0.010037420937740143,0.004087755849240615,0.0016715699384862238,24839.724772340007
2014-07-29,585.44875,165276,1.37054936295148e+17,7923050.0,42477932,8.04724037363577e+19,10.39546815,4407224.0,125.199997,56.459999,19.780001,196.949997,115.93,21.66,2.088295237,3,0.010722049567037765,0.0038908673802670055,0.0017031296436001218,24658.139033550007
2014-07-30,580.5175,181446,1.50722000181346e+17,7918750.0,42581488,8.04724037363577e+19,11.03235411,4406637.0,124.830002,56.119999,19.780001,196.979996,114.32,21.709999,2.088295237,3,0.010652585874328272,0.004261147473286983,0.001872965056134508,24589.01329463999
2014-07-31,564.57,180077,1.39880920767527e+17,7914900.0,42675773,8.04724037363577e+19,11.25832902,4407133.285714285,123.389999,54.77,19.58,193.089996,113.980003,21.74,2.088295237,3,0.012316385451272125,0.0042196540880466305,0.0017382470794062828,23825.374413350008
2014-08-01,583.39,173854,1.41323363646217e+17,7910975.0,42770223,8.04724037363577e+19,10.67915418,4407629.571428572,124.379997,54.330002,19.52,192.5,114.559998,21.709999,2.079513639,3,0.015306541460584057,0.004064837351911866,0.001756171769259163,23943.1494225
2014-08-02,593.80625,140634,1.48345454853162e+17,7906900.0,42844574,8.04724037363577e+19,8.46604847,4408125.857142857,124.379997,54.330002,19.52,192.5,114.559998,21.709999,2.079513639,3,0.016404568289891362,0.0032824226470311037,0.001843432629888487,23943.1494225
2014-08-03,581.52,169777,1.40706785982391e+17,7903050.0,42907085,8.04724037363577e+19,8.55001533,4408622.142857143,124.379997,54.330002,19.52,192.5,114.559998,21.709999,2.079513639,3,0.017028273433945043,0.003956852347345432,0.0017485097927902359,23943.1494225
2014-08-04,585.80125,174711,1.16753578144879e+17,7899850.0,42984530,8.04724037363577e+19,11.0974416,4409118.428571428,123.989998,55.25,19.4,193.889999,114.260002,21.700001,2.079513639,3,0.017303559617314734,0.004064508789557546,0.001450852375770768,24040.42058823
2014-08-05,582.33375,198709,1.27513580342128e+17,7896475.0,43096656,8.04724037363577e+19,12.10342599,4409614.714285715,123.870003,54.009998,19.049999,192.009995,114.629997,21.75,2.079513639,3,0.01704097226535912,0.0046107753696713735,0.0015845628367196012,23784.278656679984
2014-08-06,582.52125,203048,1.41426259017785e+17,7892375.0,43210455,8.04724037363577e+19,13.16238132,4410111.0,125.669998,54.23,19.23,192.070007,114.699997,21.719999,2.079513639,3,0.01708887062875857,0.004699047950316654,0.0017574504109647733,24137.437395549987
2014-08-07,583.62375,179001,1.47918715581794e+17,7888375.0,43305586,8.04724037363577e+19,10.97700977,4413227.0,126.18,53.880001,19.17,191.029999,115.769997,21.75,2.079513639,3,0.017151877894457438,0.0041334390440993,0.0018381297030271736,24104.165273820003
2014-08-08,595.80875,172589,1.4937180326319e+17,7884325.0,43403567,8.47381840764379e+19,11.16762997,4416343.0,126.190002,54.77,19.190001,193.240005,115.519997,21.700001,2.079513639,3,0.017290528007162347,0.003976378254810255,0.0017627449170783446,24384.956617430013
2014-08-09,585.39625,150418,1.7394346572879e+17,7879875.0,43484650,8.47381840764379e+19,9.3073834,4419459.0,126.190002,54.77,19.190001,193.240005,115.519997,21.700001,2.079513639,3,0.017754260974986266,0.0034591056844196747,0.002052716465718509,24384.956617430013
2014-08-10,586.05875,198541,1.65520703873857e+17,7875450.0,43564474,8.47381840764379e+19,9.8312772,4422575.0,126.190002,54.77,19.190001,193.240005,115.519997,21.700001,2.079513639,3,0.01767075794249186,0.004557406110309056,0.0019533189869227006,24384.956617430013
2014-08-11,588.7525,194982,1.69969466385026e+17,7870900.0,43672854,8.47381840764379e+19,12.25468145,4425691.0,125.959999,54.790001,19.23,193.800003,115.510002,21.709999,2.079513639,3,0.016627694583039775,0.004464604030686888,0.0020058190795274227,24411.04818408
2014-08-12,566.31625,198559,1.67274876956154e+17,7866550.0,43785906,8.47381840764379e+19,12.52436069,4428807.0,125.989998,54.419998,19.17,193.529999,114.760002,21.73,2.079513639,3,0.019526431255625715,0.004534769704205732,0.001974020080549095,24382.844186950002
2014-08-13,565.55125,196751,1.36965484968994e+17,7862925.0,43898655,8.47381840764379e+19,12.41970851,4431923.0,126.199997,54.66,19.040001,194.839996,115.510002,21.75,2.079513639,3,0.019448280939203966,0.004481936861163514,0.0016163372682785435,24588.806910680014
2014-08-14,534.54,196303,1.74822037568298e+17,7858425.0,44004090,8.47381840764379e+19,12.19660765,4429208.857142857,126.309998,54.299999,19.1,195.759995,116.440002,21.74,2.079513639,3,0.023463214243256467,0.004461017146360713,0.0020630845406198477,24726.444576930007
2014-08-15,511.4725,193369,1.58799281890493e+17,7854300.0,44104830,8.47381840764379e+19,12.03876959,4426494.714285715,125.480003,54.669998,18.860001,195.720001,117.709999,21.700001,2.079513639,3,0.023212238861369614,0.004384304394779438,0.0018739991141095075,24558.94631264
2014-08-16,487.56625,182001,1.52540509782015e+17,7850350.0,44203842,8.47381840764379e+19,13.05170457,4423780.571428572,125.480003,54.669998,18.860001,195.720001,117.709999,21.700001,2.079513639,3,0.023928272682190145,0.0041173117938481454,0.0018001389980745418,24558.94631264
2014-08-17,516.62625,199895,1.58057200304961e+17,7846100.0,44285107,8.47381840764379e+19,37.32208652,4421066.428571428,125.480003,54.669998,18.860001,195.720001,117.709999,21.700001,2.079513639,3,0.03055060159694447,0.004513819962092448,0.0018652417682491972,24558.94631264
2014-08-18,489.4675,193551,1.83530343223342e+17,7841150.0,44389574,8.47381840764379e+19,11.75673016,4418352.285714285,124.959999,54.830002,18.870001,197.360001,116.540001,21.74,2.079513639,3,0.03245142455621113,0.004360280637070318,0.0021658517376037805,24662.1055276
2014-08-19,455.91625,186742,1.84998051017002e+17,7836500.0,44497296,1.02412078000571e+20,12.80157171,4415638.142857143,124.68,55.25,18.700001,198.389999,116.18,21.82,2.079513639,3,0.03586798059239666,0.004196704446939877,0.0018064085274782777,24735.26507532
2014-08-20,472.91,186533,1.93578288338943e+17,7832275.0,44606009,1.02412078000571e+20,11.96609234,4412924.0,124.220001,55.380001,18.719999,198.919998,115.989998,21.92,2.079513639,3,0.03846881587520688,0.004181790843471336,0.0018901900256126402,24709.842350479998
2014-08-21,519.015,193041,1.90533024423758e+17,7828150.0,44712056,1.02412078000571e+20,11.43122201,4413040.0,122.879997,55.419998,18.690001,199.5,116.639999,21.889999,2.079513639,3,0.048045975777430396,0.004317426154592399,0.0018604546274580591,24514.559401500002
2014-08-22,508.12875,181866,1.85072126960677e+17,7824225.0,44812350,1.02412078000571e+20,10.75447813,4413156.0,123.190002,55.060001,18.690001,199.190002,117.290001,21.940001,2.079513639,3,0.047397667585441866,0.004058390153607209,0.001807131840051572,24538.216744760004
2014-08-23,507.51,149430,1.86241402708656e+17,7820175.0,44893784,1.02412078000571e+20,8.62310978,4413272.0,123.190002,55.060001,18.690001,199.190002,117.290001,21.940001,2.079513639,3,0.047433867891015294,0.0033285231648105223,0.0018185492018589604,24538.216744760004
2014-08-24,501.63125,205473,1.68359363007774e+17,7816525.0,44977697,1.02412078000571e+20,9.04448264,4413388.0,123.190002,55.060001,18.690001,199.190002,117.290001,21.940001,2.079513639,3,0.047321913985796535,0.004568330832945938,0.0016439405028656417,24538.216744760004
2014-08-25,503.32125,179545,1.59533067484715e+17,7813100.0,45076016,1.02412078000571e+20,16.45338417,4413504.0,122.739998,55.580002,18.6,200.199997,117.730003,22.0,2.079513639,3,0.04729183922473503,0.003983160357383847,0.0015577563759991816,24572.547231380006
2014-08-26,504.62625,189311,2.01963972574509e+17,7808775.0,45182907,1.02412078000571e+20,11.56150685,4413620.0,123.349998,55.860001,18.629999,200.330002,117.349998,22.02,2.079513639,3,0.04672124323725574,0.004189880921119131,0.001972071815332005,24710.70534604
2014-08-27,513.39125,187462,1.95127805072171e+17,7804550.0,45285315,1.02412078000571e+20,11.5415257,4413736.0,123.32,55.82,18.66,200.25,118.349998,21.969999,2.079513639,3,0.047193087309731506,0.004139575930961284,0.0019053202403634761,24694.829999999998
2014-08-28,514.62375,192337,2.0203767112653e+17,7800225.0,45383799,1.02412078000571e+20,10.39725982,4414000.428571428,124.0,55.84,18.74,200.139999,118.970001,21.969999,2.079513639,3,0.04501680699593067,0.004238010132205989,0.001972791442874575,24817.359876
2014-08-29,506.025,165382,1.9660602419e+17,7795975.0,45472978,1.02412078000571e+20,10.42778542,4414264.857142857,123.860001,56.130001,18.709999,200.710007,119.050003,22.02,2.079513639,3,0.04365727409404272,0.003636929167031902,0.0019197542714532538,24859.941667730007
2014-08-30,504.70625,165409,2.09931725678643e+17,7791425.0,45553375,1.02412078000571e+20,9.13520702,4414529.285714285,123.860001,56.130001,18.709999,200.710007,119.050003,22.02,2.079513639,3,0.041524663821959476,0.003631103074141049,0.0020498727276823006,24859.941667730007
2014-08-31,502.055,190870,2.18670792641495e+17,7786725.0,45631292,1.17805072699253e+20,8.8939901,4414793.714285715,123.860001,56.130001,18.709999,200.710007,119.050003,22.02,2.079513639,3,0.03834935690110757,0.004182875207653555,0.0018562086303341469,24859.941667730007
2014-09-01,474.5425,191219,1.77878204586414e+17,7783325.0,45723189,1.17805072699253e+20,10.91278347,4415058.142857143,123.860001,56.130001,18.709999,200.710007,119.050003,22.02,2.055197021,3,0.03859934805967832,0.004182101121599371,0.0015099367158876338,24859.941667730007
2014-09-02,477.98375,188533,1.96306176734267e+17,7779675.0,45821701,1.17805072699253e+20,11.59704012,4415322.571428572,121.650002,55.200001,18.41,200.610001,116.730003,22.09,2.055197021,3,0.0331519510377841,0.004114491515712173,0.0016663643783440558,24404.207022870003
2014-09-03,476.88375,171662,2.23325899472492e+17,7775450.0,45915819,1.17805072699253e+20,11.1270644,4415587.0,122.150002,55.630001,18.43,200.5,117.379997,22.07,2.055197021,3,0.03175422949576128,0.0037386243725719016,0.0018957239646430616,24491.075401000002
2014-09-04,475.65,178738,2.0674443503812e+17,7771475.0,46017781,1.17805072699253e+20,11.19739332,4416418.571428572,121.480003,54.830002,18.32,200.210007,115.949997,22.299999,2.055197021,3,0.017369523239748306,0.0038841073192990338,0.0017549705653670971,24321.512250990017
2014-09-05,485.65125,183413,1.93932125445801e+17,7767850.0,46119432,1.17805072699253e+20,11.04072468,4417250.142857143,122.059998,55.23,18.42,201.110001,115.730003,22.299999,2.055197021,3,0.018194018038075733,0.003976913679249129,0.0016462120094004298,24547.486319839998
2014-09-06,480.9075,155567,2.32165279574208e+17,7763375.0,46201804,1.17805072699253e+20,9.61430998,4418081.714285715,122.059998,55.23,18.42,201.110001,115.730003,22.299999,2.055197021,3,0.018265788480485257,0.003367119604247488,0.001970757916061115,24547.486319839998
2014-09-07,481.88375,233573,2.04378476975075e+17,7759500.0,46293377,1.17805072699253e+20,19.79030044,4418913.285714285,122.059998,55.23,18.42,201.110001,115.730003,22.299999,2.055197021,3,0.018181817384097916,0.005045494952766138,0.0017348868965671542,24547.486319839998
2014-09-08,473.58625,191970,1.91313174191025e+17,7755900.0,46398734,1.17805072699253e+20,12.20418844,4419744.857142857,120.730003,54.380001,18.26,200.589996,115.779999,22.43,2.055197021,3,0.01847708111505379,0.004137397369505815,0.001623980782894064,24217.23081884999
2014-09-09,468.5775,232746,1.93470648077513e+17,7752250.0,46516060,1.17805072699253e+20,14.11448904,4420576.428571428,120.870003,54.099998,18.309999,199.320007,115.690002,22.389999,2.055197021,3,0.01843297765881382,0.005003562210556956,0.0016422947131608519,24091.80984405002
2014-09-10,474.29125,228442,2.05664365770962e+17,7748325.0,46622330,1.17805072699253e+20,12.74883973,4421408.0,120.260002,54.009998,18.24,200.070007,114.959999,22.43,2.055197021,3,0.017999090863219463,0.0048998409131418355,0.0017458022906705112,24060.419441960014
2014-09-11,479.4175,172991,2.27733254024027e+17,7744075.0,46718548,1.17805072699253e+20,10.15059039,4425433.714285715,119.470001,54.09,17.959999,200.300003,114.580002,22.450001,2.055197021,3,0.01842016254310134,0.0037028334014147873,0.0019331362292472067,23929.841558710003
2014-09-12,473.6725,167772,2.04883014813264e+17,7740225.0,46817385,1.17805072699253e+20,10.70477886,4429459.428571428,118.379997,53.259998,17.889999,199.130005,113.379997,22.43,2.055197021,3,0.01822770862290265,0.003583540601424022,0.0017391697158603186,23573.009394509987
2014-09-13,471.5325,152870,2.43728983376103e+17,7735700.0,46901664,1.28117728216162e+20,9.54517518,4433485.142857143,118.379997,53.259998,17.889999,199.130005,113.379997,22.43,2.055197021,3,0.018217835986269523,0.003259372631214108,0.0019023829626831981,23573.009394509987
2014-09-14,475.37875,237392,2.265261250227e+17,7731750.0,47000316,1.28117728216162e+20,11.23423996,4437510.857142857,118.379997,53.259998,17.889999,199.130005,113.379997,22.43,2.055197021,3,0.018543238244471603,0.005050859658049959,0.0017681091303812537,23573.009394509987
2014-09-15,475.02125,191596,2.28678276752751e+17,7727800.0,47103473,1.28117728216162e+20,12.22944483,4441536.571428572,118.639999,53.599998,17.92,198.979996,113.550003,22.43,2.055197021,3,0.01076750263563823,0.004067555698069227,0.0017849073655670968,23606.986526460005
2014-09-16,471.08375,219181,2.4455406685305e+17,7723525.0,47227561,1.28117728216162e+20,14.35162373,4445562.285714285,118.830002,54.259998,17.950001,200.479996,113.089996,22.389999,2.055197021,3,0.010774803249594312,0.004640955309972497,0.0019088230041078703,23823.03832563999
2014-09-17,464.55375,192638,2.69370908813723e+17,7718875.0,47335995,1.28117728216162e+20,12.26986597,4449588.0,117.540001,54.0,17.77,200.75,112.800003,22.530001,2.055197021,3,0.011316685771945672,0.0040695880587278245,0.0021025264228790937,23596.15520075
2014-09-18,449.95875,192303,2.57455132142136e+17,7714400.0,47444081,1.28117728216162e+20,12.34660263,4450939.714285715,117.779999,53.709999,17.77,201.820007,113.160004,22.43,2.055197021,3,0.013883930465229753,0.004053255874004599,0.002009519960483175,23770.360222639993
2014-09-19,425.4475,169742,2.46402415027933e+17,7710125.0,47538600,1.28117728216162e+20,10.61078897,4452291.428571428,117.089996,53.68,17.190001000000002,200.699997,114.599998,22.549999,2.055197021,3,0.017930641002336378,0.003570614195622084,0.0019232499550116862,23499.96184593001
2014-09-20,410.08,167810,2.56084133989511e+17,7705725.0,47624055,1.28117728216162e+20,10.26633681,4453643.142857143,117.089996,53.68,17.190001000000002,200.699997,114.599998,22.549999,2.055197021,3,0.019364414010966568,0.0035236394716913542,0.0019988188797528655,23499.96184593001
2014-09-21,405.79625,203096,2.3651527435022e+17,7701625.0,47692897,1.28117728216162e+20,9.337162800000002,4454994.857142857,117.089996,53.68,17.190001000000002,200.699997,114.599998,22.549999,2.055197021,3,0.018982843721969237,0.004258411897268476,0.0018460776478269126,23499.96184593001
2014-09-22,399.0975,204349,2.43809861015565e+17,7697425.0,47798681,1.28117728216162e+20,11.71465132,4456346.571428572,116.849998,52.880001,17.08,199.149994,114.739998,22.530001,2.055197021,3,0.018968891179747635,0.004275201652530956,0.0019030142386243817,23270.676400600012
2014-09-23,399.5025,198231,2.14808853085311e+17,7693675.0,47908444,1.28117728216162e+20,12.74391608,4457698.285714285,117.599998,52.73,17.07,198.009995,115.449997,22.530001,2.055197021,3,0.019296596021862632,0.004137704827149051,0.0016766520611642642,23285.97501598001
2014-09-24,427.8125,188601,2.26100339401344e+17,7689775.0,48010473,1.28117728216162e+20,12.35686671,4459050.0,117.050003,52.509998,16.99,199.559998,114.809998,22.629999,2.055197021,3,0.028336119037876778,0.003928330387413596,0.0017647857369111665,23358.498364579995
2014-09-25,416.12,199143,2.51370584955811e+17,7685475.0,48119753,1.48869690776208e+20,13.21049144,4457794.285714285,117.389999,51.75,16.83,196.339996,116.169998,22.67,2.055197021,3,0.028308961613532305,0.004138487577024762,0.0016885276220106478,23048.351934100006
2014-09-26,410.15,180377,2.26899367183191e+17,7682125.0,48219592,1.48869690776208e+20,47.85118349,4456538.571428572,117.059998,52.32,16.9,197.899994,116.0,22.799999,2.055197021,3,0.02832882699018874,0.003740740900503679,0.0015241475010805458,23166.17290184001
2014-09-27,403.4975,169657,2.29708077381157e+17,7678750.0,48305626,1.48869690776208e+20,10.4705779,4455282.857142857,117.059998,52.32,16.9,197.899994,116.0,22.799999,2.055197021,3,0.028320248275120617,0.0035121581904352093,0.0015430144053061228,23166.17290184001
2014-09-28,398.84,234325,2.20389461707344e+17,7675525.0,48393007,1.48869690776208e+20,10.76874401,4454027.142857143,117.059998,52.32,16.9,197.899994,116.0,22.799999,2.055197021,3,0.027774067952770872,0.004842125226894869,0.0014804186168334951,23166.17290184001
2014-09-29,377.97875,193444,2.33511725722632e+17,7672100.0,48497755,1.48869690776208e+20,12.19074481,4452771.428571428,117.029999,52.200001,16.780001000000002,197.539993,116.93,22.780001,2.055197021,3,0.02959322963155927,0.003988720715010417,0.0015685645916579769,23118.10518325001
2014-09-30,376.08375,218874,2.58243341142401e+17,7668275.0,48610318,1.48869690776208e+20,12.1265494,4451515.714285715,116.209999,51.540001,16.35,197.020004,116.269997,22.870001,2.055197021,3,0.0296748055711192,0.004502624319388324,0.0017346938775510158,22895.694467819994
2014-10-01,387.94,211528,2.6148862325271e+17,7664400.0,48728589,1.48869690776208e+20,12.91355722,4450260.0,116.769997,50.560001,16.48,194.350006,118.230003,22.85,2.059293125,3,0.03224837422721337,0.004340942439355263,0.0017564933593218726,22694.249617569985
2014-10-02,381.7475,183203,2.32356330608902e+17,7660925.0,48833778,1.48869690776208e+20,11.24874892,4450994.714285715,116.739998,50.369999,16.41,194.380005,117.199997,22.780001,2.059293125,3,0.03180357732072778,0.0037515631086335365,0.0015608034744842543,22691.921394939993
2014-10-03,372.0575,175552,2.49933590760741e+17,7657300.0,48917112,1.48869690776208e+20,12.07576762,4451729.428571428,114.610001,50.290001,16.120001000000002,196.520004,117.699997,23.08,2.059293125,3,0.0295069917549348,0.0035887646024564982,0.0016788749238181716,22523.15785496
2014-10-04,360.7525,164357,2.58346563364577e+17,7653450.0,48989226,1.48869690776208e+20,12.57120078,4452464.142857143,114.610001,50.290001,16.120001000000002,196.520004,117.699997,23.08,2.059293125,3,0.02912626471609581,0.0033549621706617694,0.0017353872505380746,22523.15785496
2014-10-05,335.98125,248102,2.78658681757737e+17,7649225.0,49079348,1.48869690776208e+20,11.89447047,4453198.857142857,114.610001,50.290001,16.120001000000002,196.520004,117.699997,23.08,2.059293125,3,0.03351900034548187,0.00505512012914271,0.0018718295195268287,22523.15785496
2014-10-06,308.07875,188717,2.74991913800863e+17,7645200.0,49178822,1.48869690776208e+20,12.61174465,4453933.571428572,116.029999,50.310001,16.6,196.289993,117.769997,22.82,2.059293125,3,0.03883459710196478,0.0038373631641685116,0.0018471987975997833,22775.52769150001
2014-10-07,337.23375,202878,2.28856877268795e+17,7641850.0,49290472,1.48869690776208e+20,13.36032911,4454668.285714285,116.360001,49.619999,16.48,193.259995,119.360001,22.780001,2.059293125,3,0.048449584291253685,0.004115967889291058,0.0015372966523644472,22487.733211459996
2014-10-08,326.2325,191352,2.46768066486024e+17,7638250.0,49403054,1.48869690776208e+20,12.53986648,4455403.0,117.470001,50.060001,16.68,196.639999,119.389999,22.68,2.059293125,3,0.04272484118456835,0.0038732828136495367,0.001657611198084532,23099.300879169998
2014-10-09,351.34625,187811,2.48120756103207e+17,7634550.0,49512232,1.5033451558107e+20,13.90439876,4458111.142857143,117.639999,48.200001,16.620001000000002,192.740005,118.870003,22.75,2.059293125,3,0.04935441962268241,0.003793224268297983,0.0016504576819513176,22673.933995459996
2014-10-10,368.59625,198926,2.64016699884044e+17,7630675.0,49622301,1.5033451558107e+20,13.00507017,4460819.285714285,117.589996,47.560001,16.639999,190.539993,120.050003,22.860001,2.059293125,3,0.051875945498889124,0.00400880241325367,0.0017561948356541537,22405.59701471003
2014-10-11,359.2025,163626,2.43563531504755e+17,7627100.0,49709794,1.5033451558107e+20,10.38153171,4463527.428571428,117.589996,47.560001,16.639999,190.539993,120.050003,22.860001,2.059293125,3,0.0520596633790128,0.003291624986416158,0.0016201437877611678,22405.59701471003
2014-10-12,356.99875,244368,2.53076895058901e+17,7623375.0,49794894,1.5033451558107e+20,11.01613637,4466235.571428572,117.589996,47.560001,16.639999,190.539993,120.050003,22.860001,2.059293125,3,0.052053448731301966,0.004907491117462766,0.001683425087583601,22405.59701471003
2014-10-13,371.15625,207708,2.63033219870027e+17,7619500.0,49907871,1.5033451558107e+20,13.1040355,4468943.714285715,118.519997,46.049999,16.73,187.410004,120.779999,22.73,2.059293125,3,0.051667840737415975,0.004161828501961144,0.0017496528914425023,22211.83311184999
2014-10-14,392.7825,215032,2.2781617864098e+17,7616200.0,50026411,1.5033451558107e+20,13.26556263,4471651.857142857,118.589996,45.509998,16.68,187.699997,121.57,22.83,2.059293125,3,0.05390537437881063,0.004298369515254652,0.001515395035933228,22259.34189343001
2014-10-15,396.34625,209631,2.55708384711254e+17,7612425.0,50145239,1.5033451558107e+20,12.55077471,4474360.0,118.989998,45.82,16.709999,186.429993,122.529999,22.59,2.059293125,3,0.05334605527010786,0.004180476635079953,0.001700929315685723,22183.304494210013
2014-10-16,392.56625,184002,2.55052539760399e+17,7608725.0,50255504,1.5033451558107e+20,12.15888547,4475396.571428572,119.220001,46.619999,16.67,186.270004,121.75,22.59,2.059293125,3,0.05320885211163626,0.003661330309213494,0.001696566744999144,22207.110063150005
2014-10-17,376.26875,183728,2.42789404869003e+17,7605175.0,50363440,1.5033451558107e+20,11.70451158,4476433.142857143,118.989998,47.009998,16.58,188.470001,121.07,22.66,2.059293125,3,0.0540576238190423,0.0036480431042835836,0.001614994427131908,22426.04504205
2014-10-18,378.675,175209,2.81901926105895e+17,7601075.0,50452229,1.5033451558107e+20,10.35069092,4477469.714285715,118.989998,47.009998,16.58,188.470001,121.07,22.66,2.059293125,3,0.053290639618205786,0.003472770251637445,0.0018751643627299645,22426.04504205
2014-10-19,390.95875,230810,2.31812117518026e+17,7597750.0,50537622,1.5033451558107e+20,10.55272153,4478506.285714285,118.989998,47.009998,16.58,188.470001,121.07,22.66,2.059293125,3,0.049150278976050586,0.004567092610728696,0.001541975351581973,22426.04504205
2014-10-20,381.72375,200402,2.32081364763889e+17,7594350.0,50648716,1.5033451558107e+20,12.95595559,4479542.857142857,119.800003,47.419998,16.73,190.300003,121.510002,22.58,2.059293125,3,0.041895634005078466,0.003956704450316174,0.0015437663391327848,22797.94093030001
2014-10-21,380.0575,209075,2.57355870029692e+17,7590500.0,50769166,1.5033451558107e+20,13.01537323,4480579.428571428,120.019997,48.849998,16.809998999999998,194.070007,120.540001,22.700001,2.059293125,3,0.03607915173834178,0.004118149193153971,0.001711888111888113,23292.28165792998
2014-10-22,382.93875,200831,2.70817760300354e+17,7586525.0,50882597,1.5033451558107e+20,12.67184925,4481616.0,119.339996,47.950001,16.459999,192.690002,120.669998,22.799999,2.059293125,3,0.034042286549879335,0.003946948698392891,0.0018014343496142223,22995.62406791999
2014-10-23,376.59,197748,2.64274839738399e+17,7582750.0,50998960,1.54557148064123e+20,12.79445941,4482350.0,118.519997,48.779999,16.5,194.929993,119.599998,22.82,2.059293125,3,0.029529206253791244,0.003877490835107226,0.0017098842923056272,23103.10218557002
2014-10-24,351.7825,187021,2.80010785207839e+17,7578775.0,51109355,1.54557148064123e+20,12.35002581,4483084.0,118.349998,48.669998,16.5,196.429993,119.720001,22.780001,2.059293125,3,0.032664004270329686,0.0036592322481862664,0.001811697412349169,23247.489278690013
2014-10-25,353.6325,209967,2.7198717003984e+17,7574950.0,51203409,1.54557148064123e+20,11.10930101,4483818.0,118.349998,48.669998,16.5,196.429993,119.720001,22.780001,2.059293125,3,0.032069046379727253,0.004100644939480495,0.0017597838304249597,23247.489278690013
2014-10-26,345.1925,212801,2.24427808977457e+17,7571775.0,51293809,1.54557148064123e+20,11.22128422,4484552.0,118.349998,48.669998,16.5,196.429993,119.720001,22.780001,2.059293125,3,0.03264236324808611,0.004148668311998433,0.0014520700710933532,23247.489278690013
2014-10-27,350.9775,221787,2.79110766442491e+17,7567800.0,51413911,1.54557148064123e+20,13.52589194,4485286.0,118.059998,47.639999,16.42,196.160004,119.940002,22.719999,2.059293125,3,0.03097531040302248,0.004313754695689266,0.0018058742021216188,23158.64967991999
2014-10-28,349.79625,203256,2.41440869740197e+17,7564350.0,51529804,1.54557148064123e+20,13.36919791,4486020.0,118.099998,48.720001,16.49,198.410004,119.190002,22.68,2.059293125,3,0.025631750012961613,0.003944435728884201,0.0015621462531129747,23432.22107557999
2014-10-29,348.9025,199946,2.74175493842006e+17,7560475.0,51649703,1.54557148064123e+20,14.27478919,4486754.0,116.410004,48.84,16.379998999999998,198.110001,119.459999,22.85,2.059293125,3,0.025213367785315525,0.0038711936058954685,0.0017739425013733787,23061.986008850006
2014-10-30,335.53625,204701,2.9738003000318e+17,7556225.0,51771321,1.54557148064123e+20,13.86147032,4486729.857142857,115.190002,48.650002,15.82,199.380005,119.559998,22.91,2.059293125,3,0.0264565277351524,0.003953945853535396,0.0019240781402087102,22966.583174710013
2014-10-31,343.55875,202798,3.31512553891718e+17,7551525.0,51887278,1.54557148064123e+20,12.88146038,4486705.714285715,112.660004,49.619999,15.5,201.660004,119.25,23.09,2.059293125,3,0.026354107819606443,0.003908433971040069,0.002144918938036948,22719.016857280014
2014-11-01,338.0105,172818,2.81557114861145e+17,7547550.0,51978543,1.54557148064123e+20,12.57724969,4486681.571428572,112.660004,49.619999,15.5,201.660004,119.25,23.09,2.003882407,3,0.02619811232157745,0.0033247950024301374,0.001821702317801128,22719.016857280014
2014-11-02,325.22633,268223,2.70433571710099e+17,7543675.0,52082241,1.54557148064123e+20,12.64623465,4486657.428571428,112.660004,49.619999,15.5,201.660004,119.25,23.09,2.003882407,3,0.024637747729895524,0.005149989609702086,0.0017497318959191779,22719.016857280014
2014-11-03,331.60083,209994,2.91959515149352e+17,7539450.0,52201468,1.54557148064123e+20,16.58571291,4486633.285714285,112.150002,48.77,15.48,201.770004,118.959999,23.200001,2.003882407,3,0.025871919262358368,0.004022760432714267,0.0018890068741966126,22628.506352140008
2014-11-04,324.71833,203551,2.89025256682304e+17,7535400.0,52319481,1.54557148064123e+20,13.52152956,4486609.142857143,112.220001,47.740002,15.36,201.070007,119.330002,23.139999,2.003882407,3,0.025971751621577555,0.0038905393576056306,0.001870021932356002,22564.076386610006
2014-11-05,332.45666,201322,2.60342239413186e+17,7531950.0,52438170,1.70096451355836e+20,13.39815386,4486585.0,109.790001,48.5,14.66,202.339996,119.160004,23.25,2.003882407,3,0.02718586075029705,0.0038392262735331916,0.0015305565597518486,22214.90836318
2014-11-06,336.585,225732,2.93522780596783e+17,7528075.0,52561365,1.70096451355836e+20,14.41971427,4486915.0,109.879997,49.130001,14.82,203.149994,118.389999,23.41,2.003882407,3,0.027745094529258975,0.004294637325343434,0.0017256255392579785,22322.120731270017
2014-11-07,346.775,221480,2.86428385273304e+17,7524350.0,52669009,1.70096451355836e+20,13.41908085,4487245.0,112.970001,49.75,15.1,203.339996,119.75,23.27,2.003882407,3,0.023434778653284447,0.004205129433895367,0.0016839174655919515,22971.319551459997
2014-11-08,344.81166,166466,2.97160897228104e+17,7520525.0,52757571,1.70096451355836e+20,10.78458677,4487575.0,112.970001,49.75,15.1,203.339996,119.75,23.27,2.003882407,3,0.023391791772484852,0.003155300686606667,0.001747014090296649,22971.319551459997
2014-11-09,343.065,249442,2.89621182611871e+17,7516800.0,52855541,1.70096451355836e+20,15.045573699999998,4487905.0,112.970001,49.75,15.1,203.339996,119.75,23.27,2.003882407,3,0.02252931511116781,0.0047193159937574,0.0017026879767526326,22971.319551459997
2014-11-10,358.50166,210763,2.84866742800432e+17,7513100.0,52968373,1.70096451355836e+20,13.42372982,4488235.0,110.459999,49.290001,14.92,203.979996,118.650002,23.34,2.003882407,3,0.025160956975798697,0.0039790348100743065,0.0016747365422956442,22531.630154180002
2014-11-11,368.07666,201465,2.50948583280757e+17,7509875.0,53083722,1.70096451355836e+20,13.37416163,4488565.0,112.040001,49.450001,15.11,204.179993,118.730003,23.25,2.003882407,3,0.025958723780689395,0.003795231238683678,0.001475331091745007,22876.32661989999
2014-11-12,376.99666,226543,2.81759444117371e+17,7506200.0,53219115,1.70096451355836e+20,15.1220236,4488895.0,111.5,49.009998,15.03,203.960007,118.629997,23.33,2.003882407,3,0.0264340946087992,0.004256797581094688,0.0016564686792197672,22741.5407805
2014-11-13,442.10666,215581,2.84094930042806e+17,7502575.0,53343655,1.70096451355836e+20,14.39117594,4489447.0,111.669998,48.34,14.97,204.190002,118.910004,23.309999,2.003882407,3,0.046354434623437836,0.004041361620233934,0.0016701990416513105,22801.897114959997
2014-11-14,389.00333,220912,2.98469230080657e+17,7498750.0,53463887,1.70096451355836e+20,13.15059241,4489999.0,114.470001,48.810001,15.63,204.240005,119.489998,23.25,2.003882407,3,0.060815976362099726,0.004131985390437474,0.0017547058019233427,23379.353576590005
2014-11-15,394.92666,177416,2.70687966783561e+17,7495225.0,53560347,1.70096451355836e+20,11.20153289,4490551.0,114.470001,48.810001,15.63,204.240005,119.489998,23.25,2.003882407,3,0.06039443620534912,0.003312450533600912,0.0015913792711482909,23379.353576590005
2014-11-16,377.08,247506,2.8745780938694e+17,7491475.0,53654907,1.70096451355836e+20,11.61501236,4491103.0,114.470001,48.810001,15.63,204.240005,119.489998,23.25,2.003882407,3,0.06091347775132942,0.004612923846834736,0.0016899694678849475,23379.353576590005
2014-11-17,400.47166,212707,2.77193076312077e+17,7487875.0,53772208,1.70096451355836e+20,15.10046843,4491655.0,114.050003,48.57,15.5,204.369995,119.190002,23.370001,2.003882407,3,0.06232725485082204,0.003955705147908377,0.0016296229233624545,23308.398542859984
2014-11-18,384.93,207572,2.99707414521362e+17,7484025.0,53890482,1.73087312286102e+20,13.06674027,4492207.0,115.050003,48.619999,15.55,205.550003,119.519997,23.26,2.003882407,3,0.06330915015747657,0.0038517376779075756,0.0017315389011643167,23648.52846180001
2014-11-19,375.83333,200483,2.82210837687073e+17,7480500.0,54005819,1.73087312286102e+20,13.16045397,4492759.0,113.68,48.84,15.48,205.220001,118.760002,23.299999,2.003882407,3,0.06391969776499237,0.0037122481190406537,0.0016304536361428788,23329.40971368
2014-11-20,376.16,213590,2.73067679117923e+17,7477050.0,54130272,1.73087312286102e+20,13.27805051,4491783.571428572,114.860001,49.450001,15.6,205.580002,119.379997,23.27,2.003882407,3,0.0639437850712496,0.003945851223507615,0.001577629668583449,23612.919235300003
2014-11-21,348.565,198447,2.52418168940299e+17,7473875.0,54241896,1.73087312286102e+20,12.73306344,4490808.142857143,115.389999,50.09,15.79,206.679993,120.099998,23.459999,2.003882407,3,0.0673399045337855,0.0036585557407506552,0.0014583285487908455,23848.80418559001
2014-11-22,352.42,178429,3.029716536947e+17,7470025.0,54339868,1.73087312286102e+20,11.00513028,4489832.714285715,115.389999,50.09,15.79,206.679993,120.099998,23.459999,2.003882407,3,0.06737222856783075,0.0032835744098605466,0.0017503978176858378,23848.80418559001
2014-11-23,356.8,246798,2.80159561662219e+17,7466475.0,54432631,1.73087312286102e+20,11.9135696,4488857.285714285,115.389999,50.09,15.79,206.679993,120.099998,23.459999,2.003882407,3,0.06740118267310159,0.004534008286316346,0.0016186025304912794,23848.80418559001
2014-11-24,367.83,208042,2.90760100860001e+17,7462800.0,54539591,1.73087312286102e+20,13.0828147,4487881.857142857,115.110001,49.68,15.78,207.259995,120.199997,23.4,2.003882407,3,0.06685842815712405,0.003814513387164931,0.001679846414042143,23857.698231709994
2014-11-25,381.20666,210768,2.5587426893524e+17,7459500.0,54657854,1.73087312286102e+20,12.18659868,4486906.428571428,115.379997,48.900002,15.98,207.110001,121.199997,23.35,2.003882407,3,0.06716870530521199,0.003856133832111301,0.0014782959279666702,23896.35129405
2014-11-26,375.49800000000016,198224,2.70875257398688e+17,7456075.0,54773565,1.73087312286102e+20,12.15985418,4485931.0,115.160004,48.279999,15.87,207.639999,121.529999,23.280001,2.003882407,3,0.06702018567313062,0.0036189720351414044,0.00156496310342464,23911.823115399995
2014-11-27,372.819,212279,2.77040298688208e+17,7452550.0,54891380,1.73087312286102e+20,11.99225619,4485968.0,115.160004,48.279999,15.87,207.639999,121.529999,23.280001,2.003882407,3,0.048823012567351984,0.0038672556601783378,0.0016005812039549064,23911.823115399995
2014-11-28,368.983,207739,2.94457535528157e+17,7448850.0,55004516,1.73087312286102e+20,11.6757035,4486005.0,112.110001,45.060001,14.83,207.199997,122.489998,23.469999,2.003882407,3,0.035730087635316356,0.00377676262072736,0.0017012080876352043,23229.191870869996
2014-11-29,375.44,186109,3.0847049241067e+17,7444925.0,55103375,1.73087312286102e+20,11.08339144,4486042.0,112.110001,45.060001,14.83,207.199997,122.489998,23.469999,2.003882407,3,0.03582586944749731,0.0033774519255853203,0.00178216697882967,23229.191870869996
2014-11-30,376.851,277614,3.12104515408881e+17,7440925.0,55210386,1.73087312286102e+20,12.79344747,4486079.0,112.110001,45.060001,14.83,207.199997,122.489998,23.469999,2.003882407,3,0.03367715269889238,0.005028293046167074,0.0018031622958763881,23229.191870869996
2014-12-01,376.13218,215495,2.57942437549502e+17,7437675.0,55325927,1.73087312286102e+20,13.9126614,4486116.0,116.580002,45.240002,15.78,205.759995,121.5,23.360001,1.897612997,3,0.028882375660331527,0.003895009296455168,0.001490244629387624,23987.50062861999
2014-12-02,377.862,253874,2.93550248819865e+17,7433925.0,55470197,1.71830776410802e+20,14.1965774,4486153.0,115.139999,45.82,15.75,207.089996,120.32,23.549999,1.897612997,3,0.027111088923425005,0.004576763987335398,0.001708368285074054,23844.341932350006
2014-12-03,382.452,231606,2.29966773160116e+17,7431025.0,55600603,1.71830776410802e+20,13.66172344,4486190.0,116.330002,46.41,15.73,207.889999,120.790001,23.620001,1.897612997,3,0.026503600080361307,0.004165530363043005,0.0013383328526103274,24183.843999449997
2014-12-04,376.382,224341,2.84201209384264e+17,7427375.0,55728682,1.71830776410802e+20,14.82170755,4486572.142857143,115.879997,45.970001,15.77,207.660004,121.800003,23.530001,1.897612997,3,0.026902493100483878,0.004025593140709841,0.0016539598744803085,24063.640640539987
2014-12-05,368.3618,223986,3.00494379463989e+17,7423475.0,55850155,1.71830776410802e+20,12.38234866,4486954.285714285,114.43,45.41,15.61,208.0,121.089996,23.709999,1.897612997,3,0.017208592345573006,0.004010481260078866,0.0017487808979317321,23801.440000000002
2014-12-06,373.414,190716,2.6599792506531e+17,7420125.0,55949374,1.71830776410802e+20,11.18769286,4487336.428571428,114.43,45.41,15.61,208.0,121.089996,23.709999,1.897612997,3,0.017305305245401182,0.0034087244658001,0.0015480225988700606,23801.440000000002
2014-12-07,373.744,256517,2.46590863641926e+17,7416925.0,56045158,1.71830776410802e+20,10.91019053,4487718.571428572,114.43,45.41,15.61,208.0,121.089996,23.709999,1.897612997,3,0.017157142014406525,0.004576969878468359,0.0014350797266514841,23801.440000000002
2014-12-08,373.155,245438,3.14995069052721e+17,7412825.0,56176182,1.71830776410802e+20,15.78243929,4488100.714285715,115.779999,43.580002,15.71,206.610001,122.57,23.66,1.897612997,3,0.015295390494686863,0.004369075847838858,0.0018331702599053096,23921.30570917
2014-12-09,357.884,221190,2.79960647700464e+17,7409275.0,56303108,1.71830776410802e+20,12.59212127,4488482.857142857,118.190002,43.990002,16.32,206.470001,123.199997,23.549999,1.897612997,3,0.015790472556861324,0.003928557549611649,0.001629281165739204,24402.689831130003
2014-12-10,348.898,224773,2.83147244520629e+17,7405700.0,56430353,1.71830776410802e+20,12.50345362,4488865.0,117.959999,42.59,16.370001000000002,203.160004,124.099998,23.42,1.897612997,3,0.016547117695916568,0.003983193229360093,0.0016478261370576521,23964.753868679993
2014-12-11,341.041,216998,2.91856945071426e+17,7402000.0,56549793,1.71830776410802e+20,11.96549856,4490776.714285715,117.690002,42.59,16.33,204.190002,124.610001,23.51,1.897612997,3,0.017199452595016127,0.0038372907925586924,0.001698513800424629,24031.121743760006
2014-12-12,348.272,219435,2.74938601869262e+17,7398475.0,56670614,1.71830776410802e+20,11.56648508,4492688.428571428,117.410004,41.68,16.299999,200.889999,126.300003,23.43,1.897612997,3,0.018620691052561686,0.0038721126261310667,0.0016000544699394039,23586.495586149995
2014-12-13,346.742,184805,2.84542894234545e+17,7394825.0,56777296,1.71830776410802e+20,10.37249204,4494600.142857143,117.410004,41.68,16.299999,200.889999,126.300003,23.43,1.897612997,3,0.017568831279154172,0.0032549102021343177,0.0016559483707055953,23586.495586149995
2014-12-14,347.348,281754,2.77368511435869e+17,7391300.0,56893767,1.71830776410802e+20,12.07562664,4496511.857142857,117.410004,41.68,16.299999,200.889999,126.300003,23.43,1.897612997,3,0.017494050832507154,0.00495228238270811,0.0016141957641671487,23586.495586149995
2014-12-15,348.6740000000001,242791,2.73427523997823e+17,7387775.0,57025734,1.71830776410802e+20,14.15068874,4498423.571428572,114.389999,41.310001,15.47,199.509995,126.040001,23.48,1.897612997,3,0.017658489585979664,0.004257569047686436,0.0015912604814409383,22821.948128540007
2014-12-16,338.547,255817,2.78077940164376e+17,7384200.0,57176999,1.71830776410802e+20,15.01735313,4500335.285714285,114.949997,41.68,15.08,197.910004,127.599998,23.309999,1.897612997,3,0.018500798449571705,0.004474124289034477,0.0016183244118013241,22749.754366069985
2014-12-17,330.536,245097,2.47042308796221e+17,7381000.0,57326158,1.69469407840478e+20,15.18390144,4502247.0,114.269997,43.52,15.1,201.789993,126.449997,23.6,1.897612997,3,0.018015551692645012,0.004275482756057017,0.0014577398478241132,23058.54189474002
2014-12-18,317.405,240244,2.47146079535834e+17,7377775.0,57459281,1.69469407840478e+20,13.73600085,4503277.714285715,115.150002,44.450001,15.25,206.779999,124.199997,23.67,1.897612997,3,0.019713641215503785,0.004181117407299266,0.001458352175092706,23810.71729841
2014-12-19,306.45999,223787,2.65559190123822e+17,7374350.0,57575726,1.69469407840478e+20,14.8596721,4504308.428571428,114.769997,46.650002,15.39,206.520004,125.870003,23.77,1.897612997,3,0.020524960295978497,0.0038868289737241,0.0015670037059065762,23702.300239519987
2014-12-20,319.196,252813,2.56615145101635e+17,7371025.0,57700958,1.69469407840478e+20,12.13819778,4505339.142857143,114.769997,46.650002,15.39,206.520004,125.870003,23.77,1.897612997,3,0.024192620576973814,0.004381435053469996,0.0015142269532397701,23702.300239519987
2014-12-21,321.89299,236906,2.58576403677445e+17,7367700.0,57810430,1.69469407840478e+20,11.33607592,4506369.857142857,114.769997,46.650002,15.39,206.520004,125.870003,23.77,1.897612997,3,0.024562965481683588,0.004097980243357471,0.001525799889032737,23702.300239519987
2014-12-22,320.03499,258713,3.07808832200043e+17,7363600.0,57949505,1.69469407840478e+20,14.0020016,4507400.571428572,112.550003,45.360001,14.99,207.470001,126.040001,23.790001,1.897612997,3,0.02446867239908343,0.004464455736075744,0.001816309126953369,23350.749234960003
2014-12-23,328.701,244775,2.90974567907143e+17,7359850.0,58086723,1.69469407840478e+20,14.15710028,4508431.285714285,112.739998,45.91,15.04,207.75,123.540001,23.91,1.897612997,3,0.024680717482604458,0.004213957809257031,0.0017169740050135662,23421.7345845
2014-12-24,332.05300000000005,189656,2.96193961612899e+17,7356025.0,58195110,1.69469407840478e+20,11.1007103,4509462.0,112.769997,45.369999,15.09,207.770004,123.949997,23.879999,1.897612997,3,0.024364189236325648,0.003258967978581018,0.0017477724468814286,23430.22272776999
2014-12-25,321.386,165986,3.05831579390483e+17,7352075.0,58279981,1.69469407840478e+20,9.31387778,4507776.0,112.769997,45.369999,15.09,207.770004,123.949997,23.879999,1.897612997,3,0.025096048442791924,0.002848079171473992,0.0018046418128655,23430.22272776999
2014-12-26,318.563,187476,2.96159373539892e+17,7348300.0,58378402,1.69469407840478e+20,19.30070793,4506090.0,114.830002,45.310001,15.35,208.440002,124.410004,23.889999,1.897612997,3,0.02403363459828771,0.0032113931450196255,0.001747568350617402,23935.165846540003
2014-12-27,320.868,209802,2.93932357243547e+17,7344475.0,58482001,1.69469407840478e+20,17.17108793,4504404.0,114.830002,45.310001,15.35,208.440002,124.410004,23.889999,1.897612997,3,0.02430555201283909,0.003587462747726433,0.0017344272396362316,23935.165846540003
2014-12-28,316.009,267702,3.22080113413187e+17,7340250.0,58584414,1.69469407840478e+20,12.28692784,4502718.0,114.830002,45.310001,15.35,208.440002,124.410004,23.889999,1.897612997,3,0.024338347509599824,0.004569508879955682,0.0019005206751908986,23935.165846540003
2014-12-29,315.64,199651,3.12888906366741e+17,7336150.0,58692617,1.69469407840478e+20,14.4376344,4501032.0,113.669998,45.490002,15.11,208.720001,125.339996,23.950001,1.897612997,3,0.024208140086579438,0.00340163738141034,0.0018462854762628554,23725.202096229998
2014-12-30,313.994,209222,3.0013053356299e+17,7332275.0,58806545,1.74551572674403e+20,13.86755078,4499346.0,115.199997,45.150002,15.58,207.600006,125.68,23.889999,1.897612997,3,0.02333667654621772,0.0035578012617473107,0.0017194375791894682,23915.520068399983
2014-12-31,309.903,179915,3.0012374067067e+17,7328475.0,58907810,1.74551572674403e+20,11.38141903,4497660.0,113.580002,44.810001,15.06,205.539993,125.919998,23.969999,1.897612997,3,0.02284808114848873,0.0030541790638626697,0.001719398662941302,23345.232816019987
2015-01-01,317.204,141053,3.28801167788622e+17,7324350.0,58980509,1.74551572674403e+20,8.05416484,4497926.285714285,113.580002,44.810001,15.06,205.539993,125.919998,23.969999,1.782941085,3,0.021451480130672683,0.002391518866003683,0.001883690663744096,23345.232816019987
2015-01-02,314.49899,208256,3.27570823234836e+17,7320225.0,59084374,1.74551572674403e+20,11.82270129,4498192.571428572,114.080002,45.029999,15.11,205.429993,127.32,24.200001,1.782941085,3,0.0191677578634022,0.0035247221202682117,0.0018766420618040777,23435.454012299982
2015-01-03,311.14099,243885,3.2363580439551e+17,7316175.0,59194085,1.74551572674403e+20,11.79841308,4498458.857142857,114.080002,45.029999,15.11,205.429993,127.32,24.200001,1.782941085,3,0.01577421404294067,0.004120090715144934,0.001854098473230023,23435.454012299982
2015-01-04,277.853,242183,3.32302546818937e+17,7311875.0,59306236,1.74551572674403e+20,21.74861782,4498725.142857143,114.080002,45.029999,15.11,205.429993,127.32,24.200001,1.782941085,3,0.03336079695705142,0.0040836009218322335,0.0019037499446584321,23435.454012299982
2015-01-05,270.813,241844,3.09587126940822e+17,7307975.0,59433331,1.74551572674403e+20,16.09135479,4498991.428571428,115.800003,43.18,15.5,201.720001,129.320007,24.25,1.782941085,3,0.033566720973021096,0.004069164489535342,0.001773614079767161,23359.176720960004
2015-01-06,272.0175,214243,3.08408799456026e+17,7304025.0,59554723,1.74551572674403e+20,12.84608123,4499257.714285715,117.120003,42.560001,15.83,199.820007,131.649994,24.299999,1.782941085,3,0.032089113788651556,0.0035974140959399645,0.0017668634818393267,23402.91981930002
2015-01-07,283.84125,202751,2.87632064199817e+17,7300525.0,59674356,1.74551572674403e+20,12.78348978,4499524.0,116.43,42.689999,15.85,202.309998,131.389999,24.389999,1.782941085,3,0.03496688205240252,0.0033976235956362896,0.001647834274952921,23554.953067140003
2015-01-08,290.485,230723,2.8842418964218e+17,7296850.0,59805490,1.74551572674403e+20,16.27746896,4501888.714285715,115.940002,43.709999,15.64,205.899994,129.649994,24.49,1.782941085,3,0.03550952397675105,0.0038578899696332224,0.0016523723345660565,23872.045716159988
2015-01-09,281.03625,238752,2.75945935707857e+17,7293350.0,59933642,1.74551572674403e+20,15.20418118,4504253.428571428,117.260002,43.369999,15.77,204.25,131.070007,24.379999,1.782941085,3,0.03617859482477826,0.003983605735156225,0.0015808848438311602,23950.3554085
2015-01-10,286.688,272269,2.93182979503162e+17,7289675.0,60057850,1.74551572674403e+20,15.25846972,4506618.142857143,117.260002,43.369999,15.77,204.25,131.070007,24.379999,1.782941085,3,0.03676948981083392,0.004533445669467022,0.0016796352791965167,23950.3554085
2015-01-11,277.64999,250233,3.03407950528557e+17,7285800.0,60169085,1.74551572674403e+20,13.53639408,4508982.857142857,117.260002,43.369999,15.77,204.25,131.070007,24.379999,1.782941085,3,0.03729221471774813,0.004158830070292743,0.0017382137890817758,23950.3554085
2015-01-12,268.10199,220428,2.8525364805841e+17,7282250.0,60292644,1.88856850481669e+20,32.94802367,4511347.571428572,118.559998,42.099998,15.87,202.649994,131.820007,24.379999,1.782941085,3,0.037820796408190784,0.0036559683798242453,0.001510422562543462,24026.18288334001
2015-01-13,243.081,255331,2.72137289512361e+17,7279100.0,60439006,1.88856850481669e+20,15.50901423,4513712.285714285,118.160004,41.779999,16.290001,202.080002,131.820007,24.450001,1.782941085,3,0.04419325097374597,0.004224606208778483,0.0014409712373064031,23877.77384464001
2015-01-14,219.128,252000,3.17233652137833e+17,7275450.0,60596003,1.88856850481669e+20,15.22479663,4516077.0,117.970001,41.91,16.129998999999998,200.860001,132.820007,24.4,1.782941085,3,0.04967485031878117,0.004158690136707532,0.0016797571882023131,23695.45451883
2015-01-15,193.3511,264141,3.20650629921876e+17,7271675.0,60755990,1.88856850481669e+20,17.25104955,4515628.285714285,120.940002,41.369999,16.15,199.020004,134.910004,24.48,1.782941085,3,0.05426084916298586,0.0043475713258890195,0.0016978501394261005,24069.47968180001
2015-01-16,220.5745,242869,2.95082194835457e+17,7268200.0,60895278,1.88856850481669e+20,14.59406088,4515179.571428572,122.519997,42.700001,16.950001,201.630005,133.190002,24.59,1.782941085,3,0.07020274887568091,0.003988305956990622,0.001562464872642248,24703.70760770999
2015-01-17,209.1655,278425,2.98109755407152e+17,7264750.0,61029833,1.88856850481669e+20,13.34222178,4514730.857142857,122.519997,42.700001,16.950001,201.630005,133.190002,24.59,1.782941085,3,0.0704377564087431,0.004562113089839194,0.0015784958535887867,24703.70760770999
2015-01-18,195.59467,244983,3.29683360416399e+17,7260925.0,61144351,1.88856850481669e+20,13.877202,4514282.142857143,122.519997,42.700001,16.950001,201.630005,133.190002,24.59,1.782941085,3,0.06717224686816999,0.004006633417369987,0.001745678589765527,24703.70760770999
2015-01-19,212.2711,253267,3.04338527393551e+17,7257325.0,61275153,1.88856850481669e+20,14.34755742,4513833.428571428,122.519997,42.700001,16.950001,201.630005,133.190002,24.59,1.782941085,3,0.0729901724402917,0.004133274053187594,0.0016114772994326248,24703.70760770999
2015-01-20,211.5401,226129,2.56215460884786e+17,7254375.0,61406125,1.88856850481669e+20,14.37349806,4513384.714285715,124.199997,42.720001,17.18,202.059998,134.96000700000002,24.690001,1.782941085,3,0.07283895048007438,0.003682515384255235,0.0013566649037687673,25095.851145420005
2015-01-21,212.28249,225539,3.17249018836387e+17,7250650.0,61538176,1.88856850481669e+20,13.40029971,4512936.0,124.230003,43.549999,17.370001000000002,203.080002,133.399994,24.620001,1.782941085,3,0.07106988658746478,0.0036650257557195066,0.0016798385551133614,25228.629257700006
2015-01-22,230.6754,223559,2.91826051496295e+17,7247275.0,61667720,1.88856850481669e+20,13.40410002,4511097.142857143,125.230003,43.740002,17.610001,206.100006,132.919998,24.99,1.782941085,3,0.07558119660124134,0.0036252191584186994,0.0015452235423391244,25809.904369680018
2015-01-23,226.30419,215453,2.61831948342206e+17,7244175.0,61784237,1.88856850481669e+20,13.68235392,4509258.285714285,124.230003,43.380001,17.51,204.970001,134.770004,25.209999,1.782941085,3,0.07543736705566917,0.003487183955998356,0.0013864042933810345,25463.423839140003
2015-01-24,231.4242,204912,2.74593096628051e+17,7241025.0,61888510,1.88856850481669e+20,11.54826012,4507419.428571428,124.230003,43.380001,17.51,204.970001,134.770004,25.209999,1.782941085,3,0.07552898818846071,0.0033109861588201104,0.0014539747746916058,25463.423839140003
2015-01-25,251.606,320544,2.70711278269444e+17,7237900.0,62012946,1.88856850481669e+20,13.306376,4505580.571428572,124.230003,43.380001,17.51,204.970001,134.770004,25.209999,1.782941085,3,0.07976287720660338,0.005168985198671258,0.0014334204852988375,25463.423839140003
2015-01-26,283.59769,261120,2.69017800185874e+17,7234725.0,62153865,1.88856850481669e+20,16.01810841,4503741.714285715,122.989998,44.0,17.129998999999998,205.449997,134.360001,25.17,1.782941085,3,0.08605751548015435,0.0042011868449371575,0.0014244534921542898,25268.294720130005
2015-01-27,258.5374,250796,3.1100524143393e+17,7231025.0,62295094,1.77265643589656e+20,14.03022961,4501902.857142857,124.400002,44.0,17.33,202.740005,134.570007,24.93,1.782941085,3,0.08557107963887355,0.004025935011832553,0.0017544586482525716,25220.85702748001
2015-01-28,257.447,200221,3.27249826069426e+17,7226900.0,62392829,1.77265643589656e+20,11.59256582,4500064.0,123.419998,42.23,17.23,200.139999,136.770004,25.08,1.782941085,3,0.07983819379098589,0.0032090386541055865,0.0018460984285649927,24701.278276300003
2015-01-29,235.948,213560,3.25669794534414e+17,7222800.0,62503909,1.77265643589656e+20,12.23134655,4500104.571428572,120.760002,42.32,16.24,201.990005,135.869995,25.1,1.782941085,3,0.07536040754183236,0.003416746303019224,0.0018371850739915057,24392.31340778001
2015-01-30,233.141,193692,2.78729092637982e+17,7219350.0,62601222,1.77265643589656e+20,11.21422969,4500145.142857143,123.449997,42.720001,16.540001,199.449997,138.279999,25.129999,1.782941085,3,0.06750088779446234,0.003094061007307493,0.0015723807896086117,24622.101531300006
2015-01-31,226.94116,276472,3.32532086154331e+17,7215200.0,62735294,1.77265643589656e+20,12.52130893,4500185.714285715,123.449997,42.720001,16.540001,199.449997,138.279999,25.129999,1.782941085,3,0.06614825880378294,0.004406961095934292,0.001875896983874067,24622.101531300006
2015-02-01,216.66066,250937,3.08793926166811e+17,7211325.0,62846061,1.77265643589656e+20,11.21454393,4500226.285714285,123.449997,42.720001,16.540001,199.449997,138.279999,25.129999,1.829469698,3,0.06460516844298007,0.0039928834998903115,0.0017419840636554692,24622.101531300006
2015-02-02,229.80441,226432,3.17515741379273e+17,7207350.0,62964436,1.77265643589656e+20,12.46050215,4500266.857142857,122.419998,44.0,16.469998999999998,201.919998,137.479996,25.08,1.829469698,3,0.06283769891898079,0.0035961888072816215,0.00179118601297765,24719.045751320005
2015-02-03,237.65175,240736,2.55093160979075e+17,7204175.0,63100692,1.77265643589656e+20,13.07488376,4500307.428571428,121.050003,45.279999,16.549999,204.839996,134.570007,24.790001,1.829469698,3,0.0632025578248973,0.003815108715448002,0.0014390445650572783,24795.88213031999
2015-02-04,225.83858,231084,3.18924112097801e+17,7200200.0,63232533,1.77265643589656e+20,12.57715341,4500348.0,121.580002,44.490002,16.629998999999998,204.059998,134.800003,24.940001,1.829469698,3,0.06516874294137015,0.003654511199163886,0.0017991309857879943,24809.614964959994
2015-02-05,226.554,215084,3.24094902959263e+17,7196225.0,63352911,1.77265643589656e+20,12.09566718,4500539.0,121.790001,45.189999,16.58,206.119995,133.320007,24.76,1.829469698,3,0.06112187718771961,0.0033950136876898995,0.0018283007152220384,25103.354397169995
2015-02-06,219.75625,232338,3.5011626177657e+17,7191800.0,63474160,1.77265643589656e+20,11.70807312,4500730.0,118.639999,45.200001,16.030001000000002,205.550003,130.96000700000002,25.059999,1.829469698,3,0.061450538524002986,0.003660355647085365,0.0019750937332619167,24386.452150369998
2015-02-07,225.46666,195166,3.18239926504023e+17,7187825.0,63579990,1.77265643589656e+20,11.76433401,4500921.0,118.639999,45.200001,16.030001000000002,205.550003,130.96000700000002,25.059999,1.829469698,3,0.06155720167584923,0.003069613568671527,0.0017952713230810918,24386.452150369998
2015-02-08,225.73291,292215,2.69084672529665e+17,7184525.0,63688847,1.77265643589656e+20,11.7527563,4501112.0,118.639999,45.200001,16.030001000000002,205.550003,130.96000700000002,25.059999,1.829469698,3,0.05648601717480161,0.004588165962558562,0.0015179741944386957,24386.452150369998
2015-02-09,222.78408,231491,3.26394669306739e+17,7180500.0,63815964,1.90934557688343e+20,14.88796877,4501303.0,119.169998,45.279999,16.32,204.630005,130.75,25.040001,1.829469698,3,0.042971915433406595,0.0036274779144604007,0.001709458325713377,24385.757286589993
2015-02-10,220.16725,231734,3.17353743863723e+17,7176900.0,63939286,1.90934557688343e+20,14.33710661,4501494.0,118.470001,45.150002,16.190001000000002,206.809998,129.71000700000002,25.07,1.829469698,3,0.03711029004596256,0.003624281947721468,0.0016621074136916084,24500.780669869997
2015-02-11,223.00366,233426,3.41367387264868e+17,7172950.0,64068233,1.90934557688343e+20,14.40657851,4501685.0,117.07,44.869999,16.08,206.929993,129.949997,25.16,1.829469698,3,0.03764134786200041,0.0036433968765768833,0.001787876387584442,24225.29428051
2015-02-12,218.72833,231138,2.69023803131886e+17,7169975.0,64196524,1.90934557688343e+20,12.55298681,4500994.428571428,117.339996,45.52,16.15,208.919998,129.520004,24.92,1.829469698,3,0.03070083578773097,0.0036004753154547744,0.0014089843472495213,24514.671729640006
2015-02-13,223.96716,308441,3.14636118043071e+17,7166350.0,64363203,1.90934557688343e+20,17.42269239,4500303.857142857,117.980003,46.470001,16.540001,209.77999900000003,128.190002,24.91,1.829469698,3,0.031580314035071874,0.0047921946954690865,0.0016478741295048458,24749.84491136
2015-02-14,237.65716,261960,3.53656192611133e+17,7162325.0,64487142,1.90934557688343e+20,15.01567083,4499613.285714285,117.980003,46.470001,16.540001,209.77999900000003,128.190002,24.91,1.829469698,3,0.03477591512615937,0.004062205144709312,0.001852237734713251,24749.84491136
2015-02-15,256.21758,347674,2.9796943569689e+17,7158825.0,64612126,1.90934557688343e+20,13.82078432,4498922.714285715,117.980003,46.470001,16.540001,209.77999900000003,128.190002,24.91,1.829469698,3,0.03655420341617871,0.005380940413568809,0.0015605841043361932,24749.84491136
2015-02-16,230.1355,265743,3.48012184741399e+17,7154900.0,64745541,1.90934557688343e+20,15.3766672,4498232.142857143,117.980003,46.470001,16.540001,209.77999900000003,128.190002,24.91,1.829469698,3,0.04594008935086721,0.0041044216465810366,0.0018226778271822814,24749.84491136
2015-02-17,235.71275,272269,3.23503816144496e+17,7151175.0,64890812,1.90934557688343e+20,15.96837665,4497541.571428572,116.010002,46.549999,15.83,210.110001,126.260002,24.879999,1.829469698,3,0.045469915393453686,0.004195802018936055,0.0016943177812396956,24374.86163623
2015-02-18,242.93183,249911,3.56197313768776e+17,7147000.0,65024488,1.90934557688343e+20,14.96619549,4496851.0,116.339996,45.959999,15.75,210.130005,127.010002,24.889999,1.829469698,3,0.04368833928433172,0.003843336682635625,0.0018655465939810992,24446.52394117998
2015-02-19,237.1035,213790,3.60163821007079e+17,7142850.0,65141062,1.90934557688343e+20,13.58169837,4495404.428571428,115.940002,45.650002,15.7,209.979996,126.169998,24.98,1.829469698,3,0.044397422823848065,0.0032819544759647916,0.0018863207654371507,24345.081156199994
2015-02-20,241.07183,248078,3.41162781475564e+17,7138900.0,65266684,1.90934557688343e+20,15.10495925,4493957.857142857,115.279999,45.459999,15.54,211.240005,126.540001,24.959999,1.829469698,3,0.04341917824402828,0.0038009897974899415,0.0017868047859226942,24351.747565159996
2015-02-21,245.70566,271106,3.11368312643492e+17,7135350.0,65384512,1.90934557688343e+20,12.94726109,4492511.285714285,115.279999,45.459999,15.54,211.240005,126.540001,24.959999,1.829469698,3,0.043231644588510754,0.004146333614908681,0.0016307593366714135,24351.747565159996
2015-02-22,245.145,273313,3.30997174690265e+17,7131575.0,65496301,2.00507869515072e+20,12.35815172,4491064.714285715,115.279999,45.459999,15.54,211.240005,126.540001,24.959999,1.829469698,3,0.04327211868107135,0.004172953217617587,0.0016507939338779132,24351.747565159996
2015-02-23,235.14141,250312,3.23914874529468e+17,7128025.0,65627531,2.00507869515072e+20,14.52475248,4489618.142857143,115.43,45.209999,15.63,211.210007,127.989998,25.030001,1.829469698,3,0.044878502228770295,0.0038141309932869486,0.0016154721274175207,24379.97110801
2015-02-24,238.93183,236075,2.98819477667767e+17,7124800.0,65760190,2.00507869515072e+20,14.41178545,4488171.571428572,115.260002,45.330002,15.56,211.809998,129.669998,24.98,1.829469698,3,0.04474670148628561,0.0035899379244494277,0.001490312965722799,24413.220793099998
2015-02-25,238.15225,231371,3.55581780241545e+17,7120825.0,65893925,2.00507869515072e+20,15.23357961,4486725.0,115.699997,45.59,15.83,211.630005,130.229996,24.93,1.829469698,3,0.044760566830181175,0.00351126450579473,0.001773405607976979,24485.590943609986
2015-02-26,235.67716,226815,3.42042970366091e+17,7117075.0,66024844,2.00507869515072e+20,14.09722225,4486847.571428572,116.07,44.82,15.84,211.380005,128.449997,25.190001,1.829469698,3,0.04445455957364132,0.0034352977797266738,0.0017058830219149074,24534.87718035
2015-02-27,251.28908,241012,3.45714987650339e+17,7113275.0,66155936,2.00507869515072e+20,14.39065266,4486970.142857143,116.160004,44.689999,15.87,210.660004,129.529999,25.200001,1.829469698,3,0.046982858429445856,0.003643089563421792,0.001724196603786426,24470.266907280016
2015-02-28,251.03416,282027,3.23749132652683e+17,7109750.0,66266394,2.00507869515072e+20,13.49989157,4487092.714285715,116.160004,44.689999,15.87,210.660004,129.529999,25.200001,1.829469698,3,0.04464324082038325,0.00425595815580368,0.0016146455170845404,24470.266907280016
2015-03-01,251.9314,276357,3.21175978903103e+17,7106225.0,66381679,2.00507869515072e+20,13.97061238,4487215.285714285,116.160004,44.689999,15.87,210.660004,129.529999,25.200001,1.79060488,3,0.03967281135128582,0.004163151703348751,0.0016018123362432936,24470.266907280016
2015-03-02,258.8485,282203,3.61741591780734e+17,7102275.0,66525600,2.00507869515072e+20,15.3940228,4487337.857142857,115.68,44.34,15.66,211.990005,126.870003,25.25,1.79060488,3,0.025872153899088805,0.004242021116682901,0.001804126654258536,24523.0037784
2015-03-03,270.7625,267105,3.56021794742666e+17,7098325.0,66674152,2.00507869515072e+20,15.6440078,4487460.428571428,115.470001,44.52,15.58,211.119995,126.410004,25.24,1.79060488,3,0.02741144016421716,0.004006125192263413,0.0017756001078845641,24378.026033769995
2015-03-04,278.1172,241109,3.24588951829399e+17,7094825.0,66806390,2.00507869515072e+20,14.53469909,4487583.0,115.110001,44.43,15.49,210.229996,126.449997,25.370001,1.79060488,3,0.02723419027190739,0.0036090709286940963,0.0016188339770125575,24199.575049789997
2015-03-05,269.2606,257007,2.95104516551891e+17,7091525.0,66951113,2.00507869515072e+20,14.89058476,4487825.285714285,115.0,44.169998,15.53,210.460007,126.290001,25.49,1.79060488,3,0.028081202204604847,0.0038387263255802782,0.0014717852085586508,24202.900804999997
2015-03-06,274.8977,236856,3.42728702295209e+17,7087825.0,67077083,2.00507869515072e+20,16.76618435,4488067.571428572,111.860001,43.400002,15.19,207.5,123.5,25.799999,1.79060488,3,0.02818742488824634,0.0035311016729812177,0.001709302997054918,23210.9502075
2015-03-07,270.86109,256258,3.18255634526151e+17,7084325.0,67188461,2.00507869515072e+20,13.06858102,4488309.857142857,111.860001,43.400002,15.19,207.5,123.5,25.799999,1.79060488,3,0.028740339916032243,0.0038140180052643265,0.0015872475992880068,23210.9502075
2015-03-08,276.72789,269010,3.52201877354108e+17,7080425.0,67289302,2.03699797442277e+20,13.21540516,4488552.142857143,111.860001,43.400002,15.19,207.5,123.5,25.799999,1.79060488,3,0.028852009816953857,0.003997812311977913,0.0017290241903844428,23210.9502075
2015-03-09,277.98519,259330,3.27806383760845e+17,7076825.0,67419389,2.03699797442277e+20,15.72043904,4488794.428571428,111.970001,43.150002,15.1,208.360001,124.639999,25.799999,1.79060488,3,0.025045002908333277,0.0038465195820745275,0.0016092621979839543,23330.069520330002
2015-03-10,294.1886,249377,3.52566262938125e+17,7073025.0,67560075,2.03699797442277e+20,15.35729233,4489036.714285715,111.419998,42.5,15.02,204.979996,126.279999,26.07,1.79060488,3,0.027759621505771367,0.0036911889159388883,0.0017308130266454128,22838.87074436001
2015-03-11,289.7149,251449,3.59402962846267e+17,7069175.0,67700533,2.03699797442277e+20,15.32225806,4489279.0,110.75,42.630001,14.84,204.5,127.199997,26.360001,1.79060488,3,0.028541209055753265,0.0037141361944668886,0.0017643756516160113,22648.375
2015-03-12,292.8678,247135,3.00852040823684e+17,7065900.0,67833591,2.03699797442277e+20,14.00767054,4490223.142857143,110.720001,42.419998,14.92,207.100006,127.110001,26.219999,1.79060488,3,0.027693301027365193,0.0036432539742736014,0.0014769383406428632,22930.112871420006
2015-03-13,293.224,241493,3.42806413769494e+17,7062275.0,67961749,2.03699797442277e+20,13.70402241,4491167.285714285,110.879997,42.209999,14.9,205.830002,126.720001,26.49,1.79060488,3,0.024063265403261206,0.003553366467952436,0.0016829001210304888,22822.430004269994
2015-03-14,282.644,259425,3.06340100391908e+17,7058975.0,68081734,2.03699797442277e+20,12.34936058,4492111.428571428,110.879997,42.209999,14.9,205.830002,126.720001,26.49,1.79060488,3,0.027137254479364298,0.003810493428384183,0.0015038802406208403,22822.430004269994
2015-03-15,283.0809,255658,3.35944446120838e+17,7055400.0,68183522,2.03699797442277e+20,11.9740388,4493055.571428572,110.879997,42.209999,14.9,205.830002,126.720001,26.49,1.79060488,3,0.02717074326819542,0.0037495569677377474,0.0016492134520459478,22822.430004269994
2015-03-16,290.61579,261560,3.23477074916047e+17,7051925.0,68313437,2.03699797442277e+20,15.13383473,4493999.714285715,110.809998,42.720001,14.99,208.580002,127.940002,26.290001,1.79060488,3,0.027128209373360756,0.003828822139339878,0.0015880088197324379,23112.749604459994
2015-03-17,290.5420000000001,225723,2.96411873864439e+17,7048725.0,68438212,2.03699797442277e+20,14.10203756,4494943.857142857,110.209999,42.529999,14.9,207.960007,129.0,26.299999,1.79060488,3,0.025029886918773427,0.00329820130309658,0.001455140739393391,22919.27216350999
2015-03-18,283.7507,250127,3.51531379104744e+17,7044900.0,68558852,2.03699797442277e+20,15.16419516,4495888.0,112.370003,43.759998,15.36,210.460007,131.490005,25.780001,1.79060488,3,0.025285972899699343,0.0036483545552950625,0.001725732590403574,23649.39161797002
2015-03-19,252.44789,269390,3.16497745929548e+17,7041475.0,68690519,2.03699797442277e+20,16.48516776,4493704.428571428,112.290001,43.02,15.44,209.5,130.820007,26.17,1.79060488,3,0.03986509091261725,0.003921793049780276,0.0015537460022228785,23524.7552095
2015-03-20,263.4741,238534,3.1741300731169e+17,7038075.0,68822495,2.03699797442277e+20,16.0965401,4491520.857142857,113.57,43.630001,16.0,210.410004,131.509995,25.82,1.79060488,3,0.041348864965636264,0.0034659307251211978,0.0015582391897156216,23896.264154279997
2015-03-21,259.913,244860,3.50850008712132e+17,7034300.0,68934505,2.03699797442277e+20,13.25657744,4489337.285714285,113.57,43.630001,16.0,210.410004,131.509995,25.82,1.79060488,3,0.04132414653661081,0.0035520672847364322,0.0017223876170596258,23896.264154279997
2015-03-22,259.3943,273623,3.31307118759555e+17,7030750.0,69047386,2.0065034787327e+20,13.13911317,4487153.714285715,113.57,43.630001,16.0,210.410004,131.509995,25.82,1.79060488,3,0.04073123535633783,0.0039628292373008875,0.0016511664309139763,23896.264154279997
2015-03-23,267.5549,260579,3.25939083849122e+17,7027125.0,69179216,2.0065034787327e+20,17.57202944,4484970.142857143,114.290001,43.490002,16.299999,210.0,131.350006,25.540001,1.79060488,3,0.041787715865607894,0.0037667238090700536,0.0016244132507309873,24000.90021
2015-03-24,265.273,222131,3.9738200384733e+17,7022800.0,69300519,2.0065034787327e+20,13.68366895,4482786.571428572,114.57,43.18,16.280001000000002,208.820007,132.619995,25.620001,1.79060488,3,0.03813379528062206,0.003205329530071773,0.0019804700468215235,23924.50820199
2015-03-25,246.6733,223820,3.73423051402918e+17,7018750.0,69425955,2.0065034787327e+20,15.77234281,4480603.0,114.730003,43.43,16.24,205.759995,131.5,25.549999,1.79060488,3,0.04194416324686126,0.0032238663479674137,0.0018610635633623251,23606.844843629984
2015-03-26,245.6489,230393,3.40342580113737e+17,7015050.0,69548832,2.0065034787327e+20,14.52750048,4480773.857142857,115.480003,43.419998,16.299999,205.270004,129.449997,25.639999,1.79060488,3,0.041520040074284364,0.003312679643563245,0.0016961973090058938,23704.58067773001
2015-03-27,246.5497,231983,3.91479371171536e+17,7010775.0,69675550,2.0065034787327e+20,13.97818158,4480944.714285715,115.059998,43.060001,16.219998999999998,205.740005,131.059998,25.66,1.79060488,3,0.041587514602295414,0.003329474973645705,0.0019510525415026585,23672.444563819987
2015-03-28,248.4467,236238,3.47503410939478e+17,7007075.0,69782979,2.0065034787327e+20,12.58691333,4481115.571428572,115.059998,43.060001,16.219998999999998,205.740005,131.059998,25.66,1.79060488,3,0.041278769658983715,0.0033853240917101003,0.0017318854147163494,23672.444563819987
2015-03-29,246.728,278745,3.48762874041289e+17,7003250.0,69892178,2.0065034787327e+20,12.76426269,4481286.428571428,115.059998,43.060001,16.219998999999998,205.740005,131.059998,25.66,1.79060488,3,0.041170839581861074,0.003988214532390163,0.0017381623193674517,23672.444563819987
2015-03-30,245.1133,259574,3.20023692582492e+17,6999700.0,70030614,2.0065034787327e+20,15.45788621,4481457.285714285,113.75,43.950001,15.98,208.25,130.410004,25.860001,1.79060488,3,0.03987170602368482,0.0037065789541699578,0.001594932159223655,23688.4375
2015-03-31,247.2639,267708,3.42578220963743e+17,6995950.0,70177502,2.0065034787327e+20,16.30322108,4481628.142857143,113.660004,43.599998,15.93,206.429993,130.690002,25.9,1.79060488,3,0.040149664785425504,0.003814726833679546,0.0017073392824622166,23462.83383009997
2015-04-01,243.3028,267874,3.0180204787283e+17,6992650.0,70337408,2.0065034787327e+20,16.83868407,4481799.0,115.599998,43.720001,16.23,205.699997,132.130005,25.91,1.82561695,2,0.04002516344885489,0.0038084144357437796,0.0015041192356339548,23778.919241800006
2015-04-02,246.96,260145,3.785124236844769e+17,6988550.0,70487709,2.0065034787327e+20,15.69228121,4482030.428571428,115.279999,43.82,16.02,206.440002,130.729996,25.709999,1.82561695,2,0.02637027433313689,0.0036906434283457846,0.0018864279464072694,23798.403224119997
2015-04-03,252.0578,237447,3.30624127188054e+17,6984850.0,70617549,2.0065034787327e+20,14.9398179,4482261.857142857,115.279999,43.82,16.02,206.440002,130.729996,25.709999,1.82561695,2,0.0240581382103913,0.00336243615591926,0.001647762541617296,23798.403224119997
2015-04-04,253.4334,249094,3.46132200112866e+17,6981025.0,70729772,2.0065034787327e+20,13.74643295,4482493.285714285,115.279999,43.82,16.02,206.440002,130.729996,25.709999,1.82561695,2,0.023960536597778245,0.0035217701535924647,0.0017250515824247749,23798.403224119997
2015-04-05,252.0256,269264,3.56413980980407e+17,6977325.0,70834499,2.12370630911236e+20,14.83959852,4482724.714285715,115.279999,43.82,16.02,206.440002,130.729996,25.709999,1.82561695,2,0.023981782728618617,0.0038013115614751506,0.0016782639833535947,23798.403224119997
2015-04-06,260.3589,248717,3.05820698699579e+17,6974175.0,70963376,2.12370630911236e+20,16.08612337,4482956.142857143,116.690002,44.669998,16.27,207.830002,130.0,25.51,1.82561695,2,0.024149552709699765,0.0035048642556126416,0.0014400329150380594,24251.683349040006
2015-04-07,252.0909,261904,3.63746685956322e+17,6970375.0,71106251,2.12370630911236e+20,15.6944422,4483187.571428572,116.110001,44.77,16.15,207.279999,131.089996,25.799999,1.82561695,2,0.025445589219938742,0.003683276734699457,0.0017127918507166663,24067.280891169998
2015-04-08,252.8629,254951,3.07587380382417e+17,6967250.0,71251962,2.12370630911236e+20,16.1527751,4483419.0,115.470001,44.310001,15.81,207.979996,131.130005,25.84,1.82561695,2,0.015893250519772032,0.0035781611178650773,0.001448351775679277,24015.450346099995
2015-04-09,244.0449,246680,3.20841641519786e+17,6963925.0,71394205,2.12370630911236e+20,18.87801779,4483697.142857143,114.669998,44.970001,15.51,208.899994,129.429993,26.110001,1.82561695,2,0.01874348581535289,0.0034551823919042168,0.0015107627648094492,23954.561894180013
2015-04-10,240.9478,257423,3.61142216711132e+17,6960125.0,71535920,2.12370630911236e+20,27.80415534,4483975.285714285,115.970001,45.200001,15.77,210.039993,129.619995,26.17,1.82561695,2,0.018978116680997414,0.003598513865481845,0.001700528058712966,24358.338198249992
2015-04-11,236.4388,270733,3.37054203303137e+17,6956625.0,71659469,2.12370630911236e+20,16.6150047,4484253.428571428,115.970001,45.200001,15.77,210.039993,129.619995,26.17,1.82561695,2,0.019300760643801235,0.003778049206588455,0.0015871036492047465,24358.338198249992
2015-04-12,236.5542,254967,3.11001999366613e+17,6953425.0,71768438,2.12370630911236e+20,14.10159871,4484531.571428572,115.970001,45.200001,15.77,210.039993,129.619995,26.17,1.82561695,2,0.019302129061156203,0.0035526340980139488,0.0014644303594718879,24358.338198249992
2015-04-13,235.522,274722,3.7739296040545e+17,6949525.0,71911793,2.12370630911236e+20,17.27967925,4484809.714285715,115.139999,44.810001,15.6,209.089996,129.800003,26.209999,1.82561695,2,0.01927991829490652,0.003820263527569115,0.0017770487321440785,24074.621930350007
2015-04-14,222.6009,257890,3.6276452521867e+17,6945800.0,72049540,2.12370630911236e+20,16.02169132,4485087.857142857,114.440002,45.650002,15.51,209.490005,130.720001,26.01,1.82561695,2,0.023639615985539444,0.0035793427688781913,0.0017081671023065979,23974.03659118001
2015-04-15,220.9126,226461,2.95244908793468e+17,6942750.0,72173631,2.12370630911236e+20,15.47774603,4485366.0,115.43,46.700001,15.63,210.429993,130.610001,25.889999,1.82561695,2,0.023509239871858805,0.003137724912302112,0.0013902341746909004,24289.934091990002
2015-04-16,226.0171,225817,3.35072852749678e+17,6939300.0,72297001,2.12370630911236e+20,14.03218749,4485984.428571428,115.029999,46.540001,15.57,210.369995,129.96000700000002,25.690001,1.82561695,2,0.024161195920754146,0.0031234628944013876,0.00157777396672955,24198.860314480004
2015-04-17,227.9255,231643,3.0562509416835e+17,6936150.0,72418365,2.12370630911236e+20,14.66698599,4486602.857142857,115.599998,46.110001,15.56,207.949997,131.449997,25.629999,1.82561695,2,0.02333635489745411,0.003198677573016182,0.0014391118623934933,24039.019237300006
2015-04-18,223.317,251797,3.51495398733057e+17,6932500.0,72526134,2.12370630911236e+20,13.32714608,4487221.285714285,115.599998,46.110001,15.56,207.949997,131.449997,25.629999,1.82561695,2,0.023283383936812837,0.0034718105889940307,0.0016551036140207665,24039.019237300006
2015-04-19,223.4062,270032,3.46821976509872e+17,6928875.0,72631448,2.04485817529457e+20,12.99562204,4487839.714285715,115.599998,46.110001,15.56,207.949997,131.449997,25.629999,1.82561695,2,0.02340608330043634,0.003717838586943771,0.00169606861101705,24039.019237300006
2015-04-20,223.9214,249563,3.55731958559672e+17,6925025.0,72760669,2.04485817529457e+20,17.01682374,4488458.142857143,114.720001,46.349998,15.29,209.850006,130.28999299999998,25.780001,1.82561695,2,0.02053757403670652,0.003429916236751479,0.0017396412272378129,24073.992898170007
2015-04-21,224.9815,245269,3.60636866529192e+17,6921200.0,72895754,2.04485817529457e+20,15.43035927,4489076.571428572,115.379997,45.830002,15.32,209.600006,129.699997,25.809999,1.82561695,2,0.019929092453030456,0.0033646541333532264,0.0017636277707975558,24183.648063479985
2015-04-22,235.50369,262585,3.49878925936304e+17,6917400.0,73034807,2.04485817529457e+20,15.864116,4489695.0,113.830002,46.110001,15.11,210.630005,127.720001,25.809999,1.82561695,2,0.0245049021292587,0.0035953405066162496,0.0017110180557431693,23976.01389041001
2015-04-23,234.15749,262719,3.05599184692304e+17,6914150.0,73171922,2.04485817529457e+20,15.85553042,4487095.571428572,114.660004,46.459999,15.21,211.160004,128.270004,25.620001,1.82561695,2,0.022901872371500803,0.0035904345932036607,0.0014944761860967754,24211.606903280015
2015-04-24,233.40079,259408,2.90562663278398e+17,6911050.0,73306241,2.04485817529457e+20,15.60361285,4484496.142857143,113.050003,46.119999,15.06,211.649994,129.070007,25.52,1.82561695,2,0.022728569674213894,0.003538689154720128,0.0014209428643457943,23927.03245664998
2015-04-25,228.92379,265437,3.7896159648568e+17,6906975.0,73426278,2.04485817529457e+20,99.35690506,4481896.714285715,113.050003,46.119999,15.06,211.649994,129.070007,25.52,1.82561695,2,0.022755740538860078,0.0036150136876064998,0.001853241467130546,23927.03245664998
2015-04-26,219.94549,274844,3.43441154730013e+17,6903375.0,73539762,2.04485817529457e+20,13.43856985,4479297.285714285,113.050003,46.119999,15.06,211.649994,129.070007,25.52,1.82561695,2,0.024850646098255238,0.003737352318328145,0.0016795353285591014,23927.03245664998
2015-04-27,219.19029,254909,3.09515495371122e+17,6899950.0,73677195,2.04485817529457e+20,15.72423382,4476697.857142857,115.330002,46.110001,15.66,210.770004,129.070007,25.440001,1.82561695,2,0.024854287526639936,0.003459808696571578,0.0015136281777905457,24308.104982860008
2015-04-28,227.3867,254137,3.60657652994962e+17,6896125.0,73815819,2.04485817529457e+20,16.15746744,4474098.428571428,116.330002,46.360001,15.87,211.440002,127.290001,25.280001,1.82561695,2,0.02241435025552488,0.003442852811807182,0.0017637294231567322,24596.81585554
2015-04-29,225.3545,260698,2.96620280818726e+17,6892950.0,73960870,2.04485817529457e+20,16.87860527,4471499.0,115.510002,46.740002,15.81,210.570007,125.730003,25.059999,1.82561695,2,0.022460020576358892,0.0035248098082134513,0.0014505665204678398,24322.941929710014
2015-04-30,225.9976,245968,3.11118044678247e+17,6889600.0,74100400,2.04485817529457e+20,16.73387524,4471671.0,113.470001,46.59,15.43,208.460007,125.949997,24.91,1.82561695,2,0.02161282520091642,0.0033193882894019464,0.0015214651482293104,23653.957202750003
2015-05-01,236.6827,222745,3.4406435873533e+17,6885900.0,74224032,2.04485817529457e+20,13.73766087,4471843.0,113.080002,46.720001,15.47,210.720001,124.0,25.030001,1.791577917,2,0.024860121640110443,0.0030009822155713664,0.0016825829922692127,23828.21813452
2015-05-02,233.8511,268048,3.43622569981369e+17,6882225.0,74344665,2.04485817529457e+20,13.99169181,4472015.0,113.080002,46.720001,15.47,210.720001,124.0,25.030001,1.791577917,2,0.02435590409599884,0.0036054772726462616,0.0016804225062301392,23828.21813452
2015-05-03,236.2378,247478,3.31991794581982e+17,6878725.0,74443518,2.04626836356777e+20,12.34368977,4472187.0,113.080002,46.720001,15.47,210.720001,124.0,25.030001,1.791577917,2,0.02440626019278048,0.0033243727143577495,0.0016224254867682065,23828.21813452
2015-05-04,240.3646,257173,2.95887247700178e+17,6875500.0,74571619,2.04626836356777e+20,15.10627218,4472359.0,114.099998,46.619999,15.7,211.320007,122.830002,25.1,1.791577917,2,0.024655110420304018,0.003448671269963979,0.0014459845686334318,24111.612376059988
2015-05-05,235.6033,262609,3.61402979516528e+17,6871650.0,74717203,2.04626836356777e+20,16.32255227,4472531.0,114.419998,46.049999,15.81,208.899994,122.660004,25.030001,1.791577917,2,0.02555089113781246,0.0035147059774172755,0.0017661563163025404,23902.33689568001
2015-05-06,235.6017,271987,3.728530274611649e+17,6867625.0,74865819,2.04626836356777e+20,15.78427708,4472703.0,114.360001,45.889999,15.77,208.039993,120.559998,24.75,1.791577917,2,0.022446107483982743,0.0036329930485366094,0.0018221120655507632,23791.453807519993
2015-05-07,230.4207,261264,3.34098170732704e+17,6864100.0,75008675,2.04626836356777e+20,15.99528963,4476772.285714285,113.419998,45.380001,15.6,208.869995,122.18,24.879999,1.791577917,2,0.023192935516545485,0.0034831171194531834,0.001632719230190254,23690.03441516001
2015-05-08,237.05900000000003,296068,3.47752486330968e+17,6860350.0,75150457,2.04626836356777e+20,16.57046441,4480841.571428572,113.970001,46.130001,15.76,211.619995,122.510002,24.91,1.791577917,2,0.02447963325843508,0.003939669987635604,0.0016994471132058377,24118.331041769994
2015-05-09,244.6989,234770,3.02733664659949e+17,6857125.0,75267417,2.04626836356777e+20,13.34743823,4484910.857142857,113.970001,46.130001,15.76,211.619995,122.510002,24.91,1.791577917,2,0.02499440220022098,0.003119145167423508,0.00147944262859109,24118.331041769994
2015-05-10,241.516,270181,3.02341845993772e+17,6853900.0,75374776,2.04626836356777e+20,15.5854514,4488980.142857143,113.970001,46.130001,15.76,211.619995,122.510002,24.91,1.791577917,2,0.022160315546197466,0.0035845015313876356,0.0014775278325010318,24118.331041769994
2015-05-11,239.4036,266033,3.65479416522018e+17,6849950.0,75517368,2.04626836356777e+20,17.33158914,4493049.428571428,113.529999,45.330002,15.57,210.610001,119.529999,24.99,1.791577917,2,0.022392959120778714,0.0035228055087936855,0.001786077637855802,23910.55320292
2015-05-12,240.00079,273863,3.52861672608426e+17,6846200.0,75664501,2.04626836356777e+20,16.05606726,4497118.714285715,114.5,45.549999,15.81,209.979996,119.839996,24.85,1.791577917,2,0.020615177132507753,0.00361943839423457,0.0017244154231715447,24042.709542
2015-05-13,241.3529,248544,3.770164398448449e+17,6842150.0,75801516,2.04626836356777e+20,15.48162095,4501188.0,116.550003,45.389999,16.35,210.020004,118.879997,24.629999,1.791577917,2,0.020282603614777083,0.003278879013448755,0.0018424584309532997,24477.832096260012
2015-05-14,235.5478,237771,3.5760119832668e+17,6838325.0,75935305,2.04626836356777e+20,14.06091765,4498216.0,117.18,45.389999,16.65,212.210007,119.199997,24.549999,1.791577917,2,0.021743696643295892,0.0031312312500753107,0.0017475772224870088,24866.76862026
2015-05-15,237.5737,246249,3.38199556390077e+17,6834625.0,76068630,2.04626836356777e+20,15.12186504,4495244.0,117.529999,45.540001,16.75,212.440002,121.589996,24.51,1.791577917,2,0.017989038175403798,0.00323719514864406,0.0016527624744215336,24968.073222619998
2015-05-16,236.657,263189,3.07041438645628e+17,6831325.0,76194980,2.04626836356777e+20,13.11363793,4492272.0,117.529999,45.540001,16.75,212.440002,121.589996,24.51,1.791577917,2,0.017689204712693602,0.003454151441472916,0.0015004944811358278,24968.073222619998
2015-05-17,236.33900000000003,259001,4.0667067032884896e+17,6827050.0,76300422,2.09626561515844e+20,13.07921042,4489300.0,117.529999,45.540001,16.75,212.440002,121.589996,24.51,1.791577917,2,0.017489885524274627,0.003394489744761831,0.001939976820628773,24968.073222619998
2015-05-18,236.2319,245347,3.46215977454513e+17,6823450.0,76424325,2.09626561515844e+20,14.84130953,4486328.0,117.519997,45.52,16.889999,213.100006,119.550003,24.75,1.791577917,2,0.016768720907779776,0.003210326031665965,0.0016515844888690086,25043.512065819985
2015-05-19,233.3119,255285,3.09359212135994e+17,6820200.0,76565416,2.09626561515844e+20,15.68797983,4483356.0,115.889999,44.889999,16.379998999999998,213.02999900000003,118.489998,25.040001,1.791577917,2,0.0162303855364285,0.003334207705473709,0.0014757634237711425,24688.046371080007
2015-05-20,232.7193,256932,3.53325096710342e+17,6816575.0,76705206,2.09626561515844e+20,15.0403967,4480384.0,116.080002,45.040001,16.370001000000002,212.880005,118.690002,25.09,1.791577917,2,0.016236230438945527,0.003349603154706344,0.0016854977449202542,24711.11140616001
2015-05-21,234.204,237415,3.71045884216512e+17,6812700.0,76834373,2.09626561515844e+20,14.47529212,4478040.714285715,115.690002,45.450001,16.389999,213.5,120.349998,25.049999,1.791577917,2,0.015101921349458368,0.003089958188374883,0.0017700327741552331,24699.815427
2015-05-22,235.86329,246875,3.27738174959911e+17,6809250.0,76965239,2.09626561515844e+20,15.33794565,4475697.428571428,115.599998,45.27,16.34,212.990005,120.400002,25.280001,1.791577917,2,0.013083030434579895,0.003207616882733256,0.001563438204538502,24621.644152019988
2015-05-23,240.1588,221645,2.7031460353203e+17,6806450.0,77071488,2.09626561515844e+20,12.75570619,4473354.142857143,115.599998,45.27,16.34,212.990005,120.400002,25.280001,1.791577917,2,0.010818561556287729,0.0028758365220611804,0.0012895054976685247,24621.644152019988
2015-05-24,239.7985,288673,3.47793474713499e+17,6802800.0,77189014,2.09626561515844e+20,13.52427108,4471010.857142857,115.599998,45.27,16.34,212.990005,120.400002,25.280001,1.791577917,2,0.010279873881058122,0.0037398197624340687,0.0016591097626109373,24621.644152019988
2015-05-25,240.9415,260187,3.4152179388688e+17,6799275.0,77318099,2.09626561515844e+20,15.52614626,4468667.571428572,115.599998,45.27,16.34,212.990005,120.400002,25.280001,1.791577917,2,0.010076370585382776,0.003365149989008395,0.0016291914126591591,24621.644152019988
2015-05-26,237.6588,270564,3.40402634906984e+17,6795675.0,77458530,2.09626561515844e+20,18.04951479,4466324.285714285,113.910004,44.509998,16.02,210.699997,122.459999,25.559999,1.791577917,2,0.010734460962599095,0.003493017489487601,0.001623852590270416,24000.83750106999
2015-05-27,237.1844,260321,3.32293388115676e+17,6792225.0,77600370,2.09626561515844e+20,16.00109647,4463981.0,113.889999,44.470001,15.96,212.699997,122.739998,25.57,1.791577917,2,0.01058151886475718,0.003354636066812568,0.0015851683379854542,24224.402445630003
2015-05-28,237.6708,255874,3.18665785128826e+17,6788925.0,77740131,2.09626561515844e+20,16.24789347,4464178.0,114.019997,44.32,15.97,212.460007,122.440002,25.5,1.791577917,2,0.008241431400153367,0.003291401708597584,0.0015201593864083898,24224.689360759978
2015-05-29,237.2277,293321,3.67925172362608e+17,6785075.0,77899533,2.09626561515844e+20,17.83224896,4464375.0,114.099998,44.310001,15.99,211.139999,122.709999,25.459999,1.791577917,2,0.007935868453845831,0.003765375589607193,0.001755145768275169,24091.07346362
2015-05-30,236.1404,310793,3.30055597741931e+17,6781675.0,78062905,2.09626561515844e+20,17.042067199999998,4464572.0,114.099998,44.310001,15.99,211.139999,122.709999,25.459999,1.791577917,2,0.00796474065689253,0.003981314812714182,0.0015744932099980313,24091.07346362
2015-05-31,233.3328,294881,3.45952071495108e+17,6777975.0,78199723,2.0439573763483e+20,39.45981082,4464769.0,114.099998,44.310001,15.99,211.139999,122.709999,25.459999,1.791577917,2,0.008569041452622482,0.0037708701346678684,0.0016925601066749257,24091.07346362
2015-06-01,230.8331,310466,3.12586022589849e+17,6774675.0,78370354,2.0439573763483e+20,21.70563529,4464966.0,114.0,44.189999,16.0,211.570007,121.129997,25.610001,1.806947525,2,0.008961039782342368,0.003961523511811622,0.0015293177157554528,24118.980798
2015-06-02,223.415,306627,3.52738910757548e+17,6770925.0,78540233,2.0439573763483e+20,18.56065267,4465163.0,114.459999,44.48,16.07,211.360001,119.440002,25.219999,1.806947525,2,0.011961842052114785,0.003904075507389951,0.0017257645136795636,24192.2655031
2015-06-03,226.6168,292587,3.3132642401993e+17,6767375.0,78709013,2.0439573763483e+20,18.03214868,4465360.0,113.639999,44.16,15.83,211.919998,117.519997,25.049999,1.806947525,2,0.012829916608367986,0.003717325231863853,0.0016210045662100462,24082.5883608
2015-06-04,225.444,277168,3.24777702722777e+17,6763850.0,78865453,2.0439573763483e+20,16.82484681,4465737.857142857,112.839996,43.619999,15.48,210.130005,119.050003,25.08,1.806947525,2,0.01262781781342606,0.0035144412344908487,0.001588965144190137,23711.06892367998
2015-06-05,223.9665,264050,3.23856569688695e+17,6760400.0,79013220,2.0439573763483e+20,15.9113149,4466115.714285715,112.239998,43.939999,15.39,209.770004,117.599998,25.299999,1.806947525,2,0.012337754439487208,0.0033418458328872054,0.0015844585285202557,23544.584829419993
2015-06-06,224.2525,267406,4.07085375885332e+17,6755950.0,79138322,2.0439573763483e+20,14.25095862,4466493.571428572,112.239998,43.939999,15.39,209.770004,117.599998,25.299999,1.806947525,2,0.010779830605107238,0.003378969799233297,0.0019916529600662414,23544.584829419993
2015-06-07,225.8403,260400,3.46950465459731e+17,6752225.0,79246174,2.0439573763483e+20,12.96274061,4466871.428571428,112.239998,43.939999,15.39,209.770004,117.599998,25.299999,1.806947525,2,0.011220605713509336,0.003285963054822054,0.0016974447191241673,23544.584829419993
2015-06-08,223.69459,247864,3.6875459141455e+17,6748350.0,79361722,2.0439573763483e+20,17.34380551,4467249.285714285,112.57,43.709999,15.32,208.479996,117.470001,25.01,1.806947525,2,0.010982899558167484,0.0031232185208884453,0.0018041207496868688,23468.59314972
2015-06-09,228.1884,282605,3.48739069421355e+17,6744525.0,79517346,2.0439573763483e+20,17.7172119,4467627.142857143,112.82,43.689999,15.29,208.449997,116.540001,24.98,1.806947525,2,0.012561998482679878,0.0035540044306810745,0.001706195410221354,23517.32866154
2015-06-10,229.2025,360702,3.9473967706137e+17,6740300.0,79709382,2.0439573763483e+20,20.08297998,4468005.0,113.779999,44.27,15.32,210.949997,115.519997,24.84,1.806947525,2,0.012714412405619269,0.0045252138575105245,0.001931251999817165,24001.890447710004
2015-06-11,229.9599,283446,3.20243078091803e+17,6736925.0,79870768,2.0439573763483e+20,17.44264663,4470835.285714285,113.260002,44.099998,15.33,211.630005,117.949997,24.91,1.806947525,2,0.012752742798426898,0.0035488077440297056,0.0015667796295436647,23969.21478956001
2015-06-12,229.9082,300369,3.27313471188239e+17,6733375.0,80037578,2.0439573763483e+20,18.36680608,4473665.571428572,113.230003,43.580002,15.25,210.00999500000003,117.949997,24.889999,1.806947525,2,0.012765128755537985,0.0037528496926781067,0.0016013713151543881,23779.432363879987
2015-06-13,230.6695,282277,3.67938708253852e+17,6729400.0,80166673,2.0439573763483e+20,16.9025367,4476495.857142857,113.230003,43.580002,15.25,210.00999500000003,117.949997,24.889999,1.806947525,2,0.01282745415046954,0.003521126540950502,0.001800129065857553,23779.432363879987
2015-06-14,233.1445,290642,3.666156831576511e+17,6725700.0,80307504,2.13427174254466e+20,15.98348336,4479326.142857143,113.230003,43.580002,15.25,210.00999500000003,117.949997,24.889999,1.806947525,2,0.01285752935885897,0.003619113850182668,0.0017177554097236967,23779.432363879987
2015-06-15,234.7473,320698,3.40386677291428e+17,6722100.0,80481864,2.13427174254466e+20,19.87304204,4482156.428571428,113.730003,43.48,15.4,209.110001,118.139999,24.870001,1.806947525,2,0.012587809165455752,0.0039847238130568145,0.0015948610034333774,23782.081041060002
2015-06-16,237.39899,280181,2.90984373730799e+17,6719150.0,80638687,2.13427174254466e+20,20.13279514,4484986.714285715,113.32,43.82,15.32,210.25,119.07,24.92,1.806947525,2,0.008209042926807486,0.003474523338903075,0.0013633895250089508,23825.53
2015-06-17,248.7435,322850,3.77903841989013e+17,6715200.0,80821378,2.13427174254466e+20,23.45269754,4487817.0,113.849998,43.740002,15.45,210.589996,118.150002,24.700001,1.806947525,2,0.013856222962625092,0.003994611425704719,0.0017706453890376861,23975.67062342001
2015-06-18,247.2359,282417,3.8633835209673504e+17,6711300.0,80983286,2.13427174254466e+20,27.33272035,4488851.0,115.32,43.700001,15.46,212.77999900000003,117.57,24.620001,1.806947525,2,0.013916690531949591,0.003487349229074256,0.0018101647714086756,24537.78948468
2015-06-19,249.0733,294648,3.51960899881158e+17,6707625.0,81151267,2.13427174254466e+20,27.30544421,4489885.0,115.120003,43.27,15.42,210.809998,119.080002,24.68,1.806947525,2,0.013390932446816202,0.0036308490414573564,0.0016490913170293879,24268.447602189994
2015-06-20,240.7897,263083,3.30542998891593e+17,6704275.0,81277971,2.13427174254466e+20,15.372168099999998,4490919.0,115.120003,43.27,15.42,210.809998,119.080002,24.68,1.806947525,2,0.017361038972434305,0.003236830309162122,0.001548739049027991,24268.447602189994
2015-06-21,244.15625,280816,3.02761286866263e+17,6701175.0,81397386,2.13427174254466e+20,14.07698414,4491953.0,115.120003,43.27,15.42,210.809998,119.080002,24.68,1.806947525,2,0.0175159884363443,0.003449938797788912,0.00141856953278726,24268.447602189994
2015-06-22,244.9588,265745,3.72384053608544e+17,6697350.0,81541063,2.13427174254466e+20,27.92504014,4492987.0,113.639999,43.73,15.49,211.889999,116.650002,24.73,1.806947525,2,0.016992087475366825,0.0032590328139332696,0.0017447827574409813,24079.17927447
2015-06-23,247.1273,300853,3.42603302171959e+17,6693875.0,81709257,2.13427174254466e+20,18.74452789,4494021.0,112.889999,43.91,15.14,212.039993,115.949997,25.02,1.806947525,2,0.016572682669068646,0.0036819940732051937,0.00160524686403559,23937.19459773001
2015-06-24,243.371,267798,3.79806976611264e+17,6689975.0,81859467,2.13427174254466e+20,16.35528118,4495055.0,112.589996,43.290001,15.19,210.5,116.949997,24.969999,1.806947525,2,0.017502829262961126,0.003271435911010757,0.0017795624101663169,23700.194158
2015-06-25,240.9204,231660,3.67990409005284e+17,6686150.0,81976848,2.13427174254466e+20,16.69325104,4492780.0,112.440002,42.810001,15.17,209.860001,116.540001,24.93,1.806947525,2,0.01792334525443511,0.002825919825558553,0.0017241966037864257,23596.658932160004
2015-06-26,242.31912000000003,291029,3.72055838570853e+17,6682300.0,82146525,2.13427174254466e+20,18.16023869,4490505.0,112.559998,42.889999,15.11,209.820007,115.230003,25.0,1.806947525,2,0.017903756197333795,0.0035428035452503923,0.0017432449259120885,23617.339568279986
2015-06-27,242.28812,295366,3.15481900754281e+17,6679075.0,82295816,2.13427174254466e+20,16.74241236,4488230.0,112.559998,42.889999,15.11,209.820007,115.230003,25.0,1.806947525,2,0.017933883389071988,0.0035890767520915037,0.001478171192849776,23617.339568279986
2015-06-28,250.382,272245,3.41510394717884e+17,6675550.0,82419843,2.12180038486126e+20,15.3949869,4485955.0,112.559998,42.889999,15.11,209.820007,115.230003,25.0,1.806947525,2,0.01952528087328626,0.003303148733248618,0.001609531212994924,23617.339568279986
2015-06-29,249.42725,289714,3.41376360532058e+17,6672050.0,82572928,2.12180038486126e+20,18.70253432,4483680.0,113.07,42.099998,15.03,205.419998,118.279999,24.860001,1.806947525,2,0.01965929293864833,0.003508583345863671,0.001608899512733286,23226.839173859997
2015-06-30,258.38549,313478,3.5869637621238e+17,6668425.0,82759605,2.12180038486126e+20,29.95122247,4481405.0,112.370003,42.380001,15.03,205.850006,117.459999,25.030001,1.806947525,2,0.021291880723347922,0.0037878141153525322,0.0016905283775591096,23131.36579177002
2015-07-01,261.71749,308851,3.24713823153093e+17,6665050.0,82930698,2.12180038486126e+20,21.27628595,4479130.0,111.980003,41.650002,14.9,207.5,115.620003,25.23,1.788010677,3,0.017988325630294535,0.0037242059629113457,0.001530369329131427,23235.8506225
2015-07-02,259.62937,315535,3.7508725164280896e+17,6661200.0,83117339,2.12180038486126e+20,24.29662311,4479438.428571428,111.760002,41.900002,14.95,207.309998,116.0,25.17,1.788010677,3,0.018075715711960854,0.0037962596468590027,0.0017677782241864147,23168.965791099996
2015-07-03,255.52675,301043,3.893344828732671e+17,6657175.0,83287143,2.12180038486126e+20,22.79418437,4479746.857142857,111.760002,41.900002,14.95,207.309998,116.0,25.17,1.788010677,3,0.018750457442729324,0.0036145194703100813,0.0018349251213785826,23168.965791099996
2015-07-04,253.87887,276423,3.71705113176718e+17,6653375.0,83422678,2.12180038486126e+20,17.84510252,4480055.285714285,111.760002,41.900002,14.95,207.309998,116.0,25.17,1.788010677,3,0.015968668106248557,0.0033135234522200306,0.001751838277666365,23168.965791099996
2015-07-05,261.42899,307139,3.4075509460563e+17,6649825.0,83575443,2.12180038486126e+20,20.94808987,4480363.714285715,111.760002,41.900002,14.95,207.309998,116.0,25.17,1.788010677,3,0.017203333795768258,0.003674990989877254,0.0016059714996607057,23168.965791099996
2015-07-06,267.60762,341638,4.35781896400562e+17,6645325.0,83783324,2.12180038486126e+20,35.590639,4480672.142857143,112.059998,41.32,14.99,206.720001,118.150002,25.219999,1.788010677,3,0.017883043169933374,0.004077637215730424,0.0020538307915758855,23165.042898619995
2015-07-07,270.07587,324535,3.24227126273102e+17,6641950.0,83991465,2.12180038486126e+20,43.28253875,4480980.571428572,110.760002,41.740002,14.43,208.020004,119.260002,25.299999,1.788010677,3,0.017887260357206808,0.0038639045050589365,0.0015280755371071466,23040.296059080007
2015-07-08,264.356,322632,3.93070674693541e+17,6637925.0,84203223,2.12180038486126e+20,50.7814831,4481289.0,111.089996,40.900002,14.46,204.529999,120.290001,25.200001,1.788010677,3,0.018517425564117316,0.003831587301592957,0.0018525337138123059,22721.236770790005
2015-07-09,267.943,327481,3.25032193668134e+17,6634600.0,84391983,2.12180038486126e+20,40.17988719,4483048.428571428,111.360001,41.060001,14.76,204.899994,117.919998,25.280001,1.788010677,3,0.01801336082209855,0.003880475234241148,0.001531869802584597,22817.663536739994
2015-07-10,269.24925,321441,3.758854932343649e+17,6630750.0,84581281,2.12180038486126e+20,37.36990049,4484807.857142857,111.489998,41.23,14.88,207.479996,116.050003,25.1,1.788010677,3,0.018022190608782695,0.0038003798972966606,0.0017715403197975349,23131.944339080008
2015-07-11,286.53662,319286,3.6473993375893504e+17,6627050.0,84752022,2.19371322871971e+20,38.71393068,4486567.285714285,111.489998,41.23,14.88,207.479996,116.050003,25.1,1.788010677,3,0.023002184266503415,0.0037672965489838105,0.0016626600459158636,23131.944339080008
2015-07-12,301.0383700000001,318924,3.4015745595392e+17,6623675.0,84915150,2.19371322871971e+20,44.36391382,4488326.714285715,111.489998,41.23,14.88,207.479996,116.050003,25.1,1.788010677,3,0.0245277298763654,0.0037557962271750093,0.0015506012887219628,23131.944339080008
2015-07-13,304.9905,296078,3.7037366854952896e+17,6619975.0,85078744,2.19371322871971e+20,32.26811751,4490086.142857143,110.989998,41.509998,14.81,209.770004,115.690002,25.35,1.788010677,3,0.0240388550139402,0.003480046672997429,0.0016883413187314626,23282.372324419994
2015-07-14,290.93137,284642,3.64909325542508e+17,6616375.0,85235041,2.19371322871971e+20,29.19469656,4491845.571428572,110.739998,41.919998,14.69,210.679993,116.07,25.309999,1.788010677,3,0.02825454649344582,0.0033394950792597143,0.0016634322151372338,23330.702003460014
2015-07-15,288.4878700000001,274614,3.80805459551522e+17,6612550.0,85386128,2.19371322871971e+20,26.13382277,4493605.0,110.160004,41.150002,14.43,210.610001,117.300003,25.42,1.788010677,3,0.028572401140463825,0.0032161430250122127,0.001735894439464938,23200.798552600005
2015-07-16,287.5576200000001,275276,3.39953246962463e+17,6609200.0,85533725,2.19371322871971e+20,27.39621947,4494590.428571428,109.760002,41.130001,14.35,212.300003,118.110001,25.559999,1.788010677,3,0.02840786160081777,0.0032183328856541676,0.001549670405921132,23302.048753880008
2015-07-17,276.97924,252952,3.71135407959348e+17,6605525.0,85674271,2.19371322871971e+20,24.04523437,4495575.857142857,108.650002,40.639999,14.23,212.479996,118.720001,25.620001,1.788010677,3,0.03028528246653686,0.0029524849998431853,0.0016918136933328756,23085.95199035999
2015-07-18,278.33337,256839,3.68363052583268e+17,6601800.0,85801653,2.19371322871971e+20,43.55700027,4496561.285714285,108.650002,40.639999,14.23,212.479996,118.720001,25.620001,1.788010677,3,0.030084026403060505,0.002993403868338061,0.001679175964117476,23085.95199035999
2015-07-19,275.30687,289591,3.8426322185583e+17,6598000.0,85917698,2.19371322871971e+20,19.6377689,4497546.714285715,108.650002,40.639999,14.23,212.479996,118.720001,25.620001,1.788010677,3,0.029663937352531332,0.0033705628379382324,0.0017516565831172603,23085.95199035999
2015-07-20,274.28387000000004,283549,3.93034723019461e+17,6594100.0,86079957,2.19371322871971e+20,40.05246965,4498532.142857143,105.699997,40.099998,14.05,212.589996,118.220001,25.629999,1.788010677,3,0.029161715478686876,0.0032940188387872915,0.0017916413042229913,22470.761939430013
2015-07-21,279.45925,305890,3.19588850068716e+17,6590925.0,86263567,2.19371322871971e+20,25.67332781,4499517.571428572,105.370003,40.139999,14.14,211.75,118.860001,25.450001,1.788010677,3,0.029457216069320058,0.0035459929450865394,0.0014568396902781763,22312.09813525
2015-07-22,274.87242000000003,294750,3.8550315770458496e+17,6587075.0,86437518,2.19371322871971e+20,27.36251591,4500503.0,104.800003,39.849998,14.14,211.369995,119.599998,25.51,1.788010677,3,0.029182098192062418,0.0034099775979222354,0.001757308807084012,22151.576110109985
2015-07-23,276.2095,256065,3.49918367556609e+17,6583575.0,86583190,2.19371322871971e+20,26.58585451,4498356.857142857,104.330002,39.779999,14.0,210.179993,121.089996,25.41,1.788010677,3,0.029029677029850612,0.0029574447418719498,0.0015950962184826118,21928.079090049985
2015-07-24,276.24491,272910,4.21666403918964e+17,6579350.0,86730095,2.19371322871971e+20,23.27602155,4496210.714285715,105.349998,38.970001,14.02,208.0,121.389999,25.450001,1.788010677,3,0.029023472470010837,0.0031466586079491785,0.00192215827665431,21912.799584
2015-07-25,287.55583,243517,3.8339305543019104e+17,6575500.0,86854616,2.24533609602135e+20,20.24099182,4494064.571428572,105.349998,38.970001,14.02,208.0,121.389999,25.450001,1.788010677,3,0.025921075500849232,0.0028037312374969226,0.0017075085378511882,21912.799584
2015-07-26,287.83983,298289,3.66951604579483e+17,6571900.0,86980133,2.24533609602135e+20,21.17046613,4491918.428571428,105.349998,38.970001,14.02,208.0,121.389999,25.450001,1.788010677,3,0.02176004544244813,0.0034293923188183674,0.0016342836390049011,21912.799584
2015-07-27,291.20091,284824,3.8373008924377e+17,6568175.0,87130567,2.24533609602135e+20,31.33315906,4489772.285714285,104.860001,38.400002,13.92,206.789993,122.040001,25.25,1.788010677,3,0.02168094406820715,0.003268933163260604,0.0017090095773355494,21683.998872769993
2015-07-28,293.15058,297652,3.47322235053347e+17,6564775.0,87285006,2.24533609602135e+20,27.90367841,4487626.142857143,105.019997,39.560001,14.02,209.330002,121.150002,25.27,1.788010677,3,0.017709036862300635,0.003410116051318138,0.0015468607825295678,21983.836182049996
2015-07-29,292.99425,320946,3.90399431023718e+17,6560975.0,87471432,2.24533609602135e+20,39.00263677,4485480.0,105.169998,40.150002,14.15,210.770004,120.699997,25.41,1.788010677,3,0.017525892970838258,0.0036691522324683104,0.0017387126662929925,22166.680899139992
2015-07-30,288.61658,275749,3.49059163843868e+17,6557625.0,87632771,2.24533609602135e+20,34.02627027,4485601.285714285,104.269997,39.93,14.09,210.820007,121.629997,25.51,1.788010677,3,0.01802866005721578,0.00314664248149816,0.001554596500997724,21982.201497429982
2015-07-31,286.74491,303066,3.850648508208191e+17,6553875.0,87804148,2.24533609602135e+20,37.75865133,4485722.571428572,104.93,38.889999,14.08,210.5,122.529999,25.43,1.788010677,3,0.014618623710431261,0.003451613698250338,0.001714954173244439,22087.765000000003
2015-08-01,282.3374100000001,298217,3.9626886671749696e+17,6549975.0,87953380,2.24533609602135e+20,32.67417545,4485843.857142857,104.93,38.889999,14.08,210.5,122.529999,25.43,1.758099873,3,0.01535603759858953,0.003390625806535235,0.0017648532325279511,22087.765000000003
2015-08-02,278.68258,298112,3.8580536014932096e+17,6546200.0,88079094,2.24533609602135e+20,20.81821964,4485965.142857143,104.93,38.889999,14.08,210.5,122.529999,25.43,1.758099873,3,0.015491180588160233,0.003384594305658957,0.0017182521620391414,22087.765000000003
2015-08-03,279.48591,297939,4.14526836555722e+17,6542275.0,88227935,2.24533609602135e+20,27.09518893,4486086.428571428,104.099998,38.080002,13.87,209.789993,123.550003,25.49,1.758099873,3,0.01544099898522727,0.003376923646688546,0.0018461683188109243,21839.137851720014
2015-08-04,283.49091,292546,3.39975182652976e+17,6538875.0,88397819,2.24533609602135e+20,35.18586297,4486207.714285715,104.309998,37.93,13.92,209.380005,122.57,25.620001,1.758099873,3,0.015097361695366317,0.0033094255413699744,0.00151413938989089,21840.42790278999
2015-08-05,284.2436600000001,316448,3.38202811776848e+17,6535550.0,88573104,2.24533609602135e+20,33.89808802,4486329.0,103.93,37.689999,13.95,210.070007,121.650002,25.610001,1.758099873,3,0.014225162188810736,0.0035727324177325884,0.001506245823848512,21832.57582751
2015-08-06,280.9375,295316,3.70333746705404e+17,6531975.0,88737458,2.24533609602135e+20,37.05030425,4486746.285714285,104.389999,38.369999,13.99,208.350006,122.730003,25.559999,1.758099873,3,0.014685561467019588,0.003327974529087818,0.0016493466049987853,21749.656917989996
2015-08-07,275.92866000000004,272698,3.67766633376283e+17,6528550.0,88883828,2.24533609602135e+20,25.06010357,4487163.571428572,104.650002,37.610001,14.11,207.949997,124.339996,25.52,1.758099873,3,0.015560689953220358,0.0030680271781273866,0.001637913513384261,21761.967601949993
2015-08-08,278.2765,272741,4.005587761570911e+17,6524525.0,89019273,2.26344099652499e+20,22.40730609,4487580.857142857,104.650002,37.610001,14.11,207.949997,124.339996,25.52,1.758099873,3,0.010857226809913722,0.003063842141240583,0.0017696894982995356,21761.967601949993
2015-08-09,261.75225,267531,3.6674154372659296e+17,6520975.0,89127314,2.26344099652499e+20,19.00348649,4487998.142857143,104.650002,37.610001,14.11,207.949997,124.339996,25.52,1.758099873,3,0.019036573761751597,0.0030016724166062043,0.0016202832072479158,21761.967601949993
2015-08-10,265.0825,292493,4.32874471976906e+17,6516800.0,89272375,2.26344099652499e+20,28.5686514,4488415.428571428,105.720001,38.849998,14.54,210.570007,122.800003,25.4,1.758099873,3,0.019115228912413965,0.003276411095817715,0.0019124619225395687,22261.461350610007
2015-08-11,264.87516,268340,4.2295108303483296e+17,6512750.0,89421151,2.26344099652499e+20,26.09037644,4488832.714285715,106.260002,38.889999,14.64,208.669998,124.75,25.4,1.758099873,3,0.018815138908976792,0.003000856027898813,0.0018686198742718727,22173.274404819997
2015-08-12,270.22325,277300,3.21511505188209e+17,6509600.0,89577265,2.26344099652499e+20,25.59291304,4489250.0,107.75,39.59,14.82,208.919998,124.07,25.129999,1.758099873,3,0.02013172387164705,0.0030956515584618484,0.0014204545454545464,22511.1297845
2015-08-13,264.14299,275714,3.8221502836140896e+17,6505925.0,89730329,2.26344099652499e+20,24.68525201,4488958.285714285,106.860001,38.959999,14.71,208.660004,123.669998,25.17,1.758099873,3,0.02050655267790154,0.0030726957437100227,0.0016886458668382124,22297.408236100004
2015-08-14,262.01758,272154,3.64557666969e+17,6502375.0,89879544,2.26344099652499e+20,24.26238231,4488666.571428572,106.849998,38.849998,14.55,209.419998,123.959999,25.24,1.758099873,3,0.020511904503714012,0.0030279859897820575,0.0016106347261920994,22376.526367460003
2015-08-15,265.3955,267994,3.55124791309937e+17,6498950.0,90012681,2.26344099652499e+20,20.52411841,4488374.857142857,106.849998,38.849998,14.55,209.419998,123.959999,25.24,1.758099873,3,0.020941527624918133,0.0029772916107231604,0.001568959791110756,22376.526367460003
2015-08-16,261.20058,279064,3.54059529500288e+17,6495500.0,90133965,2.26344099652499e+20,18.95351010000001,4488083.142857143,106.849998,38.849998,14.55,209.419998,123.959999,25.24,1.758099873,3,0.021047441884822594,0.003096102562446909,0.0015642534090522687,22376.526367460003
2015-08-17,258.0065,283517,3.74838986637947e+17,6491825.0,90286223,2.26344099652499e+20,23.50533255,4487791.428571428,107.129997,38.889999,14.63,210.589996,124.519997,25.280001,1.758099873,3,0.02102206787303671,0.0031402022432591957,0.0016560581310201099,22560.505639710012
2015-08-18,256.44841,301545,3.6744595073400896e+17,6488300.0,90448575,2.26344099652499e+20,25.60465587,4487499.714285715,107.110001,38.75,14.22,209.979996,123.540001,25.34,1.758099873,3,0.02022598033877121,0.0033338833696384936,0.0016233953140291284,22490.957581539995
2015-08-19,230.38424,287773,4.0743661707752896e+17,6484400.0,90608803,2.26344099652499e+20,24.16873641,4487208.0,108.550003,37.639999,14.57,208.320007,124.760002,25.18,1.758099873,3,0.03324023988354876,0.0031759938380380103,0.001800076157068186,22613.137384810023
2015-08-20,232.06483,276994,3.8105494952664896e+17,6480650.0,90759751,2.26344099652499e+20,25.77554216,4485479.0,110.440002,36.77,14.78,203.970001,126.019997,25.040001,1.758099873,3,0.03376774245313918,0.003051947553271714,0.0016835205782332035,22526.447318380004
2015-08-21,234.56375,281754,4.3209432204117e+17,6476525.0,90923404,2.26344099652499e+20,23.20451447,4483750.0,111.129997,35.43,14.61,197.830002,126.400002,24.799999,1.758099873,3,0.034350252354715616,0.00309880611157057,0.0019090151795631283,21984.847528769995
2015-08-22,233.03691,297466,4.1305397231244096e+17,6472600.0,91084387,2.33030452849449e+20,22.39789595,4482021.0,111.129997,35.43,14.61,197.830002,126.400002,24.799999,1.758099873,3,0.03390698393375826,0.0032658286430582227,0.001772532161619655,21984.847528769995
2015-08-23,231.21275,287767,3.58154757436127e+17,6469225.0,91216600,2.33030452849449e+20,20.68006617,4480292.0,111.129997,35.43,14.61,197.830002,126.400002,24.799999,1.758099873,3,0.03089582345516957,0.003154765689578432,0.0015369440047714083,21984.847528769995
2015-08-24,227.23233,307648,4.1427398485645504e+17,6465350.0,91378451,2.33030452849449e+20,26.21538332,4478563.0,110.529999,33.700001,14.13,189.5,126.360001,24.389999,1.758099873,3,0.030324837135078136,0.003366745623648184,0.0017777675826948665,20945.4348105
2015-08-25,203.18133,288087,3.61113343373574e+17,6461975.0,91534449,2.33030452849449e+20,25.2405721,4476834.0,109.160004,33.240002000000004,13.99,187.270004,124.330002,24.559999,1.758099873,3,0.04032877660991243,0.0031473068680404684,0.0015496401391232495,20442.394385720017
2015-08-26,219.81583,284593,4.26121902535764e+17,6457950.0,91689714,2.33030452849449e+20,25.15845138,4475105.0,107.669998,34.360001000000004,13.56,194.460007,121.93,24.860001,1.758099873,3,0.04716054608189755,0.0031038705170353133,0.0018286103696973162,20937.508564769985
2015-08-27,224.53608,277246,3.60997467551388e+17,6454500.0,91846823,2.33030452849449e+20,23.87492571,4475216.571428572,107.730003,36.139999,13.8,199.270004,122.0,25.02,1.758099873,3,0.048043697624839836,0.003018569297709949,0.00154914288298883,21467.35812873001
2015-08-28,224.18875,297172,4.11386334757e+17,6450650.0,92007430,2.33030452849449e+20,24.44245868,4475328.142857143,108.699997,36.889999,13.92,199.279999,122.360001,25.1,1.758099873,3,0.04811221419124205,0.003229869587706123,0.0017653758542141233,21661.735293460002
2015-08-29,230.93575,287424,4.24381352150789e+17,6446650.0,92150425,2.33030452849449e+20,21.35923021,4475439.714285715,108.699997,36.889999,13.92,199.279999,122.360001,25.1,1.758099873,3,0.04896010863312998,0.0031190740574446618,0.0018211411725872738,21661.735293460002
2015-08-30,230.58541,284453,3.9307036026648096e+17,6442900.0,92277987,2.33030452849449e+20,19.51472621,4475551.285714285,108.699997,36.889999,13.92,199.279999,122.360001,25.1,1.758099873,3,0.04897582831950433,0.0030825661595760643,0.0016867767944493798,21661.735293460002
2015-08-31,227.18083,304369,4.14264633384629e+17,6438975.0,92436958,2.33030452849449e+20,27.56912196,4475662.857142857,108.82,37.330002,13.99,197.669998,121.419998,25.059999,1.758099873,3,0.04899437234565407,0.0032927197798958293,0.001777727452867577,21510.449182359996
2015-09-01,229.02966,307714,4.13879800466107e+17,6435125.0,92602942,2.33030452849449e+20,25.26556984,4475774.428571428,109.199997,35.91,13.94,191.770004,122.029999,24.91,1.703861192,2,0.049207518215893926,0.0033229397830578642,0.001776076025280254,20941.28386148999
2015-09-02,226.28841,290242,4.273141913942271e+17,6431125.0,92779749,2.33030452849449e+20,53.88841426,4475886.0,108.620003,36.290001,14.02,195.410004,120.980003,25.040001,1.703861192,2,0.04021663127602567,0.003128290420358865,0.0018337268205469114,21225.43522071001
2015-09-03,228.35299,302349,3.837319947217471e+17,6427475.0,92945073,2.33030452849449e+20,27.97427509,4476218.428571428,107.839996,36.400002,14.02,195.550003,121.57,25.16,1.703861192,2,0.040249205358826624,0.00325298577149969,0.0016467032099433798,21088.111541319988
2015-09-04,227.14741,265409,4.2625127771706496e+17,6423575.0,93085178,2.44631237371333e+20,25.08295191,4476550.857142857,107.489998,35.74000200000001,13.92,192.589996,122.68,25.129999,1.703861192,2,0.0401134201465605,0.002851248777759226,0.0017424237488937095,20701.49828486001
2015-09-05,229.66691,318433,4.13176215241982e+17,6419900.0,93245828,2.44631237371333e+20,27.84723132,4476883.285714285,107.489998,35.74000200000001,13.92,192.589996,122.68,25.129999,1.703861192,2,0.04024514241937446,0.0034149838853916336,0.0016889756994312613,20701.49828486001
2015-09-06,240.70116,294300,3.97289869868182e+17,6416300.0,93383637,2.44631237371333e+20,21.87159142,4477215.714285715,107.489998,35.74000200000001,13.92,192.589996,122.68,25.129999,1.703861192,2,0.04214960131867043,0.0031515157200399037,0.001624035728786034,20701.49828486001
2015-09-07,239.88,317383,4.2967850426331e+17,6412500.0,93556134,2.44631237371333e+20,29.70364898,4477548.142857143,107.489998,35.74000200000001,13.92,192.589996,122.68,25.129999,1.703861192,2,0.04179781674680433,0.003392433894286397,0.001756433515524791,20701.49828486001
2015-09-08,242.01891,334224,3.77868935357668e+17,6409100.0,93740146,2.44631237371333e+20,25.62157265,4477880.571428572,107.519997,36.310001,14.12,197.429993,120.870003,25.040001,1.703861192,2,0.025266070873991932,0.003565430760050235,0.0015446471162801239,21227.67225507002
2015-09-09,244.31383,302786,4.18797660347316e+17,6405375.0,93918746,2.44631237371333e+20,27.16877078,4478213.0,106.129997,35.57,13.93,194.789993,121.449997,25.040001,1.703861192,2,0.01660298769162204,0.0032239144249221557,0.0017119549606480166,20673.06137272002
2015-09-10,237.99466,286401,4.68091595225284e+17,6401100.0,94081328,2.44631237371333e+20,27.79300834,4479583.857142857,106.379997,35.759998,13.99,195.850006,120.629997,24.940001,1.703861192,2,0.018343565265289203,0.0030441853456830456,0.0019134579878478638,20834.523050729982
2015-09-11,240.56366,316636,4.4134069634692096e+17,6397175.0,94267706,2.44631237371333e+20,38.07931771,4480954.714285715,106.160004,35.450001,13.95,196.740005,121.389999,24.83,1.703861192,2,0.018343436324877317,0.003358902146192037,0.001804106054031836,20885.919717760018
2015-09-12,239.81675,274291,3.7847781343979904e+17,6393775.0,94416682,2.44631237371333e+20,29.08465555,4482325.571428572,106.160004,35.450001,13.95,196.740005,121.389999,24.83,1.703861192,2,0.01700227870525924,0.002905111619999525,0.0015471360792133687,20885.919717760018
2015-09-13,235.053,322264,4.20956078484248e+17,6390000.0,94553546,2.44631237371333e+20,25.36632619,4483696.428571428,106.160004,35.450001,13.95,196.740005,121.389999,24.83,1.703861192,2,0.018046261862939877,0.0034082698495517027,0.0017207781107907586,20885.919717760018
2015-09-14,229.15808,307621,4.26416532843002e+17,6386200.0,94718667,2.44631237371333e+20,31.22149088,4485067.285714285,106.220001,35.119999,13.79,196.009995,121.580002,24.84,1.703861192,2,0.01897053938994372,0.003247733627839167,0.0017430992763844452,20820.181864909995
2015-09-15,230.51091,326571,4.48329950281926e+17,6382200.0,94892344,2.44631237371333e+20,28.87989851,4486438.142857143,105.900002,35.54000100000001,13.77,198.460007,119.25,24.940001,1.703861192,2,0.01891235903498103,0.003441489441972263,0.0018326766242096578,21016.915138220014
2015-09-16,230.98066,298636,4.08769439130268e+17,6378650.0,95059128,2.44631237371333e+20,26.10466496,4487809.0,107.309998,36.599998,14.22,200.179993,118.800003,24.870001,1.703861192,2,0.018567633276114357,0.003141581521766116,0.0016709617443899235,21481.314648470012
2015-09-17,229.58975,316808,3.96594939694718e+17,6375050.0,95231839,2.5484339304613e+20,27.11789352,4489191.142857143,108.410004,36.549999,14.42,199.729996,120.25,24.610001,1.703861192,2,0.018530302270949924,0.0033267025327527277,0.0015562300240717997,21652.729665279985
2015-09-18,233.2385,314185,4.3605567130846e+17,6371375.0,95401816,2.5484339304613e+20,25.40203437,4490573.285714285,109.209999,35.529999,14.47,195.449997,122.099998,24.860001,1.703861192,2,0.018885275020675205,0.0032932811258016303,0.0017110730872647274,21345.09397692
2015-09-19,232.50008,270846,3.60522687341032e+17,6368250.0,95545896,2.5484339304613e+20,21.74704429,4491955.428571428,109.209999,35.529999,14.47,195.449997,122.099998,24.860001,1.703861192,2,0.018737361651253583,0.002834721441096748,0.0014146832807071152,21345.09397692
2015-09-20,231.33733,341327,3.71301541323628e+17,6365050.0,95708948,2.5484339304613e+20,21.2534805,4493337.571428572,109.209999,35.529999,14.47,195.449997,122.099998,24.860001,1.703861192,2,0.01325926671276631,0.0035663018676163906,0.0014569792721933253,21345.09397692
2015-09-21,230.75433,350548,3.8989913745365696e+17,6361750.0,95914759,2.5484339304613e+20,28.77250376,4494719.714285715,108.529999,35.720001,14.49,196.460007,120.110001,25.01,1.703861192,2,0.013258395095902105,0.0036547868508953873,0.0015299558399109845,21321.804363249994
2015-09-22,227.79358,355307,4.53921000955736e+17,6357825.0,96121149,2.5484339304613e+20,27.82720079,4496101.857142857,107.790001,35.380001,14.14,193.910004,121.779999,25.120001,1.703861192,2,0.013063496486553637,0.003696449779226006,0.0017811762570339438,20901.559525070003
2015-09-23,231.30983,294614,4.6356500231739104e+17,6353875.0,96283319,2.5484339304613e+20,25.52187592,4497484.0,108.220001,34.830002,14.12,193.600006,121.769997,25.120001,1.703861192,2,0.01362268689039692,0.003059865437334997,0.001819019111213449,20951.392842920006
2015-09-24,231.09508,295353,3.99043441112844e+17,6350375.0,96444563,2.5484339304613e+20,24.27461543,4495573.571428572,110.489998,34.990002000000004,14.43,192.899994,122.599998,25.040001,1.703861192,2,0.012020869501273209,0.0030624121341085862,0.0015658378910400552,21313.519951260012
2015-09-25,233.74475,294645,4.7673943969299e+17,6346275.0,96608202,2.5484339304613e+20,27.11947875,4493663.142857143,109.809998,34.77,14.4,192.850006,121.540001,25.08,1.703861192,2,0.012076595527191257,0.003049896322467527,0.0018707153204740683,21176.858773159987
2015-09-26,234.92466,309596,4.3137591720439296e+17,6342600.0,96749061,2.5484339304613e+20,24.99832779,4491752.714285715,109.809998,34.77,14.4,192.850006,121.540001,25.08,1.703861192,2,0.012217189264101926,0.0031999897135952565,0.0016927098326865717,21176.858773159987
2015-09-27,234.32908,326485,4.31579572916056e+17,6338875.0,96882115,2.5484339304613e+20,21.98745167,4489842.285714285,109.809998,34.77,14.4,192.850006,121.540001,25.08,1.703861192,2,0.011003198325011253,0.003369920237600098,0.0016935089733243916,21176.858773159987
2015-09-28,237.21116,302523,4.1212545185348896e+17,6335300.0,97045948,2.5484339304613e+20,26.28988147,4487931.857142857,108.419998,33.470001,13.94,188.009995,123.620003,25.049999,1.703861192,2,0.008742962020895754,0.0031173171702130213,0.0016171714201705391,20384.04328188001
2015-09-29,238.56625,353131,5.0306597526832704e+17,6330950.0,97224484,2.5484339304613e+20,27.3765497,4486021.428571428,107.980003,33.529999,13.97,188.119995,123.970001,25.01,1.703861192,2,0.008737398196934188,0.0036321200737871747,0.001974020080549098,20313.197624459983
2015-09-30,238.06125,329187,4.30872123135936e+17,6327250.0,97387992,2.5484339304613e+20,26.79319008,4484111.0,106.860001,34.32,13.87,191.630005,123.540001,25.1,1.703861192,2,0.008822821382680576,0.003380160050943447,0.0016907329555839908,20477.582525930007
2015-10-01,237.15191,297779,4.402124922896929e+17,6323525.0,97546243,2.61190808413717e+20,28.82708269,4484407.285714285,106.730003,34.360001000000004,13.9,192.130005,123.809998,25.09,1.747737357,2,0.008683400970035879,0.003052695735293465,0.0016854057574354298,20506.036010040014
2015-10-02,238.06358,311462,4.143264734880511e+17,6320075.0,97710526,2.61190808413717e+20,25.92049816,4484703.571428572,108.989998,35.82,14.55,195.0,124.559998,25.030001,1.747737357,2,0.007802328900246692,0.0031875992561947726,0.0015862980631070776,21253.04961
2015-10-03,237.63516,259500,4.27712595796458e+17,6316450.0,97848623,2.61190808413717e+20,21.68642606,4484999.857142857,108.989998,35.82,14.55,195.0,124.559998,25.030001,1.747737357,2,0.007748156127278124,0.0026520557167166265,0.001637548420612782,21253.04961
2015-10-04,238.99883,306142,4.6044698337710304e+17,6312625.0,97966260,2.61190808413717e+20,19.36537912,4485296.142857143,108.989998,35.82,14.55,195.0,124.559998,25.030001,1.747737357,2,0.007576836456915066,0.003124973843035347,0.0017628759073626025,21253.04961
2015-10-05,238.82433,290435,4.60553113833108e+17,6308800.0,98101630,2.61190808413717e+20,23.34896688,4485592.428571428,108.769997,36.880001,14.89,198.470001,122.870003,25.040001,1.747737357,2,0.007503340069313441,0.00296055223547254,0.0017632822404056736,21587.581413359996
2015-10-06,240.63075,325474,4.23996510943102e+17,6305250.0,98252386,2.61190808413717e+20,25.80662237,4485888.714285715,109.860001,37.759998,15.07,197.789993,123.400002,24.870001,1.747737357,2,0.006149607290505922,0.0033126320209669003,0.001623320948842528,21729.20882876999
2015-10-07,246.49633,308295,3.90920602714565e+17,6301925.0,98411733,2.61190808413717e+20,24.96770404,4486185.0,109.699997,38.259998,15.29,199.410004,122.989998,24.9,1.747737357,2,0.007660388708917577,0.0031327057313379494,0.001496685909771222,21875.276840569986
2015-10-08,244.49816,313657,4.18546267173963e+17,6298425.0,98590537,2.61190808413717e+20,26.86679732,4488830.571428572,109.139999,39.009998,14.99,201.210007,121.959999,24.84,1.747737357,2,0.008274304389180637,0.00318141080821986,0.0016024540439072438,21960.059962769992
2015-10-09,243.25675,265546,3.85426672523931e+17,6295275.0,98720118,2.61190808413717e+20,23.10188544,4491476.142857143,110.870003,38.740002,15.12,201.330002,122.279999,24.719999,1.747737357,2,0.008317577473212528,0.0026898873844538964,0.001475651746187901,22321.457925730007
2015-10-10,244.96533,323682,4.7555707803173504e+17,6291275.0,98864708,2.61190808413717e+20,24.80907025,4494121.714285715,110.870003,38.740002,15.12,201.330002,122.279999,24.719999,1.747737357,2,0.008373659438119359,0.003273989339047054,0.0018207266975431595,22321.457925730007
2015-10-11,245.07,294367,4.36324149619016e+17,6287625.0,98979055,2.61190808413717e+20,19.35308736,4496767.285714285,110.870003,38.740002,15.12,201.330002,122.279999,24.719999,1.747737357,2,0.008259801211285311,0.002974033243699892,0.0016705187761733712,22321.457925730007
2015-10-12,247.65041,309401,4.2139515758391e+17,6284075.0,99119659,2.61190808413717e+20,25.47023804,4499412.857142857,111.309998,38.209999,15.13,201.520004,123.209999,24.700001,1.747737357,2,0.008124884952309138,0.003121489754116285,0.0016133613588592865,22431.19124219999
2015-10-13,244.57641,305841,4.138166639992511e+17,6280675.0,99265017,2.61190808413717e+20,24.94470798,4502058.428571428,111.860001,37.869999,15.16,200.25,123.419998,24.66,1.747737357,2,0.009072388588279598,0.0030810552321771122,0.0015843461969908992,22399.96520025
2015-10-14,249.45908,309666,4.5102475323644704e+17,6276875.0,99430762,2.61190808413717e+20,27.15648782,4504704.0,113.809998,38.23,15.42,199.289993,124.5,24.450001,1.747737357,2,0.010168764450244113,0.0031143882815662218,0.0017268017813323652,22681.193704750014
2015-10-15,254.64216,365525,5.01201690968616e+17,6272700.0,99630541,2.61494039292394e+20,28.38709887,4504228.0,113.290001,38.889999,15.39,202.350006,123.889999,24.610001,1.747737357,2,0.010908856203059725,0.003668804729264694,0.0019166849551327202,22924.23238209001
2015-10-16,255.72741,335817,4.2977962287399104e+17,6269100.0,99807894,2.61494039292394e+20,28.3561839,4503752.0,112.489998,38.900002,15.28,203.270004,123.93,24.65,1.747737357,2,0.010905768123308436,0.003364633663144921,0.0016435541859270667,22865.84234341999
2015-10-17,267.53983,370125,4.0724162451207e+17,6265700.0,99978581,2.61494039292394e+20,27.00692963,4503276.0,112.489998,38.900002,15.28,203.270004,123.93,24.65,1.747737357,2,0.015049613895941715,0.0037020429405774423,0.0015573648470690602,22865.84234341999
2015-10-18,270.04041,334489,4.3459454527883296e+17,6262075.0,100128710,2.61494039292394e+20,22.87814229,4502800.0,112.489998,38.900002,15.28,203.270004,123.93,24.65,1.747737357,2,0.015029799204583947,0.003340590326191159,0.0016619673108222695,22865.84234341999
2015-10-19,264.98625,348797,4.8027557112598304e+17,6257950.0,100311282,2.61494039292394e+20,28.30097624,4502324.0,112.019997,38.080002,15.11,203.369995,123.589996,24.719999,1.747737357,2,0.01660944884258682,0.003477146269549222,0.001836659728174357,22781.506229790015
2015-10-20,264.92575,400660,3.84554475917995e+17,6254750.0,100501238,2.61494039292394e+20,31.63227656,4501848.0,112.730003,38.209999,15.19,203.110001,122.830002,24.700001,1.747737357,2,0.016734614105984296,0.003986617557885207,0.001470605131033212,22896.59102206
2015-10-21,270.49541,356322,4.27675779230228e+17,6251150.0,100690568,2.61494039292394e+20,28.40338671,4501372.0,111.730003,37.720001,14.99,201.850006,124.050003,24.73,1.747737357,2,0.016496490623921046,0.003538782301833872,0.0016355087113554241,22552.701775930018
2015-10-22,267.46908,344190,4.3170566572528096e+17,6247450.0,100875344,2.61494039292394e+20,29.4120876,4499653.0,111.690002,38.470001,15.11,205.259995,124.260002,25.09,1.747737357,2,0.016730200844195756,0.0034120329740833398,0.0016509197184512566,22925.48925206999
2015-10-23,274.25325,369912,4.48366630853826e+17,6243725.0,101057818,2.61494039292394e+20,28.73077494,4497934.0,111.5,38.369999,15.12,207.509995,123.199997,25.299999,1.747737357,2,0.017071547248701666,0.0036603996338017116,0.0017146342305435008,23137.364442500002
2015-10-24,279.97907999999995,376751,4.40312562532917e+17,6240100.0,101243297,2.61494039292394e+20,26.88985085,4496215.0,111.5,38.369999,15.12,207.509995,123.199997,25.299999,1.747737357,2,0.017363125250167758,0.0037212438863977334,0.0016838340320276823,23137.364442500002
2015-10-25,286.86941,372818,4.55861706972299e+17,6236225.0,101411569,2.61494039292394e+20,24.82972719,4494496.0,111.5,38.369999,15.12,207.509995,123.199997,25.299999,1.747737357,2,0.01757075926315457,0.0036762866769175025,0.0017432967428468588,23137.364442500002
2015-10-26,284.286,375551,4.8489979131797e+17,6232125.0,101575748,2.61494039292394e+20,26.65010032,4492777.0,111.43,37.41,15.11,207.0,124.019997,25.219999,1.747737357,2,0.018392273819282965,0.003697250646876851,0.001854343573681888,23066.010000000002
2015-10-27,287.83091,355008,4.3854316196800896e+17,6228450.0,101752476,2.61494039292394e+20,29.03670838,4491058.0,111.68,36.959999,15.13,206.600006,124.330002,25.24,1.747737357,2,0.01723259401820728,0.0034889372126924952,0.001677067527637387,23073.088670080004
2015-10-28,300.53566,350473,4.210415098420289e+17,6224975.0,101930490,2.61494039292394e+20,30.11709528,4489339.0,110.779999,37.860001,15.26,208.949997,123.830002,25.450001,1.747737357,2,0.01911755255543832,0.0034383529403223707,0.0016101380780279822,23147.480458710004
2015-10-29,304.32691,382381,4.64608729256982e+17,6221200.0,102112697,2.67378818667481e+20,33.96205933,4489390.857142857,109.720001,38.009998,14.88,208.830002,121.860001,25.34,1.747737357,2,0.01900311977249329,0.003744695921605126,0.001737642239472907,22912.828028270003
2015-10-30,326.55691,378760,5.22427134899554e+17,6216925.0,102302320,2.67378818667481e+20,32.04370245,4489442.714285715,109.300003,38.310001,14.8,207.929993,122.779999,25.25,1.747737357,2,0.0242527389558622,0.0037023598291808044,0.001953883772481086,22726.748858689978
2015-10-31,327.58425,367173,4.505919630411871e+17,6213250.0,102483561,2.67378818667481e+20,28.54469017,4489494.571428572,109.300003,38.310001,14.8,207.929993,122.779999,25.25,1.747737357,2,0.023136224958435658,0.003582750212982939,0.0016852193651193984,22726.748858689978
2015-11-01,311.70274,392441,4.659069444351071e+17,6209425.0,102653246,2.67378818667481e+20,27.34475095,4489546.428571428,109.300003,38.310001,14.8,207.929993,122.779999,25.25,1.753120855,3,0.028822658499848806,0.003822977015261651,0.0017424975798644717,22726.748858689978
2015-11-02,325.64666,396772,4.6990465271571296e+17,6205600.0,102855961,2.67378818667481e+20,33.2823864,4489598.285714285,108.589996,39.18,14.72,210.389999,121.949997,25.23,1.753120855,3,0.028814036346004157,0.003857549879875217,0.0017574490569505364,22846.249149850002
2015-11-03,369.51133,448401,4.68788508624522e+17,6201725.0,103093476,2.67378818667481e+20,34.34305541,4489650.142857143,106.980003,40.16,14.58,211.0,120.949997,25.299999,1.753120855,3,0.041034131516890025,0.004349460483804038,0.001753274664615521,22572.780633
2015-11-04,432.46133,497124,4.77396176720494e+17,6197850.0,103358572,2.67378818667481e+20,44.91027343,4489702.0,105.970001,39.779999,14.38,210.360001,121.089996,25.51,1.753120855,3,0.054337898783114506,0.004809702672749774,0.0017854674468967412,22291.849516330003
2015-11-05,434.31683,445200,4.4638042749193504e+17,6194200.0,103586912,2.67378818667481e+20,34.12758502,4490032.0,105.639999,39.32,14.3,210.149994,120.769997,25.530001,1.753120855,3,0.05350571165167655,0.004297840252251172,0.0016694681714749624,22200.245156010005
2015-11-06,359.586,430967,4.39603241830811e+17,6190575.0,103798443,2.67378818667481e+20,32.32119456,4490362.0,104.099998,39.139999,14.08,210.039993,119.0,25.83,1.753120855,3,0.0802817348323822,0.004151960159941898,0.0016441214155318436,21865.162851220015
2015-11-07,377.64099,365962,4.67967580198016e+17,6186775.0,103991064,2.67378818667481e+20,25.79858313,4490692.0,104.099998,39.139999,14.08,210.039993,119.0,25.83,1.753120855,3,0.08067339582378116,0.003519167762337733,0.001750204382419657,21865.162851220015
2015-11-08,387.775,377531,4.30681450776752e+17,6183300.0,104173792,2.67378818667481e+20,23.43890815,4491022.0,104.099998,39.139999,14.08,210.039993,119.0,25.83,1.753120855,3,0.08068155625394988,0.003624049703403328,0.00161075380960658,21865.162851220015
2015-11-09,370.652,418051,4.51070446564328e+17,6179575.0,104370474,2.67378818667481e+20,29.59354321,4491352.0,104.400002,38.709999,13.89,208.080002,118.330002,25.780001,1.753120855,3,0.08229555713148039,0.004005452729859213,0.001687008899254995,21723.552624960004
2015-11-10,376.948,394208,4.44646644707522e+17,6175925.0,104568947,2.67378818667481e+20,29.20202127,4491682.0,104.18,38.849998,13.76,208.559998,118.68,25.85,1.753120855,3,0.08227687494857135,0.0037698380954338194,0.001662983802993369,21727.780591640003
2015-11-11,311.702,374758,5.30535138895234e+17,6171725.0,104764154,2.82816102495485e+20,27.96582529,4492012.0,103.830002,38.040001,13.64,207.740005,118.43,25.780001,1.753120855,3,0.098980236886745,0.0035771586529491756,0.001875901457568894,21569.64513463001
2015-11-12,320.036,369836,5.13596287919296e+17,6167700.0,104954367,2.82816102495485e+20,25.76607374,4491256.142857143,103.849998,37.099998,13.64,204.839996,119.0,25.67,1.753120855,3,0.09915617667768191,0.003523779053424237,0.0018160079408049098,21272.63317492001
2015-11-13,337.89300000000014,357904,5.26512338258374e+17,6163700.0,105142659,2.82816102495485e+20,25.62122509,4490500.285714285,103.559998,36.93,13.59,202.539993,119.68,25.76,1.753120855,3,0.09840677555684678,0.0034039846757156866,0.0018616773713115557,20975.041270000012
2015-11-14,334.125,386377,4.48023009821269e+17,6160150.0,105322268,2.82816102495485e+20,24.47520325,4489744.428571428,103.559998,36.93,13.59,202.539993,119.68,25.76,1.753120855,3,0.09847364632686212,0.0036685214564502163,0.0015841495794194443,20975.041270000012
2015-11-15,333.951,417968,5.0669700911794e+17,6156150.0,105497786,2.82816102495485e+20,23.01078957,4488988.571428572,103.559998,36.93,13.59,202.539993,119.68,25.76,1.753120855,3,0.09738141162423686,0.003961865133359292,0.0017916130115894979,20975.041270000012
2015-11-16,320.06,401644,5.56477664908146e+17,6151825.0,105691953,2.82816102495485e+20,27.79466448,4488232.714285715,103.709999,38.200001,13.6,205.619995,119.57,25.9,1.753120855,3,0.09746352063095855,0.003800137934815151,0.0019676307678309435,21324.849475830004
2015-11-17,337.759,380404,4.78598029163948e+17,6148100.0,105894626,2.82816102495485e+20,26.30052583,4487476.857142857,102.339996,37.75,13.55,205.470001,119.769997,25.940001,1.753120855,3,0.09192873470130006,0.003592288054353202,0.0016922587679447587,21027.799080459994
2015-11-18,333.33299,412870,4.854476718924929e+17,6144275.0,106114338,2.82816102495485e+20,27.37508755,4486721.0,102.43,38.380001,13.52,208.729996,120.019997,25.940001,1.753120855,3,0.07894676657581182,0.0038908031448115898,0.0017164781906300502,21380.213490280003
2015-11-19,334.02499,357549,4.4059921806460704e+17,6140875.0,106305980,2.82816102495485e+20,25.73583511,4485344.857142857,103.559998,37.84,13.62,208.550003,120.82,25.76,1.753120855,3,0.07889974814976407,0.003363394984929352,0.0015579000423840469,21597.437893579994
2015-11-20,315.63099,357569,5.3955274534758304e+17,6136700.0,106492414,2.82816102495485e+20,25.74141814,4483968.714285715,103.089996,37.470001,13.5,209.309998,120.449997,25.940001,1.753120855,3,0.06336224215043042,0.003357694567802736,0.001907786510692745,21577.76685658001
2015-11-21,321.482,374512,5.6184139009458496e+17,6132350.0,106674553,2.82816102495485e+20,23.84630843,4482592.571428572,103.089996,37.470001,13.5,209.309998,120.449997,25.940001,1.753120855,3,0.0617015150295975,0.003510790431903661,0.0019865961843652607,21577.76685658001
2015-11-22,326.365,376176,5.6012861568568704e+17,6128050.0,106836538,2.82816102495485e+20,23.30401546,4481216.428571428,103.089996,37.470001,13.5,209.309998,120.449997,25.940001,1.753120855,3,0.061234948713195826,0.0035210425856367603,0.001980540042604643,21577.76685658001
2015-11-23,322.606,341924,5.35257180920338e+17,6123975.0,107013628,2.82816102495485e+20,25.64701023,4479840.285714285,102.260002,37.709999,13.45,209.070007,120.82,25.98,1.753120855,3,0.06050266470409208,0.003195144453938147,0.0018925979680696685,21379.499333960015
2015-11-24,320.993,384095,5.4310117696069696e+17,6120075.0,107208929,3.12341964533922e+20,25.12325561,4478464.142857143,102.940002,38.580002,13.51,209.350006,120.809998,25.93,1.753120855,3,0.06003925869351941,0.003582677334646259,0.0017388031024621197,21550.490036340016
2015-11-25,318.337,363871,5.3689443380976096e+17,6116375.0,107397401,3.12341964533922e+20,26.50728282,4477088.0,102.459999,38.299999,13.52,209.320007,121.089996,25.98,1.753120855,3,0.03115750418103237,0.0033880801268179666,0.0017189314750290345,21446.92770789999
2015-11-26,332.471,386584,6.3224209594206e+17,6111975.0,107591260,3.12341964533922e+20,27.95046286,4477228.142857143,102.459999,38.299999,13.52,209.320007,121.089996,25.98,1.753120855,3,0.03250936866809469,0.0035930799583534945,0.0020241983714403998,21446.92770789999
2015-11-27,349.13800000000015,359064,4.8151754083609504e+17,6108650.0,107771805,3.12341964533922e+20,26.65176592,4477368.285714285,101.25,37.970001,13.46,209.559998,120.970001,26.02,1.753120855,3,0.03187838736013499,0.0033317062844034208,0.0015416357566765564,21217.9497975
2015-11-28,354.954,413495,5.4157044865537e+17,6104800.0,107964738,3.12341964533922e+20,26.47215741,4477508.428571428,101.25,37.970001,13.46,209.559998,120.970001,26.02,1.753120855,3,0.031833144381440345,0.0038299078723277222,0.001733902293479852,21217.9497975
2015-11-29,356.806,321245,5.35515249013916e+17,6101075.0,108110803,3.12341964533922e+20,22.17266336,4477648.571428572,101.25,37.970001,13.46,209.559998,120.970001,26.02,1.753120855,3,0.031802938773742816,0.0029714421786322318,0.001714515850641505,21217.9497975
2015-11-30,375.204,488961,5.74203631988917e+17,6097025.0,108341220,3.12341964533922e+20,34.29084643,4477788.714285715,101.919998,38.139999,13.44,208.690002,121.449997,26.08,1.753120855,3,0.030858801326837892,0.004513157595973167,0.0018383813165987672,21269.684586459996
2015-12-01,377.798,412893,5.974652716618369e+17,6092850.0,108561193,3.12341964533922e+20,31.25843549,4477928.857142857,102.279999,38.419998,13.51,210.679993,122.830002,25.959999,1.756773158,3,0.0283363858855491,0.0038033204001359858,0.001912856226518832,21548.34947336001
2015-12-02,352.12800000000016,427129,5.785707613093271e+17,6088825.0,108786005,3.12341964533922e+20,32.47262681,4478069.0,100.690002,37.189999,13.37,208.529999,122.870003,26.02,1.756773158,3,0.03496933165789635,0.003926323059661948,0.0018523632012517844,20996.88601637
2015-12-03,366.788,360567,5.0598429045150304e+17,6085275.0,108975611,3.12341964533922e+20,29.71151175,4478407.142857143,101.760002,36.5,13.46,205.610001,119.529999,25.4,1.756773158,3,0.03631711486537838,0.0033086944564137384,0.0016199689696084704,20922.874112980004
2015-12-04,358.4430000000001,417637,5.4830786834744704e+17,6081450.0,109177288,3.12341964533922e+20,28.66553139,4478745.285714285,104.019997,36.23,13.87,209.619995,120.580002,25.58,1.756773158,3,0.0327428187840071,0.003825310260500334,0.0017554729450640241,21804.671251040014
2015-12-05,369.956,456367,5.998863416644129e+17,6077075.0,109402025,3.12341964533922e+20,31.07756174,4479083.428571428,104.019997,36.23,13.87,209.619995,120.580002,25.58,1.756773158,3,0.03321961723309004,0.004171467575668732,0.0019206075704862964,21804.671251040014
2015-12-06,394.861,429350,5.68263458822916e+17,6073100.0,109601869,3.39742139002206e+20,30.36759062,4479421.571428572,104.019997,36.23,13.87,209.619995,120.580002,25.58,1.756773158,3,0.036352467269210015,0.003917360204870229,0.0016726316626246534,21804.671251040014
2015-12-07,391.61800000000005,435592,5.7489288186440096e+17,6069425.0,109822769,3.39742139002206e+20,33.02830019,4479759.714285715,102.669998,34.860001000000004,13.62,208.350006,121.75,25.66,1.756773158,3,0.03618509658237361,0.00396631776785741,0.0016921447647112978,21391.29469931999
2015-12-08,395.59299,454850,6.76261409345018e+17,6065050.0,110051960,3.39742139002206e+20,32.78755044,4480097.857142857,102.839996,34.41,13.51,206.949997,121.809998,25.58,1.756773158,3,0.03580262083232025,0.004133047698559844,0.0019905137800425364,21282.736863680013
2015-12-09,421.424,490150,6.51716499987104e+17,6060850.0,110323269,3.39742139002206e+20,37.30535029,4480436.0,102.639999,34.860001000000004,13.49,205.339996,121.68,25.309999,1.756773158,3,0.037307079876351644,0.004442852395898457,0.0019182680779638943,21076.096984100008
2015-12-10,415.076,492671,8.41360475395563e+17,6055450.0,110616303,3.39742139002206e+20,35.89685418,4481744.142857143,102.550003,35.139999,13.45,205.869995,121.839996,25.450001,1.756773158,3,0.03776502717023064,0.004453873313773649,0.0024764678231159894,21111.968604859983
2015-12-11,421.81300000000016,460370,6.25805786654151e+17,6051450.0,110880894,3.39742139002206e+20,43.27706332,4483052.285714285,103.110001,33.900002,13.3,201.880005,123.760002,25.35,1.756773158,3,0.036553951913208114,0.004151932613386036,0.0018420022564527609,20815.847517430004
2015-12-12,467.831,531388,6.341613167378049e+17,6047400.0,111158501,3.39742139002206e+20,36.96162758,4484360.428571428,103.110001,33.900002,13.3,201.880005,123.760002,25.35,1.756773158,3,0.04378913516541381,0.004780453093731446,0.001866595997188583,20815.847517430004
2015-12-13,435.091,477834,5.49920022550533e+17,6043850.0,111382223,3.39742139002206e+20,33.25167033,4485668.571428572,103.110001,33.900002,13.3,201.880005,123.760002,25.35,1.756773158,3,0.050229716405226804,0.004290038276574889,0.0016186394309684446,20815.847517430004
2015-12-14,437.021,528439,7.559042605277101e+17,6038975.0,111649919,3.39742139002206e+20,40.52758586,4486976.714285715,101.790001,34.099998,13.06,202.899994,122.160004,25.4,1.756773158,3,0.049178026692872016,0.004732999403250799,0.0022249352486792984,20653.190592159994
2015-12-15,453.676,494141,7.14728599777022e+17,6034400.0,111911591,3.39742139002206e+20,39.99899310000001,4488284.857142857,101.519997,35.110001000000004,13.11,205.029999,121.440002,25.540001,1.756773158,3,0.04966067992072546,0.004415458627516072,0.002103738446682297,20814.644883390003
2015-12-16,445.805,483153,6.35177710126278e+17,6030325.0,112165898,3.39742139002206e+20,37.38604758,4489593.0,102.75,34.860001000000004,13.49,208.029999,121.18,25.540001,1.756773158,3,0.04457809311249913,0.004307485685176791,0.0018695876584274808,21375.08239725
2015-12-17,451.102,456874,6.064099257861311e+17,6026450.0,112411014,3.39742139002206e+20,37.64708734,4490583.0,100.5,33.990002000000004,13.08,204.860001,122.550003,25.780001,1.756773158,3,0.0440506218733359,0.004064317042812193,0.0017849123089855906,20588.4301005
2015-12-18,456.425,451606,6.74507525825996e+17,6022225.0,112655772,4.0135898492488096e+20,37.77548047,4491573.0,102.040001,33.380001,13.43,200.020004,123.230003,25.629999,1.756773158,3,0.04271610064757653,0.00400872491468968,0.00168055917809399,20410.041408180005
2015-12-19,464.218,504568,7.140162334361409e+17,6018300.0,112908761,4.0135898492488096e+20,35.23701085,4492563.0,102.040001,33.380001,13.43,200.020004,123.230003,25.629999,1.756773158,3,0.04251636430152568,0.004468811769177061,0.0017789965099941076,20410.041408180005
2015-12-20,460.23800000000006,473920,7.70721355980278e+17,6014175.0,113134131,4.0135898492488096e+20,33.53649378,4493553.0,102.040001,33.380001,13.43,200.020004,123.230003,25.629999,1.756773158,3,0.040508311978931066,0.0041890099460789604,0.0019202793133546705,20410.041408180005
2015-12-21,435.64099,502091,6.9369999018429e+17,6010450.0,113388854,4.0135898492488096e+20,41.10369193,4494543.0,103.150002,33.369999,13.59,201.669998,123.199997,25.540001,1.756773158,3,0.043981462328439115,0.004428045458506883,0.0017283778767631778,20802.260697039994
2015-12-22,438.276,485631,6.8212700958239e+17,6006700.0,113636968,4.0135898492488096e+20,39.13063975,4495533.0,102.610001,33.779999,13.59,203.5,122.309998,25.5,1.756773158,3,0.043977188307215524,0.004273530071657667,0.0016995433893427303,20881.135203499998
2015-12-23,437.994,471564,7.202350055229889e+17,6002775.0,113890428,4.0135898492488096e+20,39.8125779,4496523.0,102.309998,35.259998,13.62,206.020004,121.389999,25.540001,1.756773158,3,0.04093613906130223,0.004140505995815557,0.001794490798948451,21077.90619719999
2015-12-24,456.572,448456,6.41081749593546e+17,5999325.0,114127484,4.0135898492488096e+20,36.33612595,4495103.571428572,103.050003,34.66,13.69,205.679993,121.830002,25.48,1.756773158,3,0.041821972321702296,0.0039294303552683246,0.0015972776832528914,21195.32389568998
2015-12-25,455.74300000000005,377220,7.48278406290849e+17,5995275.0,114322588,4.0135898492488096e+20,29.58094326,4493684.142857143,103.050003,34.66,13.69,205.679993,121.830002,25.48,1.756773158,3,0.04178981400434552,0.0032996103972033944,0.0018643619163799163,21195.32389568998
2015-12-26,447.606,419588,7.79470601046617e+17,5991000.0,114509588,4.0135898492488096e+20,31.37472184,4492264.714285715,103.050003,34.66,13.69,205.679993,121.830002,25.48,1.756773158,3,0.03112515944267243,0.0036642171832807573,0.0019420783645655872,21195.32389568998
2015-12-27,419.338,406022,9.377867024129e+17,5985875.0,114681589,4.0135898492488096e+20,27.06454523,4490845.285714285,103.050003,34.66,13.69,205.679993,121.830002,25.48,1.756773158,3,0.02990808441973814,0.0035404287954189403,0.0023365284885510105,21195.32389568998
2015-12-28,427.817,411148,6.95851733436558e+17,5982100.0,114883369,4.0135898492488096e+20,31.14441685,4489425.857142857,102.269997,33.990002000000004,13.29,205.210007,122.190002,25.450001,1.756773158,3,0.0304761381753364,0.0035788295867263432,0.0017337390206096789,20986.82680025998
2015-12-29,422.741,414757,7.223916527400511e+17,5978125.0,115095119,4.0135898492488096e+20,31.35063356,4488006.428571428,102.199997,34.220001,13.27,207.399994,120.160004,25.52,1.756773158,3,0.02841178793127802,0.0036036019911495987,0.0017998641611953825,21196.278764600018
2015-12-30,431.029,405363,7.82995962456021e+17,5974000.0,115301589,4.0135898492488096e+20,30.79767766,4486587.0,101.419998,33.700001,13.21,205.929993,120.040001,25.52,1.756773158,3,0.028876074039060905,0.0035156757466716267,0.0019508619262692422,20885.419478200016
2015-12-31,424.962,355015,6.85959446625376e+17,5970450.0,115483768,4.4616266649971694e+20,25.50670682,4486589.714285715,101.459999,33.860001000000004,13.19,203.869995,120.580002,25.65,1.756773158,3,0.028726581917465605,0.0030741549756152743,0.001537464916118909,20684.649488830004
2016-01-01,432.358,316489,6.86999110083512e+17,5967075.0,115629296,4.4616266649971694e+20,19.82080598,4486592.428571428,101.459999,33.860001000000004,13.19,203.869995,120.580002,25.65,1.7969609919999998,3,0.02899977348572609,0.002737100466303972,0.0015397951502155727,20684.649488830004
2016-01-02,433.773,419389,7.466683591572191e+17,5963450.0,115810686,4.4616266649971694e+20,31.37600479,4486595.142857143,101.459999,33.860001000000004,13.19,203.869995,120.580002,25.65,1.7969609919999998,3,0.02847106831195977,0.0036213324908549458,0.0016735339265722556,20684.649488830004
2016-01-03,431.985,394047,7.432370970952169e+17,5959825.0,115983606,4.4616266649971694e+20,24.08304879,4486597.857142857,101.459999,33.860001000000004,13.19,203.869995,120.580002,25.65,1.7969609919999998,3,0.02845066189483835,0.003397437048129026,0.0016658433188194344,20684.649488830004
2016-01-04,431.691,418253,9.24970135345209e+17,5955300.0,116198416,4.4616266649971694e+20,30.74684308,4486600.571428572,102.889999,33.799999,13.19,201.020004,121.449997,25.690001,1.7969609919999998,3,0.024474728347101526,0.003599472474736661,0.00207316793805695,20682.948010539996
2016-01-05,433.732,434786,8.06265480040695e+17,5951375.0,116419547,4.4616266649971694e+20,32.27846687,4486603.285714285,103.18,33.939999,13.31,201.360001,120.959999,25.84,1.7969609919999998,3,0.02444965075517762,0.003734647756360021,0.0018071110394917065,20776.324903180004
2016-01-06,427.164,379343,7.217389944868819e+17,5947850.0,116624714,4.4616266649971694e+20,30.40324362,4486606.0,104.669998,32.66,13.36,198.820007,122.589996,25.77,1.7969609919999998,3,0.024755124385190515,0.0032526810740989257,0.0016176588690155226,20810.48973504999
2016-01-07,441.021,429901,7.59096203419657e+17,5944175.0,116851406,4.4616266649971694e+20,37.02453793,4488761.571428572,106.150002,31.870001,13.62,194.050003,122.809998,25.51,1.7969609919999998,3,0.023565145866109055,0.003679040027982205,0.0017013888888888881,20598.408206550008
2016-01-08,457.168,413695,8.795540054748511e+17,5939850.0,117067608,4.4616266649971694e+20,32.53002298,4490917.142857143,105.68,31.459999,13.3,191.919998,123.360001,25.559999,1.7969609919999998,3,0.025711263999294718,0.003533812700777144,0.0019713751766260996,20282.10538864
2016-01-09,452.36800000000005,450544,7.82941644680379e+17,5936075.0,117288723,4.4616266649971694e+20,30.22393822,4493072.714285715,105.68,31.459999,13.3,191.919998,123.360001,25.559999,1.7969609919999998,3,0.02537933299473948,0.00384132411433962,0.0017548345109706209,20282.10538864
2016-01-10,445.327,432601,8.96073480357271e+17,5931700.0,117492140,4.4616266649971694e+20,27.95780106,4495228.285714285,105.68,31.459999,13.3,191.919998,123.360001,25.559999,1.7969609919999998,3,0.017788290344267235,0.0036819569377151526,0.002008400853857277,20282.10538864
2016-01-11,450.312,447870,8.65465360973001e+17,5927450.0,117723289,4.4616266649971694e+20,35.90416653,4497383.857142857,104.739998,30.790001,13.22,192.110001,122.010002,25.68,1.7969609919999998,3,0.0173369001806746,0.0038044298949207918,0.0019397978046053076,20121.601120519997
2016-01-12,446.614,456620,8.818366639726529e+17,5923200.0,117960074,4.4616266649971694e+20,34.70749772,4499539.428571428,104.209999,30.9,13.17,193.660004,123.769997,25.719999,1.7969609919999998,3,0.017108101268548927,0.003870970782876925,0.001976491379009661,20181.308823179996
2016-01-13,431.156,425758,8.090904873279871e+17,5919500.0,118183244,4.86853010508298e+20,34.27954249,4501695.0,104.720001,30.24,13.49,188.830002,124.989998,25.68,1.7969609919999998,3,0.01938337789365924,0.0036025242292384526,0.0016618783695786488,19774.27799827
2016-01-14,431.41,427593,7.434491870763711e+17,5916175.0,118407117,4.86853010508298e+20,31.82088874,4499858.571428572,103.019997,31.57,13.19,191.929993,123.82,25.75,1.7969609919999998,3,0.018948322019327335,0.0036112102957459894,0.0015270506108202438,19772.62730307002
2016-01-15,416.29,415698,6.88538292706254e+17,5913125.0,118628014,4.86853010508298e+20,35.76071656,4498022.142857143,104.080002,30.65,13.24,187.809998,125.75,25.690001,1.7969609919999998,3,0.020673992446107504,0.003504214442972973,0.001414263192061577,19547.264967459996
2016-01-16,372.737,501322,7.980644089785779e+17,5909575.0,118882076,4.86853010508298e+20,34.77336876,4496185.714285715,104.080002,30.65,13.24,187.809998,125.75,25.690001,1.7969609919999998,3,0.03532023604230021,0.004216968754818851,0.0016392307159513305,19547.264967459996
2016-01-17,383.138,536248,8.484304841052649e+17,5905800.0,119128878,4.86853010508298e+20,36.326795,4494349.285714285,104.080002,30.65,13.24,187.809998,125.75,25.690001,1.7969609919999998,3,0.03676569996940137,0.004501410648726164,0.0017426830394238757,19547.264967459996
2016-01-18,380.817,472900,9.76652915942155e+17,5901475.0,119381860,4.86853010508298e+20,39.48023545,4492512.857142857,104.080002,30.65,13.24,187.809998,125.75,25.690001,1.7969609919999998,3,0.03670485702175644,0.0039612383321888265,0.002006052945882952,19547.264967459996
2016-01-19,382.73800000000006,418853,7.445519610611341e+17,5898150.0,119592591,4.86853010508298e+20,39.67840683,4490676.428571428,103.980003,29.940001,13.36,188.059998,125.360001,25.74,1.7969609919999998,3,0.03671397770291886,0.003502332347661905,0.0015293157174560469,19554.479156219993
2016-01-20,378.775,625316,8.59534904434186e+17,5894350.0,119861785,4.86853010508298e+20,46.47964248,4488840.0,105.370003,29.049999,13.48,185.649994,126.68,25.75,1.7969609919999998,3,0.036672563577551276,0.005216975535613791,0.001765491608107322,19561.94042472998
2016-01-21,417.439,516423,7.61506855272832e+17,5890925.0,120133961,4.86853010508298e+20,50.3603795,4487912.714285715,105.489998,29.969999,13.46,186.690002,125.82,25.719999,1.7969609919999998,3,0.04534316613115874,0.0042987261528819485,0.0015641412065579756,19693.927937599994
2016-01-22,403.271,501585,9.84694314388522e+17,5886525.0,120393674,4.86853010508298e+20,45.16359551,4486985.428571428,105.0,31.280001,13.38,190.520004,125.339996,25.860001,1.7969609919999998,3,0.044479079734252094,0.004166207270990002,0.0020225700429796125,20004.60042
2016-01-23,388.219,473138,1.01476133724176e+18,5882050.0,120630106,4.86853010508298e+20,38.59889347,4486058.142857143,105.0,31.280001,13.38,190.520004,125.339996,25.860001,1.7969609919999998,3,0.04515625979191514,0.003922221538958111,0.002084327949789815,20004.60042
2016-01-24,388.538,487369,9.45947173549511e+17,5877775.0,120866209,4.86853010508298e+20,40.1824236,4485130.857142857,105.0,31.280001,13.38,190.520004,125.339996,25.860001,1.7969609919999998,3,0.04523776335004372,0.004032301534335374,0.0019429831040007263,20004.60042
2016-01-25,397.885,517054,9.12891658205753e+17,5873725.0,121140581,4.86853010508298e+20,45.9839664,4484203.571428572,106.080002,29.799999,13.58,187.639999,126.019997,25.780001,1.7969609919999998,3,0.04580899608572013,0.004268214629084535,0.0018750868095745163,19904.851469199995
2016-01-26,390.715,533660,9.14833624703637e+17,5869725.0,121428098,5.1553927252669e+20,47.01650631,4483276.285714285,107.290001,30.99,13.82,190.199997,126.080002,25.73,1.7969609919999998,3,0.045876022078666805,0.004394864193623456,0.001774517817469037,20406.557868329997
2016-01-27,392.389,529064,9.16498494553636e+17,5865850.0,121707305,5.1553927252669e+20,49.12850373,4482349.0,107.690002,30.790001,13.81,188.130005,126.050003,25.709999,1.7969609919999998,3,0.04538765987044657,0.004347019268892693,0.0017777471928798361,20259.72061471001
2016-01-28,381.356,522079,8.67851190924672e+17,5862200.0,122000559,5.1553927252669e+20,47.43453192,4482512.714285715,106.540001,31.780001,13.57,189.110001,126.230003,25.59,1.7969609919999998,3,0.04569233184574416,0.004279316457886066,0.0016833852184941788,20147.779695650002
2016-01-29,369.133,531398,9.97757003470038e+17,5857975.0,122293833,5.1553927252669e+20,46.98023086,4482676.428571428,106.949997,32.630001,13.59,193.720001,127.300003,25.860001,1.7969609919999998,3,0.04555941173545414,0.004345255905095395,0.0019353656581388436,20718.353525789997
2016-01-30,376.952,497442,1.10940107437935e+18,5853300.0,122543689,5.1553927252669e+20,38.97923245,4482840.142857143,106.949997,32.630001,13.59,193.720001,127.300003,25.860001,1.7969609919999998,3,0.0353380249494746,0.004059303290600302,0.0021519234973935283,20718.353525789997
2016-01-31,378.174,479995,1.0776870201572e+18,5848775.0,122767413,5.1553927252669e+20,34.55384553,4483003.857142857,106.949997,32.630001,13.59,193.720001,127.300003,25.860001,1.7969609919999998,3,0.03451195828785024,0.003909791599176241,0.0020904072251865294,20718.353525789997
2016-02-01,372.157,600305,9.81213401860684e+17,5844750.0,123048042,5.1553927252669e+20,55.98834185,4483167.571428572,108.050003,31.99,13.67,193.649994,126.669998,25.690001,1.7012405730000002,3,0.03472822518540601,0.004878622936560014,0.0019032757621969248,20923.88243264998
2016-02-02,372.453,688691,1.02735722886881e+18,5840250.0,123370902,5.1553927252669e+20,58.64427461,4483331.285714285,108.089996,30.889999,13.62,190.160004,129.020004,25.67,1.7012405730000002,3,0.034684017908577225,0.005582280658043661,0.0019927817018355718,20554.394071719984
2016-02-03,372.762,542778,1.04870141577205e+18,5835775.0,123618464,5.1553927252669e+20,44.727733,4483495.0,109.25,32.099998,13.95,191.300003,127.949997,25.23,1.7012405730000002,3,0.03460304418077024,0.004390751854027243,0.002034183371971449,20899.52532775
2016-02-04,370.4330000000001,463655,1.00196200627577e+18,5831575.0,123866775,5.1553927252669e+20,38.13751292,4483892.571428572,110.57,32.16,14.17,191.600006,128.570007,25.059999,1.7012405730000002,3,0.0199169082246175,0.0037431748747797787,0.0019435221711919092,21185.21266342
2016-02-05,386.954,505350,1.10852176220669e+18,5826875.0,124139344,5.1553927252669e+20,43.03457951,4484290.142857143,112.32,31.459999,14.34,187.949997,128.720001,25.17,1.7012405730000002,3,0.022813672492116934,0.004070828664923507,0.0021502178811203965,21110.54366304
2016-02-06,377.889,484549,1.17880658646977e+18,5821875.0,124404862,5.1553927252669e+20,40.20959148,4484687.714285715,112.32,31.459999,14.34,187.949997,128.720001,25.17,1.7012405730000002,3,0.02139534592214316,0.0038949361963039678,0.00228655050990076,21110.54366304
2016-02-07,376.44,525120,1.20448747698811e+18,5817475.0,124677450,6.18975430320052e+20,38.93269746,4485085.285714285,112.32,31.459999,14.34,187.949997,128.720001,25.17,1.7012405730000002,3,0.02138557476148869,0.0042118282014911275,0.0019459374604987292,21110.54366304
2016-02-08,376.924,473864,1.06553566993937e+18,5813775.0,124938994,6.18975430320052e+20,42.13873335,4485482.857142857,113.830002,31.4,14.59,185.419998,131.490005,25.110001,1.7012405730000002,3,0.020084936921809855,0.003792763050421232,0.0017214506711331276,21106.358743179993
2016-02-09,372.434,506994,1.28910488635785e+18,5809375.0,125215631,6.18975430320052e+20,41.7533383,4485880.428571428,113.580002,30.700001,14.51,185.429993,131.630005,24.93,1.7012405730000002,3,0.019811389584573656,0.004048967336993254,0.002082643063378616,21061.138975799986
2016-02-10,374.764,496405,1.142432368917e+18,5805275.0,125489974,6.18975430320052e+20,45.10160409,4486278.0,114.459999,30.52,14.55,185.270004,132.78999299999998,24.879999,1.7012405730000002,3,0.019876840744155324,0.003955734344163622,0.0018456829026739971,21206.004472569995
2016-02-11,379.186,497552,1.35554433138801e+18,5800475.0,125769228,6.18975430320052e+20,44.25502408,4485899.571428572,119.059998,30.370001,14.95,182.860001,133.720001,24.809999,1.7012405730000002,3,0.018828946006744285,0.003956071035118383,0.0021899808376676638,21771.31135334
2016-02-12,378.576,471634,1.21391394475163e+18,5796200.0,126035926,6.18975430320052e+20,39.03763903,4485521.142857143,118.360001,31.190001,14.99,186.630005,131.5,24.92,1.7012405730000002,3,0.016424667700360652,0.003742060021838535,0.001961166607411145,22089.527578430007
2016-02-13,388.87,445514,1.11012942056229e+18,5792300.0,126274297,6.18975430320052e+20,34.91582779,4485142.714285715,118.360001,31.190001,14.99,186.630005,131.5,24.92,1.7012405730000002,3,0.017015315351583328,0.003528144765676264,0.0017934951311205979,22089.527578430007
2016-02-14,397.23,494377,1.18209338755584e+18,5788150.0,126500603,6.18975430320052e+20,35.15265778,4484764.285714285,118.360001,31.190001,14.99,186.630005,131.5,24.92,1.7012405730000002,3,0.017764059901672992,0.0039080999479504455,0.0019097581739950778,22089.527578430007
2016-02-15,405.621,498017,1.09073089346667e+18,5784350.0,126761352,6.18975430320052e+20,42.11669849,4484385.857142857,118.360001,31.190001,14.99,186.630005,131.5,24.92,1.7012405730000002,3,0.017376170125453904,0.003928776335550602,0.0017621553942822716,22089.527578430007
2016-02-16,401.663,479770,9.95009835919335e+17,5780900.0,127019837,6.18975430320052e+20,42.20291344,4484007.428571428,114.769997,31.49,14.51,189.779999,130.110001,25.139999,1.7012405730000002,3,0.017851948575171965,0.0037771265601608353,0.0016075110370775913,21781.049915890006
2016-02-17,407.017,539591,1.09043907641853e+18,5777025.0,127310650,6.18975430320052e+20,43.84467565,4483629.0,115.480003,32.419998,14.54,192.880005,129.309998,25.129999,1.7012405730000002,3,0.017915964585924146,0.004238380685355075,0.0017616839425350045,22273.783556040016
2016-02-18,417.492,495709,1.21625969658387e+18,5772800.0,127579514,6.18975430320052e+20,43.33919321,4484510.0,118.290001,32.119999,14.76,192.089996,130.899994,25.139999,1.7012405730000002,3,0.018207438721979385,0.0038854905811915854,0.0019649563407629633,22722.32581893
2016-02-19,421.956,509829,1.0818343054095e+18,5769175.0,127845786,7.02191311002898e+20,45.93178995,4485391.0,117.580002,31.98,14.64,192.0,131.009995,25.07,1.7012405730000002,3,0.01520343572042206,0.003987843604012103,0.0015406546456184149,22575.360384
2016-02-20,422.054,500207,1.2107164229851e+18,5765425.0,128102564,7.02191311002898e+20,41.35279322,4486272.0,117.580002,31.98,14.64,192.0,131.009995,25.07,1.7012405730000002,3,0.012727726614658172,0.0039047383938388617,0.0017241973861167634,22575.360384
2016-02-21,439.61,522161,1.04343546835198e+18,5762225.0,128340101,7.02191311002898e+20,40.3175371,4487153.0,117.580002,31.98,14.64,192.0,131.009995,25.07,1.7012405730000002,3,0.01495085230282148,0.004068572456554323,0.0014859703502478597,22575.360384
2016-02-22,436.14,538684,1.0211645081572e+18,5759050.0,128621901,7.02191311002898e+20,45.80619995,4488034.0,115.489998,32.75,14.43,194.779999,130.940002,25.26,1.7012405730000002,3,0.015603381224889842,0.004188120341962602,0.0014542539791595136,22495.14169495
2016-02-23,438.745,545937,1.09849908893304e+18,5755650.0,128903598,7.02191311002898e+20,48.35862446,4488915.0,117.220001,31.65,14.54,192.320007,131.470001,25.27,1.7012405730000002,3,0.014304308423808984,0.0042352347682335445,0.0015643871858284878,22543.751412860005
2016-02-24,419.896,468936,9.54569879707172e+17,5752700.0,129149453,7.02191311002898e+20,45.99151748,4489796.0,117.610001,32.0,14.52,193.199997,131.21000700000002,25.290001,1.7012405730000002,3,0.02065007355404505,0.0036309561450484813,0.0013594156816663207,22722.251840369994
2016-02-25,422.617,525409,1.26821702386886e+18,5748825.0,129413971,7.02191311002898e+20,45.89148285,4488180.142857143,117.919998,32.07,14.41,195.539993,131.679993,25.27,1.7012405730000002,3,0.020627266814963262,0.004059909420444258,0.001806084757809864,23058.075583480015
2016-02-26,421.244,474680,1.12878234881223e+18,5745325.0,129657146,7.02191311002898e+20,42.35918186,4486564.285714285,117.110001,32.240002000000004,14.02,195.089996,130.410004,25.440001,1.7012405730000002,3,0.020689214708268643,0.003661040017030762,0.0016075139796305048,22846.989626649996
2016-02-27,433.401,475375,1.18714344700892e+18,5741650.0,129890471,7.02191311002898e+20,37.33826946,4484948.428571428,117.110001,32.240002000000004,14.02,195.089996,130.410004,25.440001,1.7012405730000002,3,0.02080926602705859,0.0036598142753674363,0.0016906267970097691,22846.989626649996
2016-02-28,425.502,488757,1.07963736961881e+18,5738300.0,130159815,7.02191311002898e+20,44.48851907,4483332.571428572,117.110001,32.240002000000004,14.02,195.089996,130.410004,25.440001,1.7012405730000002,3,0.02151419971732565,0.0037550529708420374,0.0015375259600931665,22846.989626649996
2016-02-29,438.28,562740,1.10451834760491e+18,5734975.0,130439086,7.02191311002898e+20,55.28146424,4481716.714285715,118.639999,31.889999,14.2,193.559998,130.979996,25.49,1.7012405730000002,3,0.022127262368046095,0.004314197663114566,0.0015729592922865882,22963.957969160005
2016-03-01,436.426,564995,1.11519198544084e+18,5731450.0,130726654,7.02191311002898e+20,60.06599979,4480100.857142857,117.769997,32.560001,14.17,198.110001,128.429993,25.5,1.777883406,3,0.021879083470867786,0.004321957173324424,0.0015881597621139425,23331.41422344
2016-03-02,434.001,557668,1.26774112334788e+18,5727525.0,131026206,7.02191311002898e+20,92.15325496,4478485.0,118.68,33.400002,14.25,199.0,128.96000700000002,25.48,1.777883406,3,0.021972958869531035,0.004256156207407853,0.0018054070215383908,23617.32
2016-03-03,419.254,567143,1.10753139295017e+18,5724150.0,131263617,7.02191311002898e+20,56.09368275,4478856.142857143,120.730003,33.939999,14.5,199.779999,129.429993,25.32,1.777883406,3,0.02340116915970241,0.0043206412634507856,0.0015772502103000234,24119.439878609996
2016-03-04,421.597,526315,1.25185787811023e+18,5720275.0,131494911,6.80439658977675e+20,51.56297271,4479227.285714285,120.540001,34.279999,14.76,200.429993,128.600006,25.25,1.777883406,3,0.023267916026703733,0.004002550334438418,0.0018397779459108554,24159.831556649995
2016-03-05,407.722,520919,1.17958497170422e+18,5716525.0,131743168,6.80439658977675e+20,62.07709524,4479598.428571428,120.540001,34.279999,14.76,200.429993,128.600006,25.25,1.777883406,3,0.024919488501676485,0.003954049442624607,0.0017335629341130477,24159.831556649995
2016-03-06,397.883,417030,1.16094565075044e+18,5712825.0,131922275,6.80439658977675e+20,39.12461422,4479969.571428572,120.540001,34.279999,14.76,200.429993,128.600006,25.25,1.777883406,3,0.022159096432760775,0.00316117956577083,0.0017061698791847317,24159.831556649995
2016-03-07,407.276,409449,1.06341184277727e+18,5709500.0,132127366,6.80439658977675e+20,43.73955784,4480340.714285715,121.139999,35.07,14.9,200.589996,128.559998,25.200001,1.777883406,3,0.02360004850962315,0.0030988962574187697,0.001562830485770025,24299.471914850008
2016-03-08,414.213,465704,1.19495173428091e+18,5705650.0,132362177,6.80439658977675e+20,44.92403847,4480711.857142857,120.580002,33.529999,14.62,198.399994,129.979996,25.209999,1.777883406,3,0.02416085325605328,0.0035184069237543594,0.0017561465127947753,23923.071673319984
2016-03-09,410.739,510416,1.3085378057263e+18,5701450.0,132582894,6.80439658977675e+20,54.68048263,4481083.0,119.580002,34.139999,14.53,199.380005,129.190002,25.219999,1.777883406,3,0.021363499765637024,0.0038497877410942623,0.0019230769230769256,23841.86139666001
2016-03-10,411.672,440699,1.22066789127034e+18,5697575.0,132806111,6.80439658977675e+20,41.07926816,4481833.0,121.5,34.130001,14.82,199.539993,128.660004,24.969999,1.777883406,3,0.02127143499655266,0.0033183638665543035,0.001793939955093637,24244.1091495
2016-03-11,416.708,424425,1.27001009561416e+18,5693575.0,133026533,6.80439658977675e+20,39.76764706,4482583.0,119.410004,34.950001,14.72,202.759995,127.360001,24.950001,1.777883406,3,0.02159098068842999,0.0031905289150097596,0.0018664551350846945,24211.57181398998
2016-03-12,415.04,376513,1.14038839041428e+18,5689975.0,133223049,6.80439658977675e+20,34.40586731,4483333.0,119.410004,34.950001,14.72,202.759995,127.360001,24.950001,1.777883406,3,0.01988690527681547,0.0028261851295716856,0.0016759581476007053,24211.57181398998
2016-03-13,411.637,426281,1.02701462407262e+18,5686650.0,133404434,6.80439658977675e+20,35.80250793,4484083.0,119.410004,34.950001,14.72,202.759995,127.360001,24.950001,1.777883406,3,0.01946647982305316,0.0031954035350878966,0.0015093397489729739,24211.57181398998
2016-03-14,414.208,455848,1.20393947134234e+18,5682850.0,133623218,6.80439658977675e+20,41.05698574,4484833.0,117.870003,34.740002000000004,14.58,202.5,127.760002,25.049999,1.777883406,3,0.01740915493519874,0.0034114430622378816,0.0017693552329845032,23868.6756075
2016-03-15,416.034,448820,1.24778788436154e+18,5678825.0,133851246,6.80439658977675e+20,42.88754793,4485583.0,117.959999,34.619999,14.54,202.169998,127.879997,25.07,1.777883406,3,0.017553827058894262,0.003353125304489134,0.0018337965283156423,23847.97276191
2016-03-16,414.167,446553,1.20707282765285e+18,5675025.0,134095991,6.80439658977675e+20,47.99646002,4486333.0,120.589996,35.279999,14.87,203.339996,128.259995,24.799999,1.777883406,3,0.017546033121377366,0.0033300995553252593,0.0017739601325801814,24520.769304280017
2016-03-17,417.138,477259,1.10044149699894e+18,5671500.0,134336978,6.80439658977675e+20,46.32816082,4487265.0,120.129997,35.810001,15.16,204.630005,128.78999299999998,24.58,1.777883406,3,0.015223219468330676,0.003552700135922367,0.0016172506738544542,24582.201886759987
2016-03-18,417.154,437534,1.10215542426868e+18,5668100.0,134571116,7.10803494424286e+20,42.894972,4488197.0,119.800003,35.77,15.03,204.380005,129.059998,24.639999,1.777883406,3,0.015128827792441056,0.003251321776955465,0.0015505768231504952,24484.725212140016
2016-03-19,407.473,423208,1.12571063699959e+18,5664700.0,134777277,7.10803494424286e+20,34.35487023,4489129.0,119.800003,35.77,15.03,204.380005,129.059998,24.639999,1.777883406,3,0.01362953897385541,0.0031400545360476453,0.0015837156764562017,24484.725212140016
2016-03-20,409.24,437331,1.18540321871868e+18,5661050.0,134985097,7.10803494424286e+20,33.74667059,4490061.0,119.800003,35.77,15.03,204.380005,129.059998,24.639999,1.777883406,3,0.011702740234392583,0.0032398465439484776,0.0016676946976446638,24484.725212140016
2016-03-21,407.496,437483,1.14792245526869e+18,5657575.0,135208268,7.10803494424286e+20,41.13390235,4490993.0,118.959999,35.66,15.06,204.669998,128.070007,24.719999,1.777883406,3,0.010041317257640625,0.003235623135117743,0.0016149645637272055,24347.54275741
2016-03-22,415.125,464578,1.20889115471891e+18,5653875.0,135444019,7.10803494424286e+20,42.63768215,4491925.0,119.309998,35.549999,15.12,204.559998,128.03999299999998,24.790001,1.777883406,3,0.010262862705307284,0.003430037025112198,0.001700738902104089,24406.052952260005
2016-03-23,417.318,432354,1.22359767860366e+18,5650150.0,135665331,7.10803494424286e+20,38.35156743,4492857.0,116.610001,34.48,14.51,203.210007,129.490005,24.92,1.777883406,3,0.0100321646533108,0.0031869158967370963,0.0017214289015203997,23696.319119480006
2016-03-24,415.837,428031,1.20182783359255e+18,5646475.0,135880901,7.10803494424286e+20,38.50255692,4491426.0,116.330002,34.650002,14.43,203.119995,129.53999299999998,24.93,1.777883406,3,0.010102039651831844,0.003150045347432602,0.0016908018081227473,23628.949424589988
2016-03-25,414.75699,399982,1.19997352295764e+18,5642825.0,136081595,7.10803494424286e+20,32.7033762,4489995.0,116.330002,34.650002,14.43,203.119995,129.53999299999998,24.93,1.777883406,3,0.009572623961900822,0.0029392806573144592,0.0016881930552825383,23628.949424589988
2016-03-26,416.851,457003,1.28622545471326e+18,5639000.0,136260917,7.10803494424286e+20,35.83237589999999,4488564.0,116.330002,34.650002,14.43,203.119995,129.53999299999998,24.93,1.777883406,3,0.00961069463247768,0.0033538817297112423,0.001809537326142489,23628.949424589988
2016-03-27,416.233,425275,1.14890172081785e+18,5635475.0,136435986,7.10803494424286e+20,31.75097348,4487133.0,116.330002,34.650002,14.43,203.119995,129.53999299999998,24.93,1.777883406,3,0.00931383480731377,0.0031170295496673437,0.0016163422518742693,23628.949424589988
2016-03-28,424.297,516144,1.38046901228255e+18,5631225.0,136648010,7.10803494424286e+20,46.15473942,4485702.0,116.599998,34.529999,14.46,203.240005,129.71000700000002,24.879999,1.777883406,3,0.01046821712971966,0.003777179045637035,0.0019421246844047362,23697.78417651999
2016-03-29,423.597,668511,1.29126340628313e+18,5627300.0,136867350,7.10803494424286e+20,57.79052183,4484271.0,118.760002,34.68,14.6,205.119995,131.070007,24.66,1.777883406,3,0.010473955017454167,0.004884371619674086,0.0018166250115708655,24360.05101643999
2016-03-30,414.61300000000006,480360,1.21789535026191e+18,5623625.0,137092713,7.10803494424286e+20,45.75345212,4482840.0,117.099998,34.779999,14.49,206.020004,129.690002,24.58,1.777883406,3,0.012052970192268605,0.0035039061485346783,0.001713406531925314,24124.942056359992
2016-03-31,414.458,419561,1.01771991580869e+18,5620525.0,137312861,7.10803494424286e+20,45.74989907,4483015.571428572,117.639999,34.779999,14.68,205.520004,130.610001,24.540001,1.777883406,3,0.011879934133640146,0.00305551131150053,0.0014317880030021385,24177.373065039996
2016-04-01,416.012,505104,1.25551174244515e+18,5616700.0,137540894,7.16621792837638e+20,53.2276954,4483191.142857143,116.93,34.279999,14.34,206.919998,130.679993,24.530001,1.815989093,3,0.011933024812768067,0.003672391427090768,0.001751986549939608,24195.15536614
2016-04-02,418.785,477350,1.13774176427947e+18,5613225.0,137745797,7.16621792837638e+20,49.66375403,4483366.714285715,116.93,34.279999,14.34,206.919998,130.679993,24.530001,1.815989093,3,0.00996505140986267,0.003465441490022378,0.0015876460577263567,24195.15536614
2016-04-03,418.93999,466404,1.1796516998359e+18,5609675.0,137945323,7.16621792837638e+20,43.58224685,4483542.285714285,116.93,34.279999,14.34,206.919998,130.679993,24.530001,1.815989093,3,0.009948727667167747,0.003381078748135593,0.001646128699442397,24195.15536614
2016-04-04,418.593,487207,1.37471072192488e+18,5605525.0,138183044,7.16621792837638e+20,45.08180774,4483717.857142857,116.150002,34.040001000000004,14.2,206.25,130.759995,24.51,1.815989093,3,0.00983238774448976,0.0035258088539430353,0.0019183211223334122,23955.9379125
2016-04-05,422.044,460767,1.28208938317155e+18,5601650.0,138418892,7.16621792837638e+20,47.92742177,4483893.428571428,117.660004,33.779999,14.42,204.190002,132.190002,24.530001,1.815989093,3,0.008823898465698152,0.003328786940441627,0.0017890739522374915,24024.996452080006
2016-04-06,422.29499,478871,1.29770379676247e+18,5597725.0,138660555,7.16621792837638e+20,58.44875393,4484069.0,116.940002,34.5,14.34,206.419998,131.229996,24.48,1.815989093,3,0.008745396584615196,0.0034535488481205055,0.0018108628703906652,24138.754978959998
2016-04-07,420.55300000000005,446187,1.16654872646865e+18,5594250.0,138893082,7.16621792837638e+20,44.73522886,4486306.142857143,118.610001,34.259998,14.48,203.949997,132.850006,24.51,1.815989093,3,0.00876912673549435,0.0032124494148671853,0.0016278443359214866,24190.509348119995
2016-04-08,421.616,440780,1.19309922499907e+18,5590650.0,139118673,7.16621792837638e+20,43.53738918,4488543.285714285,118.43,35.009998,14.62,204.5,132.009995,24.42,1.815989093,3,0.00872285128567238,0.0031683740974153773,0.0016648938630162277,24218.935
2016-04-09,415.751,423703,1.35760329353078e+18,5586600.0,139329906,7.16621792837638e+20,36.54361898,4490780.428571428,118.43,35.009998,14.62,204.5,132.009995,24.42,1.815989093,3,0.009522190962246904,0.0030410054249229166,0.0018944487972589,24218.935
2016-04-10,418.078,435393,1.40132892687817e+18,5582275.0,139530327,7.16621792837638e+20,33.25339902,4493017.571428572,118.43,35.009998,14.62,204.5,132.009995,24.42,1.815989093,3,0.009634836306027529,0.003120418401943543,0.001955465129422408,24218.935
2016-04-11,421.192,477737,1.26016451899455e+18,5578450.0,139760755,7.16621792837638e+20,50.11203705,4495254.714285715,120.029999,34.869999,15.14,204.020004,131.839996,24.360001,1.815989093,3,0.008279746966031166,0.0034182485634110947,0.0017584792028227645,24488.520876099996
2016-04-12,426.383,511753,1.23349993998779e+18,5574750.0,140016283,7.16621792837638e+20,50.75962758,4497491.857142857,120.050003,35.959999,15.41,205.919998,130.929993,24.360001,1.815989093,3,0.008941285162897352,0.0036549534742327076,0.001721270483700262,24720.696377659995
2016-04-13,426.84399,495146,1.35786549155851e+18,5570650.0,140257424,7.16621792837638e+20,45.74314812,4499729.0,118.769997,36.060001,15.44,208.0,131.389999,24.549999,1.815989093,3,0.006346558525478862,0.0035302658916650286,0.0018948146778814971,24704.159376
2016-04-14,425.494,470238,1.4183872297862e+18,5566550.0,140498013,7.67417487954528e+20,44.86496577,4498357.857142857,117.110001,36.200001,15.34,208.009995,130.759995,24.610001,1.815989093,3,0.0064722201636740855,0.0033469370132658033,0.0018482602391128257,24360.050722459993
2016-04-15,426.279,436651,1.2404329417487e+18,5563075.0,140719008,7.67417487954528e+20,44.67354732,4496986.714285715,117.919998,35.68,15.46,207.779999,131.880005,24.540001,1.815989093,3,0.006449979731703595,0.0031029994185291583,0.0016163730449444743,24501.417066520004
2016-04-16,429.775,409216,1.24135376012712e+18,5559625.0,140918910,7.67417487954528e+20,34.12321152,4495615.571428572,117.919998,35.68,15.46,207.779999,131.880005,24.540001,1.815989093,3,0.00655115951422412,0.0029039111926142487,0.001617572937301468,24501.417066520004
2016-04-17,430.453,477960,1.3788973900518e+18,5555675.0,141130802,7.67417487954528e+20,34.28061725,4494244.428571428,117.919998,35.68,15.46,207.779999,131.880005,24.540001,1.815989093,3,0.006538112529221754,0.0033866455318520756,0.0017968021470648374,24501.417066520004
2016-04-18,429.318,478489,1.19373084202109e+18,5552325.0,141360550,7.67417487954528e+20,47.33042977,4492873.285714285,117.739998,36.299999,15.42,209.240005,131.309998,24.49,1.815989093,3,0.00661453000366686,0.0033848835477790656,0.0015555168611062749,24635.91777021999
2016-04-19,428.522,480057,1.32706904605819e+18,5548575.0,141601959,7.67417487954528e+20,43.48327587,4491502.142857143,119.580002,37.009998,16.120001000000002,209.899994,130.899994,24.370001,1.815989093,3,0.006408834095557474,0.003390186148484005,0.0017292660994673908,25099.841702319987
2016-04-20,435.926,465306,1.47057529194004e+18,5544450.0,141838466,7.67417487954528e+20,43.21507171,4490131.0,118.970001,37.34,16.139999,210.100006,129.46000700000002,24.51,1.815989093,3,0.007703818087042438,0.0032805346329676183,0.0019162650252598573,24995.597923920006
2016-04-21,443.758,477570,1.3408162068977e+18,5540675.0,142077974,7.67417487954528e+20,42.82120266,4487921.571428572,119.419998,37.16,16.209999,208.970001,128.690002,24.51,1.815989093,3,0.00849241574127836,0.003361323268869248,0.001747179635522129,24955.19710148
2016-04-22,446.776,440126,1.25229026813832e+18,5537100.0,142306653,7.67417487954528e+20,42.68874359,4485712.142857143,117.889999,37.740002,16.139999,208.970001,128.360001,24.65,1.815989093,3,0.008517919557556479,0.0030927998847671582,0.0016318239912360743,24635.47320892
2016-04-23,447.233,434639,1.28291948112856e+18,5533500.0,142508342,7.67417487954528e+20,33.15097021,4483502.714285715,117.889999,37.740002,16.139999,208.970001,128.360001,24.65,1.815989093,3,0.006835575251920202,0.0030499197022445185,0.0016717360514523188,24635.47320892
2016-04-24,455.152,457449,1.16776691040506e+18,5530200.0,142708228,7.67417487954528e+20,33.26865456,4481293.285714285,117.889999,37.740002,16.139999,208.970001,128.360001,24.65,1.815989093,3,0.007591900821233362,0.0032054844097706824,0.0015216839969566266,24635.47320892
2016-04-25,458.626,495014,1.14070717427698e+18,5527025.0,142945900,7.67417487954528e+20,43.29847026,4479083.857142857,118.230003,37.23,16.17,208.610001,127.830002,24.57,1.815989093,3,0.007594562614240944,0.0034629464713573457,0.0014864232209737844,24663.961044060004
2016-04-26,464.429,524703,1.31487621333409e+18,5523250.0,143211162,7.67417487954528e+20,337.75639818,4476874.428571428,118.699997,37.799999,16.290001,208.919998,127.25,24.5,1.815989093,3,0.007615294479903595,0.003663841509783993,0.00171337796437081,24798.803135840004
2016-04-27,466.064,471927,1.16663157955306e+18,5520025.0,143457528,7.67417487954528e+20,46.11149971,4474665.0,119.040001,38.470001,16.379998999999998,209.350006,128.520004,24.469999,1.815989093,3,0.0075189453926090685,0.0032896635441815223,0.0015202045794689876,24921.02492359001
2016-04-28,441.304,460490,1.20017723135556e+18,5516650.0,143690695,7.673356692606381e+20,49.62034503,4475037.142857143,121.290001,37.939999,16.77,207.449997,129.050003,24.27,1.815989093,3,0.017892285006065507,0.0032047308282557893,0.0015640837242871608,25161.610343579996
2016-04-29,446.236,516576,1.36850997542872e+18,5512700.0,143939514,7.673356692606381e+20,49.91958740000001,4475409.285714285,123.650002,37.939999,16.98,206.330002,129.380005,24.1,1.815989093,3,0.018032889103682302,0.0035888407960026876,0.0017834567455300757,25512.705159960005
2016-04-30,454.375,440355,1.31561279680645e+18,5509050.0,144160272,7.673356692606381e+20,40.87923127,4475781.428571428,123.650002,37.939999,16.98,206.330002,129.380005,24.1,1.815989093,3,0.018429969351454342,0.0030546210401156846,0.0017145205801186085,25512.705159960005
2016-05-01,449.108,431028,1.37367645768106e+18,5505175.0,144350986,7.673356692606381e+20,34.50281105,4476153.571428572,123.650002,37.939999,16.98,206.330002,129.380005,24.1,1.845236063,4,0.01889611100007981,0.0029859719835928244,0.001790189760114577,25512.705159960005
2016-05-02,453.067,483597,1.37078796238175e+18,5501250.0,144566748,7.673356692606381e+20,45.13159943,4476525.714285715,123.239998,37.880001,16.639999,207.970001,127.82,24.01,1.845236063,4,0.018878910313106498,0.0033451468383310385,0.0017864254423394196,25630.222507299997
2016-05-03,443.681,466127,1.3400995357308e+18,5497475.0,144789339,7.673356692606381e+20,44.86828296,4476897.857142857,122.959999,36.959999,16.57,206.160004,129.429993,24.08,1.845236063,4,0.019978671195388757,0.003219346142605154,0.0017464319585482654,25349.433885679995
2016-05-04,449.157,499184,1.47528875751519e+18,5493300.0,145006297,7.673356692606381e+20,47.17178574,4477270.0,122.209999,36.400002,16.49,205.009995,130.139999,24.17,1.845236063,4,0.01974529990695627,0.0034424987764496875,0.0019226119892702188,25054.271283940005
2016-05-05,447.73999,457948,1.37771813336653e+18,5489425.0,145220729,7.673356692606381e+20,44.25619976,4477433.0,122.07,36.66,16.51,204.970001,131.009995,24.290001,1.845236063,4,0.019254283761918706,0.0031534616521584876,0.0017954569148258448,25020.688022069997
2016-05-06,447.58599,454712,1.43717415365308e+18,5485375.0,145435718,7.673356692606381e+20,44.519552,4477596.0,123.18,36.59,16.629998999999998,205.720001,130.449997,24.32,1.845236063,4,0.019173499366036652,0.003126549696684552,0.0018729406324064944,25340.58972318
2016-05-07,458.864,418984,1.32836707585975e+18,5481625.0,145628762,7.673356692606381e+20,37.61683514,4477759.0,123.18,36.59,16.629998999999998,205.720001,130.449997,24.32,1.845236063,4,0.020287318891481054,0.0028770690229447944,0.0017311420921429215,25340.58972318
2016-05-08,459.937,440122,1.48518292187453e+18,5477425.0,145812126,7.673356692606381e+20,34.73771327,4477922.0,123.18,36.59,16.629998999999998,205.720001,130.449997,24.32,1.845236063,4,0.019781775323602233,0.0030184183721455376,0.0019355061694259171,25340.58972318
2016-05-09,458.708,485970,1.51498538804042e+18,5473150.0,146036561,7.673356692606381e+20,40.4654474,4478085.0,120.650002,36.07,16.120001000000002,205.889999,130.860001,24.389999,1.845236063,4,0.019698294069349486,0.0033277283214030217,0.0019743450600962884,24840.628791129995
2016-05-10,460.954,495890,1.40462770516001e+18,5469200.0,146268699,7.673356692606381e+20,48.10185732,4478248.0,120.980003,36.740002,16.280001000000002,208.449997,130.869995,24.41,1.845236063,4,0.01942645061969236,0.0033902673872829073,0.001830525754802238,25218.28126240999
2016-05-11,454.39399,471605,1.25825151475836e+18,5465875.0,146493669,8.343181002077501e+20,45.88566709,4478411.0,122.120003,36.82,16.559998999999998,206.5,131.610001,24.290001,1.845236063,4,0.019723532371863438,0.003219285879173386,0.0015081196421904883,25217.7806195
2016-05-12,451.155,453460,1.36289638068512e+18,5462400.0,146713941,8.343181002077501e+20,46.75238994,4477743.857142857,121.160004,36.939999,16.219998999999998,206.559998,131.009995,24.379999,1.845236063,4,0.01282895304032998,0.003090776492739705,0.0016335452633063467,25026.81018391999
2016-05-13,453.701,458960,1.43558096438201e+18,5458600.0,146933874,8.343181002077501e+20,47.58216903,4477076.714285715,121.709999,36.450001,16.280001000000002,204.759995,132.279999,24.49,1.845236063,4,0.012596908990596884,0.003123581972663431,0.0017206638139871855,24921.338786690005
2016-05-14,456.039,459057,1.38607035729846e+18,5455000.0,147135085,8.343181002077501e+20,48.00318276,4476409.571428572,121.709999,36.450001,16.280001000000002,204.759995,132.279999,24.49,1.845236063,4,0.011705654861358713,0.003119969652377609,0.001661321211841527,24921.338786690005
2016-05-15,456.093,424158,1.33866878979669e+18,5451525.0,147321257,8.343181002077501e+20,45.61359577,4475742.428571428,121.709999,36.450001,16.280001000000002,204.759995,132.279999,24.49,1.845236063,4,0.011195132148254417,0.002879136443968843,0.001604506469970331,24921.338786690005
2016-05-16,457.64099,511723,1.36042709928408e+18,5448000.0,147554875,8.343181002077501e+20,60.51568467,4475075.285714285,121.800003,37.09,16.32,206.779999,131.139999,24.48,1.845236063,4,0.011001958662575707,0.0034680182542257583,0.0016305856230918708,25185.804498539997
2016-05-17,454.278,479746,1.37298645124698e+18,5444475.0,147783414,8.343181002077501e+20,58.44087260000001,4474408.142857143,122.220001,37.25,16.41,204.850006,131.360001,24.48,1.845236063,4,0.009434524621388904,0.0032462776912164175,0.0016456390565002706,25036.767938170007
2016-05-18,454.064,510825,1.47736990569633e+18,5440650.0,148018136,8.343181002077501e+20,58.26811656,4473741.0,120.099998,36.84,16.0,204.910004,129.490005,24.65,1.845236063,4,0.008936726748869897,0.003451097370932978,0.0017707513541039758,24609.69107057999
2016-05-19,453.494,460695,1.1537940606517e+18,5437650.0,148237155,8.343181002077501e+20,54.98968957,4471936.714285715,119.870003,36.880001,15.67,204.199997,130.050003,24.690001,1.845236063,4,0.00888657462632701,0.0031078240809465077,0.0013829186498104241,24477.454252989988
2016-05-20,440.231,444368,1.446328686472e+18,5433925.0,148442259,8.343181002077501e+20,51.58622819,4470132.428571428,119.709999,37.09,15.69,205.490005,130.149994,24.690001,1.845236063,4,0.012088113906509858,0.002993541077813967,0.0017335458575234743,24599.208293059994
2016-05-21,442.953,503197,1.3433233088885e+18,5430400.0,148633390,8.343181002077501e+20,56.82664163,4468328.142857143,119.709999,37.09,15.69,205.490005,130.149994,24.690001,1.845236063,4,0.009801758357904013,0.003385490972116023,0.0016100853002637778,24599.208293059994
2016-05-22,442.892,445646,1.77239857803849e+18,5425800.0,148810258,8.343181002077501e+20,43.20770201,4466523.857142857,119.709999,37.09,15.69,205.490005,130.149994,24.690001,1.845236063,4,0.009729516441841498,0.0029947263447389493,0.0021243678850994033,24599.208293059994
2016-05-23,440.551,516358,1.73294781949452e+18,5421300.0,149030588,8.343181002077501e+20,54.73645083,4464719.571428572,119.370003,37.009998,15.59,205.210007,130.440002,24.68,1.845236063,4,0.009754309538045212,0.003464778653359403,0.002077082852527119,24495.91915122002
2016-05-24,444.489,515715,1.42878065835523e+18,5417625.0,149265657,8.56038811744832e+20,59.53134626,4462915.285714285,117.300003,37.169998,15.42,207.869995,129.860001,24.76,1.845236063,4,0.010054672178782325,0.003455014437781894,0.0016690606065430601,24383.151037109983
2016-05-25,447.035,492132,1.36366985675451e+18,5414175.0,149501042,8.56038811744832e+20,59.87550803,4461111.0,116.980003,37.779999,15.5,209.279999,129.369995,24.690001,1.845236063,4,0.009675028019657085,0.003291829899085252,0.0015930000346304305,24481.574910859996
2016-05-26,448.278,460119,1.32774089299684e+18,5410800.0,149724230,8.56038811744832e+20,55.65651605,4461151.285714285,116.580002,37.599998,15.53,209.339996,130.03999299999998,24.65,1.845236063,4,0.00956570081890738,0.003073109809948597,0.0015510288491365888,24404.857152359993
2016-05-27,467.262,529629,1.3796831644234e+18,5407325.0,149955885,8.56038811744832e+20,70.89209327,4461191.571428572,115.620003,37.669998,15.39,210.240005,129.850006,24.790001,1.845236063,4,0.014726053569313167,0.0035318987314169096,0.0016117063215991844,24307.950008820015
2016-05-28,489.847,481777,1.31102290296354e+18,5404000.0,150168743,8.56038811744832e+20,52.34180926,4461231.857142857,115.620003,37.669998,15.39,210.240005,129.850006,24.790001,1.845236063,4,0.019049497771387022,0.0032082375491416346,0.0015314993724307089,24307.950008820015
2016-05-29,516.0509999999998,427677,1.46035935576008e+18,5400325.0,150356544,8.56038811744832e+20,47.98546674,4461272.142857143,115.620003,37.669998,15.39,210.240005,129.850006,24.790001,1.845236063,4,0.022717142273513374,0.0028444189299801944,0.0017059499355916862,24307.950008820015
2016-05-30,529.9169999999998,548428,1.41873455052259e+18,5396725.0,150577893,8.56038811744832e+20,57.85196125,4461312.428571428,115.620003,37.669998,15.39,210.240005,129.850006,24.790001,1.845236063,4,0.023128728963376723,0.003642154828132706,0.0016573250313625806,24307.950008820015
2016-05-31,537.2329900000002,477702,1.26211041562583e+18,5393550.0,150804595,8.56038811744832e+20,52.33924442,4461352.714285715,116.059998,37.459999,15.19,209.839996,130.160004,24.84,1.845236063,4,0.022556435075808828,0.003167688623811496,0.0014743612068865396,24354.02951608001
2016-06-01,528.0499900000002,508349,1.40653495357467e+18,5389975.0,151046579,8.56038811744832e+20,56.18497783,4461393.0,115.940002,37.52,15.17,210.270004,130.419998,24.700001,1.833259571,5,0.023685526971130876,0.003365511508870386,0.0016430738119312396,24378.70468430001
2016-06-02,538.568,478264,1.36205040839352e+18,5386525.0,151279874,8.56038811744832e+20,58.53519721,4461700.0,115.669998,37.41,15.22,210.910004,131.360001,24.73,1.833259571,5,0.023528419811709195,0.0031614516019493775,0.0015911082414794995,24395.95974085999
2016-06-03,537.185,495826,1.39645836465089e+18,5382975.0,151521580,8.56038811744832e+20,54.69656979,4462007.0,118.879997,37.32,15.61,210.27999900000003,133.229996,24.34,1.833259571,5,0.020762002836278062,0.0032723127623141206,0.001631302629613885,24998.08565028001
2016-06-04,571.139,447381,1.18046953586691e+18,5380000.0,151722434,8.56038811744832e+20,46.44371282,4462314.0,118.879997,37.32,15.61,210.27999900000003,133.229996,24.34,1.833259571,5,0.024079536325174115,0.002948680615023616,0.0013789906715336922,24998.08565028001
2016-06-05,579.3430000000002,463360,1.67406646723365e+18,5375750.0,151918565,8.56038811744832e+20,44.16827831,4462621.0,118.879997,37.32,15.61,210.27999900000003,133.229996,24.34,1.833259571,5,0.023539549568281245,0.0030500551397388462,0.001955596456919357,24998.08565028001
2016-06-06,578.8489900000002,511057,1.68781283195265e+18,5371500.0,152154506,8.56038811744832e+20,52.13956486,4462928.0,118.919998,38.150002,15.68,211.350006,132.240005,24.34,1.833259571,5,0.02321149992524028,0.003358802926283366,0.001971654566120015,25133.74229081999
2016-06-07,585.399,510788,1.38743715074586e+18,5368000.0,152400527,8.56038811744832e+20,52.51815706,4463235.0,118.82,38.970001,15.6,211.679993,132.559998,24.299999,1.833259571,5,0.02313722860723745,0.003351615706683219,0.0016207643061392257,25151.81676826
2016-06-08,576.226,482252,1.46258986912769e+18,5364400.0,152638484,8.42077403827988e+20,50.40981971,4463542.0,120.580002,38.900002,16.209999,212.369995,133.270004,24.23,1.833259571,5,0.024790003772551264,0.0031594391359390074,0.0017368829308076943,25607.57442183999
2016-06-09,580.4359900000002,525133,1.56015553669692e+18,5360275.0,152891657,8.42077403827988e+20,53.21550949,4464867.0,121.25,38.689999,16.469998999999998,212.080002,134.130005,24.34,1.833259571,5,0.024603950569651804,0.003434674005789603,0.00185274599413858,25714.7002425
2016-06-10,574.953,506014,1.38978964070178e+18,5356675.0,153135120,8.42077403827988e+20,52.81223012,4466192.0,121.739998,37.82,16.49,210.070007,134.779999,24.5,1.833259571,5,0.024706004148082123,0.0033043628398240718,0.0016504297994269347,25573.922232039986
2016-06-11,583.87,466106,1.52853789224196e+18,5352775.0,153353055,8.42077403827988e+20,46.24529278,4467517.0,121.739998,37.82,16.49,210.070007,134.779999,24.5,1.833259571,5,0.02289446121803738,0.0030394308088612905,0.0018151987991761813,25573.922232039986
2016-06-12,633.205,519537,1.4110977315484e+18,5349125.0,153568571,8.42077403827988e+20,52.42482099,4468842.0,121.739998,37.82,16.49,210.070007,134.779999,24.5,1.833259571,5,0.02758275604605199,0.0033830945786426573,0.0016757339944448225,25573.922232039986
2016-06-13,682.2260000000001,577237,1.57319109304354e+18,5345100.0,153829173,8.42077403827988e+20,63.87453511,4470167.0,122.639999,37.700001,16.58,208.449997,135.380005,24.440001,1.833259571,5,0.03183894139899886,0.0037524546790614287,0.0018682262294321074,25564.30742363
2016-06-14,695.155,526640,1.28038677738696e+18,5341800.0,154085950,8.42077403827988e+20,69.04509389,4471492.0,122.769997,37.639999,16.540001,208.039993,135.279999,24.59,1.833259571,5,0.0318146677911159,0.003417832709601362,0.0015205096010966065,25541.069316490022
2016-06-15,685.442,594504,1.49200080875943e+18,5338000.0,154358686,8.42077403827988e+20,83.38614703,4472817.0,123.68,37.549999,16.690001000000002,207.75,135.800003,24.530001,1.833259571,5,0.031551635128157424,0.003851445068662997,0.0017718095770970271,25694.52
2016-06-16,732.357,582321,1.4628774169032e+18,5334275.0,154636219,8.42077403827988e+20,82.29665972,4474130.142857143,122.379997,37.419998,16.309998999999998,208.369995,136.46000700000002,24.5,1.833259571,5,0.03402375988595253,0.003765747790302607,0.0017372244050880903,25500.319362990012
2016-06-17,773.25,586033,1.43531542475485e+18,5330550.0,154906795,8.42077403827988e+20,78.90209509,4475443.285714285,123.949997,37.799999,16.6,206.520004,135.610001,24.389999,1.833259571,5,0.0342667362227175,0.0037831329477832137,0.0017044934565754522,25598.153876239987
2016-06-18,736.3860000000003,561720,1.53527226554993e+18,5326600.0,155151215,8.42077403827988e+20,70.57830565,4476756.428571428,123.949997,37.799999,16.6,206.520004,135.610001,24.389999,1.833259571,5,0.037987024372531555,0.003620467941549797,0.0018231961320547936,25598.153876239987
2016-06-19,747.831,514828,1.72411133127687e+18,5322175.0,155374071,8.42077403827988e+20,63.14349102,4478069.571428572,123.949997,37.799999,16.6,206.520004,135.610001,24.389999,1.833259571,5,0.03797914958265677,0.0033134743569922936,0.0020474499415840588,25598.153876239987
2016-06-20,758.903,563274,1.59003263209282e+18,5318075.0,155639160,8.42077403827988e+20,76.7711358,4479382.714285715,123.209999,38.119999,16.65,207.850006,134.160004,24.25,1.833259571,5,0.03760351269846138,0.003619102030620057,0.001888226218711858,25609.199031409993
2016-06-21,702.696,592429,1.53671353277279e+18,5314350.0,155907963,8.99594466211063e+20,76.28917579,4480695.857142857,120.839996,38.279999,16.379998999999998,208.440002,133.53999299999998,24.370001,1.833259571,5,0.045601802922777025,0.003799863641345888,0.0017082291971460906,25187.889007919992
2016-06-22,657.013,546584,1.3355854727437e+18,5311125.0,156157198,8.99594466211063e+20,78.85018659,4482009.0,120.900002,38.07,16.42,208.100006,133.759995,24.26,1.833259571,5,0.049965990401726654,0.003500216493382521,0.0014846528329247688,25159.291141600013
2016-06-23,581.249,549072,1.45141029202112e+18,5307625.0,156418492,8.99594466211063e+20,75.30395381,4479790.857142857,120.110001,38.709999,16.49,210.809998,132.229996,24.15,1.833259571,5,0.061170973515823436,0.003510275498628385,0.0016134050914454934,25320.389070589998
2016-06-24,657.0899900000003,547541,1.34238321023062e+18,5304400.0,156675026,8.99594466211063e+20,74.11847429,4477572.714285715,126.0,37.310001,16.889999,203.240005,135.779999,24.780001,1.833259571,5,0.06923869337847303,0.003494756081929739,0.0014922092794595622,25608.24063
2016-06-25,687.168,529704,1.68711063227089e+18,5300350.0,156896651,8.99594466211063e+20,60.99766676,4475354.571428572,126.0,37.310001,16.889999,203.240005,135.779999,24.780001,1.833259571,5,0.06987160666888803,0.0033761332483763467,0.0018754124170824544,25608.24063
2016-06-26,657.2239900000002,501696,1.53462396526044e+18,5296700.0,157091495,8.99594466211063e+20,54.30478358,4473136.428571428,126.0,37.310001,16.889999,203.240005,135.779999,24.780001,1.833259571,5,0.06831390505949597,0.003193654755147629,0.001705906408833318,25608.24063
2016-06-27,644.091,483509,1.52037142911538e+18,5293025.0,157326007,8.99594466211063e+20,61.78464957,4470918.285714285,126.68,36.23,16.870001000000002,199.600006,139.169998,24.99,1.833259571,5,0.0652675962813667,0.0030732935337258005,0.001690063118683825,25285.328760080003
2016-06-28,655.94399,541035,1.54316887466228e+18,5289325.0,157574567,8.99594466211063e+20,58.37675619,4468700.142857143,125.32,37.259998,16.91,203.199997,139.46000700000002,24.870001,1.833259571,5,0.06525323124812893,0.003433517288357835,0.0017154050326274699,25465.023624039997
2016-06-29,634.357,466163,1.50587362921858e+18,5285675.0,157814274,8.99594466211063e+20,61.68595835,4466482.0,125.839996,38.049999,17.370001000000002,206.660004,138.389999,24.790001,1.833259571,5,0.06568450318449873,0.002953870953396776,0.0016739471904057618,26006.094076719983
2016-06-30,635.0930000000002,506953,1.55006283377742e+18,5281925.0,158066720,8.99594466211063e+20,62.50402879999999,4467071.0,126.470001,38.360001,17.860001,209.479996,138.899994,24.84,1.833259571,5,0.06244034462192816,0.0032072089558130897,0.0017230684402784488,26492.935303599996
2016-07-01,683.293,494871,1.62317403453523e+18,5278050.0,158298391,8.99594466211063e+20,57.69296304,4467660.0,128.410004,38.57,18.74,209.919998,140.570007,24.76,1.836669853,3,0.06411598704859095,0.0031261909667799465,0.0018043397280685367,26955.82778285999
2016-07-02,678.567,445951,1.53921632770401e+18,5274325.0,158514398,8.99594466211063e+20,52.92652832,4468249.0,128.410004,38.57,18.74,209.919998,140.570007,24.76,1.836669853,3,0.06307395847844575,0.002813315418830282,0.0017110113340146746,26955.82778285999
2016-07-03,690.179,429458,1.61648422804924e+18,5270475.0,158708630,8.99594466211063e+20,45.47185343,4468838.0,128.410004,38.57,18.74,209.919998,140.570007,24.76,1.836669853,3,0.0631153667775215,0.002705952411031461,0.0017969032589290966,26955.82778285999
2016-07-04,670.7410000000001,504368,1.53985957875396e+18,5266700.0,158942113,9.16541405299582e+20,55.14588726,4469427.0,128.410004,38.57,18.74,209.919998,140.570007,24.76,1.836669853,3,0.06309742949047667,0.0031732810800118153,0.0016800763935488972,26955.82778285999
2016-07-05,679.3510000000001,487939,1.53792792566528e+18,5263100.0,159178324,9.16541405299582e+20,55.87364447,4470016.0,129.470001,37.759998,18.98,208.410004,142.330002,24.93,1.836669853,3,0.06013184636967448,0.0030653608339286198,0.00167796884764043,26982.84342629
2016-07-06,676.872,465231,1.48935983682829e+18,5259575.0,159417664,9.16541405299582e+20,55.67845334,4470605.0,130.229996,37.959999,19.1,209.660004,142.559998,24.860001,1.836669853,3,0.05718987603145536,0.0029183152501845717,0.001624978236898611,27304.021482279983
2016-07-07,671.814,467374,1.44608177314864e+18,5256150.0,159659727,9.16541405299582e+20,56.50728572,4470833.142857143,129.740005,37.540001,18.709999,209.529999,142.550003,24.92,1.836669853,3,0.044831738076951115,0.002927313034927086,0.0015777593513911917,27184.423117909995
2016-07-08,640.476,463178,1.5363811258649e+18,5252525.0,159884986,9.16541405299582e+20,57.25884524,4471061.285714285,130.520004,38.049999,19.219999,212.649994,143.600006,24.93,1.836669853,3,0.03376424119015732,0.002896944932653026,0.0016762811990612867,27755.078067479975
2016-07-09,654.8529900000002,438208,1.57158752289677e+18,5249400.0,160093114,9.16541405299582e+20,47.40040469,4471289.428571428,130.520004,38.049999,19.219999,212.649994,143.600006,24.93,1.836669853,3,0.031854198732499665,0.0027372070481432448,0.0017146934266249311,27755.078067479975
2016-07-10,649.356,399912,1.65841743579116e+18,5247450.0,160276172,9.16541405299582e+20,38.56114004,4471517.571428572,130.520004,38.049999,19.219999,212.649994,143.600006,24.93,1.836669853,3,0.029654863909240506,0.0024951431957084677,0.0018094299135881235,27755.078067479975
2016-07-11,656.747,492772,1.51040531210418e+18,5245662.5,160508622,9.16541405299582e+20,57.33521701,4471745.714285715,129.28999299999998,38.080002,19.299999,213.399994,142.339996,25.0,1.836669853,3,0.029268412836723396,0.0030700656068183055,0.0016479400749063668,27590.483730460037
2016-07-12,648.136,476690,1.52113344426076e+18,5243875.0,160751346,9.16541405299582e+20,51.17140866,4471973.857142857,127.150002,39.040001,19.09,214.949997,140.0,24.98,1.836669853,3,0.0290818335504258,0.0029653873007072676,0.0016596450912804753,27330.892548449992
2016-07-13,663.443,452752,1.36171745290804e+18,5242262.5,160984269,9.16541405299582e+20,53.18160911,4472202.0,128.320007,38.709999,19.389999,214.919998,141.649994,24.92,1.836669853,3,0.02812955420594825,0.0028123990176953254,0.0014857129694680264,27578.535647799985
2016-07-14,654.018,475078,1.49759932030687e+18,5240500.0,161218154,9.16541405299582e+20,57.48641729,4473455.0,127.330002,38.889999,19.25,216.119995,139.589996,24.860001,1.836669853,3,0.028517042427479385,0.0029468021324695233,0.0016339679927688184,27518.559395589986
2016-07-15,663.638,452538,1.4353021183366e+18,5238812.5,161447945,9.16541405299582e+20,55.22548963,4474708.0,126.839996,38.869999,19.08,215.830002,138.389999,24.959999,1.836669853,3,0.020446132496707684,0.0028029963465933247,0.0015659981208022513,27375.876590359992
2016-07-16,666.5649900000002,467762,1.65974994385147e+18,5236850.0,161654183,9.16541405299582e+20,50.67563958,4475961.0,126.839996,38.869999,19.08,215.830002,138.389999,24.959999,1.836669853,3,0.02046361398576833,0.0028935966352321364,0.001810883757410787,27375.876590359992
2016-07-17,665.113,434158,1.6042085469069e+18,5234987.5,161840412,9.16541405299582e+20,47.87291321,4477214.0,126.839996,38.869999,19.08,215.830002,138.389999,24.959999,1.836669853,3,0.0197790044404905,0.0026826303432791556,0.001750284861797974,27375.876590359992
2016-07-18,681.2389999999998,496551,1.54023702915617e+18,5233137.5,162074491,9.169433101980141e+20,59.07113707,4478467.0,127.040001,38.860001,19.1,216.410004,138.259995,24.98,1.836669853,3,0.019462034204307265,0.00306372086647491,0.0016797516400698267,27492.727124570003
2016-07-19,673.832,468850,1.36599175653902e+18,5231537.5,162302919,9.169433101980141e+20,61.86165427,4479720.0,127.209999,38.599998,18.92,216.190002,139.03999299999998,25.1,1.836669853,3,0.019401279231446064,0.0028887342438985958,0.0014897232373548086,27501.529938229996
2016-07-20,673.008,477662,1.59710977286896e+18,5229662.5,162542048,9.169433101980141e+20,64.19434833,4480973.0,125.389999,38.560001,18.42,217.089996,138.279999,25.120001,1.836669853,3,0.01938252515323244,0.0029386980530723963,0.0017417759147226493,27220.914381350005
2016-07-21,662.034,446237,1.41885541065171e+18,5228000.0,162767000,9.169433101980141e+20,60.4162541,4478619.428571428,127.300003,38.200001,18.879999,216.270004,138.559998,25.08,1.836669853,3,0.01977736371721447,0.0027415692370075014,0.001547375279225613,27531.172158010013
2016-07-22,666.747,467736,1.36719589231647e+18,5226387.5,162996590,9.169433101980141e+20,65.19185579,4476265.857142857,126.349998,38.32,18.67,217.240005,138.800003,25.209999,1.836669853,3,0.014552741271402825,0.0028696060451326006,0.0014910364437047082,27448.274197269988
2016-07-23,654.725,447387,1.37295203607201e+18,5224750.0,163199876,9.169433101980141e+20,60.03161359,4473912.285714285,126.349998,38.32,18.67,217.240005,138.800003,25.209999,1.836669853,3,0.014429838415955864,0.0027413439946486233,0.0014973139787404313,27448.274197269988
2016-07-24,654.895,433698,1.3443644824129e+18,5223200.0,163390592,9.169433101980141e+20,50.9057638,4471558.714285715,126.349998,38.32,18.67,217.240005,138.800003,25.209999,1.836669853,3,0.01422543968764841,0.0026543633552658895,0.0014661369655694248,27448.274197269988
2016-07-25,660.284,498657,1.36137513470929e+18,5221562.5,163632071,9.169433101980141e+20,69.72168119,4469205.142857143,125.470001,37.529999,18.540001,216.649994,138.699997,25.17,1.836669853,3,0.014068190361705956,0.003047428275842087,0.0014846884420971465,27183.074963829993
2016-07-26,655.418,507446,1.37049076012402e+18,5219950.0,163879449,9.169433101980141e+20,70.79427446,4466851.571428572,126.0,37.73,18.66,216.75,138.919998,25.139999,1.836669853,3,0.013718443731262553,0.0030964590319070453,0.0014946297605116527,27310.5
2016-07-27,650.8289900000002,476951,1.35667587970855e+18,5218350.0,164120944,9.169433101980141e+20,74.91411699,4464498.0,128.029999,37.310001,19.370001,216.520004,140.649994,25.02,1.836669853,3,0.01219596794913955,0.0029060946663821284,0.0014795635287590194,27721.0558956
2016-07-28,656.9159900000002,494957,1.43905616611387e+18,5216650.0,164361453,9.169433101980141e+20,71.63045994,4464825.857142857,127.660004,37.259998,19.209999,216.770004,140.389999,25.01,1.836669853,3,0.011898630514672342,0.0030113934317677273,0.001569405818341273,27672.859577720017
2016-07-29,655.427,465289,1.55731940659605e+18,5214812.5,164591461,9.169433101980141e+20,72.26700639,4465153.714285715,128.979996,37.529999,19.35,217.119995,141.559998,24.67,1.836669853,3,0.011172643916837532,0.002826932801817708,0.0016983813386017795,28004.13608662002
2016-07-30,656.681,450520,1.26128460691654e+18,5213325.0,164796533,9.169433101980141e+20,65.72047583,4465481.571428572,128.979996,37.529999,19.35,217.119995,141.559998,24.67,1.836669853,3,0.011101558330837613,0.002733795376629677,0.0013755317181431482,28004.13608662002
2016-07-31,635.5880000000002,492070,1.64453066138511e+18,5211400.0,164994772,9.169433101980141e+20,72.5596168,4465809.428571428,128.979996,37.529999,19.35,217.119995,141.559998,24.67,1.836669853,3,0.013955913922556832,0.0029823369191358377,0.0017934921854983307,28004.13608662002
2016-08-01,621.3729900000002,515913,1.60563463759996e+18,5209487.5,165235486,9.169433101980141e+20,73.17800941,4466137.285714285,129.220001,36.27,19.43,216.940002,139.770004,24.74,1.871381319,3,0.012442585294061267,0.003122289361015345,0.001751072961373395,28032.98727538
2016-08-02,601.227,537971,1.61474671966726e+18,5207562.5,165504701,8.6712473789832e+20,81.38920804,4466465.142857143,130.270004,36.560001,19.6,215.550003,138.330002,24.57,1.871381319,3,0.014291793770600627,0.003250487730859077,0.0018621850456959365,28079.699753010013
2016-08-03,555.9259999999998,517150,1.66592642112774e+18,5205487.5,165763605,8.6712473789832e+20,75.68290751,4466793.0,129.649994,37.290001,19.379999,216.179993,138.410004,24.709999,1.871381319,3,0.023386174056722324,0.0031198042537745243,0.0019212073515115057,28027.73479537004
2016-08-04,578.5237400000002,488324,1.54585699519293e+18,5203575.0,166009149,8.6712473789832e+20,69.53744777,4467098.142857143,129.869995,37.23,19.35,216.410004,139.449997,24.75,1.871381319,3,0.02736874779589765,0.0029415487215105236,0.0017827388928375828,28105.166137429977
2016-08-05,570.33875,476990,1.70229863978831e+18,5201462.5,166254479,8.6712473789832e+20,74.55527344,4467403.285714285,127.550003,37.560001,18.709999,218.179993,138.0,24.879999,1.871381319,3,0.026956790397029234,0.0028690354862559823,0.0019631531259438288,27828.85876168998
2016-08-06,574.87375,425125,1.65498943939202e+18,5199387.5,166468233,8.6712473789832e+20,59.68826373,4467708.428571428,127.550003,37.560001,18.709999,218.179993,138.0,24.879999,1.871381319,3,0.027333132604328972,0.0025537905481341897,0.0019085944236849645,27828.85876168998
2016-08-07,588.51625,447566,1.48468239115389e+18,5197537.5,166660689,8.6712473789832e+20,66.98389239,4468013.571428572,127.550003,37.560001,18.709999,218.179993,138.0,24.879999,1.871381319,3,0.028628751741121544,0.0026854923178674726,0.0017121900993764354,27828.85876168998
2016-08-08,589.66125,530880,1.47825215929219e+18,5195687.5,166902701,8.6712473789832e+20,86.44357031,4468318.714285715,127.440002,38.099998,18.74,218.050003,138.259995,24.9,1.871381319,3,0.02841079800238153,0.003180775366840828,0.0017047745205321675,27788.292818420006
2016-08-09,586.715,491059,1.235972958209e+18,5194137.5,167153279,8.6712473789832e+20,74.29724567,4468623.857142857,127.959999,37.869999,18.870001,218.179993,139.619995,24.85,1.871381319,3,0.028422380451949156,0.0029377766498974874,0.001425369274096216,27918.311686100005
2016-08-10,585.23875,531267,1.5480525818168e+18,5192250.0,167414195,8.6712473789832e+20,75.53269014,4468929.0,128.559998,37.400002,19.16,217.639999,140.160004,24.719999,1.871381319,3,0.028458655794874572,0.0031733689010062737,0.0017852709237299218,27979.797836160003
2016-08-11,594.81625,531336,1.47471865536739e+18,5190375.0,167682048,8.6712473789832e+20,79.92226711,4468578.571428572,127.669998,37.939999,18.959999,218.649994,138.910004,24.790001,1.871381319,3,0.028832559995504197,0.0031687112981826178,0.0017006995544167223,27915.04429668001
2016-08-12,581.9625,491187,1.49583886293155e+18,5188512.5,167929923,8.6712473789832e+20,70.76200713,4468228.142857143,127.400002,38.150002,18.719999,218.460007,140.080002,24.75,1.871381319,3,0.029054499385575826,0.0029249522135492197,0.0017250561511565983,27831.805328720013
2016-08-13,584.87375,455316,1.64369499101554e+18,5186475.0,168153513,8.6712473789832e+20,62.74827301,4467877.714285715,127.400002,38.150002,18.719999,218.460007,140.080002,24.75,1.871381319,3,0.029150780491314126,0.0027077400399003262,0.001895569252238634,27831.805328720013
2016-08-14,581.65,455985,1.62828132663732e+18,5184437.5,168359319,8.6712473789832e+20,61.62650466,4467527.285714285,127.400002,38.150002,18.719999,218.460007,140.080002,24.75,1.871381319,3,0.028294846833564837,0.002708403685096873,0.0018777936500622059,27831.805328720013
2016-08-15,571.9625,500678,1.50009757328878e+18,5182612.5,168576646,9.33620589394548e+20,68.34053066,4467176.857142857,127.839996,38.459999,18.83,219.089996,138.759995,24.709999,1.871381319,3,0.028079010902828314,0.002970031803812255,0.0016067528826261125,28008.464212280018
2016-08-16,567.60749,537430,1.4424048656832e+18,5180925.0,168846666,9.33620589394548e+20,83.09112751,4466826.428571428,128.470001,38.52,18.82,217.960007,138.389999,24.49,1.871381319,3,0.02699801806669809,0.0031829470651200185,0.0015449582861262713,28001.322317250004
2016-08-17,575.54125,523661,1.32588999532998e+18,5179387.5,169108677,9.33620589394548e+20,73.73160399,4466476.0,128.5,38.610001,18.68,218.369995,139.220001,24.51,1.871381319,3,0.0168298343027859,0.003096594505319204,0.0014201593349497767,28060.5443575
2016-08-18,572.3724900000002,528968,1.65526036733126e+18,5177462.5,169371065,9.33620589394548e+20,76.47075341,4467528.0,129.110001,39.34,18.77,218.860001,139.440002,24.33,1.871381319,3,0.013017125746119858,0.003123130860634312,0.0017729475829198398,28257.014947970005
2016-08-19,573.01625,508742,1.67117152249995e+18,5175537.5,169632910,9.33620589394548e+20,80.79961253,4468580.0,127.970001,39.029999,18.35,218.539993,138.71000700000002,24.42,1.871381319,3,0.012427061457659278,0.0029990760637190034,0.00178999000395193,27966.563122749994
2016-08-20,573.08,495530,1.67047052783889e+18,5173600.0,169878018,9.33620589394548e+20,61.21304534,4469632.0,127.970001,39.029999,18.35,218.539993,138.71000700000002,24.42,1.871381319,3,0.012234157293223307,0.002916975402903512,0.0017892391693312896,27966.563122749994
2016-08-21,581.35375,446787,1.7615482818765e+18,5171562.5,170088805,9.33620589394548e+20,50.66277505,4470684.0,127.970001,39.029999,18.35,218.539993,138.71000700000002,24.42,1.871381319,3,0.011063209461755617,0.002626786636545539,0.0018867924528301826,27966.563122749994
2016-08-22,579.6675,526721,1.7110782174265e+18,5169587.5,170342736,9.33620589394548e+20,65.77382642,4471736.0,127.779999,38.630001,17.969998999999994,218.52999900000003,139.880005,24.450001,1.871381319,3,0.011044069578029328,0.0030921248088911757,0.0018327340215752233,27923.763053690007
2016-08-23,585.5075,512415,1.58322923967236e+18,5167750.0,170608468,9.33620589394548e+20,67.65790776,4472788.0,127.760002,38.82,17.93,218.970001,140.029999,24.43,1.871381319,3,0.011373360880938776,0.003003455842531802,0.0016957951202630208,27975.607765700002
2016-08-24,577.9874900000002,513938,1.64564243323946e+18,5165850.0,170871051,9.33620589394548e+20,64.62449049,4473840.0,126.339996,38.68,17.620001000000006,217.850006,139.699997,24.5,1.871381319,3,0.011869637997496626,0.0030077534900865097,0.0017626458241528902,27523.168886639978
2016-08-25,574.5825,489481,1.38005908877369e+18,5164225.0,171122010,9.33620589394548e+20,64.61425534,4471563.857142857,126.230003,38.580002,17.629998999999994,217.699997,139.169998,24.5,1.871381319,3,0.01084331662915556,0.002860421052791514,0.0014781797921451765,27480.271274409988
2016-08-26,575.0625,483670,1.42423832241307e+18,5162575.0,171371731,9.33620589394548e+20,62.44953714,4469287.714285715,126.050003,38.450001,17.719998999999994,217.289993,138.360001,24.68,1.871381319,3,0.009312226053467466,0.0028223441356264294,0.001525500121346603,27389.404269519982
2016-08-27,575.3425,456254,1.5425725138584e+18,5160775.0,171600279,9.33620589394548e+20,55.47429433,4467011.571428572,126.050003,38.450001,17.719998999999994,217.289993,138.360001,24.68,1.871381319,3,0.009171626643594336,0.0026588185209186054,0.0016522477453702652,27389.404269519982
2016-08-28,568.78875,427988,1.65417861949634e+18,5158875.0,171802437,9.33620589394548e+20,48.91366874,4464735.428571428,126.050003,38.450001,17.719998999999994,217.289993,138.360001,24.68,1.871381319,3,0.009518465706692137,0.002491163731280482,0.0017717889239879266,27389.404269519982
2016-08-29,574.4974900000002,500178,1.60839279864359e+18,5157012.5,172040126,9.48139406677723e+20,64.37949671,4462459.285714285,126.300003,38.720001,17.9,218.360001,140.21000700000002,24.700001,1.871381319,3,0.008900195300069297,0.0029073333740757667,0.0016963674195120656,27578.868781380006
2016-08-30,571.94125,548989,1.79532464346499e+18,5154962.5,172318383,9.48139406677723e+20,67.63053145,4460183.142857143,125.029999,38.560001,17.67,218.0,139.669998,24.83,1.871381319,3,0.00872003252275816,0.0031858992084437096,0.0018935239172853291,27256.539782
2016-08-31,573.78125,497975,1.47838211399731e+18,5153287.5,172578214,9.48139406677723e+20,62.47730836,4457907.0,124.779999,37.98,17.719998999999994,217.380005,139.869995,24.82,1.871381319,3,0.007891621849279414,0.002885503265203567,0.0015592455113510738,27124.676806519998
2016-09-01,572.96,486446,1.52788412411521e+18,5151537.5,172835132,9.48139406677723e+20,63.48703333,4458119.428571428,125.290001,37.889999,17.940001000000006,217.389999,139.770004,24.73,2.007545651,3,0.007754779564641194,0.0028145088002131417,0.0016114551439950274,27236.793192099998
2016-09-02,570.1,477616,1.68293149750216e+18,5149625.0,173083577,9.48139406677723e+20,57.33859607,4458331.857142857,126.57,38.299999,18.440001,218.369995,138.630005,24.790001,2.007545651,3,0.00786310367415494,0.0027594530242462,0.0017749831782639914,27639.090267149997
2016-09-03,572.52125,464600,1.37909594395901e+18,5148050.0,173315007,9.48139406677723e+20,51.54954056,4458544.285714285,126.57,38.299999,18.440001,218.369995,138.630005,24.790001,2.007545651,3,0.007959076103971934,0.0026806680393233347,0.0014545286634497737,27639.090267149997
2016-09-04,596.45375,438963,1.954746481869e+18,5145812.5,173531709,9.48139406677723e+20,46.63006916,4458756.714285715,126.57,38.299999,18.440001,218.369995,138.630005,24.790001,2.007545651,3,0.013150603062929495,0.002529583800733502,0.0020616656876634044,27639.090267149997
2016-09-05,606.0525,541913,1.53484479134732e+18,5144062.5,173794014,9.48139406677723e+20,63.04984857,4458969.142857143,126.57,38.299999,18.440001,218.369995,138.630005,24.790001,2.007545651,3,0.013587559777753899,0.003118133861618502,0.0016187965404005414,27639.090267149997
2016-09-06,604.465,519335,1.51032431812046e+18,5142362.5,174061248,9.48139406677723e+20,60.65357465,4459181.571428572,128.71000700000002,38.860001,19.049999,219.02999900000003,139.639999,24.5,2.007545651,3,0.013517714080246546,0.0029836336689944907,0.001592934865361868,28191.3527045
2016-09-07,609.4325,525769,1.63418555392412e+18,5140462.5,174341471,9.48139406677723e+20,63.76239601,4459394.0,128.270004,39.02,18.780001,219.00999500000003,139.53999299999998,24.540001,2.007545651,3,0.01285247739038525,0.003015742594026868,0.0017235709669006377,28092.412934689983
2016-09-08,613.6749900000002,500348,1.58608838839688e+18,5138662.5,174612479,9.48139406677723e+20,59.60240707,4462571.285714285,127.589996,39.700001,18.620001,218.50999500000003,137.78999299999998,24.57,2.007545651,3,0.012562555470424366,0.002865476756675564,0.0016728430199463259,27879.689388010025
2016-09-09,623.6,491665,1.55147899547398e+18,5136887.5,174875900,9.48139406677723e+20,63.36822147,4465748.571428572,126.75,38.509998,18.110001,213.27999900000003,135.520004,24.639999,2.007545651,3,0.012856616614477052,0.0028115080465633056,0.0016363405893130806,27033.239873250004
2016-09-10,620.59875,445997,1.69263807282603e+18,5134950.0,175115228,9.48139406677723e+20,51.15995466,4468925.857142857,126.75,38.509998,18.110001,213.27999900000003,135.520004,24.639999,2.007545651,3,0.013101108895839224,0.0025468773052678205,0.0017852206763106994,27033.239873250004
2016-09-11,622.03375,458622,1.79769081812255e+18,5132900.0,175348428,9.48139406677723e+20,47.43305867,4472103.142857143,126.75,38.509998,18.110001,213.27999900000003,135.520004,24.639999,2.007545651,3,0.012225285929101238,0.0026154896581108786,0.0018960195151276878,27033.239873250004
2016-09-12,604.8275,510497,1.81120252644505e+18,5130862.5,175604158,9.699448003725271e+20,55.92604475,4475280.428571428,126.589996,38.869999,18.17,216.339996,135.589996,24.6,2.007545651,3,0.015223942286673715,0.0029070894779154375,0.0018673253629994417,27386.47922828002
2016-09-13,607.03625,530326,1.86102716476891e+18,5128800.0,175880737,9.699448003725271e+20,68.05656902,4478457.714285715,125.75,37.720001,17.93,213.229996,134.050003,24.700001,2.007545651,3,0.01504386409558003,0.003015259141198618,0.0019186938927391998,26813.671997
2016-09-14,606.885,491546,1.7341285755328e+18,5126850.0,176151768,9.699448003725271e+20,62.36523412,4481635.0,126.18,37.27,18.02,213.149994,134.25,24.639999,2.007545651,3,0.015090667880406363,0.0027904687280799817,0.0017878631597043177,26895.26624292
2016-09-15,606.8975,494399,1.72564116517293e+18,5124925.0,176421023,9.699448003725271e+20,59.69619981,4480406.0,125.370003,37.689999,18.040001,215.27999900000003,133.669998,24.629999,2.007545651,3,0.015055342018419965,0.002802381437273493,0.0017791127541589608,26989.65412047
2016-09-16,605.52125,474532,1.5607868310367e+18,5123187.5,176668582,9.699448003725271e+20,63.99372021,4479177.0,125.059998,37.380001,17.860001,213.369995,134.75,24.83,2.007545651,3,0.014945357458660938,0.002686001068373323,0.001609150160336184,26684.051147960006
2016-09-17,606.04625,509402,1.82849710820242e+18,5121150.0,176927903,9.699448003725271e+20,57.63998368,4477948.0,125.059998,37.380001,17.860001,213.369995,134.75,24.83,2.007545651,3,0.014973663862261288,0.0028791501586948667,0.0018851558434048498,26684.051147960006
2016-09-18,605.08,463459,1.63903127976432e+18,5119337.5,177152754,9.699448003725271e+20,53.0225757,4476719.0,125.059998,37.380001,17.860001,213.369995,134.75,24.83,2.007545651,3,0.010585959601252427,0.0026161546435795177,0.0016898191310833531,26684.051147960006
2016-09-19,609.3724900000002,505144,1.50356253583471e+18,5117675.0,177417602,9.699448003725271e+20,66.12043758,4475490.0,125.32,37.360001,18.200001,213.410004,134.309998,24.77,2.007545651,3,0.009862521410750882,0.0028472034020615385,0.0015501526842117573,26744.541701279995
2016-09-20,606.7175,533332,1.66670457873402e+18,5115787.5,177703871,9.699448003725271e+20,68.36086914,4474261.0,125.440002,37.02,18.27,213.419998,134.779999,24.809999,2.007545651,3,0.009914369541885848,0.0030012401924547835,0.0017183499288762497,26771.404975959995
2016-09-21,595.93375,514298,1.86006373306808e+18,5113712.5,177982305,9.699448003725271e+20,64.96509855,4473032.0,127.269997,37.84,18.85,215.820007,135.869995,24.700001,2.007545651,3,0.01073319529836986,0.0028896018623873875,0.0019177006076569355,27467.41164342998
2016-09-22,596.225,496580,1.58207203253544e+18,5111950.0,178249262,9.699448003725271e+20,62.72699094,4470027.714285715,127.57,37.950001,18.9,217.179993,136.949997,24.67,2.007545651,3,0.010473878084203771,0.002785874086816696,0.0016310949158424405,27705.651707009998
2016-09-23,595.0175,488851,1.53593792616394e+18,5110250.0,178516712,9.699448003725271e+20,60.05767564,4467023.428571428,127.650002,37.439999,18.68,215.990005,136.820007,24.68,2.007545651,3,0.009093703186365834,0.0027384046822462203,0.001583531274742678,27571.12457023001
2016-09-24,602.4075,473845,1.86389651858955e+18,5108175.0,178761675,9.699448003725271e+20,58.95425424,4464019.142857143,127.650002,37.439999,18.68,215.990005,136.820007,24.68,2.007545651,3,0.009992841967405885,0.002650707988722974,0.0019216521578070036,27571.12457023001
2016-09-25,601.36875,465826,2.14034738231358e+18,5105862.5,178995916,1.03606293589346e+21,49.59149659,4461014.857142857,127.650002,37.439999,18.68,215.990005,136.820007,24.68,2.007545651,3,0.009912965773518774,0.0026024392645919363,0.002065846878759183,27571.12457023001
2016-09-26,598.9075,540149,1.86955417792047e+18,5103950.0,179278392,1.03606293589346e+21,60.52560461,4458010.571428572,127.550003,37.07,18.41,214.240005,137.690002,24.629999,2.007545651,3,0.006691279644945278,0.0030129063183476123,0.0018044793546332588,27326.313280470014
2016-09-27,605.0175,549231,1.9775131183977e+18,5101862.5,179573826,1.03606293589346e+21,62.99270729,4455006.285714285,126.620003,36.860001,18.17,215.570007,138.699997,24.65,2.007545651,3,0.007221279289381666,0.003058524798597319,0.0019086804960283328,27295.47493305002
2016-09-28,602.885,546880,1.78798174571165e+18,5100012.5,179866342,1.03606293589346e+21,64.74431075,4452002.0,126.220001,38.509998,18.209999,216.639999,138.399994,24.67,2.007545651,3,0.0072747386723306185,0.003040479913690578,0.0017257462686567054,27344.300890419996
2016-09-29,603.5812400000002,553098,1.6942490861066e+18,5098225.0,180166846,1.03606293589346e+21,68.53955587,4453059.857142857,126.07,38.509998,18.110001,214.679993,138.75,24.690001,2.007545651,3,0.007286945688839102,0.003069921088589185,0.0016352762244559458,27064.70671751
2016-09-30,604.52125,559461,1.71914437001181e+18,5096450.0,180469303,1.03606293589346e+21,68.45068728,4454117.714285715,125.639999,39.0,18.200001,216.300003,137.509995,24.68,2.007545651,3,0.0072828114305632675,0.003100034137107517,0.0016593049615555328,27175.93216062
2016-10-01,610.58375,498317,1.86697290057242e+18,5094487.5,180733690,1.03606293589346e+21,58.7351644,4455175.571428572,125.639999,39.0,18.200001,216.300003,137.509995,24.68,2.013552794,3,0.007768549156137195,0.002757189320928489,0.0018019879255331299,27175.93216062
2016-10-02,613.2374900000002,462246,1.76725549782218e+18,5092725.0,180968619,1.03606293589346e+21,53.42262056,4456233.428571428,125.639999,39.0,18.200001,216.300003,137.509995,24.68,2.013552794,3,0.0078052308560403495,0.0025542881553403465,0.0017057414531465392,27175.93216062
2016-10-03,611.88874,628726,1.7508701814143e+18,5090837.5,181286991,1.03606293589346e+21,75.23840275,4457291.285714285,125.32,38.939999,17.870001000000006,215.77999900000003,136.809998,24.73,2.013552794,3,0.007638236578268129,0.003468125299735379,0.0016899264714111389,27041.549474680003
2016-10-04,609.495,600984,1.87675346087276e+18,5088862.5,181617215,1.03606293589346e+21,71.03602966,4458349.142857143,120.970001,38.580002,16.940001000000002,214.679993,135.21000700000002,24.84,2.013552794,3,0.007618175255476872,0.0033090695725072096,0.0018114280473264122,25969.83896788999
2016-10-05,608.125,585512,2.00515141320686e+18,5086775.0,181938855,1.03606293589346e+21,72.77844316,4459407.0,120.779999,39.139999,16.85,215.630005,134.580002,24.870001,2.013552794,3,0.005616708732210395,0.0032181800858315833,0.001935356766215844,26043.79178827
2016-10-06,610.57,621267,1.91998218992905e+18,5084762.5,182275251,1.03606293589346e+21,77.72649993,4459162.857142857,119.660004,39.200001,16.440001000000002,215.77999900000003,133.830002,25.0,2.013552794,3,0.005649344649548306,0.003408400189228103,0.00185315208508384,25820.23554346
2016-10-07,610.23375,577183,1.73149381568338e+18,5082975.0,182595195,1.03606293589346e+21,72.05178137,4458918.714285715,119.739998,39.009998,16.6,215.039993,133.919998,24.959999,2.013552794,3,0.0055878956164168575,0.0031609977469560465,0.0016712245518079533,25748.888331740014
2016-10-08,617.445,549357,2.07551717198013e+18,5080862.5,182895302,1.11034674966943e+21,67.51007174,4458674.571428572,119.739998,39.009998,16.6,215.039993,133.919998,24.959999,2.013552794,3,0.005503133253799158,0.003003669279596914,0.0018692513600801267,25748.888331740014
2016-10-09,614.59625,509881,2.05710242869675e+18,5078862.5,183149267,1.11034674966943e+21,58.27379152,4458430.428571428,119.739998,39.009998,16.6,215.039993,133.919998,24.959999,2.013552794,3,0.005695577509945658,0.0027839641858899713,0.001852666682105555,25748.888331740014
2016-10-10,615.91625,514272,1.60295946071286e+18,5077312.5,183417830,1.11034674966943e+21,67.8353189,4458186.285714285,120.160004,39.650002,16.73,216.160004,133.130005,25.059999,2.013552794,3,0.005458203019515845,0.0028038277412833854,0.0014436566425669183,25973.786945280015
2016-10-11,618.3275,601459,1.77485910674177e+18,5075575.0,183730930,1.11034674966943e+21,80.75501147,4457942.142857143,119.550003,39.16,16.559998999999998,213.429993,132.830002,25.25,2.013552794,3,0.00497475768658408,0.0032735859988299192,0.0015984728259619593,25515.55630343998
2016-10-12,637.2162400000002,544757,1.85134931166224e+18,5073775.0,184011860,1.11034674966943e+21,68.31244694,4457698.0,119.739998,39.0,16.65,213.710007,132.96000700000002,25.32,2.013552794,3,0.008898799837060364,0.002960445049574522,0.0016673614005835741,25589.635810759984
2016-10-13,637.73625,547633,1.65308966510831e+18,5072175.0,184294665,1.11034674966943e+21,67.12105979,4459081.428571428,120.029999,38.779999,16.610001,213.00999500000003,133.46000700000002,25.23,2.013552794,3,0.008907452113493182,0.002971507612550803,0.0014888048851410284,25567.58948684001
2016-10-14,635.88375,531872,1.72850243186523e+18,5070475.0,184590829,1.11034674966943e+21,68.01350542,4460464.857142857,119.360001,38.57,16.559998999999998,213.119995,131.589996,25.360001,2.013552794,3,0.009077375636562832,0.0028813565813716564,0.0015567230978789609,25438.002816319993
2016-10-15,638.975,501357,1.82593211873838e+18,5068700.0,184855698,1.11034674966943e+21,62.6006372,4461848.285714285,119.360001,38.57,16.559998999999998,213.119995,131.589996,25.360001,2.013552794,3,0.008902506364233759,0.002712153346768894,0.0016444701795020273,25438.002816319993
2016-10-16,638.605,482303,1.66998412051861e+18,5067075.0,185103046,1.11034674966943e+21,57.54846761,4463231.714285715,119.360001,38.57,16.559998999999998,213.119995,131.589996,25.360001,2.013552794,3,0.008952998448448924,0.0026055919144626068,0.0015040203621218271,25438.002816319993
2016-10-17,636.635,550425,1.6110660906405e+18,5065512.5,185397148,1.11034674966943e+21,72.44112233,4464615.142857143,119.68,38.400002,16.57,212.380005,132.429993,25.299999,2.013552794,3,0.008994924468535725,0.002968896803094296,0.0014509576320371478,25417.6389984
2016-10-18,637.01625,588289,1.98598813970576e+18,5063575.0,185704267,1.11034674966943e+21,77.24037508,4465998.571428572,120.419998,38.509998,16.719998999999998,213.710007,132.860001,25.32,2.013552794,3,0.008813266412856326,0.00316788089742709,0.0017886197625174515,25734.958615519987
2016-10-19,634.605,459857,1.64135931538173e+18,5062012.5,185947310,1.11034674966943e+21,62.38149631,4467382.0,121.110001,39.119999,16.790001,214.27999900000003,132.970001,25.33,2.013552794,3,0.008895270265581191,0.002473050026913538,0.0014782403027436177,25951.450893170004
2016-10-20,626.36875,624193,1.69358433355382e+18,5060337.5,186285197,1.11034674966943e+21,89.31863339,4465516.857142857,120.739998,39.040001,16.639999,213.880005,133.110001,25.41,2.013552794,3,0.009869677909546438,0.0033507385989451433,0.0015252751755773862,25823.87137593999
2016-10-21,629.6124900000002,584314,2.1036825700464e+18,5058287.5,186601226,1.11034674966943e+21,76.08109984,4463651.714285715,120.830002,38.77,16.65,213.979996,133.309998,25.5,2.013552794,3,0.009882069648997028,0.003131351344926319,0.0018946176684650122,25855.20334463999
2016-10-22,630.61875,524405,1.89962186591538e+18,5056425.0,186866488,1.08928207499406e+21,66.62886636,4461786.571428572,120.830002,38.77,16.65,213.979996,133.309998,25.5,2.013552794,3,0.009495060916635746,0.0028063084270091277,0.001743920982015369,25855.20334463999
2016-10-23,650.895,525329,1.83218028780013e+18,5054625.0,187102703,1.08928207499406e+21,67.49823388,4459921.428571428,120.830002,38.77,16.65,213.979996,133.309998,25.5,2.013552794,3,0.01224369522266247,0.002807703959252796,0.001682007195253003,25855.20334463999
2016-10-24,647.69375,581644,1.79589942611576e+18,5052837.5,187379280,1.08928207499406e+21,81.14570038,4458056.285714285,120.559998,38.650002,16.700001,214.889999,132.729996,25.530001,2.013552794,3,0.012474399935800675,0.00310409987699814,0.0016487000634115396,25907.13784966
2016-10-25,652.235,617967,1.75951992311828e+18,5051100.0,187674659,1.08928207499406e+21,99.09135171,4456191.142857143,121.470001,38.400002,16.860001,214.169998,133.080002,25.52,2.013552794,3,0.012507471555106972,0.003292756748794732,0.0016153023753079521,26015.229871229996
2016-10-26,657.05625,613888,1.72580338395422e+18,5049375.0,187958724,1.08928207499406e+21,123.66682607,4454326.0,120.790001,38.48,16.709999,213.740005,132.179993,25.51,2.013552794,3,0.010072407965547757,0.0032660787801474965,0.0015843493834814374,25817.655417690006
2016-10-27,684.3775,721672,2.11869149766521e+18,5047350.0,188336184,1.08928207499406e+21,111.04197547,4454149.0,121.010002,38.349998,16.73,213.169998,130.740005,25.559999,2.013552794,3,0.014382826281693345,0.0038318287260190004,0.001945034758491517,25795.701884319995
2016-10-28,684.2975,570185,1.86193688317099e+18,5045450.0,188640753,1.08928207499406e+21,82.18591551,4453972.0,121.580002,38.130001,16.870001000000002,212.539993,130.449997,25.41,2.013552794,3,0.01428310923752071,0.0030225971373216477,0.0017093248166974045,25840.612774019984
2016-10-29,700.135,541658,1.85733282799239e+18,5043587.5,188919144,1.08928207499406e+21,73.16334719,4453795.0,121.580002,38.130001,16.870001000000002,212.539993,130.449997,25.41,2.013552794,3,0.015038052473430765,0.002867141934541054,0.0017050981289695032,25840.612774019984
2016-10-30,704.91,472367,2.11883323220408e+18,5041487.5,189167298,1.08928207499406e+21,62.61635815,4453618.0,121.580002,38.130001,16.870001000000002,212.539993,130.449997,25.41,2.013552794,3,0.014898415162234911,0.002497085939240936,0.0019451648758799546,25840.612774019984
2016-10-31,693.89625,579841,1.86577410249268e+18,5039650.0,189457020,1.08928207499406e+21,76.30761672,4453441.0,121.940002,37.619999,16.969998999999998,212.550003,131.25,25.42,2.013552794,3,0.01591116129460947,0.0030605411190358636,0.001712847521614504,25918.34779092001
2016-11-01,708.955,602345,1.81607968877453e+18,5037850.0,189755134,1.08928207499406e+21,78.88304167,4453264.0,122.730003,37.66,17.41,211.00999500000003,131.009995,25.290001,2.123052219,4,0.01632324266229361,0.0031743278155520155,0.0016672262680760934,25897.257319379987
2016-11-02,725.6925,584844,1.67725428329872e+18,5036187.5,190086893,1.08928207499406e+21,79.52440935,4453087.0,123.639999,37.25,17.559998999999998,209.740005,131.580002,25.200001,2.123052219,4,0.01647080067553878,0.003076719234923788,0.001539779568398632,25932.254008459997
2016-11-03,741.84875,593303,1.95266025517636e+18,5034250.0,190419497,1.08928207499406e+21,78.9896584,4453372.714285715,124.300003,37.419998,17.42,208.779999,130.570007,25.129999,2.123052219,4,0.015394315034500188,0.003115768129562909,0.001792612124997107,25951.354502039998
2016-11-04,701.21875,547555,1.45964074877622e+18,5032800.0,190731373,1.08928207499406e+21,84.33985522,4453658.428571428,124.389999,37.240002,17.459999,208.550003,131.740005,25.059999,2.123052219,4,0.02392774164027015,0.0028708176918539772,0.001340002541384131,25941.534664619998
2016-11-05,702.175,555964,1.85419065186222e+18,5030962.5,191031111,1.09358537737234e+21,73.75387364,4453944.142857143,124.389999,37.240002,17.459999,208.550003,131.740005,25.059999,2.123052219,4,0.023932413075455607,0.002910332233789919,0.001695515220144455,25941.534664619998
2016-11-06,705.47875,519654,1.95461043828378e+18,5029050.0,191304326,1.09358537737234e+21,70.81542827,4454229.857142857,124.389999,37.240002,17.459999,208.550003,131.740005,25.059999,2.123052219,4,0.022918504148605467,0.002716373491731703,0.0017873414172566075,25941.534664619998
2016-11-07,705.47125,628563,1.8177037853362e+18,5027225.0,191640730,1.09358537737234e+21,91.27487749,4454515.571428572,122.150002,38.009998,17.290001,213.149994,130.619995,25.27,2.123052219,4,0.022779406720291516,0.0032799029726092153,0.00166215077756779,26036.272193399986
2016-11-08,706.13375,662881,2.14314124931496e+18,5025112.5,192001974,1.09358537737234e+21,89.25535917,4454801.285714285,121.639999,38.09,17.4,214.110001,130.089996,25.34,2.123052219,4,0.022818681965259716,0.0034524697126291004,0.0019597383923187473,26044.34030753
2016-11-09,728.36125,614660,1.88932563698019e+18,5023275.0,192331736,1.09358537737234e+21,83.73198606,4455087.0,121.559998,38.82,17.450001,216.380005,124.57,25.5,2.123052219,4,0.02380596565822408,0.0031958324340191054,0.001727643470800469,26303.15297503999
2016-11-10,719.2525,611570,2.09053336138449e+18,5021175.0,192667719,1.09358537737234e+21,82.2928672,4454879.285714285,119.75,38.869999,17.559998999999998,216.919998,122.730003,25.549999,2.123052219,4,0.022270662267373894,0.0031742214169255827,0.001911632511407212,25976.1697605
2016-11-11,714.57125,557444,2.0779447975344e+18,5019137.5,192980439,1.09358537737234e+21,72.74402535,4454671.571428572,117.099998,38.279999,16.469998999999998,216.419998,122.040001,25.59,2.123052219,4,0.02241735552386119,0.0028886036475437803,0.0019001212347290824,25342.781332960003
2016-11-12,715.7725,571720,2.14877420613271e+18,5017037.5,193272193,1.09358537737234e+21,65.89536127,4454463.857142857,117.099998,38.279999,16.469998999999998,216.419998,122.040001,25.59,2.123052219,4,0.021681800452777546,0.0029581078950141576,0.001964889299540353,25342.781332960003
2016-11-13,694.72125,539160,1.77961406815118e+18,5015262.5,193547883,1.09358537737234e+21,62.67231406,4454256.142857143,117.099998,38.279999,16.469998999999998,216.419998,122.040001,25.59,2.123052219,4,0.023164864172192382,0.0027856672552703664,0.001627320650928257,25342.781332960003
2016-11-14,704.62125,632882,2.15935028824037e+18,5013112.5,193882985,1.09358537737234e+21,79.42615064,4454048.428571428,116.110001,38.459999,16.0,216.589996,121.309998,25.84,2.123052219,4,0.02308263614522661,0.0032642472468638753,0.0019745603159296472,25148.264652149996
2016-11-15,711.39625,652996,1.97860544721863e+18,5011162.5,194235206,1.09358537737234e+21,81.45867865,4453840.714285715,117.120003,39.509998,16.190001000000002,218.27999900000003,121.910004,25.879999,2.123052219,4,0.022486047082304984,0.003361882809236962,0.001809283013616011,25564.95413772
2016-11-16,710.9275,615878,2.17147517976114e+18,5009025.0,194572994,1.09358537737234e+21,79.46533169,4453633.0,116.769997,39.23,16.09,217.869995,123.010002,25.950001,2.123052219,4,0.0214829027063136,0.0031652799668591214,0.001985647599804916,25440.678662540013
2016-11-17,745.92625,627323,1.99919603336823e+18,5007037.5,194912049,1.09358537737234e+21,89.03665576,4455368.571428572,116.169998,38.970001,15.84,218.990005,121.199997,26.1,2.123052219,4,0.024576883016457298,0.0032184926648634224,0.0018281115263006583,25440.06844286999
2016-11-18,738.665,625425,1.98992898608751e+18,5005187.5,195250927,1.21032572332758e+21,83.54457183,4457104.142857143,115.150002,39.16,15.73,218.5,120.849998,26.190001,2.123052219,4,0.0187785742433073,0.00320318581637259,0.0016441268228329035,25160.275437
2016-11-19,748.8075,578672,1.98958420884336e+18,5003412.5,195562596,1.21032572332758e+21,72.14751446,4458839.714285715,115.150002,39.16,15.73,218.5,120.849998,26.190001,2.123052219,4,0.018946051463097698,0.002959011650673731,0.0016438419596448337,25160.275437
2016-11-20,752.5525,579386,1.84725267195205e+18,5001812.5,195857471,1.21032572332758e+21,72.95353104,4460575.285714285,115.150002,39.16,15.73,218.5,120.849998,26.190001,2.123052219,4,0.018946336441286408,0.0029582021918377575,0.0015262442467746202,25160.275437
2016-11-21,730.365,609504,1.90360925967767e+18,5000075.0,196205475,1.21032572332758e+21,94.92004537,4462310.857142857,115.580002,40.060001,15.72,220.149994,121.150002,26.09,2.123052219,4,0.021075401764732507,0.003106457656189258,0.0015728074046414773,25444.936746819985
2016-11-22,734.84,609054,1.85984022253702e+18,4998400.0,196555852,1.21032572332758e+21,101.52105178,4464046.428571428,115.540001,40.040001,15.8,220.580002,121.110001,26.129999,2.123052219,4,0.021091657784986895,0.0030986307138797372,0.0015366443815006366,25485.813651660003
2016-11-23,745.97875,646177,2.07787306661786e+18,4996562.5,196892877,1.21032572332758e+21,108.95046532,4465782.0,113.25,40.23,15.52,220.699997,120.639999,26.290001,2.123052219,4,0.019848602252694157,0.0032818708825103917,0.0017167883211678832,24994.27466025
2016-11-24,739.81875,734914,2.24856669433214e+18,4994537.5,197285687,1.21032572332758e+21,135.86177837,4462999.857142857,113.25,40.23,15.52,220.699997,120.639999,26.290001,2.123052219,4,0.01964292721211964,0.003725125786748027,0.0018578194704067736,24994.27466025
2016-11-25,730.3125,682529,2.11956207596885e+18,4992637.5,197652151,1.21032572332758e+21,138.07167767,4460217.714285715,112.610001,40.02,15.63,221.520004,120.82,26.24,2.123052219,4,0.019929599493231517,0.003453182758430997,0.0017512327757039506,24945.367871960003
2016-11-26,737.4025,664278,2.14345879491533e+18,4990725.0,197984696,1.21032572332758e+21,101.74634136,4457435.571428572,112.610001,40.02,15.63,221.520004,120.82,26.24,2.123052219,4,0.020047214359275516,0.00335519872707737,0.001770976815251239,24945.367871960003
2016-11-27,727.445,571832,2.03202639803161e+18,4988925.0,198271268,1.21032572332758e+21,81.15381886,4454653.428571428,112.610001,40.02,15.63,221.520004,120.82,26.24,2.123052219,4,0.018460517380054508,0.0028840890854644656,0.0016789087093389266,24945.367871960003
2016-11-28,731.9,708783,2.28061605820329e+18,4986875.0,198640167,1.21032572332758e+21,109.57588157,4451871.285714285,113.800003,39.389999,15.77,220.479996,121.709999,26.17,2.123052219,4,0.018220050233875157,0.0035681756147536866,0.0018842994197736565,25090.62420623999
2016-11-29,731.12625,649937,2.08790400675917e+18,4985012.5,198995147,1.21032572332758e+21,101.05426951,4449089.142857143,113.269997,38.970001,15.78,220.910004,122.220001,26.110001,2.123052219,4,0.01813360716109761,0.00326609472541559,0.0017250761233255796,25022.47549034999
2016-11-30,731.64,636876,2.0004219602225e+18,4983237.5,199356470,1.21032572332758e+21,99.56774283,4446307.0,111.75,41.07,15.66,220.380005,120.239998,26.25,2.123052219,4,0.018122161598547962,0.003194659295482108,0.0016527963685037512,24627.465558750002
2016-12-01,744.1025,595958,2.04852199262502e+18,4981412.5,199651675,1.21032572332758e+21,102.70561249,4446637.142857143,111.540001,41.150002,15.66,219.570007,118.730003,26.110001,2.28035831,4,0.013311995790081868,0.0029849887309986254,0.0016925377632997546,24490.838800350008
2016-12-02,766.5925,732429,2.02479517120673e+18,4979625.0,200065574,1.23164959010663e+21,120.59021932,4446967.285714285,112.139999,41.240002,15.83,219.679993,119.599998,26.049999,2.28035831,4,0.015182803578537005,0.0036609446860657795,0.0016439701579663037,24634.914195340007
2016-12-03,769.915,703628,2.44860753500323e+18,4977475.0,200420538,1.23164959010663e+21,101.13526766,4447297.428571428,112.139999,41.240002,15.83,219.679993,119.599998,26.049999,2.28035831,4,0.014865107663501576,0.0035107579643359702,0.0019880715705765323,24634.914195340007
2016-12-04,764.3575,644661,2.1224952764931e+18,4975625.0,200725518,1.23164959010663e+21,92.63816666,4447627.571428572,112.139999,41.240002,15.83,219.679993,119.599998,26.049999,2.28035831,4,0.015033588304758417,0.0032116544344899887,0.0017232947532661014,24634.914195340007
2016-12-05,760.1,670041,2.16383570697667e+18,4973725.0,201085013,1.23164959010663e+21,106.12511446,4447957.714285715,111.540001,41.57,15.88,221.0,119.470001,25.879999,2.28035831,4,0.0123328338278706,0.003332127989070971,0.0017568598441942693,24650.340221000002
2016-12-06,754.82625,748512,2.1457559148886e+18,4971850.0,201504109,1.23164959010663e+21,119.47737538,4448287.857142857,111.43,41.540001,15.85,221.699997,119.379997,25.98,2.28035831,4,0.012559880815515678,0.003714624003027154,0.001742180513130225,24704.03066571
2016-12-07,758.35375,767634,2.45525609988604e+18,4969675.0,201899746,1.23164959010663e+21,107.59327335,4448618.0,111.830002,41.799999,16.23,224.600006,120.400002,25.9,2.28035831,4,0.01202006210177706,0.0038020553032295542,0.0019934696683278855,25117.01912018001
2016-12-08,763.23625,651628,2.27803809489115e+18,4967712.5,202254031,1.23164959010663e+21,96.23895714,4451811.571428572,111.57,42.080002,16.139999,225.149994,118.980003,26.129999,2.28035831,4,0.01176914787197423,0.003221829482350342,0.0018495829602751938,25119.984830579997
2016-12-09,766.8725,615784,1.91783772018264e+18,4966025.0,202589822,1.23164959010663e+21,96.30486037,4455005.142857143,110.400002,42.189999,15.97,226.50999500000003,117.5,26.24,2.28035831,4,0.010936631144519197,0.0030395603980539554,0.0015571293455442982,25006.703901019995
2016-12-10,773.2825,594314,1.84523075231338e+18,4964375.0,202905377,1.23164959010663e+21,86.84229837,4458198.714285715,110.400002,42.189999,15.97,226.50999500000003,117.5,26.24,2.28035831,4,0.01088428480160014,0.0029290204566634033,0.0014981783513228215,25006.703901019995
2016-12-11,765.9525,568238,2.64518006397008e+18,4962037.5,203195113,1.23164959010663e+21,76.69390919,4461392.285714285,110.400002,42.189999,15.97,226.50999500000003,117.5,26.24,2.28035831,4,0.010440816209858941,0.0027965141071084718,0.0021476725890365238,25006.703901019995
2016-12-12,769.8275,637087,2.23119743661465e+18,4960087.5,203534731,1.23164959010663e+21,93.1264006,4464585.857142857,110.82,42.459999,16.190001000000002,226.25,117.720001,26.09,2.28035831,4,0.010425749650371926,0.0031301144373242127,0.0018115521285737481,25073.024999999998
2016-12-13,774.38625,663651,2.54665195719423e+18,4957862.5,203894472,1.23164959010663e+21,97.65573127,4467779.428571428,110.449997,42.98,16.040001,227.75999500000003,118.139999,26.120001,2.28035831,4,0.01035182109496183,0.0032548749041121624,0.0020676757233960945,25156.090764470016
2016-12-14,778.35625,619541,2.03442969215839e+18,4956125.0,204247628,1.23164959010663e+21,94.82014754,4470973.0,108.830002,42.02,15.93,225.880005,116.82,26.370001,2.28035831,4,0.010307291130401092,0.003033283696200379,0.0016517926109018224,24582.52139591001
2016-12-15,776.9825,611646,1.88134199471779e+18,4954537.5,204595064,1.33210066697455e+21,100.43219466,4470703.857142857,107.339996,42.150002,15.18,226.809998,117.410004,26.66,2.28035831,4,0.009762840116773423,0.002989544263883121,0.0014123121783210797,24345.78427808001
2016-12-16,776.415,637793,2.11930176209497e+18,4952875.0,204940433,1.33210066697455e+21,97.57905572,4470434.714285715,108.050003,42.400002,15.27,225.039993,117.139999,26.57,2.28035831,4,0.00604422426695942,0.0031120896480198224,0.0015909471518457392,24315.57191876998
2016-12-17,786.9725,584955,2.18084194779707e+18,4951075.0,205240140,1.33210066697455e+21,81.36024503,4470165.571428572,108.050003,42.400002,15.27,225.039993,117.139999,26.57,2.28035831,4,0.006883178861783276,0.0028501003751020635,0.0016371450010232113,24315.57191876998
2016-12-18,789.24625,564856,2.13155456998549e+18,4949312.5,205523485,1.33210066697455e+21,80.81959375,4469896.428571428,108.050003,42.400002,15.27,225.039993,117.139999,26.57,2.28035831,4,0.006401426240117657,0.0027483769069019046,0.0016001452614138008,24315.57191876998
2016-12-19,791.0,659350,2.34656090425988e+18,4947425.0,205871402,1.33210066697455e+21,103.96098767,4469627.285714285,108.589996,42.209999,15.17,225.52999900000003,118.400002,26.65,2.28035831,4,0.0059895088749584895,0.003202727496847765,0.0017615492300513285,24490.30168929001
2016-12-20,789.2325,651150,2.12166903700761e+18,4945700.0,206231747,1.33210066697455e+21,101.92528818,4469358.142857143,107.790001,42.099998,15.24,226.399994,117.809998,26.700001,2.28035831,4,0.0055080307648451305,0.00315737033445195,0.0015927242509579382,24403.655579659993
2016-12-21,805.79625,704229,2.45049930060224e+18,4943712.5,206624065,1.33210066697455e+21,114.92502583,4469089.0,107.849998,42.0,15.12,225.770004,118.330002,26.620001,2.28035831,4,0.007248094743306296,0.0034082622467039355,0.0018395751622644124,24349.294479859993
2016-12-22,842.63875,683211,2.43352183060979e+18,4941725.0,207010432,1.33210066697455e+21,106.17675284,4466569.285714285,107.589996,42.139999,14.98,225.380005,117.809998,26.65,2.28035831,4,0.013020326483593615,0.0033003699059958487,0.001826830277126708,24248.63383642998
2016-12-23,910.9325,659615,2.33583246481625e+18,4939825.0,207381089,1.33210066697455e+21,100.48771495,4464049.571428572,107.93,42.099998,14.91,225.710007,118.050003,26.629999,2.28035831,4,0.02293353732742084,0.003180690212307642,0.0017534954547552045,24360.88105551
2016-12-24,910.2475,550808,2.12053858120324e+18,4938112.5,207673813,1.33210066697455e+21,83.58322018,4461529.857142857,107.93,42.099998,14.91,225.710007,118.050003,26.629999,2.28035831,4,0.023181414315121836,0.0026522746996512267,0.0015918756245497422,24360.88105551
2016-12-25,870.13125,470720,2.53271504846342e+18,4936050.0,207904942,1.33210066697455e+21,61.93750723,4459010.142857143,107.93,42.099998,14.91,225.710007,118.050003,26.629999,2.28035831,4,0.027265925091707707,0.002264111643868475,0.0019012940322413394,24360.88105551
2016-12-26,905.45625,589996,2.19400453176192e+18,4934275.0,208200668,1.33210066697455e+21,87.97239373,4456490.428571428,107.93,42.099998,14.91,225.710007,118.050003,26.629999,2.28035831,4,0.028424637886441468,0.0028337853363659717,0.001647026074046577,24360.88105551
2016-12-27,900.36625,647665,2.39079272949873e+18,4932325.0,208560312,1.33210066697455e+21,99.53217417,4453970.714285715,108.559998,42.18,15.13,226.270004,117.669998,26.620001,2.28035831,4,0.02876755679905093,0.003105408664712776,0.001794753796594568,24563.87118169999
2016-12-28,948.89875,660594,2.55662939012373e+18,4930275.0,208932862,1.36446128983913e+21,104.35263976,4451451.0,108.860001,41.790001,15.2,224.399994,118.529999,26.690001,2.28035831,4,0.030769385108843854,0.003161752505931786,0.0018737280486903051,24428.18357123999
2016-12-29,971.645,654644,2.34828176137166e+18,4928400.0,209305862,1.36446128983913e+21,107.23074067,4451686.714285715,110.290001,41.650002,15.32,224.350006,118.949997,26.540001,2.28035831,4,0.030507395350295872,0.0031276907093982873,0.0017210321603543053,24743.56238609001
2016-12-30,954.84375,642256,2.48075252168128e+18,4926437.5,209659034,1.36446128983913e+21,100.318724,4451922.428571428,109.610001,41.540001,15.11,223.52999900000003,119.129997,26.459999,2.28035831,4,0.0315212396464542,0.003063335682449057,0.0018181186525077313,24501.123413920002
2016-12-31,952.455,571936,2.34702375490977e+18,4924587.5,209964739,1.36446128983913e+21,82.32831226,4452158.142857143,109.610001,41.540001,15.11,223.52999900000003,119.129997,26.459999,2.28035831,4,0.03185948440509738,0.0027239621410907475,0.0017201101800304532,24501.123413920002
2017-01-01,964.325,463375,2.44799900190802e+18,4922637.5,210176230,1.36446128983913e+21,65.07949883,4452393.857142857,109.610001,41.540001,15.11,223.52999900000003,119.129997,26.459999,2.4151263430000003,6,0.03171381137278186,0.0022046974579380363,0.0017941139262343158,24501.123413920002
2017-01-02,1009.97375,703943,2.50649119154782e+18,4920650.0,210525354,1.36446128983913e+21,112.88414659,4452629.571428572,109.610001,41.540001,15.11,223.52999900000003,119.129997,26.459999,2.4151263430000003,6,0.032593620553533056,0.0033437445258968665,0.00183698226561146,24501.123413920002
2017-01-03,1028.33375,654405,2.59231996308682e+18,4918600.0,210886882,1.36446128983913e+21,117.50869676,4452865.285714285,110.470001,42.080002,15.44,225.240005,119.639999,26.700001,2.4151263430000003,6,0.03209802417943683,0.0031031090876482304,0.0018998853118013003,24882.263577590005
2017-01-04,1047.09999,696039,2.42338588827427e+18,4916687.5,211279286,1.36446128983913e+21,193.3374362,4453101.0,110.860001,42.02,15.58,226.580002,120.099998,26.5,2.4151263430000003,6,0.03209402900095723,0.0032944024621514483,0.0017760752220094037,25118.659248300002
2017-01-05,1140.385,650948,2.19955301366171e+18,4914937.5,211629495,1.36446128983913e+21,114.99194252,4453016.428571428,112.580002,41.869999,15.76,226.399994,121.980003,26.219999,2.4151263430000003,6,0.036200561849954974,0.003075885050899923,0.0016120303522286347,25488.111777319984
2017-01-06,985.93875,716986,2.53916348032849e+18,4912925.0,212028289,1.36446128983913e+21,127.77072194,4452931.857142857,111.75,41.91,15.64,227.210007,120.860001,26.41,2.4151263430000003,6,0.05423150569668839,0.0033815582033018244,0.0018609274585047828,25390.71828225
2017-01-07,837.83625,645658,2.20066685363767e+18,4911200.0,212358731,1.36446128983913e+21,106.3384173,4452847.285714285,111.75,41.91,15.64,227.210007,120.860001,26.41,2.4151263430000003,6,0.07053866009234908,0.0030404118397185185,0.0016128466743802812,25390.71828225
2017-01-08,923.52375,597135,2.61298131303405e+18,4909112.5,212662586,1.36446128983913e+21,91.2413482,4452762.714285715,111.75,41.91,15.64,227.210007,120.860001,26.41,2.4151263430000003,6,0.07461272458958967,0.0028078987057930348,0.0019150278080385266,25390.71828225
2017-01-09,889.33875,611249,2.14840965357772e+18,4907412.5,212990463,1.36446128983913e+21,102.04592665,4452678.142857143,112.669998,41.25,15.7,226.460007,121.830002,26.34,2.4151263430000003,6,0.07464844712792947,0.002869842111193495,0.0015745478963577028,25515.248535769988
2017-01-10,905.22625,701226,2.54344654870949e+18,4905412.5,213362597,1.44697419338259e+21,119.94087094,4452593.571428572,113.150002,40.900002,15.91,226.460007,121.75,26.35,2.4151263430000003,6,0.07480425657112477,0.003286546048181069,0.0017577691159533938,25623.950244970012
2017-01-11,910.60625,638056,2.54933788864173e+18,4903500.0,213706196,1.44697419338259e+21,111.82087465,4452509.0,113.5,41.349998,15.87,227.100006,122.160004,26.290001,2.4151263430000003,6,0.07332933413508864,0.002985669166091937,0.0017618406052440684,25775.850681
2017-01-12,772.66125,623422,2.88907726811545e+18,4901350.0,214047146,1.44697419338259e+21,105.50392824,4453687.428571428,113.910004,41.139999,15.91,226.52999900000003,121.889999,26.190001,2.4151263430000003,6,0.08444271666355807,0.002912545257669542,0.001996633582912531,25804.03309221
2017-01-13,784.89375,590708,2.50007059767081e+18,4899475.0,214374504,1.44697419338259e+21,96.9954013,4454865.857142857,114.209999,41.049999,15.94,227.050003,121.309998,26.16,2.4151263430000003,6,0.08487394510778565,0.002755495588225361,0.0017277921120530822,25931.380615579998
2017-01-14,820.68875,592751,2.88275258023265e+18,4897325.0,214669193,1.44697419338259e+21,86.85666196,4456044.285714285,114.209999,41.049999,15.94,227.050003,121.309998,26.16,2.4151263430000003,6,0.08628640255754717,0.0027612299264571233,0.00199226260801075,25931.380615579998
2017-01-15,821.19625,551601,2.79387092639573e+18,4895237.5,214947644,1.44697419338259e+21,82.22432059,4457222.714285715,114.209999,41.049999,15.94,227.050003,121.309998,26.16,2.4151263430000003,6,0.08610201777830942,0.002566210960656075,0.0019308367344579248,25931.380615579998
2017-01-16,830.74,632222,2.81996192997518e+18,4893125.0,215272414,1.44697419338259e+21,103.64270285,4458401.142857143,114.209999,41.049999,15.94,227.050003,121.309998,26.16,2.4151263430000003,6,0.08480213510769091,0.002936846334616752,0.001948868157339391,25931.380615579998
2017-01-17,848.58125,656970,2.64122647621217e+18,4891150.0,215626417,1.44697419338259e+21,109.39305302,4459579.571428572,115.849998,41.32,16.280001000000002,226.25,122.580002,25.92,2.4151263430000003,6,0.08490025281571671,0.0030467973689884205,0.001825344562668238,26211.0620475
2017-01-18,890.29375,649905,2.51106169891467e+18,4889275.0,215979462,1.44697419338259e+21,107.93626344,4460758.0,114.870003,41.169998,16.190001000000002,226.75,121.010002,26.16,2.4151263430000003,6,0.08612918947368434,0.003009105560231463,0.0017353880327641254,26046.77318025
2017-01-19,888.0625,685636,2.91027267487252e+18,4887100.0,216342854,1.44697419338259e+21,112.3957332,4459626.571428572,114.769997,40.860001,16.120001000000002,225.910004,120.18,26.120001,2.4151263430000003,6,0.08160550386429616,0.0031692102943229176,0.002011281671906794,25927.690481349986
2017-01-20,896.16375,663079,3.17020950036875e+18,4884737.5,216704027,1.44697419338259e+21,104.84963495,4458495.142857143,115.050003,41.119999,16.190001000000002,226.740005,119.940002,26.030001,2.4151263430000003,6,0.07300863058355905,0.0030598370006294346,0.002190923317683887,26086.438255470017
2017-01-21,920.58875,637014,3.02193832718623e+18,4882475.0,217027288,1.44697419338259e+21,94.58963263,4457363.714285715,115.050003,41.119999,16.190001000000002,226.740005,119.940002,26.030001,2.4151263430000003,6,0.057872029309761285,0.0029351792849201526,0.0020884535059480557,26086.438255470017
2017-01-22,934.7775,564635,2.96878042531272e+18,4880300.0,217313168,1.68776436029854e+21,87.11486550000002,4456232.285714285,115.050003,41.119999,16.190001000000002,226.740005,119.940002,26.030001,2.4151263430000003,6,0.05182421252928369,0.0025982548834776547,0.0017590017274612833,26086.438255470017
2017-01-23,920.365,620370,2.68479668158888e+18,4878575.0,217599507,1.68776436029854e+21,109.01172711,4455100.857142857,115.790001,40.610001,16.290001,226.149994,121.139999,25.889999,2.4151263430000003,6,0.05088447269800251,0.0028509715327617907,0.0015907414238288454,26185.908031409996
2017-01-24,912.2125,723319,2.89133657197942e+18,4876712.5,217964599,1.68776436029854e+21,143.1652105,4453969.428571428,115.269997,41.060001,16.219998999999998,227.600006,120.309998,25.9,2.4151263430000003,6,0.05076749001980967,0.003318515957722107,0.0017131162619573187,26235.452008819982
2017-01-25,898.55,711259,2.93476280134536e+18,4874850.0,218328940,1.68776436029854e+21,135.00808277,4452838.0,114.32,41.34,16.1,229.570007,118.800003,25.809999,2.4151263430000003,6,0.050906808337384445,0.003257740361859495,0.0017388462929897658,26244.44320024
2017-01-26,901.05,721017,3.00596906566017e+18,4872912.5,218698077,1.68776436029854e+21,123.55631958,4452987.0,113.260002,41.349998,15.93,229.330002,119.199997,25.98,2.4151263430000003,6,0.019685049686797667,0.0032968602645737943,0.001781035988417518,25973.916485180005
2017-01-27,912.84375,662277,3.37243401644081e+18,4870787.5,219025046,1.68776436029854e+21,114.04371837,4453136.0,113.489998,40.93,16.219998999999998,228.970001,119.629997,25.99,2.4151263430000003,6,0.019648329746365243,0.00302375007833579,0.0019981663884905574,25985.804955549997
2017-01-28,919.795,661087,2.92954416769873e+18,4868887.5,219338626,1.68776436029854e+21,122.5350693,4453285.0,113.489998,40.93,16.219998999999998,228.970001,119.629997,25.99,2.4151263430000003,6,0.01707026492569084,0.0030140017381161126,0.0017357542537398633,25985.804955549997
2017-01-29,920.82875,644540,3.23954540738873e+18,4866800.0,219637605,1.68776436029854e+21,119.8377983,4453434.0,113.489998,40.93,16.219998999999998,228.970001,119.629997,25.99,2.4151263430000003,6,0.017053663513751937,0.0029345612287112674,0.0019194299178208166,25985.804955549997
2017-01-30,916.91125,644863,2.82793125460182e+18,4865000.0,219944444,1.68776436029854e+21,135.15608339,4453583.0,113.970001,40.139999,16.23,227.550003,119.269997,25.940001,2.4151263430000003,6,0.01733452595563968,0.0029319358483090394,0.0016755486258174107,25933.874069460002
2017-01-31,921.35125,677350,2.80984008729779e+18,4863187.5,220323536,1.68776436029854e+21,145.66158893,4453732.0,115.550003,40.139999,16.629998999999998,227.52999900000003,120.099998,25.73,2.4151263430000003,6,0.016848558982417047,0.0030743424524559194,0.0016648296133002665,26291.09206704
2017-02-01,973.065,790447,3.7579816441762703e+18,4860787.5,220753356,1.68776436029854e+21,154.9165724,4453881.0,115.199997,39.849998,16.610001,227.619995,119.099998,25.75,2.528093283,5,0.018163686617960906,0.0035806794257750717,0.002226603270323554,26221.82274114001
2017-02-02,982.8275,639727,3.05998042111982e+18,4858825.0,221067475,1.68776436029854e+21,142.30055361,4454217.428571428,115.839996,40.110001,16.559998999999998,227.770004,119.050003,25.790001,2.528093283,5,0.018001104609985025,0.0028938087794235672,0.0018130377042554421,26384.876352279985
2017-02-03,1020.09,715688,2.90509784303501e+18,4856962.5,221476453,1.68776436029854e+21,162.42120704,4454553.857142857,116.129997,40.48,16.57,229.339996,119.0,25.780001,2.528093283,5,0.019711038575055757,0.003231440590210283,0.0017212698119310579,26633.253047460013
2017-02-04,1011.215,655210,2.8061426371661e+18,4855162.5,221824301,1.81320877809986e+21,138.64644801,4454890.285714285,116.129997,40.48,16.57,229.339996,119.0,25.780001,2.528093283,5,0.01955794379398131,0.002953734090657633,0.0015476114339721973,26633.253047460013
2017-02-05,1029.40124,689322,3.34187478373318e+18,4853175.0,222179037,1.81320877809986e+21,136.17869567,4455226.714285715,116.129997,40.48,16.57,229.339996,119.0,25.780001,2.528093283,5,0.019654836069189434,0.003102551929775445,0.001843072250750559,26633.253047460013
2017-02-06,1019.3125,619102,2.63186670919532e+18,4851612.5,222462445,1.81320877809986e+21,154.93020175,4455563.142857143,117.699997,40.080002,16.82,228.929993,119.720001,25.799999,2.528093283,5,0.019209269327064175,0.002782950623418708,0.0014514967834831282,26945.05948931002
2017-02-07,1029.40875,717402,3.2154377626903e+18,4849725.0,222872799,1.81320877809986e+21,170.75671139,4455899.571428572,117.459999,39.509998,16.790001,228.940002,120.599998,25.93,2.528093283,5,0.01863875009084574,0.003218885405571633,0.001773341162654141,26891.292405979995
2017-02-08,1067.70875,665653,3.02938058981976e+18,4847900.0,223234302,1.81320877809986e+21,157.14493504,4456236.0,118.190002,39.57,16.84,229.240005,122.239998,25.9,2.528093283,5,0.018690432574181258,0.0029818580479625393,0.0016707290558092155,27093.87664943001
2017-02-09,1072.205,758508,3.50476689006298e+18,4845787.5,223644272,1.81320877809986e+21,174.18568718,4456013.142857143,117.290001,39.939999,16.75,230.600006,120.830002,26.0,2.528093283,5,0.018638315158769077,0.003391582503843425,0.0019329086271773828,27047.07493434001
2017-02-10,974.95875,658320,3.09953822802381e+18,4843950.0,223997281,1.81320877809986e+21,139.77915541,4455790.285714285,117.599998,40.290001,17.02,231.50999500000003,120.760002,26.030001,2.528093283,5,0.03423613581815908,0.0029389642457311794,0.0017094215875526207,27225.574948980015
2017-02-11,997.2275,628942,2.91894168922208e+18,4842212.5,224309585,1.81320877809986e+21,117.08000976,4455567.428571428,117.599998,40.290001,17.02,231.50999500000003,120.760002,26.030001,2.528093283,5,0.03456636521251171,0.0028039015809333337,0.0016098210666512245,27225.574948980015
2017-02-12,1004.71375,568387,2.93081059567715e+18,4840462.5,224587623,1.81320877809986e+21,102.51055926,4455344.571428572,117.599998,40.290001,17.02,231.50999500000003,120.760002,26.030001,2.528093283,5,0.03454232224784632,0.0025308028661935656,0.0016163668690973765,27225.574948980015
2017-02-13,1004.85375,669483,3.44788883376432e+18,4838425.0,224928017,1.81320877809986e+21,136.77242215,4455121.714285715,116.800003,40.34,16.889999,232.770004,120.379997,26.09,2.528093283,5,0.03445940685095458,0.0029764322334287063,0.0019015398973401796,27187.537165510013
2017-02-14,994.58,675327,3.53623314868013e+18,4836312.5,225295153,1.81320877809986e+21,140.99131586,4454898.857142857,116.93,40.48,17.01,233.699997,119.510002,26.15,2.528093283,5,0.03475241618576507,0.0029975212116525205,0.0019502625353412981,27326.54064921
2017-02-15,1003.59,630934,2.9743676849967e+18,4834575.0,225638714,1.81320877809986e+21,134.04888989,4454676.0,117.449997,40.330002,17.040001,234.919998,118.959999,26.1,2.528093283,5,0.03180380539916606,0.0027962134192982503,0.0016403889728096668,27591.353060340003
2017-02-16,1018.41125,670715,3.07617016451973e+18,4832687.5,225971207,1.81320877809986e+21,169.87720101,4456679.714285715,118.080002,39.75,17.15,234.720001,119.610001,25.950001,2.528093283,5,0.03191615407660495,0.002968143636104931,0.0016965339025897404,27715.73818752
2017-02-17,1038.86625,695635,3.17067960780386e+18,4830800.0,226349593,1.81320877809986e+21,165.84442388,4458683.428571428,117.68,39.529999,17.059998999999998,235.089996,120.32,26.08,2.528093283,5,0.03078412172017902,0.0030732770082780754,0.0017486566611080235,27665.390729280003
2017-02-18,1058.315,689407,3.2486647109199e+18,4828912.5,226689403,1.89313526505498e+21,152.22901802,4460687.142857143,117.68,39.529999,17.059998999999998,235.089996,120.32,26.08,2.528093283,5,0.03096275904154843,0.0030411964162259495,0.0017160235567348925,27665.390729280003
2017-02-19,1052.84375,597225,2.9359086813111e+18,4827237.5,226994888,1.89313526505498e+21,129.44377921,4462690.857142857,117.68,39.529999,17.059998999999998,235.089996,120.32,26.08,2.528093283,5,0.03073956284288931,0.002631006386364084,0.0015508182302154917,27665.390729280003
2017-02-20,1046.66249,657670,3.25575796820907e+18,4825387.5,227327956,1.89313526505498e+21,159.91401438,4464694.571428572,117.68,39.529999,17.059998999999998,235.089996,120.32,26.08,2.528093283,5,0.030644084974599188,0.002893044971556424,0.0017197703874131346,27665.390729280003
2017-02-21,1079.5825,645613,3.01357295457005e+18,4823662.5,227660632,1.89313526505498e+21,165.81707207,4466698.285714285,117.75,39.830002,17.030001000000002,236.490005,120.110001,26.200001,2.528093283,5,0.031571592106055105,0.0028358570136974757,0.0015918423845337488,27846.69808875
2017-02-22,1112.86375,634519,3.05212409988185e+18,4821950.0,227995802,1.89313526505498e+21,182.03570523,4468702.0,117.910004,39.16,17.110001,236.27999900000003,120.309998,26.139999,2.528093283,5,0.031113396259654202,0.002783029312092334,0.0016122060352582416,27859.77562721
2017-02-23,1122.515,700610,3.27052978633658e+18,4820062.5,228384305,1.89313526505498e+21,211.65472424,4467175.714285715,118.940002,39.360001,17.24,236.440002,120.669998,26.08,2.528093283,5,0.031149559365845406,0.0030676801542908125,0.0017275732203116496,28122.174310760005
2017-02-24,1193.501,766808,3.53059481709756e+18,4818025.0,228796317,1.89313526505498e+21,226.7099144,4465649.428571428,119.699997,38.939999,17.4,236.740005,122.010002,26.129999,2.528093283,5,0.018734063947928304,0.00335148751542185,0.0018649458822452528,28337.777888279983
2017-02-25,1182.429,744952,3.6268207232242493e+18,4815937.5,229167576,1.89313526505498e+21,191.30417997,4464123.142857143,119.699997,38.939999,17.4,236.740005,122.010002,26.129999,2.528093283,5,0.01958901629334579,0.0032506867376386616,0.0019157747415998402,28337.777888279983
2017-02-26,1139.848,657108,3.9565813521326495e+18,4813712.5,229473108,1.89313526505498e+21,161.17260121,4462596.857142857,119.699997,38.939999,17.4,236.740005,122.010002,26.129999,2.528093283,5,0.02355505892525254,0.00286355122710065,0.002089962310230243,28337.777888279983
2017-02-27,1189.366,664556,3.12581241521237e+18,4811912.5,229805582,1.89313526505498e+21,195.38746144,4461070.571428572,119.120003,39.330002,17.27,237.110001,121.290001,26.129999,2.528093283,5,0.02500597576026989,0.0028918183545254355,0.001651129992088331,28244.544030450004
2017-02-28,1189.94699,699394,3.34955819730105e+18,4810000.0,230182924,1.89313526505498e+21,227.3714723,4459544.285714285,119.230003,39.18,17.370001000000002,236.470001,121.739998,26.110001,2.528093283,5,0.024425682594502948,0.0030384269512537775,0.0017693179452783437,28194.31892864
2017-03-01,1193.611,681433,3.19105089743552e+18,4808200.0,230551806,1.89313526505498e+21,229.59036693,4458018.0,119.059998,40.029999,17.440001000000002,239.77999900000003,119.470001,26.290001,2.487294625,7,0.02454801559443564,0.002955661080356057,0.0016855905419641771,28548.206201380006
2017-03-02,1221.05,735118,3.43161230546952e+18,4806237.5,230946454,1.89313526505498e+21,252.22663973,4458278.285714285,117.580002,39.630001,16.799999,238.270004,119.040001,26.4,2.487294625,7,0.024699744847338855,0.0031830668419788773,0.0018126609169524185,28015.787546860007
2017-03-03,1269.776,734170,3.29274894706303e+18,4804350.0,231354617,1.97898932399853e+21,259.68606189,4458538.571428572,117.510002,39.490002,16.98,238.419998,119.349998,26.17,2.487294625,7,0.02563252862373482,0.003173353570895021,0.0016638538202975548,28016.734441819994
2017-03-04,1285.376,624694,3.02766099638162e+18,4802700.0,231681486,1.97898932399853e+21,220.29548015,4458798.857142857,117.510002,39.490002,16.98,238.419998,119.349998,26.17,2.487294625,7,0.02560837801983351,0.002696348382364916,0.0015299026425591113,28016.734441819994
2017-03-05,1260.668,694635,3.46835126410158e+18,4800862.5,232028530,1.97898932399853e+21,216.69618574,4459059.142857143,117.510002,39.490002,16.98,238.419998,119.349998,26.17,2.487294625,7,0.026682892671903262,0.0029937482257031064,0.001752587152463161,28016.734441819994
2017-03-06,1273.24699,680968,3.14652876506317e+18,4799087.5,232390048,1.97898932399853e+21,238.98093612,4459319.428571428,116.720001,39.610001,16.83,237.710007,118.779999,26.26,2.487294625,7,0.026157335505339892,0.0029302803879105873,0.0015899675288321602,27745.512254750003
2017-03-07,1280.30499,737940,3.4559805343078e+18,4797175.0,232795594,1.97898932399853e+21,269.77191295,4459579.714285715,115.779999,39.259998,16.549999,237.0,118.419998,26.290001,2.487294625,7,0.025768477352159588,0.0031699053548238545,0.0017463361183399527,27439.859763
2017-03-08,1206.357,687735,3.28820392698265e+18,4795400.0,233159518,1.97898932399853e+21,233.7307623,4459840.0,115.059998,38.209999,16.32,236.559998,117.779999,26.379999,2.487294625,7,0.031454464046507806,0.0029496329633002588,0.0016615571833095409,27218.592896760005
2017-03-09,1153.06,705810,3.44014399924573e+18,4793550.0,233538499,1.97898932399853e+21,236.67178552,4461231.0,114.470001,38.450001,16.059998999999998,236.860001,116.839996,26.33,2.487294625,7,0.034241791583465984,0.0030222425982107557,0.0017383337835774424,27113.36455133
2017-03-10,1200.557,744233,3.48886102684851e+18,4791600.0,233919451,1.97898932399853e+21,257.91797636,4462622.0,114.720001,38.41,16.15,237.690002,117.25,26.15,2.487294625,7,0.03181786095433748,0.003181578089459521,0.0017629509085977774,27267.79726713
2017-03-11,1147.625,697643,3.42326072739683e+18,4789737.5,234270711,1.97898932399853e+21,217.66771727,4464013.0,114.720001,38.41,16.15,237.690002,117.25,26.15,2.487294625,7,0.034020301165418126,0.0029779352144451384,0.0017298025238863658,27267.79726713
2017-03-12,1186.351,594454,3.53949603890671e+18,4787800.0,234549766,1.97898932399853e+21,190.62879952,4465404.0,114.720001,38.41,16.15,237.690002,117.25,26.15,2.487294625,7,0.033686099541755256,0.00253444720980877,0.0017885372073433879,27267.79726713
2017-03-13,1235.553,691383,3.32908083878355e+18,4785987.5,234890179,1.97898932399853e+21,220.75092528,4466795.0,114.739998,38.41,16.07,237.809998,116.510002,26.190001,2.487294625,7,0.03351834525325144,0.002943430853275479,0.001682212631676644,27286.318694900005
2017-03-14,1242.806,740054,3.56644680225698e+18,4784037.5,235279759,1.97898932399853e+21,256.53171308,4468186.0,114.120003,37.950001,15.99,236.899994,117.07,26.280001,2.487294625,7,0.0335215193858619,0.0031454214469847364,0.0018021556554185985,27035.02802597998
2017-03-15,1245.892,675310,3.26581075687746e+18,4782262.5,235643216,1.97898932399853e+21,236.25501962,4469577.0,116.25,38.799999,16.43,238.949997,118.5,25.969999,2.487294625,7,0.033521936841484565,0.0028658155811283783,0.0016502417255485334,27777.93715125
2017-03-16,1247.67099,734429,3.49802292738797e+18,4780350.0,236059709,1.97898932399853e+21,264.55158129,4470814.0,116.730003,38.549999,16.4,238.479996,117.900002,25.879999,2.487294625,7,0.033040625511986874,0.0031112001413167887,0.0017675804942293707,27837.77064851999
2017-03-17,1126.08199,709447,3.58328759532941e+18,4778425.0,236420789,2.04313829827667e+21,244.58901754,4472051.0,116.989998,38.560001,16.469998999999998,237.02999900000003,118.639999,25.889999,2.487294625,7,0.041302869132061125,0.003000780950781786,0.0017538154898040005,27730.139108950007
2017-03-18,1062.07,685019,3.7209158410987105e+18,4776462.5,236754359,2.04313829827667e+21,217.05770532,4473288.0,116.989998,38.560001,16.469998999999998,237.02999900000003,118.639999,25.889999,2.487294625,7,0.04286122323549292,0.0028933743940064054,0.001821176688938384,27730.139108950007
2017-03-19,1000.24599,675469,3.88953675557152e+18,4774400.0,237092615,2.04313829827667e+21,211.62793576,4474525.0,116.989998,38.560001,16.469998999999998,237.02999900000003,118.639999,25.889999,2.487294625,7,0.044617045683488975,0.002848966847828643,0.0019037070367934638,27730.139108950007
2017-03-20,1036.226,651284,3.22011343669244e+18,4772700.0,237441938,2.04313829827667e+21,241.15787713,4475762.0,117.510002,38.48,16.5,236.770004,119.150002,25.9,2.487294625,7,0.04626263537981636,0.0027429189867882566,0.0015760623935288745,27822.843643580007
2017-03-21,1065.481,693268,3.36689843745256e+18,4770925.0,237814969,2.04313829827667e+21,248.6366135,4476999.0,118.540001,38.150002,16.610001,233.729996,120.139999,25.74,2.487294625,7,0.04738435889145354,0.0029151571194830886,0.0016479053034698847,27706.35395957
2017-03-22,1091.333,745057,3.7308380162389504e+18,4768937.5,238217345,2.04313829827667e+21,265.84522812,4478236.0,118.830002,38.099998,16.620001000000002,234.27999900000003,120.620003,25.719999,2.487294625,7,0.04634016575714473,0.003127635395315148,0.0018260330293773102,27839.49274973
2017-03-23,1036.099,678627,3.51042464092858e+18,4767087.5,238583376,2.04313829827667e+21,235.99807634,4477004.857142857,118.669998,37.959999,16.67,234.02999900000003,120.449997,25.75,2.487294625,7,0.04679920730590981,0.0028444018664569486,0.0017181532174740813,27772.339513270006
2017-03-24,1013.844,703545,4.1489349435992893e+18,4764887.5,238947487,2.04313829827667e+21,231.55050182,4475773.714285715,118.860001,37.59,16.809998999999998,233.860001,120.879997,25.74,2.487294625,7,0.044799008105889535,0.0029443498604360715,0.002030667697384362,27796.59995272
2017-03-25,921.808,615974,3.19533164402057e+18,4763225.0,239275580,2.04313829827667e+21,182.00765156,4474542.571428572,118.860001,37.59,16.809998999999998,233.860001,120.879997,25.74,2.487294625,7,0.049400737384866306,0.0025743287300776787,0.0015639331154018027,27796.59995272
2017-03-26,962.508,587905,3.84850396598048e+18,4761150.0,239579536,2.04313829827667e+21,154.65177428,4473311.428571428,118.860001,37.59,16.809998999999998,233.860001,120.879997,25.74,2.487294625,7,0.05022819042187265,0.0024539032415523167,0.0018836238198983325,27796.59995272
2017-03-27,968.293,600354,3.12453519518648e+18,4759500.0,239886477,2.04313829827667e+21,194.84378734,4472080.285714285,119.529999,37.450001,17.15,233.619995,121.43,25.6,2.487294625,7,0.04808753192073532,0.00250265878889038,0.001529282280020857,27924.597768730004
2017-03-28,1035.32199,735746,3.66857926223164e+18,4757562.5,240273077,2.04313829827667e+21,233.22176362,4470849.142857143,119.040001,37.98,17.18,235.320007,120.620003,25.74,2.487294625,7,0.052891343953840556,0.003062124184641794,0.001795560910059776,28012.49386860001
2017-03-29,1011.969,683380,3.2588574204762e+18,4755837.5,240644934,2.04313829827667e+21,212.93579722,4469618.0,119.330002,38.509998,17.25,235.539993,121.339996,25.790001,2.487294625,7,0.05275198621937721,0.002839785524011904,0.0015950253701499085,28106.987835769985
2017-03-30,1041.374,694159,4.0233687424648494e+18,4753787.5,241004439,2.14591997846914e+21,203.40448684,4470334.571428572,118.470001,38.619999,17.15,236.289993,120.360001,25.959999,2.487294625,7,0.053887380302683606,0.002880274748798299,0.0018748922526622112,27993.275706999993
2017-03-31,1048.86299,630635,3.25548610029817e+18,4752100.0,241348994,2.14591997846914e+21,217.27700693,4471051.142857143,118.720001,38.540001,17.25,235.740005,120.709999,25.950001,2.487294625,7,0.04744304900793696,0.0026129588922173008,0.0015170584797950268,27987.053629340004
2017-04-01,1077.557,639440,3.26386944079097e+18,4750450.0,241683318,2.14591997846914e+21,190.64263242,4471767.714285715,118.720001,38.540001,17.25,235.740005,120.709999,25.950001,2.457987178,6,0.045497057366513376,0.0026457763212271025,0.0015209651215043697,27987.053629340004
2017-04-02,1082.37,652032,3.9382910909041905e+18,4748475.0,241999968,2.14591997846914e+21,180.73640574,4472484.285714285,118.720001,38.540001,17.25,235.740005,120.709999,25.950001,2.457987178,6,0.04197343145723292,0.002694347463715367,0.0018352460158899751,27987.053629340004
2017-04-03,1140.037,735912,4.3568460808491295e+18,4746275.0,242371331,2.14591997846914e+21,221.03918997,4473200.857142857,119.349998,38.470001,17.24,235.330002,121.669998,25.950001,2.457987178,6,0.04309395730547624,0.0030362997016342664,0.002030292892821299,28086.635268039998
2017-04-04,1148.092,635702,3.07745255795053e+18,4744712.5,242715406,2.14591997846914e+21,200.30284512,4473917.428571428,119.620003,38.759998,17.33,235.479996,121.010002,25.98,2.457987178,6,0.04266993606929689,0.002619125050512863,0.0014340947420350355,28168.117827959988
2017-04-05,1139.86,745782,4.0290559729263104e+18,4742687.5,243117213,2.14591997846914e+21,236.29861443,4474634.0,119.620003,38.540001,17.32,234.77999900000003,121.379997,25.969999,2.457987178,6,0.0424350843477401,0.0030675820555741565,0.0018775425054761666,28084.384184720002
2017-04-06,1150.685,701087,3.66176694295754e+18,4740850.0,243499038,2.14591997846914e+21,221.71976913,4476042.285714285,119.18,38.91,17.26,235.440002,121.199997,26.030001,2.457987178,6,0.039370738034460485,0.0028792187671805095,0.0017063855967125938,28059.73943836
2017-04-07,1177.284,717629,3.99745916761916e+18,4738825.0,243877026,2.14591997846914e+21,225.14679282,4477450.571428572,119.459999,38.720001,17.030001000000002,235.199997,120.709999,26.15,2.457987178,6,0.038622217800134265,0.002942585497987826,0.001862818375208415,28096.991406420002
2017-04-08,1196.896,600009,3.51752278742593e+18,4737112.5,244184976,2.14591997846914e+21,171.61302076,4478858.857142857,119.459999,38.720001,17.030001000000002,235.199997,120.709999,26.15,2.457987178,6,0.02374893404362194,0.0024571904866088077,0.0016391677335215763,28096.991406420002
2017-04-09,1187.03299,656638,3.8267995712990305e+18,4735125.0,244502080,2.14591997846914e+21,168.05979031,4480267.142857143,119.459999,38.720001,17.030001000000002,235.199997,120.709999,26.15,2.457987178,6,0.02364023369196147,0.0026856131448861295,0.001783290900730138,28096.991406420002
2017-04-10,1213.8010000000004,690713,3.64185546693486e+18,4733287.5,244876535,2.14591997846914e+21,197.26586623,4481675.428571428,119.459999,39.07,17.0,235.339996,121.269997,26.1,2.457987178,6,0.02356515090861884,0.002820658173720075,0.001697106836916115,28113.715686820004
2017-04-11,1206.74,753900,4.15967681223342e+18,4731200.0,245286937,2.14591997846914e+21,226.34667638,4483083.714285715,121.190002,39.049999,17.309998999999998,235.059998,122.419998,26.02,2.457987178,6,0.019102976282804274,0.003073543211149479,0.001938411895116824,28486.921627739997
2017-04-12,1226.896,689481,3.54635597256465e+18,4729425.0,245669868,2.14591997846914e+21,212.1552116,4484492.0,122.019997,38.82,17.459999,234.02999900000003,123.089996,25.889999,2.457987178,6,0.016467286664151683,0.002806534662199599,0.0016526040151294717,28556.339775890006
2017-04-13,1216.269,611381,3.30871086385609e+18,4727837.5,245983950,2.23685654623875e+21,216.66765492,4483746.0,122.599998,38.080002,17.530001000000002,232.50999500000003,123.470001,25.98,2.457987178,6,0.01688940584271727,0.0024854507783942815,0.0014791788366668626,28505.724921980014
2017-04-14,1187.136,703163,3.53080922015883e+18,4726100.0,246372245,2.23685654623875e+21,235.48446532,4483000.0,122.599998,38.080002,17.530001000000002,232.50999500000003,123.470001,25.98,2.457987178,6,0.019356691502395412,0.0028540674295515715,0.0015784692255280508,28505.724921980014
2017-04-15,1186.10899,687239,3.9067635640609695e+18,4724225.0,246716970,2.23685654623875e+21,201.55356574,4482254.0,122.599998,38.080002,17.530001000000002,232.50999500000003,123.470001,25.98,2.457987178,6,0.018770941732789957,0.002785535992923389,0.0017465418471426565,28505.724921980014
2017-04-16,1189.55,592286,3.77497983806706e+18,4722400.0,246995358,2.23685654623875e+21,158.85627688,4481508.0,122.599998,38.080002,17.530001000000002,232.50999500000003,123.470001,25.98,2.457987178,6,0.018790895169849303,0.0023979640945316874,0.0016876271499907528,28505.724921980014
2017-04-17,1184.2,604958,3.57639961281105e+18,4720675.0,247320039,2.23685654623875e+21,180.72834518,4480762.0,122.239998,38.16,17.43,234.570007,123.089996,25.91,2.457987178,6,0.013727652757992191,0.002446053309897788,0.00159885068124942,28673.837186539986
2017-04-18,1211.73799,708917,3.7484626021630894e+18,4718850.0,247711359,2.23685654623875e+21,220.20687325,4480016.0,122.82,37.82,17.34,233.869995,124.699997,25.690001,2.457987178,6,0.014738656445928457,0.0028618671459470697,0.0016757724622377275,28723.912785899996
2017-04-19,1218.6660000000004,723135,3.7332720919707e+18,4717062.5,248109646,2.23685654623875e+21,209.52935942,4479270.0,121.730003,37.259998,17.18,233.440002,124.019997,25.780001,2.457987178,6,0.014393897555949041,0.002914578339287945,0.0016689814544648186,28416.652143780004
2017-04-20,1227.981,688107,3.59631618450669e+18,4715337.5,248461360,2.23685654623875e+21,228.37557725,4477966.0,121.959999,37.41,17.059998999999998,235.339996,123.540001,25.790001,2.457987178,6,0.014356300886274181,0.002769472887051733,0.001607754502877646,28702.065676820006
2017-04-21,1261.702,791799,4.2544678794787297e+18,4713250.0,248885466,2.23685654623875e+21,244.38907052,4476662.0,122.309998,37.23,17.02,234.589996,123.540001,25.809999,2.457987178,6,0.014807328344068761,0.0031813790203402237,0.0019019851257929667,28692.70194158001
2017-04-22,1255.25125,685971,3.75576603717758e+18,4711437.5,249234951,2.23685654623875e+21,180.34051775,4475358.0,122.309998,37.23,17.02,234.589996,123.540001,25.809999,2.457987178,6,0.014634898321717401,0.0027523065976408742,0.0016790375062240178,28692.70194158001
2017-04-23,1232.7575,644040,3.9374934026844703e+18,4709525.0,249557484,2.23685654623875e+21,169.67309519,4474054.0,122.309998,37.23,17.02,234.589996,123.540001,25.809999,2.457987178,6,0.015448841998393286,0.00258072805382186,0.0017602798039531515,28692.70194158001
2017-04-24,1243.43,608279,3.2135020012235e+18,4707975.0,249862074,2.23685654623875e+21,187.96137981,4472750.0,121.480003,37.43,16.98,237.169998,122.93,25.57,2.457987178,6,0.014518392048432185,0.0024344591008237607,0.0014366151493384626,28811.41206854999
2017-04-25,1251.5775,738870,3.82342144045614e+18,4706125.0,250285963,2.23685654623875e+21,271.62738431,4471446.0,120.25,37.82,16.68,238.550003,121.449997,25.5,2.457987178,6,0.014398934596323658,0.0029521032308152256,0.00170928325595362,28685.63786075
2017-04-26,1269.69625,768363,3.95231720683815e+18,4704212.5,250725652,2.23685654623875e+21,253.84367765,4470142.0,120.839996,37.700001,16.57,238.399994,122.120003,25.559999,2.457987178,6,0.014246585613982045,0.0030645567929363684,0.0017669068736141924,28808.254321360022
2017-04-27,1289.7475,723851,3.81758062231906e+18,4702375.0,251114285,2.24186349082815e+21,256.44731571,4470299.714285715,120.389999,37.25,16.370001000000002,238.600006,122.080002,25.6,2.457987178,6,0.01426828789187091,0.0028825560441533625,0.0017028604274691302,28725.054483739994
2017-04-28,1335.825,727284,3.5293902410389e+18,4700675.0,251521307,2.24186349082815e+21,249.68419536,4470457.428571428,120.769997,37.279999,16.299999,238.080002,122.349998,25.57,2.457987178,6,0.01398381142549019,0.00289154031789442,0.0015743109495641658,28752.921127299996
2017-04-29,1319.7,828797,4.50932325586008e+18,4698512.5,251951854,2.24186349082815e+21,256.37648122,4470615.142857143,120.769997,37.279999,16.299999,238.080002,122.349998,25.57,2.457987178,6,0.014858071719965974,0.00328950546242061,0.002011417409805949,28752.921127299996
2017-04-30,1311.58874,724804,3.9004653429548303e+18,4696625.0,252303079,2.24186349082815e+21,199.30763935,4470772.857142857,120.769997,37.279999,16.299999,238.080002,122.349998,25.57,2.457987178,6,0.01527146500095519,0.0028727513071689467,0.0017398317778545868,28752.921127299996
2017-05-01,1370.79,707237,3.9106362715193697e+18,4694750.0,252677055,2.24186349082815e+21,227.7488656,4470930.571428572,119.669998,37.169998,15.99,238.679993,121.080002,25.59,2.466421964,15,0.017786374639115282,0.0027989759497553113,0.0017443685967136076,28562.834284950015
2017-05-02,1416.61,787264,4.09496452659939e+18,4692775.0,253105741,2.24186349082815e+21,272.67966183,4471088.285714285,119.650002,36.959999,15.93,238.770004,121.699997,25.549999,2.466421964,15,0.018504623636176547,0.0031104154211974194,0.0018265895953757203,28568.831456140008
2017-05-03,1448.88625,689999,3.40775435909344e+18,4691125.0,253498005,2.24186349082815e+21,247.34367708,4471246.0,117.980003,37.099998,15.59,238.479996,121.779999,25.65,2.466421964,15,0.018668692528160256,0.002721910967307218,0.0015200543534586966,28135.870643519986
2017-05-04,1506.7725,851665,4.35142300135324e+18,4689025.0,253967667,2.24186349082815e+21,307.09568071,4471562.142857143,116.790001,36.279999,15.43,238.75999500000003,121.18,25.49,2.466421964,15,0.01991546678881747,0.0033534386879255774,0.0019409848187258777,27884.78005481
2017-05-05,1543.31,663357,3.33783906740107e+18,4687412.5,254323778,2.24186349082815e+21,261.31168454,4471878.285714285,117.010002,37.009998,15.5,239.699997,121.290001,25.450001,2.466421964,15,0.019781729350443374,0.0026083168676426316,0.0014888681139849705,28047.297128369995
2017-05-06,1536.1525,871965,4.41208315518402e+18,4685312.5,254797566,2.24186349082815e+21,296.57369266,4472194.428571428,117.010002,37.009998,15.5,239.699997,121.290001,25.450001,2.466421964,15,0.019745884894093284,0.0034221873218365046,0.001968042734642235,28047.297128369995
2017-05-07,1554.6025,787624,4.2898366405607695e+18,4683225.0,255185925,2.24186349082815e+21,277.03575031,4472510.571428572,117.010002,37.009998,15.5,239.699997,121.290001,25.450001,2.466421964,15,0.017439576249322387,0.003086471168031701,0.001913513761257646,28047.297128369995
2017-05-08,1564.065,889492,4.69549374977096e+18,4680975.0,255657328,2.24186349082815e+21,316.4495528,4472826.714285715,116.75,37.25,15.41,239.660004,120.629997,25.59,2.466421964,15,0.01754208120216898,0.0034792352988997836,0.002094460152895586,27980.305467
2017-05-09,1644.72875,794489,4.0018984127599903e+18,4679037.5,256099565,2.24186349082815e+21,302.96153363,4473142.857142857,116.050003,36.919998,15.3,239.440002,120.620003,25.719999,2.466421964,15,0.019445730117654103,0.0031022661049814747,0.0017850767583006042,27787.012950420005
2017-05-10,1695.83125,735142,4.09449900660762e+18,4677187.5,256504831,2.40505667167807e+21,303.26495895,4473459.0,116.040001,37.43,15.35,239.869995,120.480003,25.73,2.466421964,15,0.01959875209404573,0.002865996703196596,0.0017024542726266747,27834.514459669994
2017-05-11,1748.35375,703572,3.71210128137264e+18,4675500.0,256898712,2.40505667167807e+21,279.58022914,4472551.714285715,116.5,37.34,15.45,239.380005,120.480003,25.74,2.466421964,15,0.019708148116594118,0.002738713614103289,0.0015434568861043142,27887.7705825
2017-05-12,1774.52,745597,4.3026268841154094e+18,4673575.0,257313831,2.40505667167807e+21,322.05057537,4471644.428571428,116.830002,37.25,15.57,238.979996,121.389999,25.610001,2.466421964,15,0.019391750489814612,0.00289761726799676,0.0017889918914523355,27920.03341063999
2017-05-13,1634.6075,793015,4.37127094046008e+18,4671600.0,257742681,2.40505667167807e+21,301.19440047,4470737.142857143,116.830002,37.25,15.57,238.979996,121.389999,25.610001,2.466421964,15,0.03278741533106879,0.0030767701993446714,0.001817533446066421,27920.03341063999
2017-05-14,1774.805,893596,4.59429360009322e+18,4669550.0,258226157,2.40505667167807e+21,297.47622441,4469829.857142857,116.830002,37.25,15.57,238.979996,121.389999,25.610001,2.466421964,15,0.03663279229241452,0.0034605169762101213,0.001910264175557935,27920.03341063999
2017-05-15,1747.04375,825280,4.66686794947176e+18,4667425.0,258648903,2.40505667167807e+21,327.30377033,4468922.571428572,117.139999,37.509998,15.75,240.300003,121.059998,25.540001,2.466421964,15,0.03729023614045231,0.0031907345843256874,0.0019404399091417525,28148.74211112
2017-05-16,1665.0325,655269,3.71020593064424e+18,4665775.0,258961028,2.40505667167807e+21,343.40900559,4468015.285714285,117.650002,37.349998,15.93,240.080002,121.510002,25.35,2.466421964,15,0.04080432800818509,0.0025303768874442374,0.0015426688170535013,28245.412715460006
2017-05-17,1744.44125,762449,4.2381057766041503e+18,4663837.5,259378065,2.40505667167807e+21,485.9361122,4467108.0,119.790001,36.959999,16.0,235.820007,123.279999,25.18,2.466421964,15,0.041797339946187305,0.002939527673629611,0.0017621646202819472,28248.878874350008
2017-05-18,1796.89625,742307,3.97599449768072e+18,4662062.5,259767015,2.40505667167807e+21,392.02141315,4467642.857142857,118.809998,36.93,15.71,236.770004,123.419998,25.27,2.466421964,15,0.04141813446794826,0.002857587596331274,0.0016531812096163894,28130.64370169999
2017-05-19,1913.13875,807902,4.53044145729714e+18,4660012.5,260197276,2.40505667167807e+21,442.811934,4468177.714285715,119.400002,37.439999,15.94,238.309998,123.709999,25.09,2.466421964,15,0.04347855536814831,0.0031049594846642437,0.0018837150536399352,28454.214237819997
2017-05-20,1983.97875,851747,4.5985254337035505e+18,4657950.0,260675271,2.40505667167807e+21,387.7538543,4468712.571428572,119.400002,37.439999,15.94,238.309998,123.709999,25.09,2.466421964,15,0.04340933884113495,0.003267463755700862,0.0019120237322703254,28454.214237819997
2017-05-21,2074.69625,791567,4.11843961996967e+18,4656112.5,261108312,2.40505667167807e+21,352.78845637,4469247.428571428,119.400002,37.439999,15.94,238.309998,123.709999,25.09,2.466421964,15,0.043922063650725054,0.003031565689873557,0.0017124085550533528,28454.214237819997
2017-05-22,2114.98875,773295,4.06113914697614e+18,4654287.5,261548614,2.40505667167807e+21,406.63804239,4469782.285714285,119.900002,37.330002,16.23,239.520004,123.370003,25.049999,2.466421964,15,0.0437271829362841,0.002956601406421523,0.0016885835559719172,28718.44895864001
2017-05-23,2196.66874,876748,4.82078570404882e+18,4652187.5,262032692,2.55946514485149e+21,468.38356854,4470317.142857143,119.139999,37.380001,16.15,240.050003,122.540001,25.16,2.466421964,15,0.04322325445523138,0.0033459489093063243,0.00188351293384327,28599.557117369997
2017-05-24,2348.55249,806734,4.5836013664731904e+18,4650262.5,262479285,2.55946514485149e+21,472.94001691,4470852.0,119.610001,37.23,16.280001000000002,240.610001,123.230003,25.08,2.466421964,15,0.04491710602654947,0.003073514925187334,0.001790843440745175,28779.36246022
2017-05-25,2581.85375,842952,4.79592613561246e+18,4648225.0,262951512,2.55946514485149e+21,498.87943053,4469289.428571428,119.480003,36.490002,16.23,241.75999500000003,123.269997,25.110001,2.466421964,15,0.048821659750722064,0.0032057317091981584,0.0018738001356493322,28885.48492787999
2017-05-26,2460.95375,818340,4.60936905919792e+18,4646312.5,263420283,2.55946514485149e+21,469.79624965,4467726.857142857,120.540001,36.5,16.4,241.710007,123.480003,25.17,2.466421964,15,0.05282909425444121,0.0031065944910551933,0.0018009110491189648,29135.724485490005
2017-05-27,2232.2875,892637,4.876277436323991e+18,4644212.5,263866464,2.55946514485149e+21,528.8278222,4466164.285714285,120.540001,36.5,16.4,241.710007,123.480003,25.17,2.466421964,15,0.05529628386500261,0.003382911895920203,0.0019051939215241514,29135.724485490005
2017-05-28,2234.83374,856626,4.872865355508449e+18,4642150.0,264261158,2.55946514485149e+21,421.48503001,4464601.714285715,120.540001,36.5,16.4,241.710007,123.480003,25.17,2.466421964,15,0.05271257378053759,0.0032415887619776495,0.0019038607989292197,29135.724485490005
2017-05-29,2195.785,766052,4.4650257850038e+18,4640262.5,264676445,2.55946514485149e+21,494.90441559,4463039.142857143,120.540001,36.5,16.4,241.710007,123.480003,25.17,2.466421964,15,0.05280240352920281,0.002894296090458673,0.0017445151749714012,29135.724485490005
2017-05-30,2315.73625,848299,5.2780988805246e+18,4638025.0,265133756,2.55946514485149e+21,588.38790095,4461476.571428572,120.139999,36.0,16.469998999999998,241.5,124.089996,25.139999,2.466421964,15,0.050170930541279996,0.003199513380710376,0.0020621882236379722,29013.8097585
2017-05-31,2170.98124,819584,4.869968022039671e+18,4635975.0,265568531,2.55946514485149e+21,570.4198544,4459914.0,120.620003,35.849998,16.389999,241.440002,124.400002,25.08,2.466421964,15,0.05482401145275326,0.003086148787711598,0.0019027287915351725,29122.493765560004
2017-06-01,2402.125,838031,5.04848901938543e+18,4633850.0,266004111,2.55946514485149e+21,569.07004507,4460275.285714285,120.720001,36.130001,16.379998999999998,243.360001,124.150002,25.110001,2.477454677,14,0.059375477511116825,0.0031504437914495237,0.0019724781286983937,29378.419564080003
2017-06-02,2477.1725,726199,4.3727478281277906e+18,4632025.0,266374457,2.55946514485149e+21,470.15193004,4460636.571428572,121.610001,35.639999,16.59,244.169998,125.620003,24.99,2.477454677,14,0.05824278303223473,0.0027262336193143322,0.0017084615654656683,29693.513700949996
2017-06-03,2475.2975,883248,5.64438748735382e+18,4629625.0,266780686,2.55946514485149e+21,545.64725387,4460997.857142857,121.610001,35.639999,16.59,244.169998,125.620003,24.99,2.477454677,14,0.058209864270564106,0.003310764408185081,0.0022052996106267852,29693.513700949996
2017-06-04,2526.31125,734730,4.98802413942097e+18,4627612.5,267139496,2.9152524746358e+21,441.99355556,4461359.142857143,121.610001,35.639999,16.59,244.169998,125.620003,24.99,2.477454677,14,0.05764104443113198,0.0027503608077481738,0.0017110093149116082,29693.513700949996
2017-06-05,2605.125,767616,5.5372982539236e+18,4625562.5,267545458,2.9152524746358e+21,475.43804182,4461720.428571428,121.730003,35.74000200000001,16.629998999999998,243.990005,124.839996,25.01,2.477454677,14,0.0578017606012359,0.0028691049578572925,0.0018994232239234684,29700.904040620015
2017-06-06,2855.03,800482,5.08399884126771e+18,4623675.0,267973894,2.9152524746358e+21,511.33813564,4462081.714285715,123.099998,36.16,16.76,243.210007,125.519997,24.950001,2.477454677,14,0.06113245836435045,0.002987164115322368,0.0017439308895202464,29939.151375279984
2017-06-07,2900.8525,878572,5.53905019881056e+18,4621612.5,268452518,2.9152524746358e+21,668.13204735,4462443.0,122.449997,35.54000100000001,16.65,243.660004,124.919998,24.98,2.477454677,14,0.05954253448148612,0.003272727730570216,0.001900024182125958,29836.166758819985
2017-06-08,2737.9025,820503,5.60246754309333e+18,4619550.0,268879612,2.9152524746358e+21,490.9904414,4464418.142857143,121.650002,35.419998,16.49,243.77999900000003,124.589996,25.07,2.477454677,14,0.057780717849813944,0.0030515627194523027,0.0019217778191898257,29655.837365910003
2017-06-09,2826.03875,764547,5.06265740095003e+18,4617662.5,269282113,2.9152524746358e+21,455.56014992,4466393.285714285,120.540001,36.349998,16.280001000000002,243.410004,124.400002,25.15,2.477454677,14,0.05614886256267774,0.0028392045482798184,0.001736610274752448,29340.642125570004
2017-06-10,2846.00625,701417,4.77938025607404e+18,4615900.0,269636683,2.9152524746358e+21,390.9040331000001,4468368.428571428,120.540001,36.349998,16.280001000000002,243.410004,124.400002,25.15,2.477454677,14,0.046967103313187694,0.002601341153569969,0.001639439567467008,29340.642125570004
2017-06-11,2910.33625,667433,4.93892711941362e+18,4614075.0,269952576,2.9152524746358e+21,356.12024978,4470343.571428572,120.540001,36.349998,16.280001000000002,243.410004,124.400002,25.15,2.477454677,14,0.04674559705112136,0.0024724083388631933,0.0016941678850750778,29340.642125570004
2017-06-12,3007.0125,722922,4.991754382894151e+18,4612237.5,270336450,2.9152524746358e+21,409.8643713,4472318.714285715,120.360001,36.580002,16.040001,243.360001,124.360001,25.110001,2.477454677,14,0.045645277227344495,0.002674156592645942,0.0017122888759464193,29290.809963720003
2017-06-13,2697.0775,768128,4.71891580382344e+18,4610475.0,270759441,2.9152524746358e+21,479.43977642,4474293.857142857,120.480003,36.889999,15.95,244.550003,124.379997,25.08,2.477454677,14,0.056493780886364094,0.002836938934291861,0.0016186988416545193,29463.38509509001
2017-06-14,2780.1825,744105,4.71816406886481e+18,4608725.0,271164233,2.9152524746358e+21,454.74199601,4476269.0,119.82,36.119999,15.95,244.240005,126.300003,25.059999,2.477454677,14,0.05228235903227578,0.0027441119050534957,0.001618440978925589,29264.837399099997
2017-06-15,2518.54875,796494,5.13798514726564e+18,4606812.5,271571677,2.9152524746358e+21,435.40345777,4475981.571428572,119.32,35.79000100000001,15.88,243.770004,126.099998,25.209999,2.477454677,14,0.054965936054685534,0.002932905260219754,0.0017624494591699214,29086.636877279998
2017-06-16,2438.61749,727778,5.02284504180606e+18,4604962.5,271945959,2.9152524746358e+21,375.35139576,4475694.142857143,119.339996,36.389999,15.79,242.639999,126.349998,25.120001,2.477454677,14,0.055130941094325654,0.0026761861168159515,0.0017229537014400646,28956.6565101
2017-06-17,2520.78375,665249,4.94391841455448e+18,4603150.0,272275555,3.05671619081112e+21,311.39831919,4475406.714285715,119.339996,36.389999,15.79,242.639999,126.349998,25.120001,2.477454677,14,0.05588721709392996,0.0024432931557149887,0.001617395304613667,28956.6565101
2017-06-18,2680.1025,628638,5.05328751188703e+18,4601337.5,272565264,3.05671619081112e+21,277.99559460000006,4475119.285714285,119.339996,36.389999,15.79,242.639999,126.349998,25.120001,2.477454677,14,0.05799066383218638,0.0023063760611843776,0.0016531752365750731,28956.6565101
2017-06-19,2611.67999,729514,5.35047579362064e+18,4599450.0,272944268,3.05671619081112e+21,387.16284645,4474831.857142857,118.43,36.18,15.61,244.660004,126.169998,25.23,2.477454677,14,0.05797345462059954,0.00267275808847541,0.0017503999258108602,28975.08427372
2017-06-20,2667.5475,741891,4.87430043946723e+18,4597725.0,273346162,3.05671619081112e+21,388.08537505,4474544.428571428,118.18,35.689999,15.59,243.00999500000003,127.300003,25.27,2.477454677,14,0.0521978597073246,0.0027141079815124675,0.0015946198911498558,28718.921209100004
2017-06-21,2805.0975,755248,4.92888136454115e+18,4595975.0,273759955,3.05671619081112e+21,462.70370719,4474257.0,118.519997,35.099998,15.54,242.949997,127.559998,25.219999,2.477454677,14,0.054025285900832616,0.0027587964792001813,0.001612475956831713,28794.43291559001
2017-06-22,2702.00375,735729,4.910415830003871e+18,4594237.5,274134683,3.05671619081112e+21,447.10509654,4472698.428571428,118.919998,35.110001000000004,15.68,242.839996,127.839996,25.23,2.477454677,14,0.05267561008721176,0.0026838231191636556,0.0016064349856114246,28878.53183864001
2017-06-23,2763.29125,710476,5.795684005993631e+18,4592237.5,274486854,3.05671619081112e+21,338.95972894,4471139.857142857,119.43,35.400002,15.79,243.130005,127.779999,25.15,2.477454677,14,0.05229132439133881,0.0025883789684150046,0.0018960491076718859,29037.01649715
2017-06-24,2740.5925,646729,5.05396831204402e+18,4590412.5,274800759,3.05671619081112e+21,307.20884336,4469581.285714285,119.43,35.400002,15.79,243.130005,127.779999,25.15,2.477454677,14,0.05225654070761473,0.0023534469204286295,0.0016533979592992293,29037.01649715
2017-06-25,2598.15875,534903,4.31155556263462e+18,4588887.5,275050584,3.05671619081112e+21,258.68838592,4468022.714285715,119.43,35.400002,15.79,243.130005,127.779999,25.15,2.477454677,14,0.053371494101098024,0.001944744098416457,0.0014105187703051096,29037.01649715
2017-06-26,2630.59499,704139,5.04502416540958e+18,4587112.5,275405850,3.05671619081112e+21,375.05657594,4466464.142857143,118.360001,35.34,15.68,243.289993,128.259995,25.190001,2.477454677,14,0.0524469169764611,0.00255673218270418,0.001650471895485609,28795.80381476999
2017-06-27,2513.42999,695895,4.62844386518241e+18,4585475.0,275768970,3.05671619081112e+21,367.89377898,4464905.571428572,118.809998,35.080002,15.79,241.330002,126.889999,24.91,2.477454677,14,0.04550934037898511,0.002523471005457938,0.001514188291047793,28672.417054959995
2017-06-28,2556.1675,743269,5.56494824677743e+18,4583512.5,276157289,3.05671619081112e+21,385.86002411,4463347.0,118.900002,35.27,15.92,243.490005,126.470001,24.83,2.477454677,14,0.044840511843926206,0.002691469787712176,0.0018205642589607684,28950.96208148001
2017-06-29,2591.2675,621630,4.2133029657741696e+18,4582012.5,276489815,3.05671619081112e+21,341.40053758,4463907.714285715,118.32,35.330002,15.73,241.350006,125.410004,24.709999,2.477454677,14,0.03616504666233036,0.0022482925817719542,0.0013783755843738118,28556.53270992
2017-06-30,2547.3225,722860,5.452794465184489e+18,4580087.5,276857791,3.05671619081112e+21,357.17190559,4464468.428571428,118.019997,35.5,15.71,241.800003,125.120003,24.75,2.477454677,14,0.0352761090187743,0.0026109433199949213,0.0017838733218269616,28537.235628659993
2017-07-01,2479.05499,642934,5.8356687809858e+18,4578037.5,277158823,3.05671619081112e+21,255.27403629,4465029.142857143,118.019997,35.5,15.71,241.800003,125.120003,24.75,2.564373262,13,0.03500878318187547,0.0023197313116025174,0.0019091300653062153,28537.235628659993
2017-07-02,2424.69875,605007,6.62434987666542e+18,4575687.5,277426488,3.04366923146009e+21,197.85958294,4465589.857142857,118.019997,35.5,15.71,241.800003,125.120003,24.75,2.564373262,13,0.030346893180691004,0.002180783112533941,0.002176435536488184,28537.235628659993
2017-07-03,2513.74125,668463,5.95938692022132e+18,4573562.5,277773568,3.04366923146009e+21,283.21012118,4466150.571428572,116.089996,36.18,15.3,242.210007,124.459999,24.9,2.564373262,13,0.03188447546633826,0.002406503271038373,0.0019579614166426755,28118.158743789973
2017-07-04,2640.06125,714279,5.44624749913332e+18,4571650.0,278131152,3.04366923146009e+21,293.93425872,4466711.285714285,116.089996,36.18,15.3,242.210007,124.459999,24.9,2.564373262,13,0.03427118771873194,0.00256813735125938,0.0017893690427460414,28118.158743789973
2017-07-05,2588.67875,651095,5.203569762229111e+18,4569787.5,278456865,3.04366923146009e+21,225.82080685,4467272.0,116.519997,35.400002,15.18,242.770004,124.489998,24.91,2.564373262,13,0.03122403015091789,0.0023382257068792324,0.0017096370750289732,28287.56013776999
2017-07-06,2634.17375,625927,5.01812454564524e+18,4568012.5,278783143,3.04366923146009e+21,241.52060511,4467190.571428572,116.470001,34.990002000000004,15.15,240.550003,123.459999,24.799999,2.564373262,13,0.030369446654409587,0.002245211074329555,0.0016487088983838027,28016.859089960002
2017-07-07,2598.57,737753,5.32607028218184e+18,4566162.5,279169174,3.04366923146009e+21,240.65571245,4467109.142857143,115.279999,34.959999,14.73,242.110001,122.720001,24.84,2.564373262,13,0.02967571701096155,0.002642673578279814,0.0017498847204322696,27910.44067317
2017-07-08,2514.3625,641537,5.69232556747991e+18,4564100.0,279475787,3.04366923146009e+21,192.41183082,4467027.714285715,115.279999,34.959999,14.73,242.110001,122.720001,24.84,2.564373262,13,0.030640843624618698,0.002295501184150883,0.0018702181921224153,27910.44067317
2017-07-09,2586.0425,549457,4.83439054753511e+18,4562375.0,279740381,3.04366923146009e+21,157.22803089,4466946.285714285,115.279999,34.959999,14.73,242.110001,122.720001,24.84,2.564373262,13,0.02865643915246605,0.0019641676258387595,0.0015883429439591196,27910.44067317
2017-07-10,2524.12624,771019,6.952803703633369e+18,4559912.5,280095801,3.04366923146009e+21,205.57250621,4466864.857142857,115.470001,35.080002,14.83,242.369995,122.900002,24.85,2.564373262,13,0.029073470103233898,0.0027526974601093717,0.0022843493083175843,27986.463565019993
2017-07-11,2352.265,770211,6.16112956382332e+18,4557750.0,280464384,3.04366923146009e+21,207.57617324,4466783.428571428,115.620003,35.29000100000001,14.99,242.190002,123.110001,24.76,2.564373262,13,0.03245514674189844,0.0027461989612199743,0.002024244126181787,28002.008757810003
2017-07-12,2292.91375,749528,6.17759416065724e+18,4555537.5,280824762,3.04366923146009e+21,222.35199706,4466702.0,116.029999,35.380001,15.05,244.00999500000003,123.959999,24.76,2.564373262,13,0.03226345881615869,0.0026690238946948702,0.0020296535828545873,28312.47947584001
2017-07-13,2437.55375,680458,5.51847825825982e+18,4553575.0,281174618,3.04366923146009e+21,210.79018124,4468159.285714285,115.82,35.580002,14.87,244.419998,123.18,24.77,2.564373262,13,0.03686222596280891,0.0024200548571564166,0.0018131005173688108,28308.724168359997
2017-07-14,2337.67875,640687,5.25738280345902e+18,4551837.5,281497175,3.45540939947816e+21,215.37764419,4469616.571428572,116.769997,35.779999,15.08,245.559998,123.330002,24.620001,2.564373262,13,0.038091683204742065,0.002275997974047164,0.0015214934601535193,28674.040229780006
2017-07-15,2109.37375,634626,5.125821939819031e+18,4550250.0,281801079,3.45540939947816e+21,378.35756847,4471073.857142857,116.769997,35.779999,15.08,245.559998,123.330002,24.620001,2.564373262,13,0.04586772443546365,0.002252035379892921,0.0014834195741300982,28674.040229780006
2017-07-16,2045.5725,609543,6.50052781629358e+18,4548212.5,282079703,3.45540939947816e+21,166.92852306,4472531.142857143,116.769997,35.779999,15.08,245.559998,123.330002,24.620001,2.564373262,13,0.046076459649036595,0.002160889257601069,0.0018812612529430803,28674.040229780006
2017-07-17,1986.9425,692421,5.895651369841231e+18,4546362.5,282413314,3.45540939947816e+21,198.03657541,4473988.428571428,117.290001,35.700001,15.22,245.52999900000003,123.669998,24.620001,2.564373262,13,0.04407948253617889,0.002451800130074604,0.0017062092181411555,28798.213828240005
2017-07-18,2189.23999,811422,6.56294304230195e+18,4544300.0,282788641,3.45540939947816e+21,224.51846967,4475445.714285715,118.110001,35.529999,15.38,245.660004,124.75,24.49,2.564373262,13,0.05091617245130626,0.002869358532685901,0.001899324300991105,29014.9033181
2017-07-19,2354.8925,717060,5.99799623153203e+18,4542437.5,283153340,3.45540939947816e+21,201.60223858,4476903.0,118.080002,36.09,15.4,246.990005,124.800003,24.549999,2.564373262,13,0.05581593564546186,0.0025324087648056705,0.0017358279549849736,29164.58028438001
2017-07-20,2349.355,657942,6.4506709386649e+18,4540412.5,283490057,3.45540939947816e+21,229.27219537,4475243.142857143,118.239998,35.950001,15.42,247.100006,125.160004,24.4,2.564373262,13,0.055405578272364184,0.00232086446686206,0.0018668326073428775,29217.10421523999
2017-07-21,2740.56875,749755,6.172807548426289e+18,4538487.5,283869749,3.45540939947816e+21,249.73969757,4473583.285714285,119.260002,35.61000100000001,15.6,246.880005,125.690002,24.32,2.564373262,13,0.0702624817295291,0.002641193725788654,0.0017864185787532193,29442.90989006001
2017-07-22,2738.775,645040,6.37992896034372e+18,4536487.5,284169406,3.45540939947816e+21,171.03691992,4471923.428571428,119.260002,35.61000100000001,15.6,246.880005,125.690002,24.32,2.564373262,13,0.0694893467839276,0.002269913602170108,0.0018463597862838552,29442.90989006001
2017-07-23,2831.67875,533013,6.92797762726572e+18,4534337.5,284419719,3.45540939947816e+21,125.37693822,4470263.571428572,119.260002,35.61000100000001,15.6,246.880005,125.690002,24.32,2.564373262,13,0.06963122760529496,0.0018740367294997574,0.0020049657873570615,29442.90989006001
2017-07-24,2772.3675,674875,7.08712088478687e+18,4532112.5,284754203,3.45540939947816e+21,166.96352984,4468603.714285715,119.309998,35.49000200000001,15.58,246.820007,125.199997,24.33,2.564373262,13,0.06953195362784463,0.0023700264750789297,0.002051022054248384,29448.094541529983
2017-07-25,2768.8025,697739,5.93781890628577e+18,4530262.5,285101357,3.45540939947816e+21,168.49293292,4466943.857142857,118.919998,35.98,15.59,247.419998,123.57,24.370001,2.564373262,13,0.06598953053148296,0.0024473366501724506,0.0017184125583447525,29423.185667320005
2017-07-26,2540.20874,664400,5.84981379603241e+18,4528425.0,285437470,3.45540939947816e+21,167.53481996,4465284.0,119.879997,35.99000200000001,15.75,247.429993,123.769997,24.23,2.564373262,13,0.0704552839963948,0.0023276551603403717,0.0016929437643238036,29661.906818550022
2017-07-27,2570.195,681578,6.388384291266569e+18,4526500.0,285755760,3.6946252904538e+21,166.27056958,4465507.142857143,119.790001,36.369999,15.68,247.199997,123.160004,24.32,2.564373262,13,0.06876707922448279,0.002385176767740395,0.0017291020845261152,29612.08788783
2017-07-28,2699.72125,681257,6.34946258756753e+18,4524625.0,286107977,3.6946252904538e+21,188.43132327,4465730.285714285,120.690002,36.259998,15.81,246.910004,123.889999,24.17,2.564373262,13,0.0684231880279708,0.0023811185103727464,0.0017185674022135121,29799.568876580008
2017-07-29,2719.69,641793,6.7277070089104e+18,4522662.5,286400612,3.6946252904538e+21,156.46665323,4465953.428571428,120.690002,36.259998,15.81,246.910004,123.889999,24.17,2.564373262,13,0.06027102596422247,0.0022408925578692547,0.0018209443394147434,29799.568876580008
2017-07-30,2714.70375,568481,6.31324953441022e+18,4520825.0,286683461,3.6946252904538e+21,138.11682207,4466176.571428572,120.690002,36.259998,15.81,246.910004,123.889999,24.17,2.564373262,13,0.058949683605971075,0.0019829570845037343,0.0017087658525811644,29799.568876580008
2017-07-31,2718.6175,706610,6.16287996958138e+18,4519012.5,287038216,3.6946252904538e+21,194.86886623,4466399.714285715,120.75,36.32,15.9,246.770004,124.040001,24.07,2.564373262,13,0.057533764016419235,0.002461727953325908,0.0016680663085117385,29797.477983
2017-08-01,2867.65375,477450,6.44009321803481e+18,4517150.0,287252371,3.6946252904538e+21,75.94662047,4466622.857142857,120.650002,36.330002,15.79,247.320007,124.639999,24.110001,2.6685749480000003,20,0.0542756210435281,0.0016621272727458183,0.001743097800655122,29839.159339190013
2017-08-02,2739.70875,591913,6.43176402580316e+18,4515250.0,287557683,3.6946252904538e+21,130.51485681,4466846.0,120.400002,36.18,15.67,247.440002,124.709999,24.08,2.6685749480000003,20,0.054509945100353153,0.0020584148328945885,0.0017408433928121476,29791.776735680003
2017-08-03,2740.07125,596116,5.931136536447351e+18,4513525.0,287872771,3.6946252904538e+21,124.10595421,4467165.571428572,120.589996,35.66,15.72,246.960007,126.0,24.02,2.6685749480000003,20,0.05446778264870295,0.0020707620172940914,0.0016053418331142444,29780.90625628997
2017-08-04,2811.71,665787,7.749357600581539e+18,4511287.5,288206788,3.6946252904538e+21,113.47123621,4467485.142857143,119.650002,35.86000100000001,15.38,247.410004,124.93,24.23,2.6685749480000003,20,0.03632519511716472,0.0023101017315386757,0.0020974678056268348,29602.60747342001
2017-08-05,3123.41125,658929,7.463719100292431e+18,4509075.0,288548670,3.6946252904538e+21,113.56678695,4467804.714285715,119.650002,35.86000100000001,15.38,247.410004,124.93,24.23,2.6685749480000003,20,0.045589814444287884,0.002283597425695984,0.002020155905817362,29602.60747342001
2017-08-06,3254.71,538549,6.0236117464019e+18,4507325.0,288838782,3.6946252904538e+21,87.90639938,4468124.285714285,119.650002,35.86000100000001,15.38,247.410004,124.93,24.23,2.6685749480000003,20,0.045952498051627225,0.001864531474170252,0.0016303714917899122,29602.60747342001
2017-08-07,3274.6375,683030,6.627946456545911e+18,4505412.5,289209205,3.6946252904538e+21,121.82649183,4468443.857142857,119.510002,35.529999,15.33,247.869995,125.07,24.219999,2.6685749480000003,20,0.0451022825786979,0.0023617159765022,0.0017939428048823376,29622.943598189988
2017-08-08,3474.7625,789743,6.83549234157714e+18,4503362.5,289612317,3.6946252904538e+21,159.06311046,4468763.428571428,119.860001,35.43,15.56,247.25999500000003,124.620003,24.26,2.6685749480000003,20,0.04662281656680458,0.0027268971436736236,0.0018501178886093635,29636.58324796
2017-08-09,3416.185,706714,6.070247941791209e+18,4501637.5,290001228,3.96525583557378e+21,157.95191308,4469083.0,121.309998,35.450001,15.98,247.25,125.300003,24.24,2.6685749480000003,20,0.0377605287462394,0.002436934508429047,0.0015308590904356699,29993.8970055
2017-08-10,3364.41125,733437,6.16566040018202e+18,4499962.5,290388296,3.96525583557378e+21,193.18600285,4468195.571428572,122.209999,35.049999,16.18,243.75999500000003,126.370003,24.200001,2.6685749480000003,20,0.03895029005075847,0.0025257112979512096,0.0015549212095894531,29789.90874519001
2017-08-11,3451.8525,737669,6.57368485652507e+18,4498162.5,290814580,3.96525583557378e+21,234.94470226,4467308.142857143,122.790001,34.849998,16.17,244.119995,126.43,24.110001,2.6685749480000003,20,0.038057075770010586,0.0025365612686956756,0.0016578211164964708,29975.494430169994
2017-08-12,3705.43,693243,6.199515186427551e+18,4496475.0,291185982,3.96525583557378e+21,210.75240215,4466420.714285715,122.790001,34.849998,16.17,244.119995,126.43,24.110001,2.6685749480000003,20,0.040459858927595106,0.002380756776952264,0.0015634590663254062,29975.494430169994
2017-08-13,4104.015,705039,6.78001621665399e+18,4494625.0,291561793,3.96525583557378e+21,189.71104645,4465533.285714285,122.790001,34.849998,16.17,244.119995,126.43,24.110001,2.6685749480000003,20,0.04501958486871179,0.002418146056606258,0.0017098559330845568,29975.494430169994
2017-08-14,4036.7575,689225,5.951156889649969e+18,4493000.0,291949279,3.96525583557378e+21,249.18827382,4464645.857142857,121.919998,34.73,16.129998999999998,246.539993,125.779999,24.209999,2.6685749480000003,20,0.04612397504948412,0.0023607696595818618,0.0015008254539996975,30058.155453480016
2017-08-15,4462.67625,821922,6.95618774317288e+18,4491100.0,292399526,3.96525583557378e+21,350.45038263,4463758.428571428,120.980003,34.599998,15.74,246.50999500000003,125.25,24.32,2.6685749480000003,20,0.04966152955033477,0.0028109553091409593,0.0017542847250274097,29822.779934629987
2017-08-16,4118.9025,688844,5.9821661671648e+18,4489475.0,292801000,3.96525583557378e+21,347.52500864,4462871.0,121.870003,34.25,16.15,246.940002,125.709999,24.24,2.6685749480000003,20,0.05441998670004225,0.0023526012547771353,0.0015086457003597523,30094.578784560006
2017-08-17,4322.42125,860879,8.207266189122659e+18,4487237.5,293260661,3.96525583557378e+21,365.31634907,4463009.0,122.489998,33.77,16.120001000000002,243.089996,126.650002,24.290001,2.6685749480000003,20,0.05396523602660188,0.002935542043260961,0.0020697948706089103,29776.09312386001
2017-08-18,4311.685,728843,6.82843048750049e+18,4485375.0,293661291,3.96525583557378e+21,337.96192313,4463147.0,122.300003,34.029999,16.1,242.710007,126.620003,24.209999,2.6685749480000003,20,0.05476150751521689,0.0024819171689877233,0.0017220655540659212,29683.43458423002
2017-08-19,4180.23875,713756,6.917608817187231e+18,4483487.5,294029048,3.96525583557378e+21,265.91179874,4463285.0,122.300003,34.029999,16.1,242.710007,126.620003,24.209999,2.6685749480000003,20,0.05253531337005949,0.0024275016528298933,0.0017445554849517646,29683.43458423002
2017-08-20,4139.38125,617437,6.07730701859906e+18,4481862.5,294334385,3.96525583557378e+21,208.98199629,4463423.0,122.300003,34.029999,16.1,242.710007,126.620003,24.209999,2.6685749480000003,20,0.05278251803843619,0.0020977399565463616,0.0015326393228092085,29683.43458423002
2017-08-21,4110.94125,633959,5.22683104765981e+18,4480425.0,294687908,3.96525583557378e+21,297.96496476,4463561.0,122.760002,33.77,16.07,242.899994,126.93,24.139999,2.6685749480000003,20,0.05310556105962655,0.002151289492339808,0.0013181573306740944,29818.403749239988
2017-08-22,3911.27625,529971,4.04905768106274e+18,4479312.5,294988537,3.96525583557378e+21,334.18474511,4463699.0,122.209999,34.049999,16.07,245.440002,126.440002,24.24,2.6685749480000003,20,0.05429092244170917,0.001796581675307607,0.0010211340324468203,29995.222398979997
2017-08-23,4162.79249,843522,7.312067149009911e+18,4477325.0,295439638,3.96525583557378e+21,541.97068152,4463837.0,122.669998,34.200001,16.15,244.559998,127.300003,24.139999,2.6685749480000003,20,0.055554633002008594,0.002855141597485981,0.001844034143625903,30000.174465540007
2017-08-24,4178.75625,548824,4.4785114650887107e+18,4476062.5,295748590,3.8146690758528e+21,385.99923422,4462197.428571428,122.290001,34.18,16.030001000000002,243.990005,126.830002,24.190001,2.6685749480000003,20,0.055009227790676955,0.001855711298572886,0.0011740235852798066,29837.537955440006
2017-08-25,4396.03125,578203,4.55771141388238e+18,4474800.0,296066823,3.8146690758528e+21,425.81587924,4460557.857142857,122.739998,34.349998,16.110001,244.559998,127.32,23.99,2.6685749480000003,20,0.05576692207089658,0.0019529476289884733,0.0011947855300825712,30017.293665400004
2017-08-26,4359.9025,618623,4.5459629886225505e+18,4473487.5,296403963,3.8146690758528e+21,425.31312205,4458918.285714285,122.739998,34.349998,16.110001,244.559998,127.32,23.99,2.6685749480000003,20,0.05389346461480501,0.0020870942268744227,0.0011917057281322007,30017.293665400004
2017-08-27,4381.39625,749659,6.81913672045468e+18,4471550.0,296754162,3.8146690758528e+21,358.84272769999984,4457278.714285715,122.739998,34.349998,16.110001,244.559998,127.32,23.99,2.6685749480000003,20,0.047173084376104735,0.002526195403453179,0.0017876089864833705,30017.293665400004
2017-08-28,4340.46,654529,5.798530734519671e+18,4469937.5,297092789,3.8146690758528e+21,378.17846684,4455639.142857143,124.690002,34.18,16.5,244.570007,127.239998,23.92,2.6685749480000003,20,0.046964516497153594,0.002203113048294148,0.0015200612737877827,30495.434661970015
2017-08-29,4442.6575,795715,6.44369776326487e+18,4468075.0,297509168,3.8146690758528e+21,461.76014165,4453999.571428572,124.419998,34.18,16.42,244.850006,127.650002,23.950001,2.6685749480000003,20,0.038757821856933654,0.0026745898465891983,0.0016891891891891906,30464.23725681999
2017-08-30,4664.64375,799685,7.51852935009352e+18,4465975.0,297909029,3.8146690758528e+21,388.49753062,4452360.0,124.360001,34.16,16.459999,246.00999500000003,127.610001,24.1,2.6685749480000003,20,0.03325345492142147,0.002684326160520633,0.0019709519228513135,30593.803224209998
2017-08-31,4676.1425,797068,7.16605077117412e+18,4463937.5,298322497,3.8146690758528e+21,413.21489691,4452519.142857143,125.82,34.389999,16.65,247.490005,127.989998,24.030001,2.6685749480000003,20,0.03127940733712487,0.002671833361598606,0.0018785510954373132,31139.1924291
2017-09-01,4783.17,782815,7.62337964807263e+18,4461762.5,298735888,3.8146690758528e+21,382.74200641,4452678.285714285,126.059998,34.709999,16.73,247.839996,126.75,24.08,2.76074094,20,0.03149829379321136,0.002620425035776083,0.0019984380024808215,31242.70940008001
2017-09-02,4864.285,694967,7.315314878857111e+18,4459712.5,299084283,3.8146690758528e+21,290.49925993,4452837.428571428,126.059998,34.709999,16.73,247.839996,126.75,24.08,2.76074094,20,0.029548864974433035,0.002323649350708275,0.0019176800748362983,31242.70940008001
2017-09-03,4672.56875,586948,6.77686175024031e+18,4457787.5,299371912,3.8146690758528e+21,239.13526989,4452996.571428572,126.059998,34.709999,16.73,247.839996,126.75,24.08,2.76074094,20,0.03218116114337877,0.0019605980937850978,0.0017765267747963925,31242.70940008001
2017-09-04,4593.1825,752538,7.65707865379995e+18,4455600.0,299756656,3.8146690758528e+21,325.4016802,4453155.714285715,126.059998,34.709999,16.73,247.839996,126.75,24.08,2.76074094,20,0.032674426893404364,0.002510496380770941,0.002007272059919942,31242.70940008001
2017-09-05,4160.535,784405,8.728307370008621e+18,4453137.5,300162594,3.8146690758528e+21,281.90480312,4453314.857142857,127.459999,34.91,16.91,246.059998,128.759995,23.950001,2.76074094,20,0.04094404927016233,0.002613266994887444,0.0022880903156867775,31362.807099020003
2017-09-06,4517.57,776397,7.259673358356591e+18,4451112.5,300573197,3.96307240853443e+21,272.59987797,4453474.0,126.809998,35.470001,16.870001000000002,246.899994,127.970001,23.93,2.76074094,20,0.04339661250746008,0.002583054669375593,0.001831829603396337,31309.38774534001
2017-09-07,4543.1025,768367,8.09409733680762e+18,4448912.5,300949353,3.96307240853443e+21,257.33579475,4456002.571428572,128.130005,35.5,17.1,246.869995,129.279999,23.76,2.76074094,20,0.04339284634702114,0.0025531438839810367,0.0020423793719683433,31631.453693699976
2017-09-08,4628.6025,825463,8.011571054715139e+18,4446725.0,301345073,3.96307240853443e+21,217.76572461,4458531.142857143,127.970001,35.080002,17.02,246.580002,129.0,23.700001,2.76074094,20,0.041663348155964966,0.0027392616437435496,0.0020215555581226106,31554.84310252
2017-09-09,4280.975,627142,7.72314937607176e+18,4444612.5,301657625,3.96307240853443e+21,144.85041627,4461059.714285715,127.970001,35.080002,17.02,246.580002,129.0,23.700001,2.76074094,20,0.04703462152166597,0.002078986069057595,0.0019487782659332814,31554.84310252
2017-09-10,4194.21875,558809,6.34474108886229e+18,4442887.5,301936627,3.96307240853443e+21,143.23841995,4463588.285714285,127.970001,35.080002,17.02,246.580002,129.0,23.700001,2.76074094,20,0.04726520225589793,0.0018507492964740578,0.0016009652196106647,31554.84310252
2017-09-11,4307.82625,734954,7.965330581307939e+18,4440712.5,302303194,3.96307240853443e+21,159.73383041,4466116.857142857,126.190002,35.459999,16.77,249.210007,127.459999,23.860001,2.76074094,20,0.04787826021668276,0.002431181722810378,0.002009887723513376,31447.811281750015
2017-09-12,4295.76124,710502,8.65450420848741e+18,4438362.5,302680781,3.96307240853443e+21,148.9079562,4468645.428571428,126.559998,35.669998,16.889999,250.050003,126.790001,23.85,2.76074094,20,0.047385356474467816,0.0023473641030416132,0.0021837865464809664,31646.327879579992
2017-09-13,3944.58375,718706,8.67183100069724e+18,4435987.5,303058323,3.96307240853443e+21,133.73148672,4471174.0,125.610001,36.16,16.76,250.169998,126.290001,23.99,2.76074094,20,0.04973678903900555,0.0023715105161457653,0.002188158606949132,31423.853698949995
2017-09-14,3817.0575,773619,8.061051611860461e+18,4433812.5,303442859,3.96307240853443e+21,153.73503588,4469374.285714285,126.160004,36.330002,16.77,250.089996,126.809998,23.92,2.76074094,20,0.04984391374322644,0.0025494717606783426,0.0020340409613766024,31551.354895719986
2017-09-15,3358.10875,833194,8.17016027048055e+18,4431562.5,303864496,3.96307240853443e+21,174.81664788,4467574.571428572,125.529999,36.400002,16.620001000000002,249.190002,126.860001,23.84,2.76074094,20,0.0569759940580991,0.0027419919436721557,0.00206157229246839,31280.820701869998
2017-09-16,3772.68375,647172,7.76154495251378e+18,4429450.0,304197340,3.96307240853443e+21,119.91780546,4465774.857142857,125.529999,36.400002,16.620001000000002,249.190002,126.860001,23.84,2.76074094,20,0.06781977073988293,0.002127474224462318,0.001958466601770733,31280.820701869998
2017-09-17,3608.595,588652,8.06443148884924e+18,4427250.0,304488317,3.96307240853443e+21,99.41066001,4463975.142857143,125.529999,36.400002,16.620001000000002,249.190002,126.860001,23.84,2.76074094,20,0.06793573221540451,0.0019332498724409187,0.0020348938039796045,31280.820701869998
2017-09-18,3764.6175,673744,6.682361107152e+18,4425662.5,304821891,4.73907092145752e+21,168.30810036,4462175.428571428,124.360001,36.560001,16.27,249.720001,126.129997,23.9,2.76074094,20,0.06985635840651735,0.0022102874494666787,0.0014100572069718706,31055.17957408
2017-09-19,3976.3875,786887,8.510263076830861e+18,4423712.5,305231358,4.73907092145752e+21,173.70341529,4460375.714285715,124.620003,36.669998,16.360001,249.970001,125.82,23.83,2.76074094,20,0.06755458157762793,0.0025780018316466685,0.0017957661359947522,31151.262274530003
2017-09-20,3863.18625,620717,6.48466519864956e+18,4422250.0,305581564,4.73907092145752e+21,146.40700953,4458576.0,123.620003,37.0,16.190001000000002,250.059998,125.910004,24.02,2.76074094,20,0.06311176639056386,0.002031264556260992,0.0013683410326881488,30912.417702939994
2017-09-21,3827.685,694692,9.50807065623068e+18,4420050.0,305952317,4.73907092145752e+21,136.34884416,4458159.571428572,122.68,36.919998,16.030001000000002,249.389999,125.839996,23.950001,2.76074094,20,0.0629319205623737,0.002270589112747265,0.0020063153334929276,30595.16507732
2017-09-22,3690.99125,649013,7.612921344334729e+18,4418312.5,306290105,4.73907092145752e+21,117.16416809999998,4457743.142857143,123.239998,37.119999,16.049999,249.440002,126.199997,23.93,2.76074094,20,0.06257157368816686,0.002118948635314223,0.0016064164201183436,30740.985347599995
2017-09-23,3612.1625,568706,9.100103796061779e+18,4416237.5,306581134,4.73907092145752e+21,99.69585805,4457326.714285715,123.239998,37.119999,16.049999,249.440002,126.199997,23.93,2.76074094,20,0.06004279781059694,0.0018549934647968261,0.0019202295021284478,30740.985347599995
2017-09-24,3772.8475,532685,8.00071352937944e+18,4414425.0,306848008,4.73907092145752e+21,83.67519444,4456910.285714285,123.239998,37.119999,16.049999,249.440002,126.199997,23.93,2.76074094,20,0.061770307842793075,0.0017359897607678132,0.0016882451564828635,30740.985347599995
2017-09-25,3753.435,658166,6.87036945109994e+18,4412862.5,307186335,4.73907092145752e+21,147.37049675,4456493.857142857,124.529999,37.709999,16.209999,248.929993,126.989998,24.07,2.76074094,20,0.06099170765102689,0.002142562754296997,0.0014497291905871984,30999.25177936001
2017-09-26,3920.99125,728969,7.5160238948334e+18,4411137.5,307568556,4.73907092145752e+21,150.08561133,4456077.428571428,123.139999,37.189999,15.91,249.080002,126.760002,24.15,2.76074094,20,0.0626465768514332,0.0023701024886302094,0.001585969912541806,30671.7111972
2017-09-27,3939.515,691447,8.13066403816781e+18,4409300.0,307945483,4.73907092145752e+21,143.49865258,4455661.0,121.980003,37.389999,15.83,250.050003,124.849998,24.27,2.76074094,20,0.05841721554616565,0.0022453552273731517,0.0017156662503939046,30501.10011609001
2017-09-28,4220.28,758800,9.68072607674709e+18,4407087.5,308344617,4.73907092145752e+21,134.45160224,4456341.142857143,122.209999,37.43,15.92,250.350006,124.480003,24.200001,2.76074094,20,0.06032137065320406,0.002460882915299929,0.002042747668728651,30595.273982909996
2017-09-29,4062.20375,743914,9.354594768808649e+18,4404975.0,308716997,4.73907092145752e+21,115.33216245,4457021.285714285,121.580002,37.43,15.74,251.229996,124.760002,24.18,2.76074094,20,0.04842304454633439,0.0024096956346073813,0.001973930106522146,30544.54341613999
2017-09-30,4207.825,628468,7.52804967149134e+18,4403250.0,309033162,4.73907092145752e+21,101.44145793,4457701.428571428,121.580002,37.43,15.74,251.229996,124.760002,24.18,2.76074094,20,0.039133564209679915,0.0020336587696047972,0.0015885074936114393,30544.54341613999
2017-10-01,4300.55125,624780,7.112436155500791e+18,4401625.0,309329355,4.73907092145752e+21,119.05349794,4458381.571428572,121.580002,37.43,15.74,251.229996,124.760002,24.18,2.825346549,21,0.03622511865026315,0.0020197889075222104,0.001500808127453246,30544.54341613999
2017-10-02,4414.1775,815048,8.335227471987849e+18,4399750.0,309740944,4.82695605482122e+21,180.47323995,4459061.714285715,120.769997,37.400002,15.67,252.320007,124.279999,24.32,2.825346549,21,0.03544895622329152,0.002631386052726694,0.0017268082363547784,30472.68648842998
2017-10-03,4424.4725,785892,1.02587882008279e+19,4397462.5,310150200,4.82695605482122e+21,152.53441884,4459741.857142857,120.830002,37.389999,15.71,252.860001,124.400002,24.309999,2.825346549,21,0.03321478281402355,0.0025339077646894955,0.002125312118924576,30553.074426550003
2017-10-04,4307.555,639795,7.41842082057625e+18,4395787.5,310495678,4.82695605482122e+21,136.73283395,4460422.0,121.169998,37.34,15.69,253.160004,124.410004,24.280001,2.825346549,21,0.03304144813427153,0.0020605600829007352,0.001536873494666819,30675.39717835999
2017-10-05,4186.78374,727413,7.02270222252467e+18,4394225.0,310885454,4.82695605482122e+21,160.34424031,4460278.142857143,120.519997,37.529999,15.69,254.660004,123.940002,24.41,2.825346549,21,0.03418099746045839,0.00233981034056357,0.0014548925125411726,30691.622918099987
2017-10-06,4325.23625,819046,8.87133740266287e+18,4392237.5,311287184,4.82695605482122e+21,149.02120217,4460134.285714285,121.089996,37.150002,15.85,254.369995,123.589996,24.370001,2.825346549,21,0.03246626813395601,0.0026311587566033557,0.0018378740767283504,30801.66167707002
2017-10-07,4370.16875,670943,8.79287788993903e+18,4390262.5,311637821,4.82695605482122e+21,108.21556432,4459990.428571428,121.089996,37.150002,15.85,254.369995,123.589996,24.370001,2.825346549,21,0.03106761392761218,0.0021529575513236565,0.0018216196273750207,30801.66167707002
2017-10-08,4446.17249,689817,1.03229771565587e+19,4387987.5,311968159,4.82695605482122e+21,111.79647505,4459846.571428572,121.089996,37.150002,15.85,254.369995,123.589996,24.370001,2.825346549,21,0.029892667810784236,0.0022111775836712875,0.0021386101384221205,30801.66167707002
2017-10-09,4624.34875,800785,8.859728268801769e+18,4385975.0,312377821,4.82695605482122e+21,149.34098656,4459702.714285715,122.080002,37.27,16.02,253.949997,123.980003,24.33,2.825346549,21,0.03031853307151237,0.002563514264349773,0.001835469013634912,31002.216141659992
2017-10-10,4789.30125,826207,9.04972954115132e+18,4383975.0,312799803,4.82695605482122e+21,167.25820990000005,4459558.857142857,122.400002,37.310001,16.15,254.619995,124.18,24.200001,2.825346549,21,0.02977173782319986,0.0026413283898391714,0.001874831558102201,31165.48789723999
2017-10-11,4741.70875,780237,7.77179566575331e+18,4382237.5,313219879,4.82695605482122e+21,148.17289183,4459415.0,122.790001,37.400002,16.25,255.020004,124.419998,24.129999,2.825346549,21,0.03038826938946474,0.0024910200543178168,0.0016100821257717377,31313.906546180006
2017-10-12,4858.60499,783600,8.43285653068324e+18,4380325.0,313644460,4.82695605482122e+21,174.41451469999996,4460887.571428572,122.889999,37.25,16.26,254.639999,124.949997,24.18,2.825346549,21,0.026157844225013483,0.0024983702884469887,0.001747034038617444,31292.70922247
2017-10-13,5728.5475,819141,7.617647672298701e+18,4378625.0,314093411,4.82695605482122e+21,281.53458216,4462360.142857143,123.82,37.25,16.41,254.949997,125.849998,24.18,2.825346549,21,0.04603063919241706,0.002607953466429132,0.001578147301484153,31567.908628539997
2017-10-14,5666.97875,796782,7.872039646184169e+18,4376862.5,314499305,4.82695605482122e+21,227.59563891,4463832.714285715,123.82,37.25,16.41,254.949997,125.849998,24.18,2.825346549,21,0.04684652926006072,0.0025334936749701244,0.0016308496611071247,31567.908628539997
2017-10-15,5779.07375,826687,1.14766890457283e+19,4374425.0,314895057,5.14018548124605e+21,162.70732819999995,4465305.285714285,123.82,37.25,16.41,254.949997,125.849998,24.18,2.825346549,21,0.04684832111341742,0.0026252777921502908,0.0022327383102421034,31567.908628539997
2017-10-16,5607.01,850037,1.03587161953257e+19,4372262.5,315343672,5.14018548124605e+21,193.41946089,4466777.857142857,122.970001,37.290001,16.25,255.289993,125.760002,24.24,2.825346549,21,0.048766216204537347,0.0026955892109989765,0.0020152417131870906,31393.010694499993
2017-10-17,5643.55375,873931,9.75062655629347e+18,4370200.0,315819106,5.14018548124605e+21,209.13726138,4468250.428571428,122.129997,37.299999,16.09,255.470001,125.919998,24.299999,2.825346549,21,0.04868187298750712,0.0027671885056884432,0.0018969406049389851,31200.550455719997
2017-10-18,5495.03875,818810,9.204264442801871e+18,4368312.5,316280531,5.14018548124605e+21,192.2026716,4469723.0,121.669998,37.040001,16.059998999999998,255.720001,125.089996,24.27,2.825346549,21,0.048674046308461394,0.0025888725980417683,0.0017906483095568436,31113.452010229998
2017-10-19,5627.08625,910155,1.0320842581153e+19,4366087.5,316767692,5.14018548124605e+21,191.51239568,4468493.571428572,122.389999,36.889999,16.27,255.789993,125.309998,24.209999,2.825346549,21,0.046858807670778733,0.002873257036579349,0.0020078735716461127,31306.136987480008
2017-10-20,5686.52625,850237,1.06895601592007e+19,4363850.0,317192692,5.14018548124605e+21,161.97244556,4467264.142857143,121.610001,36.98,16.08,257.109985,123.980003,24.35,2.825346549,21,0.04681579567721141,0.0026805062709326227,0.0020796059204870186,31267.145532959985
2017-10-21,6098.115,805466,9.060778352139421e+18,4361937.5,317616330,5.14018548124605e+21,167.76730117,4466034.714285715,121.610001,36.98,16.08,257.109985,123.980003,24.35,2.825346549,21,0.04858605357891524,0.002535971623373395,0.0017627337350369244,31267.145532959985
2017-10-22,5949.07875,981705,1.08671997489346e+19,4359662.5,317999794,5.14018548124605e+21,155.33193023,4464805.285714285,121.610001,36.98,16.08,257.109985,123.980003,24.35,2.825346549,21,0.050287836074553546,0.0030871246413448935,0.002114164904862586,31267.145532959985
2017-10-23,5969.795,877347,1.01920399495956e+19,4357525.0,318456651,5.14018548124605e+21,185.64433949,4463575.857142857,121.800003,36.700001,16.139999,256.109985,124.199997,24.379999,2.825346549,21,0.050185626629831476,0.0027549966290388453,0.0019828155981493714,31194.196941329956
2017-10-24,5649.005,957970,9.88850206047864e+18,4355437.5,318958934,5.14018548124605e+21,199.79056912,4462346.428571428,121.330002,36.82,16.02,256.559998,123.43,24.42,2.825346549,21,0.05354763664840437,0.0030034273941986524,0.0019237636650577703,31128.425070459994
2017-10-25,5550.85875,919313,1.10026185267566e+19,4353125.0,319405002,5.14018548124605e+21,141.97537543,4461117.0,121.349998,36.540001,16.01,255.289993,122.839996,24.360001,2.825346549,21,0.05382075423781321,0.002878204769003586,0.0021405100199009585,30979.440139970015
2017-10-26,5776.87875,730701,1.13530936498836e+19,4350875.0,319788383,6.23989933775959e+21,112.65051758,4460369.857142857,120.330002,36.610001,15.85,255.619995,122.43,24.620001,2.825346549,21,0.05427074839476756,0.002284951670680295,0.0018194353843470625,30758.754509589988
2017-10-27,5923.70625,673637,7.47215893248048e+18,4349575.0,320158832,6.23989933775959e+21,166.66745997,4459622.714285715,120.900002,36.799999,15.91,257.709991,123.239998,24.68,2.825346549,21,0.03264003058494515,0.00210407126922552,0.0011974806848668376,31157.138427319984
2017-10-28,5737.1025,555034,6.14149097646609e+18,4348512.5,320462212,6.23989933775959e+21,175.03828084,4458875.571428572,120.900002,36.799999,15.91,257.709991,123.239998,24.68,2.825346549,21,0.03377178588581104,0.001731979557078012,0.0009842291748685752,31157.138427319984
2017-10-29,5741.7225,911577,1.1188865190431e+19,4346587.5,320922747,6.23989933775959e+21,278.85712501,4458128.428571428,120.900002,36.799999,15.91,257.709991,123.239998,24.68,2.825346549,21,0.03334172920861755,0.002840487340088735,0.0017931162963997936,31157.138427319984
2017-10-30,6151.325,889423,1.06097415146684e+19,4344750.0,321398226,6.23989933775959e+21,263.59097424,4457381.285714285,121.129997,36.970001,15.91,256.75,124.419998,24.559999,2.825346549,21,0.036874349051708624,0.0027673550382322273,0.0017003065178416458,31100.12672975
2017-10-31,6130.56375,829224,9.89834023347115e+18,4343025.0,321827145,6.23989933775959e+21,231.89499927,4456634.142857143,120.669998,37.099998,15.79,257.149994,124.459999,24.58,2.825346549,21,0.036971214086463824,0.0025766129827240023,0.001586298063107074,31030.289261680013
2017-11-01,6424.515,960553,1.13331194603746e+19,4341075.0,322346000,6.23989933775959e+21,296.93760422,4455887.0,121.110001,37.560001,16.18,257.48999,124.75,24.629999,2.863362602,45,0.03720683628771575,0.0029798818660693787,0.0018162343408000727,31184.612946389985
2017-11-02,6879.365,916822,1.0946679695265e+19,4339200.0,322860829,6.23989933775959e+21,277.59079476,4456267.714285715,121.190002,37.439999,16.17,257.589996,125.300003,24.629999,2.863362602,45,0.04016547505587721,0.0028396817379168658,0.0017543038922155688,31217.332130419993
2017-11-03,7199.2375,818565,8.499862879960969e+18,4337712.5,323299891,6.23989933775959e+21,271.77385265,4456648.428571428,120.620003,37.610001,15.92,258.450012,125.639999,24.690001,2.863362602,45,0.040985403593689275,0.0025319062046946375,0.0013621794871794854,31174.24122279004
2017-11-04,7210.46875,800310,9.41980971850138e+18,4336087.5,323731488,6.23989933775959e+21,273.249729,4457029.142857143,120.620003,37.610001,15.92,258.450012,125.639999,24.690001,2.863362602,45,0.03815496049707532,0.002472141356851886,0.0015096092434535209,31174.24122279004
2017-11-05,7376.7425,803235,1.00944917521323e+19,4334325.0,324108578,6.23989933775959e+21,197.6563993,4457409.857142857,120.620003,37.610001,15.92,258.450012,125.639999,24.690001,2.863362602,45,0.03672509755510225,0.0024782898526061227,0.0016177331084569525,31174.24122279004
2017-11-06,7231.93,825175,9.95915819949388e+18,4332662.5,324526341,6.23989933775959e+21,240.33789733,4457790.571428572,121.650002,38.490002,16.27,258.850006,126.110001,24.629999,2.863362602,45,0.03781714143731021,0.0025427057706850368,0.0015960446892512971,31489.103747600013
2017-11-07,7123.89375,939797,1.09637138365339e+19,4330712.5,325021833,6.23989933775959e+21,294.12731396,4458171.285714285,121.209999,38.400002,16.01,258.670013,126.639999,24.67,2.863362602,45,0.033456457896443505,0.0028914888311518446,0.001757033766584827,31353.392017059985
2017-11-08,7356.50625,860899,1.03569181474605e+19,4328912.5,325474101,6.23989933775959e+21,262.16939123,4458552.0,121.629997,38.220001,16.059998999999998,259.109985,126.360001,24.66,2.863362602,45,0.03217117204556485,0.0026450614575935184,0.001659789298969542,31515.546698220045
2017-11-09,7342.82375,945877,1.09814419319195e+19,4327000.0,325985322,6.23989933775959e+21,361.32993999,4457085.857142857,122.129997,38.349998,16.07,258.170013,126.0,24.559999,2.863362602,45,0.03213120634434278,0.0029015938331112957,0.0017598748533437624,31530.30291317996
2017-11-10,7250.77,795398,8.769539609242769e+18,4325500.0,326405029,5.86014821637277e+21,319.97295719,4455619.714285715,121.129997,38.18,15.95,258.089996,124.099998,24.540001,2.863362602,45,0.03298171393727229,0.0024368435818432196,0.0014964706156648734,31262.440441210012
2017-11-11,6773.695,578293,5.51018273539123e+18,4324500.0,326704754,5.86014821637277e+21,317.05792683,4454153.571428572,121.129997,38.18,15.95,258.089996,124.099998,24.540001,2.863362602,45,0.03792440135357036,0.0017700783135834014,0.0009402804386408238,31262.440441210012
2017-11-12,6075.30125,598617,5.20688003054102e+18,4323500.0,327010793,5.86014821637277e+21,583.61046709,4452687.428571428,121.129997,38.18,15.95,258.089996,124.099998,24.540001,2.863362602,45,0.049830602271639025,0.0018305726074307278,0.0008885236069615829,31262.440441210012
2017-11-13,5969.13,917281,9.43706577588326e+18,4321750.0,327484638,5.86014821637277e+21,783.38626441,4451221.285714285,121.309998,37.93,16.09,258.329987,124.360001,24.559999,2.863362602,45,0.04641440715494141,0.002800989400913517,0.0016103800496917258,31338.010206310028
2017-11-14,6666.27125,817515,8.79871170655728e+18,4320150.0,327900312,5.86014821637277e+21,615.08687921,4449755.142857143,121.559998,37.27,16.08,257.730011,125.199997,24.389999,2.863362602,45,0.055302670736755946,0.0024931815252435623,0.0015014486633587877,31329.659621699975
2017-11-15,6867.42625,951177,1.01635368022804e+19,4318250.0,328386293,5.86014821637277e+21,603.50996198,4448289.0,121.410004,36.849998,16.030001000000002,256.440002,126.559998,24.379999,2.863362602,45,0.05451404848266696,0.002896518582765572,0.0017343480790953918,31134.38166858001
2017-11-16,7259.3,903477,1.04306067998719e+19,4316350.0,328846572,5.86014821637277e+21,502.64025918,4448621.285714285,121.400002,36.720001,16.120001000000002,258.619995,125.459999,24.41,2.863362602,45,0.05345345272677827,0.002747411945045302,0.0017799220113118718,31396.467910239993
2017-11-17,7924.1825,980105,1.12438791347946e+19,4314262.5,329284222,5.86014821637277e+21,401.16643265,4448953.571428572,122.860001,36.919998,16.309998999999998,257.859985,126.389999,24.34,2.863362602,45,0.05704779591803174,0.00297647118968245,0.0019187021760610303,31680.678014959984
2017-11-18,7598.2775,849489,9.30605851667655e+18,4312562.5,329695262,5.86014821637277e+21,289.98839235,4449285.857142857,122.860001,36.919998,16.309998999999998,257.859985,126.389999,24.34,2.863362602,45,0.05852725580614807,0.002576588437597869,0.0015880244275522232,31680.678014959984
2017-11-19,7787.45625,908885,1.07828614182007e+19,4310562.5,330090908,5.86014821637277e+21,247.44354414,4449618.142857143,122.860001,36.919998,16.309998999999998,257.859985,126.389999,24.34,2.863362602,45,0.058574146943506704,0.0027534384558086647,0.0018400322005635073,31680.678014959984
2017-11-20,7954.7675,989848,1.18169931999589e+19,4308375.0,330589141,5.86014821637277e+21,329.01817427,4449950.428571428,121.309998,36.849998,15.98,258.299988,126.339996,24.459999,2.863362602,45,0.05832424613944877,0.002994193932098937,0.0020165007374631236,31334.37102768002
2017-11-21,7879.06,979905,1.17706448558283e+19,4306212.5,331108710,5.86014821637277e+21,310.29655182,4450282.714285715,121.510002,36.900002,16.01,259.98999,126.739998,24.43,2.863362602,45,0.05818431003071659,0.0029594660919671973,0.002008591663764082,31591.384204879978
2017-11-22,8150.6325,870866,9.98114871018907e+18,4304362.5,331571382,5.86014821637277e+21,256.40318228,4450615.0,122.629997,37.110001,16.17,259.76001,127.150002,24.24,2.863362602,45,0.058244065859522805,0.002626481196136523,0.0017032246185007002,31854.369247019975
2017-11-23,8208.75375,956701,1.07428979936307e+19,4302400.0,332086452,5.86014821637277e+21,265.91956914,4448897.428571428,122.629997,37.110001,16.17,259.76001,127.150002,24.24,2.863362602,45,0.058184577896882604,0.0028808793440329807,0.0018332126760234374,31854.369247019975
2017-11-24,8094.445,907120,1.00494519800158e+19,4300537.5,332537047,5.78532709191427e+21,233.53648718,4447179.857142857,122.32,37.189999,16.08,260.359985,126.800003,24.129999,2.863362602,45,0.05822406653040325,0.0027278765123574336,0.0017370585656360184,31847.233365199998
2017-11-25,8190.87125,931673,1.0371186568054e+19,4298587.5,333018717,5.78532709191427e+21,195.63976527,4445462.285714285,122.32,37.189999,16.08,260.359985,126.800003,24.129999,2.863362602,45,0.05397009876369422,0.0027976595681857724,0.0017926707346502587,31847.233365199998
2017-11-26,8851.305,936208,1.02749375493387e+19,4296675.0,333519779,5.78532709191427e+21,191.22207725,4443744.714285715,122.32,37.189999,16.08,260.359985,126.800003,24.129999,2.863362602,45,0.04341226204156524,0.0028070539108866464,0.001776033988415146,31847.233365199998
2017-11-27,9573.9675,1057284,1.13655396217143e+19,4294550.0,334106433,5.78532709191427e+21,236.5030831,4442027.142857143,122.830002,36.779999,16.1,260.230011,126.620003,24.16,2.863362602,45,0.043431440183824166,0.0031645125492091317,0.0019645457276908484,31964.05277159002
2017-11-28,9713.09625,1025707,1.04878508168062e+19,4292600.0,334684971,5.78532709191427e+21,245.23091351,4440309.571428572,122.809998,37.07,15.91,262.869995,126.790001,24.26,2.863362602,45,0.03757180644453236,0.0030646939327311474,0.0018128362753186942,32283.063560210012
2017-11-29,10295.6225,1131583,1.15409013399118e+19,4290437.5,335324058,5.78532709191427e+21,290.90212855,4438592.0,122.040001,37.240002,15.64,262.709991,125.540001,24.25,2.863362602,45,0.038499182102828586,0.0033745953295125637,0.001994857188981013,32061.127564349994
2017-11-30,10542.6625,1084876,1.12900920169405e+19,4288350.0,335913576,5.78532709191427e+21,270.63114407,4438385.714285715,121.099998,37.880001,15.51,265.01001,125.120003,24.190001,2.863362602,45,0.037741484443067894,0.0032296283255905086,0.0019515045281916453,32092.71168097998
2017-12-01,9706.10375,1116238,1.21170469226579e+19,4286062.5,336490441,5.78532709191427e+21,247.0519056,4438179.428571428,121.589996,38.209999,15.53,264.459991,126.550003,24.17,2.886078238,100,0.04357088025828836,0.0033172948291865442,0.002094444571611692,32155.689247850038
2017-12-02,10923.20125,942678,1.08369710505899e+19,4284050.0,336957267,5.78532709191427e+21,190.29585342,4437973.142857143,121.589996,38.209999,15.53,264.459991,126.550003,24.17,2.886078238,100,0.048357413346013144,0.0027976188446471465,0.0018731820826061753,32155.689247850038
2017-12-03,10973.54375,1016497,1.17554009972282e+19,4281850.0,337482179,5.78532709191427e+21,187.45114274,4437766.857142857,121.589996,38.209999,15.53,264.459991,126.550003,24.17,2.886078238,100,0.04869391447130113,0.0030120020055933085,0.0020319336850733757,32155.689247850038
2017-12-04,11382.20875,1145159,1.20888029881493e+19,4279587.5,338095601,5.78532709191427e+21,226.11990963,4437560.571428572,121.18,38.169998,15.44,264.140015,126.610001,24.25,2.886078238,100,0.04878730742051601,0.003387086364368284,0.002089562577204137,32008.4870177
2017-12-05,11597.23125,1145899,1.19409580514928e+19,4277362.5,338717331,5.78532709191427e+21,219.679754,4437354.285714285,120.32,37.970001,15.23,263.190002,127.239998,24.290001,2.886078238,100,0.047795209213630174,0.003383053936499045,0.002064007421150276,31667.021040639996
2017-12-06,12230.365,1230802,1.31997023717225e+19,4275012.5,339415206,6.83285027388034e+21,257.16995428,4437148.0,120.07,37.439999,15.1,263.23999,127.68,24.35,2.886078238,100,0.04826494662222914,0.00362624295624516,0.0019318003238239345,31607.225599299996
2017-12-07,13734.52,1068948,1.20501832209425e+19,4273112.5,340056233,6.83285027388034e+21,364.60560502,4439373.428571428,118.489998,37.610001,14.87,264.070007,126.68,24.4,2.886078238,100,0.05300755432622309,0.0031434448078474127,0.0017635661163257518,31289.65460128998
2017-12-08,16403.42125,1124998,1.23271035356231e+19,4271162.5,340713752,6.83285027388034e+21,641.42966479,4441598.857142857,118.480003,37.919998,14.96,265.51001,126.690002,24.440001,2.886078238,100,0.06272891669479595,0.0033018860946945282,0.001804093905400711,31457.626781330033
2017-12-09,15732.1,1187726,1.37848523751876e+19,4268987.5,341345509,6.83285027388034e+21,567.08842445,4443824.285714285,118.480003,37.919998,14.96,265.51001,126.690002,24.440001,2.886078238,100,0.06677495606212133,0.0034795418972393744,0.0020174380855208255,31457.626781330033
2017-12-10,13152.52875,1077246,1.29076143212815e+19,4266937.5,341869897,6.83285027388034e+21,458.10029691,4446049.714285715,118.480003,37.919998,14.96,265.51001,126.690002,24.440001,2.886078238,100,0.08911949004889343,0.0031510408183145766,0.0018890527091780299,31457.626781330033
2017-12-11,16299.2975,1153410,1.35302399003374e+19,4264800.0,342467698,6.83285027388034e+21,483.63865068,4448275.142857143,118.010002,38.25,14.85,266.309998,126.43,24.440001,2.886078238,100,0.1015594104682863,0.0033679380763087328,0.001980175089165776,31427.243396599995
2017-12-12,16374.8975,1096912,1.26056912064397e+19,4262850.0,343077905,6.83285027388034e+21,537.94407913,4450500.571428572,118.150002,38.099998,14.86,266.77999900000003,126.379997,24.48,2.886078238,100,0.10176797896223776,0.0031972679791197863,0.0018448657150628583,31520.057415410003
2017-12-13,16678.28749,1261339,1.44197119364369e+19,4260525.0,343760084,6.83285027388034e+21,604.2979452000002,4452726.0,119.169998,38.040001,15.15,266.75,127.330002,24.309999,2.886078238,100,0.10169499073793764,0.0036692421799617665,0.002110350930937057,31788.5969665
2017-12-14,16246.13875,1283917,1.46929352767875e+19,4258212.5,344560264,6.83285027388034e+21,644.60794431,4451975.142857143,118.93,37.869999,15.02,265.660004,127.870003,24.33,2.886078238,100,0.10296979236281546,0.0037262480156446593,0.002150337661130025,31594.944275720005
2017-12-15,17221.65125,1179692,1.33401688533742e+19,4256100.0,345219615,6.83285027388034e+21,592.70393429,4451224.285714285,119.18,37.82,15.15,266.51001,128.350006,24.43,2.886078238,100,0.09777207590609531,0.0034172218169005258,0.0019523578475543542,31762.662991800004
2017-12-16,17436.5975,1136353,1.35459260437945e+19,4253962.5,345798332,6.83285027388034e+21,534.01138337,4450473.428571428,119.18,37.82,15.15,266.51001,128.350006,24.43,2.886078238,100,0.09540707070570681,0.0032861725891725818,0.0019824707846410688,31762.662991800004
2017-12-17,19166.97874,1176087,1.46934476423092e+19,4251650.0,346423413,6.83285027388034e+21,535.43867532,4449722.571428572,119.18,37.82,15.15,266.51001,128.350006,24.43,2.886078238,100,0.09634505071124415,0.0033949408609977526,0.002150412646751129,31762.662991800004
2017-12-18,18640.2625,1197815,1.52472432176447e+19,4249375.0,347070500,8.04492675803536e+21,587.12548366,4448971.714285715,119.730003,38.130001,15.22,268.200012,127.18,24.370001,2.886078238,100,0.09803727357787258,0.0034512152430125867,0.0018952619055749124,32111.588241360038
2017-12-19,18984.7675,1048067,1.3105840793653e+19,4247625.0,347707329,8.04492675803536e+21,662.59550536,4448220.857142857,119.82,37.959999,15.22,267.170013,125.529999,24.299999,2.886078238,100,0.09804254044086767,0.0030142217681008387,0.0016290814307989498,32012.310957659996
2017-12-20,16862.57125,1025876,1.26870989481761e+19,4245925.0,348315584,8.04492675803536e+21,911.59174277,4447470.0,120.139999,38.529999,15.25,267.02999900000003,124.139999,24.27,2.886078238,100,0.1060370814944944,0.0029452486398082035,0.0015770310072125999,32080.983812830007
2017-12-21,16925.0175,1002339,1.21583010700541e+19,4244275.0,348892174,8.04492675803536e+21,1128.76167038,4447642.857142857,120.309998,39.380001,15.22,267.579987,124.599998,24.26,2.886078238,100,0.10265013113503431,0.002872919127157034,0.0015113004053032874,32192.547700810028
2017-12-22,14182.46499,1112359,1.45064931827439e+19,4242337.5,349505532,8.04492675803536e+21,1495.94647734,4447815.714285715,120.940002,39.48,15.4,267.51001,124.769997,24.27,2.886078238,100,0.10314515898442585,0.003182664931323605,0.0018031852394746362,32352.661144420024
2017-12-23,14694.5825,980565,1.29245480214851e+19,4240600.0,349988481,8.04492675803536e+21,1065.61559484,4447988.571428572,120.940002,39.48,15.4,267.51001,124.769997,24.27,2.886078238,100,0.10340269777664024,0.002801706493877437,0.0016065463875822015,32352.661144420024
2017-12-24,14103.21875,1023755,1.42143124008622e+19,4238700.0,350406534,8.04492675803536e+21,881.12136284,4448161.428571428,120.940002,39.48,15.4,267.51001,124.769997,24.27,2.886078238,100,0.09139786285217609,0.0029216207480879906,0.0017668666015715794,32352.661144420024
2017-12-25,13387.34875,879892,1.24757634610101e+19,4237012.5,350753932,8.04492675803536e+21,689.39441204,4448334.285714285,120.940002,39.48,15.4,267.51001,124.769997,24.27,2.886078238,100,0.0695466187806752,0.0025085734462985294,0.0015507615962506026,32352.661144420024
2017-12-26,14652.3675,912381,1.33405689419962e+19,4235237.5,351145924,8.04492675803536e+21,725.62381816,4448507.142857143,121.769997,39.84,15.59,267.190002,125.139999,24.25,2.886078238,100,0.07488097100683389,0.0025982958583338133,0.001658258594917784,32535.725741969993
2017-12-27,15846.07375,1032410,1.44793088542793e+19,4233287.5,351654124,8.04492675803536e+21,784.81712352,4448680.0,122.230003,39.66,15.73,267.320007,126.769997,24.200001,2.886078238,100,0.0781445013764471,0.0029358677448639847,0.0017998061747196404,32674.525257570018
2017-12-28,14362.40375,1003647,1.38945194439298e+19,4231425.0,352150397,8.04492675803536e+21,785.83389168,4447971.142857143,122.849998,39.740002,15.88,267.869995,126.660004,24.129999,2.886078238,100,0.08202382901932685,0.0028500521610941134,0.0017271157167530213,32907.828350010015
2017-12-29,14867.5725,1094021,1.54458100427721e+19,4229362.5,352713531,8.04492675803536e+21,785.79504963,4447262.285714285,123.650002,39.650002,15.99,266.859985,126.860001,24.030001,2.886078238,100,0.08076518545819067,0.0031017267664732715,0.0019199441470793574,32997.23767896997
2017-12-30,13643.695,1009178,1.34963506965123e+19,4227525.0,353262140,8.04492675803536e+21,778.5711097,4446553.428571428,123.650002,39.650002,15.99,266.859985,126.860001,24.030001,2.886078238,100,0.08286708593091238,0.0028567397570540675,0.0016776225691591284,32997.23767896997
2017-12-31,13062.145,1007300,1.5280279912836e+19,4225487.5,353703286,8.04492675803536e+21,545.14452622,4445844.571428572,123.650002,39.650002,15.99,266.859985,126.860001,24.030001,2.886078238,100,0.07646494577235803,0.002847867237512744,0.001899368430865314,32997.23767896997
2018-01-01,13439.4175,966701,1.48512959766972e+19,4223537.5,354079681,8.29416791613813e+21,469.41303646,4445135.714285715,123.650002,39.650002,15.99,266.859985,126.860001,24.030001,2.963354082,54,0.07790696193934206,0.002730179255894664,0.0017905709321125191,32997.23767896997
2018-01-02,13337.62125,1142465,1.64433268446637e+19,4221400.0,354644463,8.29416791613813e+21,649.16497626,4444426.857142857,125.150002,40.32,16.209999,268.769989,125.489998,23.93,2.963354082,54,0.07714459257269028,0.0032214375781753008,0.001982516752846248,33636.56466088998
2018-01-03,14881.545,1132590,1.49717664968921e+19,4219437.5,355294816,8.29416791613813e+21,749.68547259,4443718.0,124.82,40.91,16.17,270.470001,126.089996,24.02,2.963354082,54,0.07995184327987798,0.0031877470455409064,0.001805095658572481,33760.06552482
2018-01-04,15104.45,1253391,1.61335241051223e+19,4217337.5,356000318,8.29416791613813e+21,778.26109477,4444052.857142857,125.459999,41.139999,16.23,271.609985,126.07,23.940001,2.963354082,54,0.08014303317799476,0.003520758091008222,0.0019451648758799513,34076.188446490014
2018-01-05,14953.8525,1068521,1.37241213117928e+19,4215550.0,356593075,8.29416791613813e+21,701.35602085,4444387.714285715,125.330002,41.110001,16.219998999999998,273.420013,125.709999,23.959999,2.963354082,54,0.06389260301487289,0.0029964715383213767,0.0016546712642614217,34267.730776130025
2018-01-06,16576.69625,1171151,1.62036910704375e+19,4213450.0,357182785,8.29416791613813e+21,694.47790564,4444722.571428572,125.330002,41.110001,16.219998999999998,273.420013,125.709999,23.959999,2.963354082,54,0.0688303200602362,0.0032788562304311504,0.0019536246714887038,34267.730776130025
2018-01-07,16735.10625,1127763,1.55546253593228e+19,4211425.0,357803885,8.29416791613813e+21,686.11400249,4445057.428571428,125.330002,41.110001,16.219998999999998,273.420013,125.709999,23.959999,2.963354082,54,0.06733296316270793,0.003151902612795834,0.0018753689962145391,34267.730776130025
2018-01-08,15632.41125,1158246,1.5905179623161e+19,4209350.0,358382276,8.29416791613813e+21,694.5264055,4445392.285714285,125.309998,41.360001,16.15,273.920013,125.629997,24.07,2.963354082,54,0.06863797863825159,0.0032318729958621057,0.0019176341477502488,34324.91628118997
2018-01-09,15242.93625,1150316,1.57541351630337e+19,4207300.0,358999482,8.29416791613813e+21,752.4182028,4445727.142857143,124.730003,41.240002,16.030001000000002,274.540009,123.949997,24.120001,2.963354082,54,0.06524188196705341,0.0032042274645956176,0.0018994232239234706,34243.37614619003
2018-01-10,14122.825,1125366,1.59364763479244e+19,4205225.0,359583062,8.29416791613813e+21,720.32570087,4446062.0,125.029999,41.18,16.02,274.119995,123.800003,24.059999,2.963354082,54,0.06456400601406499,0.00312964129550685,0.0019214074888593076,34273.22270073001
2018-01-11,13269.5975,1223960,1.84652894512079e+19,4202812.5,360134883,8.29416791613813e+21,697.44083354,4445073.857142857,125.440002,42.02,16.01,276.119995,124.309998,23.959999,2.963354082,54,0.061337036154735375,0.0033986155126216975,0.0022262980009458955,34636.49272503999
2018-01-12,13633.36375,1152553,1.70519968707853e+19,4200587.5,360625369,8.29416791613813e+21,617.63579417,4444085.714285715,126.959999,42.380001,16.27,277.920013,124.519997,23.709999,2.963354082,54,0.06098948732423846,0.003195984251457362,0.0020559020559020617,35284.724572559986
2018-01-13,14165.90625,943063,1.58475556668611e+19,4198725.0,361058371,9.56853274784391e+21,528.46632102,4443097.571428572,126.959999,42.380001,16.27,277.920013,124.519997,23.709999,2.963354082,54,0.057432651699066875,0.00261194054963484,0.0016562158571733006,35284.724572559986
2018-01-14,14217.3625,967573,1.7386115420149e+19,4196787.5,361438881,9.56853274784391e+21,491.32446483,4442109.428571428,126.959999,42.380001,16.27,277.920013,124.519997,23.709999,2.963354082,54,0.05587358967109457,0.0026770030864499052,0.0018170095539534665,35284.724572559986
2018-01-15,13519.92625,952991,1.64741791740021e+19,4194912.5,361887752,9.56853274784391e+21,510.11761779,4441121.285714285,126.959999,42.380001,16.27,277.920013,124.519997,23.709999,2.963354082,54,0.057387927961610866,0.002633388377288878,0.0017217037980785767,35284.724572559986
2018-01-16,12915.11625,999056,1.74822948222601e+19,4192925.0,362364774,9.56853274784391e+21,606.38246009,4440133.142857143,127.169998,41.84,16.25,276.970001,125.040001,23.58,2.963354082,54,0.05869027721755676,0.0027570450321973074,0.0018270611893134198,35222.274473230005
2018-01-17,10870.16875,1090512,1.85471118539618e+19,4190837.5,362866320,9.56853274784391e+21,675.09668652,4439145.0,126.139999,42.169998,16.059998999999998,279.609985,124.870003,23.639999,2.963354082,54,0.0653523886763368,0.0030052720241437675,0.0019383443985328938,35270.003228290014
2018-01-18,11340.65,1053517,1.92145902586969e+19,4188675.0,363352712,9.56853274784391e+21,656.89753535,4439455.285714285,125.860001,41.830002,15.97,279.140015,123.709999,23.610001,2.963354082,54,0.06695379821186553,0.002899433429851488,0.002008102053371406,35132.56256704001
2018-01-19,11137.36875,1027739,1.80714004852543e+19,4186612.5,363731907,9.56853274784391e+21,491.48999429,4439765.571428572,126.419998,41.790001,16.049999,280.410004,123.059998,23.65,2.963354082,54,0.06689162307727883,0.002825539855649782,0.0018886281691752951,35449.432144859995
2018-01-20,11742.94125,973522,1.97284764527199e+19,4184387.5,364105467,9.56853274784391e+21,429.4031975,4440075.857142857,126.419998,41.790001,16.049999,280.410004,123.059998,23.65,2.963354082,54,0.06080823632529217,0.002673736288612222,0.0020618079043691773,35449.432144859995
2018-01-21,12486.06625,985139,2.07827962256877e+19,4182050.0,364428633,9.56853274784391e+21,343.36269629,4440386.142857143,126.419998,41.790001,16.049999,280.410004,123.059998,23.65,2.963354082,54,0.06451333547003904,0.0027032425852224406,0.0021719940531499684,35449.432144859995
2018-01-22,11508.62,944978,1.87420240310806e+19,4179962.5,364798048,9.56853274784391e+21,314.61253947,4440696.428571428,126.650002,42.68,16.040001,282.690002,123.18,23.57,2.963354082,54,0.06535877969703249,0.0025904140802858683,0.0019587145202908736,35802.68931868
2018-01-23,10872.9025,900239,1.92510491084884e+19,4177750.0,365149760,9.56853274784391e+21,285.95800518,4441006.714285715,127.279999,42.639999,16.08,283.290009,123.709999,23.51,2.963354082,54,0.06602551893414756,0.002465396663549772,0.002011912339729021,36057.152062229994
2018-01-24,10830.9275,944565,1.95887190287484e+19,4175550.0,365530249,9.56853274784391e+21,283.49809897,4441317.0,128.830002,42.509998,16.559998999999998,283.179993,123.040001,23.280001,2.963354082,54,0.06444042341283299,0.0025840953042438903,0.0020472019634527926,36482.079064549995
2018-01-25,11629.375,841497,1.96371543294223e+19,4173575.0,365882457,1.11801318733988e+22,220.85446644,4438161.0,127.970001,42.139999,16.309998999999998,283.299988,124.050003,23.309999,2.963354082,54,0.06733756891452486,0.002299910760684544,0.0017564331576576059,36253.89974765998
2018-01-26,11524.345,807944,1.98406315446958e+19,4171637.5,366219352,1.11801318733988e+22,209.13221596,4435005.0,128.070007,42.389999,16.41,286.579987,123.589996,23.26,2.963354082,54,0.0665198050873798,0.0022061750576195657,0.0017746330516819008,36702.300941149915
2018-01-27,11005.615,870574,2.08013545871042e+19,4169675.0,366605451,1.11801318733988e+22,168.25469362,4431849.0,128.070007,42.389999,16.41,286.579987,123.589996,23.26,2.963354082,54,0.06542300529806681,0.0023746891859499383,0.0018605643316781837,36702.300941149915
2018-01-28,11452.23,768035,1.99575288494878e+19,4167700.0,366916089,1.11801318733988e+22,155.34485572,4428693.0,128.070007,42.389999,16.41,286.579987,123.589996,23.26,2.963354082,54,0.06703718878088859,0.0020932170134409125,0.0017850888590118783,36702.300941149915
2018-01-29,11412.79375,778138,1.91212748282548e+19,4165850.0,367258231,1.11801318733988e+22,145.75112922,4425537.0,127.349998,41.73,16.209999,284.679993,122.730003,23.32,2.963354082,54,0.06632926145802708,0.0021187762024590267,0.0017102906338475833,36253.99653919002
2018-01-30,10917.15125,838805,2.16503400224681e+19,4163762.5,367611051,1.11801318733988e+22,160.30090386,4422381.0,126.800003,40.849998,16.15,281.76001,122.010002,23.280001,2.963354082,54,0.06627690588645059,0.002281773079776103,0.0019365013103272385,35727.17011328004
2018-01-31,9914.4725,676270,1.52499000791324e+19,4162300.0,367924550,1.11801318733988e+22,162.20623626,4419225.0,127.650002,40.889999,16.35,281.899994,122.730003,23.25,2.963354082,54,0.054125574229257616,0.0018380670710883523,0.001364017907106884,35984.534797899985
2018-02-01,9970.30875,842398,2.05410931818776e+19,4160300.0,368309563,1.11801318733988e+22,214.02754492,4419442.142857143,128.070007,41.34,16.25,281.579987,120.699997,23.129999,3.004715232,40,0.052433846827476094,0.0022872009978193264,0.0018372854108055377,36061.95090614991
2018-02-02,8715.594990000001,854253,2.17082412159889e+19,4158200.0,368660032,1.11801318733988e+22,274.36258243,4419659.285714285,126.389999,39.57,15.66,275.450012,119.580002,23.27,3.004715232,40,0.062261147725527856,0.0023171836539090844,0.0019416802468707837,34814.12674122999
2018-02-03,8285.501240000001,714655,2.0739193847925e+19,4156225.0,368936648,1.11801318733988e+22,146.92776937,4419876.428571428,126.389999,39.57,15.66,275.450012,119.580002,23.27,3.004715232,40,0.059328581368551805,0.0019370669839229417,0.0018550044027003242,34814.12674122999
2018-02-04,9192.045,720904,2.28024780973141e+19,4154000.0,369184938,1.11801318733988e+22,111.31669812,4420093.571428572,126.389999,39.57,15.66,275.450012,119.580002,23.27,3.004715232,40,0.06490304818667088,0.001952690713509011,0.0020395535898434856,34814.12674122999
2018-02-05,8136.39,903239,2.41198385644508e+19,4151687.5,369493226,1.11801318733988e+22,173.7675019,4420310.714285715,126.709999,37.919998,15.74,263.929993,120.709999,23.370001,3.004715232,40,0.06856234017716341,0.0024445346665164574,0.0021573840843362325,33442.56914910001
2018-02-06,6332.37,999110,2.19997655823673e+19,4149562.5,369851566,1.23466318234703e+22,164.26998571,4420527.857142857,125.379997,38.25,15.65,269.130005,119.959999,23.42,3.004715232,40,0.0913284033629461,0.002701381018351562,0.0017818434935872067,33743.51921950998
2018-02-07,7270.5075,814500,2.00487733451874e+19,4147800.0,370167090,1.23466318234703e+22,123.52109098,4420745.0,124.790001,37.59,15.41,267.670013,118.82,23.6,3.004715232,40,0.10266808004879728,0.0022003576817161137,0.0016238253178551688,33402.54118994001
2018-02-08,7987.28125,746341,1.8766272974748e+19,4146162.5,370424765,1.23466318234703e+22,87.98500449,4422761.857142857,124.980003,36.41,15.46,257.630005,118.690002,23.6,3.004715232,40,0.10454189489054688,0.002014824791749547,0.0015199508046457092,32198.59879779001
2018-02-09,8086.7725,775346,1.91936446628723e+19,4144475.0,370702172,1.23466318234703e+22,88.36425123,4424778.714285715,124.769997,36.389999,15.39,261.5,117.940002,23.620001,3.004715232,40,0.1049785560082444,0.0020915604454564674,0.0015545652399212382,32627.3542155
2018-02-10,8930.13875,741833,2.04364746073901e+19,4142687.5,370976062,1.23466318234703e+22,88.79565618,4426795.571428572,124.769997,36.389999,15.39,261.5,117.940002,23.620001,3.004715232,40,0.10983553210132747,0.0019996788903322823,0.0016552266966073641,32627.3542155
2018-02-11,8045.44,818411,2.16655402650058e+19,4140800.0,371202925,1.23466318234703e+22,61.96458348,4428812.428571428,124.769997,36.389999,15.39,261.5,117.940002,23.620001,3.004715232,40,0.11106002644646533,0.0022047536398049667,0.0017547733320937573,32627.3542155
2018-02-12,8478.924990000001,914734,2.35666093585695e+19,4138725.0,371489295,1.23466318234703e+22,69.96971094,4430829.285714285,125.370003,37.040001,15.57,265.339996,118.459999,23.540001,3.004715232,40,0.11289406483483379,0.002462342824710467,0.0019087480452580283,33265.67609453999
2018-02-13,8766.8525,852822,2.4123133968514e+19,4136675.0,371768538,1.23466318234703e+22,68.57325292,4432846.142857143,126.080002,36.880001,15.62,266.0,118.989998,23.41,3.004715232,40,0.11357810602476932,0.002293959581915993,0.0019538230598775278,33537.280532
2018-02-14,8693.2525,937579,2.48420383121396e+19,4134437.5,372063189,1.23466318234703e+22,63.75846926,4434863.0,128.229996,37.439999,15.91,269.589996,117.669998,23.23,3.004715232,40,0.11117981822134278,0.0025199456106365847,0.0020120498179038745,34569.52410872001
2018-02-15,9659.2875,788513,1.8735838948123e+19,4132800.0,372365490,1.23466318234703e+22,64.08005499,4431548.285714285,128.380005,37.360001,15.91,273.02999900000003,118.07,23.129999,3.004715232,40,0.11533453076135683,0.002117578081685282,0.0015174858387294867,35051.59263677
2018-02-16,10110.83875,773217,2.25981160237455e+19,4130837.5,372644241,1.23466318234703e+22,58.25713445,4428233.571428572,127.959999,37.279999,15.73,273.109985,118.709999,23.290001,3.004715232,40,0.10934110539770206,0.002074946866011006,0.0018303061391032706,34947.15340749001
2018-02-17,10474.77125,770441,2.12305471569523e+19,4128975.0,372907287,1.23466318234703e+22,48.63875388,4424918.857142857,127.959999,37.279999,15.73,273.109985,118.709999,23.290001,3.004715232,40,0.10804522507030544,0.002066039004488534,0.0017195416094447835,34947.15340749001
2018-02-18,10855.9375,730164,2.32597724835123e+19,4126950.0,373149861,1.23466318234703e+22,44.58328081,4421604.142857143,127.959999,37.279999,15.73,273.109985,118.709999,23.290001,3.004715232,40,0.1053218770015535,0.0019567580650927804,0.0018838961763885022,34947.15340749001
2018-02-19,10537.00625,849880,2.28829667238947e+19,4124925.0,373435293,1.23466318234703e+22,50.9081119,4418289.428571428,127.959999,37.279999,15.73,273.109985,118.709999,23.290001,3.004715232,40,0.0990006315088571,0.002275842738838292,0.001853377265238879,34947.15340749001
2018-02-20,11416.03875,714634,2.08996169878258e+19,4123162.5,373741716,1.29166153528337e+22,52.23072575,4414974.714285715,126.239998,37.07,15.54,271.399994,118.190002,23.440001,3.004715232,40,0.06261234490609319,0.0019121065950261757,0.0016180412915401058,34261.53469976001
2018-02-21,10928.02,705377,2.51565348049382e+19,4121050.0,374047846,1.29166153528337e+22,40.68256761,4411660.0,125.660004,36.450001,15.54,270.049988,116.739998,23.530001,3.004715232,40,0.05995803705906177,0.0018857935088870956,0.0019476104318163548,33934.48257227995
2018-02-22,10727.9525,713584,2.24058825506686e+19,4119187.5,374325899,1.29166153528337e+22,37.60222865,4409051.571428572,126.300003,36.880001,15.66,270.399994,117.089996,23.450001,3.004715232,40,0.058098475881767184,0.0019063174680307119,0.001734655862903985,34151.52005339998
2018-02-23,9809.72125,739558,2.19867397260299e+19,4117337.5,374596429,1.29166153528337e+22,73.94810594,4406443.142857143,126.139999,37.700001,15.59,274.709991,118.129997,23.5,3.004715232,40,0.0652129037439546,0.0019742793650603645,0.001702205966922005,34651.91799003001
2018-02-24,10412.36875,704052,2.15296719946764e+19,4115525.0,374819339,1.29166153528337e+22,96.10766905,4403834.714285715,126.139999,37.700001,15.59,274.709991,118.129997,23.5,3.004715232,40,0.06200443800557186,0.0018783769318797075,0.0016668199374655166,34651.91799003001
2018-02-25,9585.285,528643,2.56496333302509e+19,4113387.5,375037743,1.29166153528337e+22,41.44060303,4401226.285714285,126.139999,37.700001,15.59,274.709991,118.129997,23.5,3.004715232,40,0.05912114904413978,0.0014095727959838964,0.00198578595317726,34651.91799003001
2018-02-26,9627.71625,669611,2.11826602706455e+19,4111625.0,375315893,1.29166153528337e+22,46.19035139,4398617.857142857,126.449997,37.91,15.68,277.899994,118.169998,23.469999,3.004715232,40,0.05800661097995645,0.0017841264185420468,0.0016399544069413171,35140.45340760001
2018-02-27,10272.9025,713393,2.37361425145105e+19,4109625.0,375644263,1.29166153528337e+22,50.54578675,4396009.428571428,125.129997,37.380001,15.48,274.429993,118.0,23.620001,3.004715232,40,0.059609058141888105,0.0018991185817737353,0.0018376441402122553,34339.42420080002
2018-02-28,10903.01875,806090,2.31831700192131e+19,4107687.5,375917303,1.29166153528337e+22,51.29908837,4393401.0,125.0,36.529999,15.46,271.649994,118.75,23.690001,3.004715232,40,0.060634994660301034,0.002144328003970597,0.001794833196308434,33956.24925
2018-03-01,10352.04625,819973,2.46383456054562e+19,4105625.0,376261398,1.29166153528337e+22,52.05574602,4393786.142857143,124.720001,36.48,15.54,267.700012,119.32,23.610001,3.082961849,23,0.057313534151220445,0.0021792642146085898,0.00190749239893181,33387.545764340015
2018-03-02,11100.2925,749016,2.33923309423381e+19,4103675.0,376561741,1.29166153528337e+22,42.01376982,4394171.285714285,125.389999,36.720001,15.56,269.079987,118.349998,23.51,3.082961849,23,0.05896925616846432,0.001989092141997506,0.0018110263643645777,33739.93930085002
2018-03-03,11305.1225,930019,2.70140446112294e+19,4101425.0,376827137,1.29166153528337e+22,37.96379904,4394556.428571428,125.389999,36.720001,15.56,269.079987,118.349998,23.51,3.082961849,23,0.05850487585961859,0.002468025544561564,0.002091418213928849,33739.93930085002
2018-03-04,11171.8175,802165,2.19748608763854e+19,4099575.0,377071672,1.29166153528337e+22,33.46586197,4394941.571428572,125.389999,36.720001,15.56,269.079987,118.349998,23.51,3.082961849,23,0.05798989285873569,0.0021273541863945696,0.001701286310392797,33739.93930085002
2018-03-05,11558.475,850558,2.40269336134816e+19,4097712.5,377377934,1.41330451057245e+22,44.53138052,4395326.714285715,125.18,37.150002,15.49,272.190002,118.029999,23.51,3.082961849,23,0.057801080847898444,0.00225386256950572,0.0017000535577254786,34072.74445036
2018-03-06,11246.7475,836883,2.55976946336745e+19,4095762.5,377673835,1.41330451057245e+22,37.24003205,4395711.857142857,126.529999,37.150002,15.78,272.880005,118.139999,23.450001,3.082961849,23,0.05431774463078242,0.0022158882147607604,0.0018111945757044471,34527.506759769996
2018-03-07,10735.88625,917543,2.57262386272318e+19,4093800.0,377975926,1.41330451057245e+22,34.8377064,4396097.0,125.720001,36.82,15.53,272.77999900000003,118.010002,23.43,3.082961849,23,0.05449149158381443,0.002427517037156488,0.0018202898550724609,34293.90174706
2018-03-08,9552.75875,915691,2.64461998651716e+19,4091775.0,378258010,1.41330451057245e+22,35.63080068,4397691.428571428,125.419998,36.799999,15.55,274.100006,118.690002,23.58,3.082961849,23,0.06260627803643179,0.0024208105996222,0.0018712315475777922,34377.62220431999
2018-03-09,8980.192490000001,881619,2.40111779165399e+19,4089950.0,378539983,1.41330451057245e+22,34.8459414,4399285.857142857,125.540001,37.490002,15.63,278.869995,117.910004,23.549999,3.082961849,23,0.06023791280115065,0.0023289983610529194,0.0016989387451126386,35009.339451169995
2018-03-10,9251.2925,810961,2.29602942211454e+19,4088200.0,378767332,1.41330451057245e+22,40.27322368,4400880.285714285,125.540001,37.490002,15.63,278.869995,117.910004,23.549999,3.082961849,23,0.05821773888982874,0.002141053178260896,0.0016245822502784963,35009.339451169995
2018-03-11,8680.6075,884558,2.48187211759503e+19,4086287.5,378986704,1.41330451057245e+22,39.61038377,4402474.714285715,125.540001,37.490002,15.63,278.869995,117.910004,23.549999,3.082961849,23,0.05654230427915834,0.0023340080025604274,0.001756077405137385,35009.339451169995
2018-03-12,9433.47374,844766,2.64334784914399e+19,4084275.0,379255016,1.41330451057245e+22,33.46783473,4404069.142857143,125.540001,37.509998,15.61,278.519989,118.589996,23.52,3.082961849,23,0.06147668993421761,0.0022274352727347977,0.0018703314320233214,34965.39969757999
2018-03-13,9047.5125,764096,2.60453149984192e+19,4082300.0,379526892,1.41330451057245e+22,60.67628875,4405663.571428572,125.779999,37.25,15.61,276.720001,119.190002,23.459999,3.082961849,23,0.059191383468715504,0.0020132855302385263,0.0018428664738266286,34805.841449060004
2018-03-14,9260.70875,574881,2.32741156550476e+19,4080500.0,379804028,1.41330451057245e+22,37.04036657,4407258.0,125.699997,37.029999,15.61,275.299988,120.239998,23.469999,3.082961849,23,0.05670048796571328,0.0015136253373279128,0.0016467870498496156,34605.207665700036
2018-03-15,7895.98875,617134,2.34513896340753e+19,4078700.0,380099682,1.41330451057245e+22,36.64624829,4406395.714285715,124.900002,36.830002,15.45,275.0,120.239998,23.559999,3.082961849,23,0.06860505531340691,0.0016236109347757886,0.001659330275863654,34347.50055
2018-03-16,8039.6025,593929,2.57757556642001e+19,4076750.0,380370755,1.41330451057245e+22,29.65177072,4405533.428571428,124.599998,37.169998,15.39,274.200012,119.809998,23.620001,3.082961849,23,0.06471657738225589,0.0015614475934144832,0.0018237934904601553,34165.32094679998
2018-03-17,8206.555,460732,2.41402189624677e+19,4074887.5,380594412,1.41330451057245e+22,21.51541723,4404671.142857143,124.599998,37.169998,15.39,274.200012,119.809998,23.620001,3.082961849,23,0.06483077988964007,0.001210559024182415,0.00170806919399768,34165.32094679998
2018-03-18,7667.99,534900,2.53047936093532e+19,4073000.0,380832332,1.48715063311814e+22,25.33293823,4403808.857142857,124.599998,37.169998,15.39,274.200012,119.809998,23.620001,3.082961849,23,0.06581951475306295,0.0014045551153466665,0.0017015622389438862,34165.32094679998
2018-03-19,8189.49125,582453,2.69074845778785e+19,4071062.5,381108271,1.48715063311814e+22,30.78064883,4402946.571428572,124.870003,36.560001,15.39,270.48999,119.43,23.52,3.082961849,23,0.06857135215791185,0.001528313721640536,0.0018093314812004627,33776.08586276996
2018-03-20,8597.3375,568358,2.17279612541995e+19,4069475.0,381392905,1.48715063311814e+22,31.3790795,4402084.285714285,124.309998,36.880001,15.28,270.950012,118.949997,23.66,3.082961849,23,0.07128875572708014,0.0014902164999634694,0.0014610464313653303,33681.795449819976
2018-03-21,9028.2975,573430,2.62083357952414e+19,4067575.0,381674205,1.48715063311814e+22,31.0252744,4401222.0,126.480003,37.889999,15.65,270.429993,119.080002,23.469999,3.082961849,23,0.07301699741150132,0.001502407007044136,0.0017623188405797084,34203.98632592998
2018-03-22,9023.7175,595109,2.45313808439144e+19,4065787.5,381944891,1.48715063311814e+22,27.72478850000001,4399932.857142857,125.980003,36.84,15.44,263.670013,120.260002,23.5,3.082961849,23,0.06655693355955439,0.0015581017419604652,0.0016495558887991688,33217.149028750035
2018-03-23,8411.6525,624132,2.28890368584255e+19,4064125.0,382206194,1.48715063311814e+22,26.25767336,4398643.714285715,127.610001,36.630001,15.58,258.049988,120.169998,23.42,3.082961849,23,0.06715491328390248,0.0016329719659122007,0.0015391202712554798,32929.759226729984
2018-03-24,8881.98625,538024,2.69133187279069e+19,4062175.0,382437087,1.48715063311814e+22,21.76498898,4397354.571428572,127.610001,36.630001,15.58,258.049988,120.169998,23.42,3.082961849,23,0.06843848333992886,0.0014068300860162132,0.001809723785106905,32929.759226729984
2018-03-25,8548.8125,442835,2.39325452354269e+19,4060487.5,382637595,1.48715063311814e+22,20.23147507,4396065.428571428,127.610001,36.630001,15.58,258.049988,120.169998,23.42,3.082961849,23,0.06702423074094291,0.0011573222437800447,0.0016092885752431838,32929.759226729984
2018-03-26,8429.331240000001,584451,2.50716608186348e+19,4058612.5,382909930,1.48715063311814e+22,26.98506764,4394776.285714285,128.279999,37.279999,15.72,265.109985,119.709999,23.309999,3.082961849,23,0.06250633131640362,0.0015263406723351363,0.0016858857643806077,34008.308610690015
2018-03-27,7854.6375,602492,2.61298704451511e+19,4056712.5,383180570,1.48715063311814e+22,27.51028124,4393487.142857143,127.489998,36.889999,15.57,260.600006,120.989998,23.42,3.082961849,23,0.06415701164247699,0.0015723448608054422,0.001757042619843025,33223.89424373999
2018-03-28,7863.255,543729,2.36227862134594e+19,4055025.0,383438736,1.48715063311814e+22,24.09273355,4392198.0,125.730003,36.209999,15.36,259.829987,121.309998,23.629999,3.082961849,23,0.06353973321767262,0.0014180335708179467,0.001588459547230196,32668.425044999964
2018-03-29,7866.36,565338,2.5974042404049e+19,4053125.0,383711835,1.48715063311814e+22,27.20122872,4391327.428571428,125.790001,36.970001,15.41,263.149994,121.900002,23.610001,3.082961849,23,0.04721373200519203,0.001473340013085601,0.0017465643241255716,33101.638008409995
2018-03-30,6861.325,570293,2.77872691854925e+19,4051100.0,383973884,1.48715063311814e+22,25.7646693,4390456.857142857,125.790001,36.970001,15.41,263.149994,121.900002,23.610001,3.082961849,23,0.05919095961413345,0.0014852390325587872,0.0018684905595091163,33101.638008409995
2018-03-31,6970.36375,479741,2.20732485724532e+19,4049500.0,384185116,1.48715063311814e+22,20.07447617,4389586.285714285,125.790001,36.970001,15.41,263.149994,121.900002,23.610001,3.082961849,23,0.059006219784948105,0.0012487235450318694,0.0014842644773765624,33101.638008409995
2018-04-01,6926.875,423275,2.79968664294928e+19,4047475.0,384380248,1.507989024898e+22,18.28180544,4388715.714285715,125.790001,36.970001,15.41,263.149994,121.900002,23.610001,3.145907759,18,0.05674516875269006,0.0011011882171427288,0.00185656964124036,33101.638008409995
2018-04-02,6986.835,494663,2.73494492686261e+19,4045525.0,384620631,1.507989024898e+22,21.39248333,4387845.142857143,127.260002,36.189999,15.65,257.470001,121.879997,23.6,3.145907759,18,0.05301769493057662,0.0012861062567389944,0.0018136371563099414,32765.632842200004
2018-04-03,7182.12,594093,2.8252478225601e+19,4043487.5,384906974,1.507989024898e+22,25.12929851,4386974.571428572,126.300003,36.959999,15.46,260.769989,120.940002,23.639999,3.145907759,18,0.05146353879061808,0.0015434716441380977,0.0018735201489620914,32935.25039300997
2018-04-04,7295.89,567822,2.56891665017216e+19,4041650.0,385175366,1.507989024898e+22,24.81899369,4386104.0,126.449997,36.919998,15.38,263.559998,120.690002,23.629999,3.145907759,18,0.04911018696763756,0.0014741908494740029,0.00170353802829959,33327.160956420004
2018-04-05,6769.48375,536152,2.72219083853002e+19,4039700.0,385438508,1.507989024898e+22,24.46293557,4385758.285714285,125.800003,37.619999,15.45,265.640015,119.790001,23.719999,3.145907759,18,0.05136766491586957,0.001391018252903781,0.0018051794764979464,33417.514683920046
2018-04-06,6766.5925,640370,2.41007198207145e+19,4037975.0,385697756,1.507989024898e+22,34.53138383,4385412.571428572,126.389999,36.889999,15.43,259.720001,121.099998,23.629999,3.145907759,18,0.049526585661454764,0.001660289669924862,0.0015982026011326354,32826.01066667
2018-04-07,6854.92125,499520,3.15160198871016e+19,4035725.0,385913476,1.507989024898e+22,27.16559493,4385066.857142857,126.389999,36.889999,15.43,259.720001,121.099998,23.629999,3.145907759,18,0.04614744037810527,0.0012943834073314404,0.002089936953568567,32826.01066667
2018-04-08,6964.4325,404612,2.82043927241293e+19,4033712.5,386110269,1.507989024898e+22,21.01734283,4384721.142857143,126.389999,36.889999,15.43,259.720001,121.099998,23.629999,3.145907759,18,0.046630002475466364,0.0010479182567402785,0.0018703314320233225,32826.01066667
2018-04-09,7125.53875,543827,2.55044395347238e+19,4031875.0,386361409,1.507989024898e+22,22.42407623,4384375.428571428,126.82,37.060001,15.56,261.0,121.300003,23.57,3.145907759,18,0.04769765310712958,0.0014075603497967365,0.0016912881402733628,33100.02
2018-04-10,6789.2675,565720,2.85304154313154e+19,4029825.0,386630566,1.507989024898e+22,22.98846383,4384029.714285715,127.120003,38.299999,15.62,265.149994,121.080002,23.51,3.145907759,18,0.04593119739308533,0.0014632055759399012,0.001891951132286602,33705.86803272998
2018-04-11,6824.49375,539435,2.80999332193583e+19,4027812.5,386894321,1.507989024898e+22,22.75353142,4383684.0,128.110001,38.73,15.69,263.76001,121.510002,23.49,3.145907759,18,0.04602264759418607,0.0013942696253740048,0.001863404358745845,33790.295144860014
2018-04-12,6941.63875,617401,2.72184233464553e+19,4025887.5,387190227,1.507989024898e+22,35.70920887,4384001.0,126.620003,38.709999,15.52,265.929993,120.620003,23.540001,3.145907759,18,0.04652655179297204,0.0015945676232163783,0.0018049483714443046,33672.056511449984
2018-04-13,7823.55875,646928,2.85896047509703e+19,4023825.0,387504213,1.507989024898e+22,36.36336175,4384318.0,127.449997,39.169998,15.68,265.149994,120.900002,23.540001,3.145907759,18,0.04264997733618612,0.0016694734619569155,0.001895876182050071,33793.36593985002
2018-04-14,8040.88125,493652,2.63405417043492e+19,4022112.5,387743376,1.64897405203126e+22,23.75939568,4384635.0,127.449997,39.169998,15.68,265.149994,120.900002,23.540001,3.145907759,18,0.042896687227533994,0.00127314102717257,0.0015973897025184879,33793.36593985002
2018-04-15,8083.57375,587008,3.03991009162269e+19,4020075.0,388008601,1.64897405203126e+22,24.30501194,4384952.0,127.449997,39.169998,15.68,265.149994,120.900002,23.540001,3.145907759,18,0.04266610123735271,0.0015128736798285562,0.0018435160261485192,33793.36593985002
2018-04-16,8160.4125,738311,2.69583912687437e+19,4018312.5,388297531,1.64897405203126e+22,25.73063079,4385269.0,127.629997,39.549999,15.72,267.329987,120.940002,23.459999,3.145907759,18,0.04266303452971212,0.0019014053426984062,0.0016348584282169555,34119.325438820044
2018-04-17,8030.57,608580,3.10458244440774e+19,4016287.5,388596483,1.64897405203126e+22,26.13707878,4385586.0,127.75,39.740002,15.8,270.190002,121.269997,23.459999,3.145907759,18,0.042958366211863226,0.0015660975500902822,0.0018827357777906899,34516.7727555
2018-04-18,7937.61,589411,3.04396709922124e+19,4014287.5,388893085,1.64897405203126e+22,25.31797642,4385903.0,127.849998,40.41,16.18,270.390015,120.300003,23.51,3.145907759,18,0.04320077912639947,0.0015156119322615367,0.0018459763484280313,34569.36287696997
2018-04-19,8188.71875,644586,3.39640570772464e+19,4012062.5,389207837,1.64897405203126e+22,27.6722839,4384043.428571428,127.599998,40.450001,16.26,268.890015,119.32,23.58,3.145907759,18,0.03673613450137659,0.0016561485631133373,0.002059708400833134,34310.36537621997
2018-04-20,8333.813740000001,653011,2.60805177936137e+19,4010350.0,389512342,1.64897405203126e+22,29.02296386,4382183.857142857,126.629997,40.220001,16.129998999999998,266.609985,118.459999,23.719999,3.145907759,18,0.036521931529009004,0.0016764834630066741,0.0015816208727776444,33760.821600720046
2018-04-21,8866.67,620004,3.07190245193872e+19,4008362.5,389795669,1.64897405203126e+22,28.40590158,4380324.285714285,126.629997,40.220001,16.129998999999998,266.609985,118.459999,23.719999,3.145907759,18,0.038613532499216764,0.0015905871955698924,0.0018629173989455144,33760.821600720046
2018-04-22,8830.05875,509549,3.01457779164764e+19,4006362.5,390046546,1.64897405203126e+22,21.73949684,4378464.714285715,126.629997,40.220001,16.129998999999998,266.609985,118.459999,23.719999,3.145907759,18,0.03908098549783875,0.0013063799826598132,0.0018281535648994505,33760.821600720046
2018-04-23,8868.161240000001,642648,2.92266290514443e+19,4004450.0,390359889,1.64897405203126e+22,29.13376866,4376605.142857143,125.620003,40.459999,15.67,266.570007,118.489998,23.870001,3.145907759,18,0.03917961559626947,0.0016462961951503167,0.0017724129142870373,33486.525079050014
2018-04-24,9191.82,774308,3.05792948767168e+19,4002462.5,390723140,1.64897405203126e+22,65.4108642,4374745.571428572,126.230003,40.009998,15.76,262.980011,117.949997,23.84,3.145907759,18,0.03482482624494719,0.0019817305931765393,0.0018544436668999267,33195.96757747003
2018-04-25,9373.3025,688526,2.40215799796107e+19,4000925.0,391034665,1.64897405203126e+22,91.73241634,4372886.0,125.410004,40.369999,15.61,263.630005,117.160004,23.940001,3.145907759,18,0.03451251100674317,0.001760779955403698,0.001456759125470782,33061.83998157002
2018-04-26,8807.515,660410,2.65353444193067e+19,3999162.5,391348462,1.64897405203126e+22,67.58831497,4370492.142857143,124.970001,40.959999,15.58,266.309998,117.980003,24.049999,3.145907759,18,0.0413394577177591,0.001687524199341302,0.0016092032731879315,33280.76071637
2018-04-27,9153.64125,675792,2.72957776904058e+19,3997387.5,391653624,1.72746127101045e+22,55.63050596,4368098.285714285,125.5,40.490002,15.57,266.559998,118.889999,24.030001,3.145907759,18,0.029980771960067487,0.0017254838423249213,0.0015801093864431235,33453.279749
2018-04-28,9144.38375,562244,2.55650926326829e+19,3995787.5,391918835,1.72746127101045e+22,41.9470722,4365704.428571428,125.5,40.490002,15.57,266.559998,118.889999,24.030001,3.145907759,18,0.02976178387568988,0.0014345929559624253,0.0014799227665306222,33453.279749
2018-04-29,9444.1425,541887,3.16612394519699e+19,3993812.5,392175959,1.72746127101045e+22,34.8862402,4363310.571428572,125.5,40.490002,15.57,266.559998,118.889999,24.030001,3.145907759,18,0.03035692566916778,0.0013817445653266063,0.001832819061318242,33453.279749
2018-04-30,9268.7175,642123,3.11301326566782e+19,3991875.0,392488775,1.72746127101045e+22,36.71911167,4360916.714285715,124.589996,40.5,15.38,264.51001,119.099998,24.129999,3.145907759,18,0.03139350424701581,0.0016360289539490652,0.001802074129191281,32955.30108785996
2018-05-01,8949.876240000001,632638,3.1466685207306e+19,3989900.0,392808416,1.72746127101045e+22,31.75790178,4358522.857142857,123.709999,40.23,15.24,264.980011,118.410004,24.290001,3.19244481,14,0.032933088347757156,0.0016105510325929472,0.0018215566238946753,32780.67689582999
2018-05-02,9029.47875,683381,2.79964551238034e+19,3988150.0,393118386,1.72746127101045e+22,38.88684015,4356129.0,123.650002,40.419998,15.42,263.200012,118.279999,24.4,3.19244481,14,0.03245718573271623,0.0017383592941389416,0.0016206704945360272,32544.682010200027
2018-05-03,9228.8525,663164,3.00566517166075e+19,3986262.5,393453789,1.72746127101045e+22,39.40065166,4356425.857142857,124.279999,40.279999,15.46,262.619995,118.809998,24.299999,3.19244481,14,0.03206627677591168,0.0016854939983815991,0.001739932015901367,32638.41271598001
2018-05-04,9572.69875,695589,2.79472046189264e+19,3984537.5,393772454,1.72746127101045e+22,39.37853649,4356722.714285715,124.540001,40.549999,15.54,266.019989,118.989998,24.33,3.19244481,14,0.0328705623263843,0.0017664745030641477,0.001617819460726847,33130.12969607999
2018-05-05,9817.5975,625684,3.17711265416195e+19,3982525.0,394064560,1.72746127101045e+22,32.17831497,4357019.571428572,124.540001,40.549999,15.54,266.019989,118.989998,24.33,3.19244481,14,0.02970841898606714,0.0015877702881984617,0.0018391802510880897,33130.12969607999
2018-05-06,9845.54375,533400,2.75752929400205e+19,3980812.5,394306313,1.72746127101045e+22,31.28195837,4357316.428571428,124.540001,40.549999,15.54,266.019989,118.989998,24.33,3.19244481,14,0.02956032115678765,0.0013527554147985453,0.001596290082028339,33130.12969607999
2018-05-07,9326.76125,660188,2.97992284114275e+19,3978937.5,394602630,1.72746127101045e+22,35.90014262,4357613.285714285,124.57,40.650002,15.52,266.920013,118.800003,24.379999,3.19244481,14,0.033895809972666675,0.0016730451086958036,0.0017250301880282928,33250.226019409994
2018-05-08,9424.99124,664930,2.80301079415452e+19,3977200.0,394914118,1.72746127101045e+22,34.29413578,4357910.142857143,124.589996,41.029999,15.51,266.920013,118.690002,24.469999,3.19244481,14,0.032696266263470164,0.0016837331705624157,0.0016226186029137113,33255.56335198995
2018-05-09,9039.02875,612043,3.1707081869162e+19,3975200.0,395217765,1.72746127101045e+22,30.52956993,4358207.0,124.330002,41.84,15.53,269.5,117.980003,24.469999,3.19244481,14,0.03421009652213874,0.0015486221880739598,0.0018354728063232045,33506.935539
2018-05-10,9327.04999,617381,3.09782751566922e+19,3973275.0,395523770,1.72746127101045e+22,26.71177891,4355264.428571428,125.18,42.139999,15.74,272.019989,118.93,24.360001,3.19244481,14,0.030610990279227944,0.0015609200933739077,0.0017932833387675298,34051.462223020004
2018-05-11,8920.25625,758779,2.59755455922326e+19,3971687.5,395826215,1.77978225276676e+22,38.61210375,4352321.857142857,125.0,42.150002,15.7,272.850006,119.230003,24.32,3.19244481,14,0.031465755113532216,0.0019169498412327237,0.0014594788520816142,34106.25075
2018-05-12,8408.35875,588527,3.41763926758508e+19,3969625.0,396083381,1.77978225276676e+22,28.38834405,4349379.285714285,125.0,42.150002,15.7,272.850006,119.230003,24.32,3.19244481,14,0.0349807578809527,0.0014858664317450876,0.001920256965295721,34106.25075
2018-05-13,8442.23875,483616,3.04478937255933e+19,3967775.0,396314349,1.77978225276676e+22,23.33858622,4346436.714285715,125.0,42.150002,15.7,272.850006,119.230003,24.32,3.19244481,14,0.03338343541938989,0.0012202838509892055,0.0017107651050155455,34106.25075
2018-05-14,8398.862490000001,636140,2.70492967848217e+19,3966125.0,396621879,1.77978225276676e+22,35.25774075,4343494.142857143,124.489998,42.470001,15.56,272.980011,118.599998,24.35,3.19244481,14,0.03324447438760101,0.001603895381676612,0.001519809333010947,33983.281023429976
2018-05-15,8711.38875,640168,3.01287258428155e+19,3964300.0,396937156,1.77978225276676e+22,37.83474629,4340551.571428572,122.480003,42.470001,15.33,271.100006,117.25,24.5,3.19244481,14,0.034102295887178426,0.0016127691507922227,0.0016928321313452192,33204.329548180016
2018-05-16,8159.25625,604416,3.74686593801014e+19,3962062.5,397232481,1.77978225276676e+22,32.35890796,4337609.0,122.290001,42.68,15.41,272.23999,116.800003,24.559999,3.19244481,14,0.03787233057840876,0.001521567416839712,0.002105238397666597,33292.22864933999
2018-05-17,8360.22875,629495,2.70492967848217e+19,3960412.5,397507113,1.77978225276676e+22,54.05727301,4337565.0,122.360001,43.34,15.47,272.01001,116.209999,24.59,3.19244481,14,0.03802510618973115,0.0015836068825264016,0.001519809333010947,33283.14509561001
2018-05-18,7996.82125,703262,3.03650585506681e+19,3958562.5,397806240,1.77978225276676e+22,70.13995212,4337521.0,122.410004,43.0,15.48,271.329987,117.209999,24.639999,3.19244481,14,0.03702463983577369,0.001767850599829706,0.0017061108741512681,33213.50479398995
2018-05-19,8237.3425,514447,3.1503467383058e+19,3956637.5,398050323,1.77978225276676e+22,31.42390531,4337477.0,122.410004,43.0,15.48,271.329987,117.209999,24.639999,3.19244481,14,0.03738749293388864,0.0012924169891956098,0.0017700742511666413,33213.50479398995
2018-05-20,8250.395,475729,2.96051293648319e+19,3954837.5,398283382,1.77978225276676e+22,24.98915763,4337433.0,122.410004,43.0,15.48,271.329987,117.209999,24.639999,3.19244481,14,0.03734914693150642,0.0011944485296150268,0.0016634130000346534,33213.50479398995
2018-05-21,8493.13125,622910,3.24359308721582e+19,3952875.0,398575511,1.77978225276676e+22,31.28915469,4337389.0,122.480003,43.43,15.54,273.369995,117.269997,24.620001,3.19244481,14,0.0368474768178377,0.0015628406231912226,0.0018224662495501872,33482.35780770999
2018-05-22,8324.025,588204,3.12751216301386e+19,3950987.5,398868211,1.77978225276676e+22,26.52413321,4337345.0,122.410004,42.849998,15.58,272.609985,117.089996,24.610001,3.19244481,14,0.03665778575191165,0.0014746825737887645,0.001757244268590715,33370.18935428994
2018-05-23,7951.51375,640753,3.33265589722262e+19,3948962.5,399178640,1.77978225276676e+22,30.82025138,4337301.0,122.540001,42.82,15.5,273.359985,117.940002,24.709999,3.19244481,14,0.03694645955855183,0.001605178573683201,0.0018725076576316237,33497.53283525998
2018-05-24,7614.96375,569796,2.98332614218805e+19,3947175.0,399467992,1.84982075657717e+22,29.75362781,4335903.571428572,123.589996,42.099998,15.69,272.799988,118.879997,24.68,3.19244481,14,0.0360212507690484,0.001426387123401867,0.0016127649836237487,33715.349425720044
2018-05-25,7599.9525,618168,3.78537157623894e+19,3944975.0,399746396,1.84982075657717e+22,30.37696335,4334506.142857143,123.209999,41.0,15.53,272.149994,119.620003,24.799999,3.19244481,14,0.03506939548114254,0.001546400433338741,0.002046345064936579,33531.600488590004
2018-05-26,7436.835,467745,3.45028395428538e+19,3942950.0,399971787,1.84982075657717e+22,22.51408114,4333108.714285715,123.209999,41.0,15.53,272.149994,119.620003,24.799999,3.19244481,14,0.032489396057551696,0.0011694449838783253,0.0018651990697031854,33531.600488590004
2018-05-27,7296.79625,442455,3.50239677755959e+19,3940900.0,400179126,1.84982075657717e+22,19.47089221,4331711.285714285,123.209999,41.0,15.53,272.149994,119.620003,24.799999,3.19244481,14,0.032374778003719844,0.0011056423767590517,0.0018933708928860096,33531.600488590004
2018-05-28,7383.2175,589209,3.42848362254558e+19,3938950.0,400438700,1.84982075657717e+22,29.12400991,4330313.857142857,123.209999,41.0,15.53,272.149994,119.620003,24.799999,3.19244481,14,0.03289825239678708,0.0014714087324726607,0.0018534139647613755,33531.600488590004
2018-05-29,7118.42375,604750,2.90425243594808e+19,3937212.5,400726046,1.84982075657717e+22,28.63684227,4328916.428571428,123.190002,40.93,15.44,269.019989,122.239998,24.969999,3.19244481,14,0.03081277528199706,0.0015091357450720834,0.0015700182980549887,33140.57298294998
2018-05-30,7491.61125,592855,3.7626991611656e+19,3935037.5,401020748,1.84982075657717e+22,22.66213792,4327519.0,123.370003,42.25,15.55,272.609985,121.419998,24.780001,3.19244481,14,0.03169389447377386,0.0014783649049500051,0.0020340885179210223,33631.89466727995
2018-05-31,7448.482740069699,627718,3.60002665786839e+19,3932912.5,401323854,1.84982075657717e+22,21.6541427,4327228.666666667,123.099998,41.880001,15.46,270.940002,121.220001,24.76,3.19244481,14,0.030467993334831755,0.0015641183392004403,0.001946148914735786,33352.71370432
2018-06-01,7518.3333289309985,692408,3.5541771773535e+19,3930837.5,401622469,1.84982075657717e+22,20.37476636,4326938.333333333,122.489998,42.029999,15.44,273.600006,120.300003,24.799999,3.2408529460000004,13,0.028903683788662975,0.0017240270488950158,0.0019213630102897098,33513.26418773999
2018-06-02,7630.403388155,521898,3.2642506123934e+19,3928937.5,401870324,1.84982075657717e+22,16.27842016,4326648.0,122.489998,42.029999,15.44,273.600006,120.300003,24.799999,3.2408529460000004,13,0.027810854612614715,0.0012986726534204103,0.001764630762622337,33513.26418773999
2018-06-03,7716.1450680606,531451,3.47983546443171e+19,3926900.0,402102321,1.84982075657717e+22,15.3074038,4326357.666666667,122.489998,42.029999,15.44,273.600006,120.300003,24.799999,3.2408529460000004,13,0.028114351493640517,0.001321681005666217,0.0018811744067953103,33513.26418773999
2018-06-04,7505.5892769261,702896,3.91879418929214e+19,3924612.5,402398877,1.84982075657717e+22,20.71075272,4326067.333333333,122.370003,41.599998,15.45,274.899994,119.43,24.780001,3.2408529460000004,13,0.026931270410228084,0.001746764318132031,0.002118472384612718,33639.51309047998
2018-06-05,7624.187970555799,655687,3.879241390091791e+19,3922425.0,402703128,2.12201659025037e+22,18.52827963,4325777.0,122.849998,41.5,15.52,275.100006,119.709999,24.75,3.2408529460000004,13,0.02747113511321323,0.001628214320699292,0.0018280919234632805,33796.035186899986
2018-06-11,6780.3408026703,587718,3.46104574578325e+19,3911862.5,404340363,2.12201659025037e+22,24.67101897,4325486.666666667,123.230003,42.41,15.94,278.559998,119.309998,24.66,3.2408529460000004,13,0.0394294833567788,0.001453522956846136,0.0016310172887832569,34326.94938922
2018-06-12,6525.329181606,654018,3.52522719872487e+19,3910050.0,404636460,2.12201659025037e+22,21.90653344,4325196.333333333,122.82,42.119999,15.87,278.920013,119.339996,24.709999,3.2408529460000004,13,0.039144991007251946,0.001616310107102064,0.0016612627888592235,34256.95599666
2018-06-13,6321.655964780601,658191,3.53954080094484e+19,3908262.5,404924731,2.12201659025037e+22,37.41423181,4324906.0,123.190002,41.959999,16.08,278.02999900000003,119.279999,24.67,3.2408529460000004,13,0.03942154856258815,0.0016254650546399943,0.0016680080717593356,34250.516132870005
2018-06-14,6601.3241577351,583184,3.76466574260858e+19,3906350.0,405213878,2.12201659025037e+22,28.01723114,4323618.857142857,123.379997,41.84,16.17,278.730011,120.269997,24.99,3.2408529460000004,13,0.04207501986050274,0.0014392004609476874,0.0017740981667652273,34389.70792098997
2018-06-15,6397.441169940699,629239,3.7360736735861105e+19,3904437.5,405498020,2.12201659025037e+22,23.19453295,4322331.714285715,121.339996,40.919998,15.6,277.130005,120.379997,24.969999,3.2408529460000004,13,0.04244040714886185,0.0015517683662179165,0.0017606241585252183,33626.953698179976
2018-06-16,6529.5440149899,442336,4.0571594391067e+19,3902362.5,405719230,2.12201659025037e+22,16.44224754,4321044.571428572,121.339996,40.919998,15.6,277.130005,120.379997,24.969999,3.2408529460000004,13,0.04283423190756645,0.001090251502251939,0.0019119357773861743,33626.953698179976
2018-06-17,6482.8686968609,435995,3.87661862542829e+19,3900400.0,405922325,2.12201659025037e+22,23.48902029,4319757.428571428,121.339996,40.919998,15.6,277.130005,120.379997,24.969999,3.2408529460000004,13,0.04208343006584494,0.0010740848018152241,0.0018268559460088386,33626.953698179976
2018-06-18,6711.6496699796,574863,3.98619445616536e+19,3898350.0,406202784,2.12201659025037e+22,17.52291191,4318470.285714285,121.110001,41.419998,15.51,276.559998,120.269997,24.969999,3.2408529460000004,13,0.0405505178096003,0.0014152118661993217,0.001878493539814899,33494.18163434
2018-06-19,6731.7101466428,621660,3.865169224202871e+19,3896412.5,406473511,2.18076923002769e+22,83.80865389,4317183.142857143,120.800003,41.34,15.36,275.5,120.970001,25.040001,3.2408529460000004,13,0.04065248803211093,0.0015293985540917572,0.0017723880046463206,33280.4008265
2018-06-20,6736.8677212375,584946,3.93929668505242e+19,3894475.0,406756848,2.18076923002769e+22,203.28532024,4315896.0,120.260002,41.599998,15.34,275.970001,119.910004,25.059999,3.2408529460000004,13,0.04044796215444223,0.001438072900004378,0.0018063794329134042,33188.15287220001
2018-06-21,6729.9259369514,562477,4.2811040694794e+19,3892350.0,407031429,2.18076923002769e+22,73.52012206,4314409.571428572,120.050003,40.75,15.36,274.23999,120.540001,24.99,3.2408529460000004,13,0.03998517487948216,0.0013819006590766237,0.0019631165051907126,32922.511622219965
2018-06-22,6099.445277340999,618787,3.800038701696151e+19,3890462.5,407309734,2.18076923002769e+22,68.9368202,4312923.142857143,120.339996,41.73,15.5,274.73999,120.529999,24.9,3.2408529460000004,13,0.04600457373504746,0.0015192050381982768,0.0017425221565731189,33062.20929764004
2018-06-23,6198.700823585898,483219,4.02448762173508e+19,3888462.5,407540027,2.18076923002769e+22,31.93798474,4311436.714285715,120.339996,41.73,15.5,274.73999,120.529999,24.9,3.2408529460000004,13,0.04669289481964039,0.0011856970309323752,0.0018454440599769372,33062.20929764004
2018-06-24,6142.3925697055,456881,4.38673009134016e+19,3886325.0,407753853,2.18076923002769e+22,27.03085817,4309950.285714285,120.339996,41.73,15.5,274.73999,120.529999,24.9,3.2408529460000004,13,0.045958687621100114,0.001120482361205303,0.002011551718053386,33062.20929764004
2018-06-25,6244.3284549671,614024,3.89640232971456e+19,3884362.5,408026415,2.18076923002769e+22,34.68013653,4308463.857142857,119.889999,40.759998,15.37,271.0,120.800003,24.860001,3.2408529460000004,13,0.03597238939936458,0.00150486335547663,0.0017867100636159866,32490.189729
2018-06-26,6148.4227054114,612971,3.69321781213367e+19,3882537.5,408296241,2.18076923002769e+22,32.34384664,4306977.428571428,119.260002,41.169998,15.33,271.600006,120.970001,24.99,3.2408529460000004,13,0.034888491240817776,0.0015012898441061082,0.0016935390325948315,32391.017258760014
2018-06-27,6140.191499548801,589272,3.05267326276436e+19,3881025.0,408558229,2.18076923002769e+22,32.15886049,4305491.0,118.580002,41.720001,15.12,269.350006,122.110001,25.139999,3.2408529460000004,13,0.03398211527488671,0.001442320722415311,0.0013998149005090277,31939.52425018001
2018-06-28,5954.526581813801,555073,4.02625644265847e+19,3879062.5,408817711,2.18076923002769e+22,27.15925646,4303244.285714285,118.220001,41.650002,15.07,270.890015,122.139999,25.139999,3.2408529460000004,13,0.03208409732064266,0.0013577518416270375,0.0018462551595188029,32024.617844190016
2018-06-29,6189.3092519378015,589840,3.758144686656111e+19,3877175.0,409090977,2.18076923002769e+22,27.41063627,4300997.571428572,118.650002,41.939999,15.15,271.27999900000003,121.720001,24.940001,3.2408529460000004,13,0.03348334696962181,0.0014418308717671865,0.0017233114971126,32187.37242391
2018-06-30,6343.8921999592,567354,3.56553834615319e+19,3875412.5,409332478,2.18076923002769e+22,23.60409759,4298750.857142857,118.650002,41.939999,15.15,271.27999900000003,121.720001,24.940001,3.2408529460000004,13,0.03372315273473006,0.0013860468701924014,0.001634991129303451,32187.37242391
2018-07-01,6373.277854120401,483601,3.68457860344434e+19,3873575.0,409543730,2.18076923002769e+22,16.792889600000002,4296504.142857143,118.650002,41.939999,15.15,271.27999900000003,121.720001,24.940001,3.242809435,12,0.03373291202646986,0.0011808287237116291,0.001689577490690088,32187.37242391
2018-07-02,6629.7495948521,638224,3.696446892081409e+19,3871812.5,409817560,2.3036823578322e+22,23.48063765,4294257.428571428,117.459999,41.240002,14.91,271.859985,121.349998,25.059999,3.242809435,12,0.034145106564939326,0.0015573368793665161,0.0016045818467611227,31932.673566240013
2018-07-03,6482.8305936314,659182,3.12444057511617e+19,3870362.5,410119698,2.3036823578322e+22,27.90259772,4292010.714285715,118.650002,41.599998,15.03,270.899994,122.0,24.98,3.242809435,12,0.03459572851380312,0.001607291732668739,0.001356280984005241,32142.28482989999
2018-07-04,6589.6327930083,609463,3.49481411483788e+19,3868687.5,410405882,2.3036823578322e+22,21.54452916,4289764.0,118.650002,41.599998,15.03,270.899994,122.0,24.98,3.242809435,12,0.034963883424900054,0.0014850250123851782,0.001517055553668672,32142.28482989999
2018-07-05,6538.6824323422,545411,3.6510126097314e+19,3866975.0,410677940,2.3036823578322e+22,19.76600519,4290003.5,119.050003,41.5,15.1,273.109985,122.349998,24.9,3.242809435,12,0.03500203438341311,0.0013280747439222082,0.0015848593871105815,32513.744533579957
2018-07-07,6570.4275920965,473890,4.10633874357923e+19,3863025.0,411187581,2.3036823578322e+22,16.56969368,4290243.0,119.050003,41.5,15.1,273.109985,122.349998,24.9,3.242809435,12,0.021373164956627538,0.001152491033040222,0.0017825108264680018,32513.744533579957
2018-07-08,6744.9886791676,492247,4.23712574109738e+19,3861050.0,411408252,2.3036823578322e+22,15.64479917,4290482.5,119.050003,41.5,15.1,273.109985,122.349998,24.9,3.242809435,12,0.021928517982932653,0.0011964927723423495,0.0018392838434047737,32513.744533579957
2018-07-09,6694.5308510827,626876,3.65407978382528e+19,3859350.0,411691266,2.3036823578322e+22,19.92606527,4290722.0,119.150002,42.439999,15.17,277.899994,121.959999,24.83,3.242809435,12,0.021846666753856277,0.0015226847197676522,0.001586190809423841,33111.784840899985
2018-07-10,6364.387589598199,665924,3.92302129602494e+19,3857487.5,411985143,2.3036823578322e+22,22.86071401,4290961.5,118.93,42.740002,15.12,278.899994,121.949997,24.84,3.242809435,12,0.02630388845552411,0.0016163786760630832,0.0017029349913138903,33169.57628642
2018-07-11,6360.446668195601,616206,3.59671456517917e+19,3855800.0,412260742,2.3036823578322e+22,20.44250057,4291201.0,117.639999,41.799999,14.86,276.859985,122.419998,25.01,3.242809435,12,0.02586837806364039,0.0014946996820764467,0.0015612892779904486,32569.808358540016
2018-07-12,6144.8101179498,944160,3.85043934203038e+19,3854037.5,412530956,2.3036823578322e+22,18.63321237,4291270.0,118.129997,41.880001,15.0,279.369995,122.410004,25.030001,3.242809435,12,0.0276921644035472,0.002288700972055052,0.0016714280633957287,33001.976671240016
2018-07-14,6254.6781291793,809614,3.52261208112032e+19,3850587.5,413056169,2.3036823578322e+22,15.01264127,4291339.0,118.129997,41.880001,15.0,279.369995,122.410004,25.030001,3.242809435,12,0.026555795794638046,0.0019600578825878763,0.0015291223067902258,33001.976671240016
2018-07-15,6366.3499035552,509919,3.57472586152938e+19,3848925.0,413275627,2.3036823578322e+22,15.27821656,4291408.0,118.129997,41.880001,15.0,279.369995,122.410004,25.030001,3.242809435,12,0.02496355869407954,0.001233847260003068,0.0015517442538793634,33001.976671240016
2018-07-16,6671.625919066801,583682,3.20200480621614e+19,3847425.0,413562381,2.3036823578322e+22,23.61292569,4291477.0,117.550003,41.57,14.85,279.339996,122.209999,24.959999,3.242809435,12,0.027120934241435902,0.0014113517737968531,0.0013899506567516865,32836.41736781999
2018-07-17,7315.5510403376,688516,4.09621114820544e+19,3845437.5,413890369,2.22422228784067e+22,24.94209666,4291546.0,116.279999,41.419998,14.67,280.470001,121.980003,25.07,3.242809435,12,0.03600579561399479,0.001663522641668427,0.001841637488572306,32613.051435810004
2018-07-18,7359.7370183427,770646,4.4693529278842e+19,3843262.5,414220524,2.22422228784067e+22,31.82668475,4291615.0,116.309998,41.439999,14.63,281.059998,121.489998,25.1,3.242809435,12,0.03498554406747872,0.0018604727562944224,0.002009400297945561,32690.087805260002
2018-07-19,7484.639670385401,636735,4.3934113181175505e+19,3841125.0,414530794,2.22422228784067e+22,28.82741906,4289624.428571428,115.809998,41.470001,14.42,280.0,122.260002,25.15,3.242809435,12,0.033965302607793416,0.0015360378751499942,0.001975257303253976,32426.79944
2018-07-20,7357.4456773198,651798,3.982955991668071e+19,3839200.0,414837954,2.22422228784067e+22,23.08779797,4287633.857142857,116.559998,41.32,14.59,279.679993,120.760002,24.950001,3.242809435,12,0.03467578869616303,0.001571211104758269,0.001790718496726702,32599.499424720016
2018-07-21,7424.7342378111,505453,3.52928484403719e+19,3837487.5,415089142,2.22422228784067e+22,17.37819099,4285643.285714285,116.559998,41.32,14.59,279.679993,120.760002,24.950001,3.242809435,12,0.03438257154234627,0.0012176974747270068,0.0015867500579105818,32599.499424720016
2018-07-22,7411.2005247349,458197,4.695445656536729e+19,3835212.5,415324654,2.22422228784067e+22,14.77231882,4283652.714285715,116.559998,41.32,14.59,279.679993,120.760002,24.950001,3.242809435,12,0.03449173842074698,0.0011032261041743984,0.0021110505376219315,32599.499424720016
2018-07-23,7730.2474798128,711244,4.25100339395027e+19,3833137.5,415641916,2.22422228784067e+22,26.12072165,4281662.142857143,116.0,41.119999,14.47,280.200012,119.269997,24.99,3.242809435,12,0.035369141907789614,0.0017111941135407526,0.0019112313626158514,32503.201392000003
2018-07-24,8325.801533665799,718783,4.12219488724667e+19,3831150.0,416002246,2.22422228784067e+22,29.64295029,4279671.571428572,116.040001,41.630001,14.58,281.609985,119.68,25.0,3.242809435,12,0.0388743124466667,0.001727834421355504,0.0018533196568444599,32678.022941009986
2018-07-25,8271.5979196832,776373,4.54824909249056e+19,3828937.5,416352873,2.22422228784067e+22,26.82417337,4277681.0,116.68,41.990002,14.68,284.01001,119.489998,24.879999,3.242809435,12,0.034663498322505565,0.0018646995141546675,0.0020448716467570843,33138.2879668
2018-07-26,7925.247395879201,639884,4.21143037873048e+19,3826875.0,416673563,2.22422228784067e+22,23.88022702,4274534.142857143,115.769997,42.389999,14.49,283.339996,119.260002,25.049999,3.242809435,12,0.03813036815647742,0.001535696182385346,0.0018934395189516063,32802.27048690001
2018-07-27,8254.2773483423,717386,4.32335213545081e+19,3824787.5,416992964,2.22422228784067e+22,20.72404572,4271387.285714285,115.830002,42.119999,14.57,281.420013,119.459999,25.02,3.242809435,12,0.035734655278815856,0.0017203791476922857,0.0019437590204385673,32596.880668630023
2018-07-28,8184.6955351747,564042,3.7259237252844495e+19,3822975.0,417253694,2.22422228784067e+22,16.74880998,4268240.428571428,115.830002,42.119999,14.57,281.420013,119.459999,25.02,3.242809435,12,0.03659891008236108,0.0013517963006937452,0.0016751579847271777,32596.880668630023
2018-07-29,8201.8900899474,484415,4.77588009539704e+19,3820850.0,417498989,2.55526389406631e+22,15.67077716,4265093.571428572,115.830002,42.119999,14.57,281.420013,119.459999,25.02,3.242809435,12,0.03688481597856401,0.0011602782587816038,0.0018690359561246569,32596.880668630023
2018-07-30,8166.3883602012,636111,3.9762331100401295e+19,3819175.0,417817065,2.55526389406631e+22,24.57789474,4261946.714285715,115.650002,42.540001,14.58,279.950012,119.050003,24.93,3.242809435,12,0.03634924191471494,0.0015224629467922761,0.001556094898563516,32376.219447700027
2018-07-31,7700.8341285235,689933,4.338008204595831e+19,3817337.5,418153307,2.55526389406631e+22,25.5829697,4258799.857142857,115.989998,42.41,14.61,281.329987,119.699997,24.98,3.242809435,12,0.03381340380298333,0.0016499522745613488,0.0016976752243356582,32631.46462947003
2018-08-01,7588.5861802231,705701,4.43848237655689e+19,3815462.5,418484015,2.55526389406631e+22,21.2832986,4255653.0,115.139999,41.880001,14.48,280.859985,118.459999,25.01,3.241878078,13,0.03415353941242661,0.0016863272543396909,0.0017369956922506844,32338.218392040017
2018-08-02,7547.3149505122,633985,4.50186400506829e+19,3813550.0,418795953,2.55526389406631e+22,25.20903778,4255992.571428572,114.519997,41.700001,14.43,282.390015,118.629997,25.15,3.241878078,13,0.03393724867308952,0.0015138279046359362,0.0017618000299390855,32339.303670629957
2018-08-03,7423.0743779862,688864,4.94986587643252e+19,3811475.0,419105616,2.55526389406631e+22,23.21487948,4256332.142857143,114.919998,41.490002,14.5,283.600006,119.220001,25.17,3.241878078,13,0.033915781950114084,0.0016436525155033952,0.0019371251196116455,32591.312122319992
2018-08-04,7396.0411215425,542806,5.27470291640576e+19,3809275.0,419372442,2.55526389406631e+22,17.19453121,4256671.714285715,114.919998,41.490002,14.5,283.600006,119.220001,25.17,3.241878078,13,0.03384197729735077,0.0012943292063048817,0.0020642497742226853,32591.312122319992
2018-08-05,7411.5152993623,495708,4.62705805917462e+19,3807275.0,419605780,2.55526389406631e+22,13.6299328,4257011.285714285,114.919998,41.490002,14.5,283.600006,119.220001,25.17,3.241878078,13,0.0338443756977201,0.0011813659954827123,0.0018107945993051104,32591.312122319992
2018-08-06,7402.3366337439,654365,3.89349768677376e+19,3805637.5,419905929,2.55526389406631e+22,17.7504862,4257350.857142857,114.330002,41.66,14.4,284.640015,119.290001,25.209999,3.241878078,13,0.03160037451364577,0.0015583609442199613,0.0015237164724218977,32542.89348423003
2018-08-07,6748.4414841816015,706475,4.47257819151738e+19,3803750.0,420226375,2.55526389406631e+22,18.61533926,4257690.428571428,114.589996,41.939999,14.43,285.579987,118.669998,25.18,3.241878078,13,0.03163407781042095,0.0016811771988371744,0.0017503390557442417,32724.609568010055
2018-08-08,6460.1531550102,649542,4.6377169736126e+19,3801787.5,420549729,2.55526389406631e+22,20.75086011,4258030.0,114.910004,41.630001,14.5,285.459991,118.790001,25.15,3.241878078,13,0.03241578644776627,0.0015445069993137482,0.0018149659549379792,32802.20870764997
2018-08-09,6482.9734487615015,629818,4.39906088130285e+19,3799925.0,420853877,2.55526389406631e+22,20.7502075,4253872.0,114.739998,41.25,14.52,285.070007,119.790001,25.299999,3.241878078,13,0.032015334716248844,0.0014965241724504775,0.0017215681290367313,32708.932033039982
2018-08-10,6092.5331036604,658349,5.18739555868404e+19,3797725.0,421163252,2.55526389406631e+22,20.41451761,4249714.0,114.690002,41.470001,14.41,283.160004,120.660004,25.48,3.241878078,13,0.030158349006218686,0.0015631681939809886,0.002030082126049649,32475.62142508001
2018-08-11,6391.599258365201,525905,5.30612866262808e+19,3795600.0,421418393,2.74419070584645e+22,15.39050663,4245556.0,114.690002,41.470001,14.41,283.160004,120.660004,25.48,3.241878078,13,0.035374420207314475,0.001247940309999711,0.001933585975392842,32475.62142508001
2018-08-12,6338.7389567451,477808,4.9192126407323e+19,3793662.5,421641639,2.74419070584645e+22,12.77525693,4241398.0,114.690002,41.470001,14.41,283.160004,120.660004,25.48,3.241878078,13,0.03503500670289485,0.0011332087626193864,0.0017925913932482914,32475.62142508001
2018-08-13,6260.1929950271,611686,4.72598544044097e+19,3791787.5,421945402,2.74419070584645e+22,19.92080467,4237240.0,112.959999,40.939999,14.1,282.100006,120.410004,25.49,3.241878078,13,0.0348507661104627,0.0014496804494151117,0.0017221782110012766,31866.016395659994
2018-08-14,6123.4476006082,656986,4.33154137016884e+19,3790087.5,422285139,2.74419070584645e+22,26.45582537,4233082.0,113.07,41.080002,14.17,283.899994,120.139999,25.59,3.241878078,13,0.03296426762998049,0.0015557876404454763,0.0015784403616485427,32100.57232158
2018-08-15,6332.606899928101,680291,5.18793245392639e+19,3788075.0,422626970,2.74419070584645e+22,22.16329503,4228924.0,111.190002,39.59,13.57,281.7799990000001,120.839996,25.59,3.241878078,13,0.0355754012775446,0.0016096724731031718,0.0018905145487424,31331.11865237001
2018-08-16,6273.888069539301,620626,4.934022162180111e+19,3786100.0,422944666,2.74419070584645e+22,24.04769454,4228908.857142857,111.099998,39.91,13.77,284.059998,120.830002,25.57,3.241878078,13,0.03552795827330483,0.0014673929000442814,0.001797988074104421,31559.065209680004
2018-08-17,6566.5952833952015,652800,4.819264572611391e+19,3784200.0,423265518,2.74419070584645e+22,24.88424895,4228893.714285715,112.129997,40.02,13.92,285.059998,120.980003,25.440001,3.241878078,13,0.03880770864334589,0.0015422943099276988,0.0017561697014511536,31963.776720560007
2018-08-18,6396.946368617199,502003,5.18058963028368e+19,3782200.0,423527508,2.74419070584645e+22,16.45331646,4228878.571428572,112.129997,40.02,13.92,285.059998,120.980003,25.440001,3.241878078,13,0.03904586295659925,0.0011852901889905106,0.0018878387785683133,31963.776720560007
2018-08-19,6516.6683821435,514081,4.51798133740276e+19,3780387.5,423772573,2.74419070584645e+22,17.04586085,4228863.428571428,112.129997,40.02,13.92,285.059998,120.980003,25.440001,3.241878078,13,0.039691839323987,0.0012131058797899127,0.0016463802343537133,31963.776720560007
2018-08-20,6299.395333125501,623584,4.7942394609414e+19,3778512.5,424086340,2.74419070584645e+22,29.07233893,4228848.285714285,112.690002,40.290001,13.88,285.670013,121.790001,25.379999,3.241878078,13,0.04014617263412489,0.001470417556953143,0.0017470503965804406,32192.154336310025
2018-08-21,6470.7335666523,589558,4.73936897678132e+19,3776662.5,424389020,2.74419070584645e+22,24.75227584,4228833.142857143,113.019997,40.560001,13.89,286.339996,121.379997,25.23,3.241878078,13,0.03380076121907175,0.0013891923971077291,0.0017270552540988415,32362.145488900012
2018-08-22,6355.881808845699,637962,5.01244934626504e+19,3774662.5,424712106,2.74419070584645e+22,24.27418043,4228818.0,113.269997,41.07,13.88,286.170013,121.860001,25.16,3.241878078,13,0.03207474949799067,0.0015021045809322892,0.0018265674231700093,32414.47651399996
2018-08-23,6503.8323619614,569143,4.72616789193922e+19,3772800.0,425009589,2.74419070584645e+22,19.30837036,4227403.142857143,112.199997,40.849998,13.65,285.790009,122.050003,25.32,3.241878078,13,0.032710278160218834,0.0013391297860811324,0.0017222446974513113,32065.638152429972
2018-08-24,6675.360682783199,632119,4.81570479009069e+19,3770975.0,425312934,2.88932133852765e+22,19.15356329,4225988.285714285,114.160004,41.16,13.92,287.51001,122.290001,25.200001,3.241878078,13,0.027919387870514047,0.0014862444789887344,0.0016667252360876871,32822.143891640044
2018-08-25,6725.0323269894,548589,4.4249892874704495e+19,3769287.5,425584111,2.88932133852765e+22,21.06312548,4224573.428571428,114.160004,41.16,13.92,287.51001,122.290001,25.200001,3.241878078,13,0.0252730428093202,0.0012890260369706331,0.0015314978048531459,32822.143891640044
2018-08-26,6689.8226825962,502401,5.76444814001688e+19,3767125.0,425817252,2.88932133852765e+22,27.80300602,4223158.571428572,114.160004,41.16,13.92,287.51001,122.290001,25.200001,3.241878078,13,0.025175038008639735,0.0011798512099739913,0.0019950872418207197,32822.143891640044
2018-08-27,6756.6289258733,664754,6.18913272306624e+19,3764812.5,426126391,2.88932133852765e+22,32.65580356,4221743.714285715,114.589996,41.439999,13.99,289.7799990000001,121.589996,25.1,3.241878078,13,0.024766657226875252,0.0015599925609864423,0.00214207144097725,33205.88892629001
2018-08-28,7084.293616736801,663712,5.13278411623355e+19,3762900.0,426453127,2.88932133852765e+22,45.21346372,4220328.857142857,113.68,41.25,13.84,289.920013,120.860001,25.1,3.241878078,13,0.025761281809910344,0.001556353929607837,0.0017764670366672095,32958.10707784
2018-08-29,7059.2312352573,669393,4.6407023879196705e+19,3761162.5,426790264,2.88932133852765e+22,23.64752291,4218914.0,114.199997,41.52,13.87,291.480011,121.019997,25.059999,3.241878078,13,0.025094472063940967,0.0015684354973945704,0.0016061565482655851,33287.01638175997
2018-08-30,6938.9145822993005,621109,5.15042464734302e+19,3759237.5,427103305,2.88932133852765e+22,24.10101603,4217425.714285715,113.639999,41.389999,13.7,290.299988,121.279999,25.08,3.241878078,13,0.02559001809609202,0.001454235995668542,0.0017825724604130014,32989.69034602001
2018-08-31,7028.447311565999,650921,5.16909021885971e+19,3757300.0,427428748,2.88932133852765e+22,25.25628116,4215937.428571428,113.510002,41.080002,13.65,290.309998,121.0,25.190001,3.241878078,13,0.023193406132913246,0.0015228760420204586,0.0017890326527314514,32953.088453599994
2018-09-01,7198.0584362259,564618,5.1187629453108e+19,3755412.5,427713442,2.88932133852765e+22,19.2117222,4214449.142857143,113.510002,41.080002,13.65,290.309998,121.0,25.190001,3.195810681,12,0.021860079722089483,0.0013200847683435678,0.001771614280853661,32953.088453599994
2018-09-02,7282.8585138311,495862,4.77266991772944e+19,3753612.5,427965464,2.88932133852765e+22,16.3033171,4212960.857142857,113.510002,41.080002,13.65,290.309998,121.0,25.190001,3.195810681,12,0.02169255144318902,0.0011586495680408454,0.0016518307791135176,32953.088453599994
2018-09-03,7260.251592559301,613203,4.8066899195691e+19,3751812.5,428269926,2.88932133852765e+22,19.91598267,4211472.571428572,113.510002,41.080002,13.65,290.309998,121.0,25.190001,3.195810681,12,0.018439702244628854,0.0014318142899438612,0.001663605171039407,32953.088453599994
2018-09-04,7361.2718642376,629613,4.30533105470126e+19,3750237.5,428590276,2.88932133852765e+22,24.1065379,4209984.285714285,112.93,40.950001,13.31,289.809998,120.029999,25.299999,3.195810681,12,0.017851890968211274,0.0014690323958726492,0.001490083846781537,32728.243074140002
2018-09-05,6913.1150129363,663893,4.322537108402191e+19,3748587.5,428925784,2.88932133852765e+22,31.82732747,4208496.0,113.32,40.889999,13.35,289.0299990000001,119.709999,25.209999,3.195810681,12,0.02549624616723363,0.0015478038970023775,0.001496038897011325,32752.87948668001
2018-09-06,6471.493883654001,666432,5.0144417537793294e+19,3746712.5,429260511,2.88932133852765e+22,31.29006024,4208826.857142857,113.540001,40.080002,13.31,288.160004,120.150002,25.209999,3.195810681,12,0.03135617084221145,0.001552511779961982,0.0017355085039916693,32717.687142320006
2018-09-07,6400.2687056583,689969,5.2627800115779e+19,3744812.5,429574892,3.01472311420143e+22,27.92194982,4209157.714285715,113.230003,40.07,13.32,287.600006,119.129997,25.280001,3.195810681,12,0.03051081741651493,0.0016061669637805554,0.0017456926597293689,32564.949542180017
2018-09-08,6181.744206956601,546132,5.2768911866389905e+19,3742937.5,429850622,3.01472311420143e+22,18.81937591,4209488.571428572,113.230003,40.07,13.32,287.600006,119.129997,25.280001,3.195810681,12,0.03146837752914743,0.0012705157839692507,0.0017503734129947737,32564.949542180017
2018-09-09,6253.9372013424,506822,5.64911846154981e+19,3740900.0,430101256,3.01472311420143e+22,18.37028897,4209819.428571428,113.230003,40.07,13.32,287.600006,119.129997,25.280001,3.195810681,12,0.03182065591296265,0.0011783783305203833,0.0018738432179521084,32564.949542180017
2018-09-10,6275.0831321787,614032,4.77870091017874e+19,3739212.5,430402654,3.01472311420143e+22,19.97514305,4210150.285714285,113.150002,40.060001,13.31,288.100006,119.57,25.23,3.195810681,12,0.03163448947075122,0.0014266454778877828,0.00158512099756948,32598.516255100014
2018-09-11,6275.6695882724,651085,4.8483143325052895e+19,3737450.0,430723637,3.01472311420143e+22,23.27470384,4210481.142857143,113.220001,40.509998,13.28,289.049988,118.660004,25.25,3.195810681,12,0.027884759894681248,0.001511607313995633,0.0016082121471343014,32726.239930409985
2018-09-12,6277.4944091253,599341,5.87774444324854e+19,3735350.0,431035835,3.01472311420143e+22,23.91441308,4210812.0,114.169998,40.75,13.39,289.119995,118.940002,25.16,3.195810681,12,0.027957588569448646,0.0013904667578276872,0.0019496796954785998,33008.829250910014
2018-09-13,6283.1841998225,607968,5.15426582223545e+19,3733500.0,431351783,3.01472311420143e+22,20.29803773,4210418.714285715,113.760002,40.73,13.35,290.829987,119.120003,25.09,3.195810681,12,0.02793739098631229,0.0014094482136405126,0.0017096979148616648,33084.81990277998
2018-09-14,6285.982466311401,620756,4.63846805150351e+19,3731850.0,431649755,3.01472311420143e+22,21.21893106,4210025.428571428,113.019997,40.959999,13.23,290.880005,118.550003,25.18,3.195810681,12,0.027450475173669137,0.0014381011290044634,0.0015386049981350256,32875.25729245998
2018-09-15,6280.3101068801,558326,4.8558553577878e+19,3730100.0,431933890,3.01472311420143e+22,15.69995673,4209632.142857143,113.019997,40.959999,13.23,290.880005,118.550003,25.18,3.195810681,12,0.026002391454155196,0.0012926191089103936,0.001610713546100922,32875.25729245998
2018-09-16,6281.4093556542,470014,4.938208688326369e+19,3728362.5,432176344,3.01472311420143e+22,13.07015213,4209238.857142857,113.019997,40.959999,13.23,290.880005,118.550003,25.18,3.195810681,12,0.025447035564279158,0.001087551427849554,0.0016380305922835806,32875.25729245998
2018-09-17,6273.2200825643,631051,4.61369209092983e+19,3726675.0,432509529,3.01472311420143e+22,17.45767671,4208845.571428572,113.610001,40.970001,13.31,289.339996,118.550003,25.059999,3.195810681,12,0.025492240354831133,0.0014590453104213572,0.001530386677700566,32871.91723489999
2018-09-18,6278.5954861797,638226,4.9584261746734e+19,3724900.0,432847884,3.01472311420143e+22,19.01368472,4208452.285714285,113.440002,41.310001,13.31,290.910004,117.309998,25.1,3.195810681,12,0.024768652585072437,0.0014744810442460198,0.0016447368421052615,33000.83143558001
2018-09-19,6282.6107265937,631534,5.39226074980134e+19,3722950.0,433187332,3.01472311420143e+22,17.09335521,4208059.0,113.879997,41.490002,13.4,291.220001,116.610001,25.09,3.195810681,12,0.019970739492704472,0.0014578773508547567,0.001788642122521987,33164.13284022
2018-09-20,6288.0701702962,628575,5.38702910344941e+19,3721025.0,433534402,3.07203263267169e+22,18.26192982,4205894.714285715,114.269997,41.509998,13.45,293.579987,117.150002,24.91,3.195810681,12,0.010458786604339744,0.0014498849390042177,0.0017535715754309583,33547.38423375004
2018-09-21,6317.6996850165015,715374,5.15009661805816e+19,3719225.0,433904837,3.07203263267169e+22,25.61259462,4203730.428571428,113.489998,41.77,13.44,291.98999,117.099998,24.99,3.195810681,12,0.010260640134728986,0.001648688696226726,0.0016764459346186099,33137.943381120014
2018-09-22,6293.8364208374,562396,5.4843193400839905e+19,3717287.5,434212861,3.07203263267169e+22,18.65597145,4201566.142857143,113.489998,41.77,13.44,291.98999,117.099998,24.99,3.195810681,12,0.0035638573681070844,0.0012952080661655023,0.0017852412379208288,33137.943381120014
2018-09-23,6289.6213269846985,507611,5.35023331437806e+19,3715412.5,434481748,3.07203263267169e+22,14.47737832,4199401.857142857,113.489998,41.77,13.44,291.98999,117.099998,24.99,3.195810681,12,0.0019905094239527003,0.001168313749280902,0.0017415939067434519,33137.943381120014
2018-09-24,6466.9945639118005,614666,5.28067491649624e+19,3713562.5,434802914,3.07203263267169e+22,15.50844294,4197237.571428572,113.470001,42.41,13.41,291.019989,116.800003,24.99,3.195810681,12,0.007600782919248674,0.0014136657786980701,0.0017189514396218294,33022.03844284999
2018-09-25,6391.385980592801,648239,5.96531752598488e+19,3711450.0,435139761,3.07203263267169e+22,20.31737127,4195073.285714285,113.650002,42.669998,13.59,290.75,116.68,25.01,3.195810681,12,0.008459442428971843,0.001489725964159823,0.0019418145050096535,33043.7380815
2018-09-26,6509.7766212475,628106,4.9514440623998706e+19,3709712.5,435464369,3.07203263267169e+22,20.1338664,4192909.0,113.050003,41.970001,13.49,289.880005,117.5,25.02,3.195810681,12,0.009594227069095424,0.0014423820746629215,0.00161178107606679,32770.935434890016
2018-09-27,6698.416046878901,633984,5.12818297618663e+19,3707925.0,435794883,3.07203263267169e+22,23.65350638,4190308.2857142864,112.050003,42.02,13.41,290.690002,117.580002,25.200001,3.195810681,12,0.011811375965046937,0.0014547761452261016,0.0016693126634292111,32571.815596170007
2018-09-28,6502.6881513173,673169,5.46063489538465e+19,3706000.0,436138163,3.07203263267169e+22,28.91825487,4187707.5714285714,112.760002,41.959999,13.73,290.720001,117.269997,25.26,3.195810681,12,0.014944311413043811,0.00154347648774776,0.0017775315396424147,32781.587894200005
2018-09-29,6576.6143197,552193,5.45839082803718e+19,3704100.0,436429273,3.07203263267169e+22,19.10685859,4185106.857142857,112.760002,41.959999,13.73,290.720001,117.269997,25.26,3.195810681,12,0.01509086882791796,0.0012652519758911771,0.0017768010567290485,32781.587894200005
2018-09-30,6647.3879467315,532057,5.74080044855816e+19,3702062.5,436703153,3.07203263267169e+22,15.42794706,4182506.142857143,112.760002,41.959999,13.73,290.720001,117.269997,25.26,3.195810681,12,0.01518559428128355,0.0012183493440451527,0.0018687302952135284,32781.587894200005
2018-10-01,6603.7543420461,672466,5.60732372128794e+19,3700087.5,437030955,3.07203263267169e+22,21.82334691,4179905.4285714286,112.57,42.560001,13.62,291.730011,116.150002,25.299999,3.1853230530000003,9,0.015392880595762987,0.0015387148033941898,0.0018252813012638327,32840.04733827
2018-10-02,6576.354228941899,678534,4.8457004936562704e+19,3698375.0,437365682,3.07203263267169e+22,25.72269107,4177304.7142857136,113.870003,42.580002,13.79,291.559998,116.860001,25.34,3.1853230530000003,9,0.01552112794039548,0.0015514111598723926,0.0015773597070946653,33199.937846939996
2018-10-03,6481.2457703264,693998,5.15507333422902e+19,3696562.5,437772914,3.07203263267169e+22,21.36448501,4174704.0,113.419998,42.98,13.78,291.720001,114.830002,25.42,3.1853230530000003,9,0.016237947162271334,0.001585292232127454,0.0016780659422050957,33086.88192998
2018-10-04,6594.935785785799,642385,5.48232252830276e+19,3694687.5,438128459,3.20188465369959e+22,18.70916379,4175018.5714285714,113.480003,42.709999,13.71,289.440002,114.019997,25.43,3.1853230530000003,9,0.016724917430332113,0.0014662024043500903,0.0017122173723429597,32845.65229528
2018-10-05,6630.5752970678,688104,4.81475275275236e+19,3693062.5,438470914,3.20188465369959e+22,21.33672301,4175333.142857143,113.800003,42.66,13.75,287.820007,113.040001,25.4,3.1853230530000003,9,0.016730038322013165,0.0015693264433955132,0.0015037246101883136,32753.91766006002
2018-10-06,6595.2603262611,588469,4.63922920197108e+19,3691500.0,438776867,3.20188465369959e+22,17.57876392,4175647.7142857136,113.800003,42.66,13.75,287.820007,113.040001,25.4,3.1853230530000003,9,0.016786884050818032,0.0013411577598050537,0.0014489057863501494,32753.91766006002
2018-10-07,6591.6863183363,598247,5.31830977325499e+19,3689725.0,439093177,3.20188465369959e+22,13.06671747,4175962.2857142864,113.800003,42.66,13.75,287.820007,113.040001,25.4,3.1853230530000003,9,0.01678456787346792,0.0013624602506633803,0.0016609935548771236,32753.91766006002
2018-10-08,6662.8684995572985,646069,4.932947164648e+19,3688037.5,439420154,3.20188465369959e+22,16.79599849,4176276.857142857,112.540001,42.650002,13.53,287.820007,112.660004,25.43,3.1853230530000003,9,0.015436952952800191,0.0014702762131388266,0.0015406386232396812,32391.263875600005
2018-10-09,6663.021070746,621377,4.82563739732366e+19,3686412.5,439733041,3.20188465369959e+22,16.66631934,4176591.4285714286,112.599998,43.049999,13.53,287.399994,113.800003,25.42,3.1853230530000003,9,0.014934326156497786,0.0014130778041761933,0.0015071240594966213,32361.238749600012
2018-10-10,6619.495845138101,642587,5.358802767698071e+19,3684612.5,440060621,3.20188465369959e+22,15.6339373,4176906.0,112.879997,41.470001,13.45,278.299988,113.489998,25.389999,3.1853230530000003,9,0.014436367332050408,0.0014602238176635214,0.0016736401673640203,31414.501810540034
2018-10-11,6285.859202643001,686801,5.8659468358690095e+19,3682625.0,440397557,3.20188465369959e+22,18.41720560000001,4176697.4285714286,115.779999,40.209999,13.67,272.170013,114.870003,25.25,3.1853230530000003,9,0.018185430032961414,0.0015595022930610853,0.0018320294046480568,31511.843832969986
2018-10-12,6309.1989214047,693357,4.88453187740785e+19,3680975.0,440718819,3.20188465369959e+22,18.44585713,4176488.857142857,115.230003,40.369999,13.74,275.950012,114.470001,25.33,3.1853230530000003,9,0.016772192107635555,0.0015732411916814472,0.0015255177514792919,31797.720710610036
2018-10-13,6331.1311540774,573900,5.23493160064984e+19,3679212.5,440986713,3.20188465369959e+22,13.28476496,4176280.2857142864,115.230003,40.369999,13.74,275.950012,114.470001,25.33,3.1853230530000003,9,0.016415389721405476,0.001301399754418451,0.0016349532125091337,31797.720710610036
2018-10-14,6361.417016272901,524073,4.21865436782573e+19,3677787.5,441237175,3.20188465369959e+22,12.41784997,4176071.7142857136,115.230003,40.369999,13.74,275.950012,114.470001,25.33,3.1853230530000003,9,0.016116157835926924,0.0011877353715719896,0.001317553511164533,31797.720710610036
2018-10-15,6721.5875032778,699161,6.038548922564111e+19,3675762.5,441574897,3.20188465369959e+22,23.09602031,4175863.142857143,116.0,40.119999,13.8,274.399994,114.419998,25.27,3.1853230530000003,9,0.022329623082166752,0.0015833350236845551,0.0018859358083330457,31830.399304
2018-10-16,6724.8330778968,678710,5.02562990639978e+19,3674075.0,441911899,3.20188465369959e+22,19.31942675,4175654.5714285714,115.800003,40.509998,13.78,280.399994,114.68,25.280001,3.1853230530000003,9,0.0222773422231471,0.001535849117292042,0.0015695849319846543,32470.320146399983
2018-10-17,6444.7470095938,673355,5.0549711387645e+19,3672350.0,442251190,3.20188465369959e+22,18.8500803,4175446.0,115.790001,40.189999,13.74,280.450012,114.0,25.41,3.1853230530000003,9,0.02493459894685583,0.001522562324818165,0.0015787486700758497,32473.307169930016
2018-10-18,6374.648862546899,654562,5.10669217453554e+19,3670625.0,442579700,3.0850115780363e+22,18.05926167,4175106.5714285714,115.919998,39.950001,13.7,276.399994,113.959999,25.52,3.1853230530000003,9,0.024525651592013406,0.0014789697765170884,0.0016553235037730714,32040.286751680014
2018-10-19,6372.6868170702,685189,5.150996449934791e+19,3668850.0,442907221,3.0850115780363e+22,17.65876226,4174767.142857143,116.010002,39.639999,13.74,276.25,113.709999,25.469999,3.1853230530000003,9,0.024433074864704078,0.001547026030537443,0.0016696846412529677,32047.7630525
2018-10-20,6407.4790849086,593948,5.0052946023189905e+19,3667062.5,443199459,3.0850115780363e+22,14.32509812,4174427.7142857136,116.010002,39.639999,13.74,276.25,113.709999,25.469999,3.1853230530000003,9,0.02451783630507538,0.0013401370149235673,0.0016224556944791134,32047.7630525
2018-10-21,6412.530490733901,554343,4.92653672663638e+19,3665337.5,443466573,3.0850115780363e+22,12.46404029,4174088.2857142864,116.010002,39.639999,13.74,276.25,113.709999,25.469999,3.1853230530000003,9,0.02452675985059254,0.0012500220619785023,0.0015969264950935014,32047.7630525
2018-10-22,6396.8801542538,676886,5.55754575836667e+19,3663400.0,443798733,3.0850115780363e+22,16.699511800000003,4173748.857142857,115.709999,39.18,13.68,275.01001,113.559998,25.559999,3.1853230530000003,9,0.024252823866800204,0.0015252094016230552,0.0018014667425994592,31821.407982089993
2018-10-23,6396.252324044001,683472,5.56150755654188e+19,3661475.0,444127078,3.0850115780363e+22,16.58331992,4173409.4285714286,116.389999,38.099998,13.83,273.609985,113.919998,25.52,3.1853230530000003,9,0.02425171938530842,0.0015389108970293409,0.0018027509511267191,31845.465880540014
2018-10-24,6407.667175230999,637730,3.98343474550474e+19,3660062.5,444453567,3.0850115780363e+22,16.94168952,4173070.0,116.660004,36.580002,13.79,265.320007,114.779999,25.65,3.1853230530000003,9,0.024257946006775086,0.0014348630483597851,0.0012912219759124253,30952.233077900026
2018-10-25,6405.5007258241,659213,4.92801858811358e+19,3658350.0,444775126,3.0850115780363e+22,17.53993992,4168307.2857142864,116.400002,37.0,13.74,270.079987,114.300003,25.719999,3.1853230530000003,9,0.01966153740918197,0.0014821264982340762,0.00159740683736766,31437.311026959975
2018-10-26,6392.1793373833,691989,5.08649336061144e+19,3656562.5,445098045,3.0850115780363e+22,17.91509911,4163544.5714285714,116.769997,36.720001,13.81,265.329987,114.989998,25.65,3.1853230530000003,9,0.019668960682858845,0.0015546889225271704,0.0016487761008174698,30982.581786000042
2018-10-27,6436.3554839280005,580044,4.84975003020317e+19,3654862.5,445386927,3.0850115780363e+22,13.09651959,4158781.857142857,116.769997,36.720001,13.81,265.329987,114.989998,25.65,3.1853230530000003,9,0.01972398585896349,0.001302337282117847,0.0015720362493064541,30982.581786000042
2018-10-28,6429.6871414323,560468,4.97456429159754e+19,3653112.5,445655896,3.0850115780363e+22,16.5139359,4154019.142857143,116.769997,36.720001,13.81,265.329987,114.989998,25.65,3.1853230530000003,9,0.019703634342921286,0.0012576250085110509,0.0016124945290364179,30982.581786000042
2018-10-29,6266.189682717802,708277,5.25745807091431e+19,3651287.5,445992247,3.0850115780363e+22,19.6041759,4149256.4285714286,116.309998,35.939999,13.59,263.859985,114.730003,25.719999,3.1853230530000003,9,0.013399186223246897,0.0015880926288837482,0.0017041939512787295,30689.554327630027
2018-10-30,6276.4644997238,697593,5.47713057282704e+19,3649362.5,446339104,3.0850115780363e+22,18.77140942,4144493.7142857136,115.800003,36.779999,13.61,267.769989,114.160004,25.83,3.1853230530000003,9,0.013439134787271816,0.0015629215404796798,0.0017754003297172046,31007.76552950997
2018-10-31,6321.713671307,707280,5.80103464560838e+19,3647325.0,446691515,3.0850115780363e+22,16.65229276,4139731.0,115.150002,37.040001,13.41,270.630005,113.580002,25.82,3.1853230530000003,9,0.008335627781263556,0.0015833746024927293,0.0018803931521388028,31163.045617010008
2018-11-01,6341.0948126498,692491,5.56127578905787e+19,3645400.0,447036207,3.0856784270125e+22,17.45938887,4140046.0,116.629997,37.389999,13.83,273.51001,113.410004,25.65,3.11946737,13,0.007930415545317999,0.0015490713932260973,0.0018022862461537187,31899.471645769972
2018-11-02,6360.141271921601,769107,5.0993518515074e+19,3643612.5,447390872,3.0856784270125e+22,18.32471846,4140361.0,116.650002,37.279999,13.86,271.890015,112.0,25.709999,3.11946737,13,0.007981717790887324,0.0017190940811148243,0.0016525869341623208,31715.970793530032
2018-11-03,6344.7389429436,641836,5.71231389057034e+19,3641600.0,447698264,3.0856784270125e+22,13.59185156,4140676.0,116.650002,37.279999,13.86,271.890015,112.0,25.709999,3.11946737,13,0.00783383484963383,0.0014336352217796404,0.0018512343478710783,31715.970793530032
2018-11-04,6405.139754680699,619053,4.5745711731476e+19,3640062.5,447972721,3.0856784270125e+22,12.83578294,4140991.0,116.650002,37.279999,13.86,271.890015,112.0,25.709999,3.11946737,13,0.008291647466554686,0.001381898876829154,0.0014825171453710488,31715.970793530032
2018-11-05,6396.3521235412,712966,4.95569687816242e+19,3638262.5,448342212,3.0856784270125e+22,18.68872972,4141306.0,116.370003,37.919998,13.76,273.390015,112.440002,25.700001,3.11946737,13,0.008273111115918406,0.0015902272436484298,0.0016060315406749752,31814.396865720046
2018-11-06,6425.917801818498,694045,4.57047616392144e+19,3636662.5,448704036,3.0856784270125e+22,19.18392815,4141621.0,116.040001,38.02,13.65,275.119995,112.370003,25.639999,3.11946737,13,0.00836432587758454,0.00154677681570932,0.001481190043625672,31924.924494919997
2018-11-07,6514.4894527375,705096,4.70300602048942e+19,3635037.5,449065604,3.0856784270125e+22,20.33841084,4141936.0,116.029999,38.650002,13.67,281.01001,112.519997,25.59,3.11946737,13,0.009096613110417547,0.0015701402951360309,0.001524140033296596,32605.591179289993
2018-11-08,6412.524289058,700109,4.265395042709249e+19,3633525.0,449407667,3.0856784270125e+22,20.99890399,4142501.142857143,115.779999,37.77,13.56,280.5,112.510002,25.74,3.11946737,13,0.010167563758815137,0.0015578483666590405,0.0013823200127950242,32476.2897195
2018-11-09,6343.6325037562,704782,4.53539911151654e+19,3631937.5,449759650,3.0856784270125e+22,22.42896582,4143066.2857142864,114.480003,37.709999,13.32,277.76001,113.349998,25.790001,3.11946737,13,0.010569196832077698,0.0015670191845800307,0.0014698223482437326,31797.96677808003
2018-11-10,6365.655231516,595431,4.692257117933729e+19,3630300.0,450065882,3.0856784270125e+22,16.64920253,4143631.4285714286,114.480003,37.709999,13.32,277.76001,113.349998,25.790001,3.11946737,13,0.010422672447841215,0.0013229863089244344,0.0015206565521724475,31797.96677808003
2018-11-11,6327.480646104399,590374,5.2355551592579105e+19,3628475.0,450350185,3.0856784270125e+22,14.13978687,4144196.5714285714,114.480003,37.709999,13.32,277.76001,113.349998,25.790001,3.11946737,13,0.01051627825341528,0.0013109220772275247,0.0016967274079583475,31797.96677808003
2018-11-12,6327.154696064599,683380,4.96477474120523e+19,3626725.0,450698774,3.0856784270125e+22,19.17199757,4144761.7142857136,113.660004,36.869999,13.17,272.570007,114.089996,26.02,3.11946737,13,0.007775204521814524,0.0015162677145423077,0.0016089734749229973,30980.308085900026
2018-11-13,6282.438677162901,650636,4.272855805415471e+19,3625225.0,451035186,3.0856784270125e+22,18.07251239,4145326.857142857,113.699997,35.970001,13.15,272.059998,114.019997,25.93,3.11946737,13,0.00803908171264209,0.0014425393410437827,0.0013847378806586708,30933.220956420006
2018-11-14,5524.801093419301,727941,4.80901604265298e+19,3623537.5,451383664,3.0856784270125e+22,25.82337117,4145892.0,114.639999,35.939999,13.28,270.200012,114.089996,25.84,3.11946737,13,0.03508982831855612,0.0016126879593941176,0.0015584955323128034,30975.72910547999
2018-11-15,5511.1528335321,719899,4.53445448816388e+19,3621950.0,451724855,3.0856784270125e+22,38.65118054,4140221.4285714286,114.769997,36.509998,13.42,273.019989,114.040001,25.9,3.11946737,13,0.034966878627678215,0.0015936670121904184,0.0014695162167478546,31334.503318470033
2018-11-16,5448.6006335653,713928,4.50223289324672e+19,3620375.0,452063879,2.85757194027127e+22,36.92729384,4134550.857142857,115.620003,36.889999,13.53,273.730011,114.699997,25.709999,3.11946737,13,0.034765683649652004,0.001579263535895112,0.0015755448987294163,31648.664693010032
2018-11-17,5497.4112787322,594720,4.791146496835569e+19,3618562.5,452347677,2.85757194027127e+22,21.55099415,4128880.2857142864,115.620003,36.889999,13.53,273.730011,114.699997,25.709999,3.11946737,13,0.03511259457340004,0.0013147409177476554,0.0016766494761915756,31648.664693010032
2018-11-18,5553.014895008,549202,4.0699082763442495e+19,3617025.0,452599977,2.85757194027127e+22,18.03746701,4123209.7142857136,115.620003,36.889999,13.53,273.730011,114.699997,25.709999,3.11946737,13,0.03513837164087358,0.0012134379759369718,0.0014242540035432642,31648.664693010032
2018-11-19,4800.3428974568,674496,4.17778522996623e+19,3615450.0,452905201,2.85757194027127e+22,39.96948610000001,4117539.142857143,115.669998,36.82,13.55,269.100006,115.019997,25.690001,3.11946737,13,0.050256914759420276,0.001489265299914275,0.0014620052678602493,31126.79715581999
2018-11-20,4246.3127740611,768688,4.36558332599339e+19,3613800.0,453263260,2.85757194027127e+22,69.36765011,4111868.5714285714,115.669998,35.59,13.45,264.119995,115.059998,25.82,3.11946737,13,0.05648605874888144,0.0016958974349696907,0.0015277247317801435,30550.759293410014
2018-11-21,4478.299558294099,628170,3.47717063076235e+19,3612487.5,453572842,2.85757194027127e+22,49.95016009,4106198.0,115.860001,36.169998,13.6,265.019989,115.019997,25.82,3.11946737,13,0.05970909572394698,0.0013849374165131342,0.0012168269787924434,30705.21619055999
2018-11-22,4405.7440313629,656422,4.00924359396348e+19,3610962.5,453879428,2.85757194027127e+22,39.13421764,4104908.2857142864,115.860001,36.169998,13.6,265.019989,115.019997,25.82,3.11946737,13,0.05970137220233793,0.0014462475263364437,0.0014030245529296742,30705.21619055999
2018-11-23,4329.9172203207,639956,4.20379536935281e+19,3609400.0,454172916,2.85757194027127e+22,36.98433712,4103618.5714285714,115.769997,35.040001000000004,13.42,263.25,115.139999,25.870001,3.11946737,13,0.05959171217583975,0.001409058042553995,0.0014711074496881233,30476.45171025
2018-11-24,3728.8726484882,579231,4.67340043755336e+19,3607612.5,454433242,2.85757194027127e+22,31.17997638,4102328.857142857,115.769997,35.040001000000004,13.42,263.25,115.139999,25.870001,3.11946737,13,0.06706708519907272,0.0012746228630871154,0.001635444543562292,30476.45171025
2018-11-25,3951.20502915,569046,4.18221419088967e+19,3606025.0,454690791,2.85757194027127e+22,32.01112732,4101039.142857143,115.769997,35.040001000000004,13.42,263.25,115.139999,25.870001,3.11946737,13,0.07145964332159543,0.0012515010448056337,0.0014635551714203394,30476.45171025
2018-11-26,3640.5571648024,633473,3.6747162826570703e+19,3604637.5,454996224,2.85757194027127e+22,38.27901151,4099749.4285714286,115.639999,35.61000100000001,13.39,267.5,114.879997,25.92,3.11946737,13,0.07184712702923458,0.0013922599058756144,0.0012859575749852264,30933.6997325
2018-11-27,3792.1923641199,643303,4.3310570642301e+19,3603000.0,455302278,2.85757194027127e+22,37.38312649,4098459.7142857136,114.949997,35.49000200000001,13.29,268.399994,115.010002,25.99,3.11946737,13,0.07459600746345495,0.0014129140816642257,0.0015156423546834493,30852.578505100017
2018-11-28,4174.31997237,617607,3.89931759412558e+19,3601525.0,455602002,2.85757194027127e+22,38.73742361,4097170.0,115.379997,36.080002,13.43,274.579987,114.449997,25.860001,3.11946737,13,0.07727694870907754,0.0013555844734852592,0.001364556230124312,31681.03807632004
2018-11-29,4218.6083631146,614236,3.53755796277259e+19,3600212.5,455908845,2.85757194027127e+22,45.07238045,4095580.5714285714,115.739998,36.290001,13.43,273.980011,114.900002,25.82,3.11946737,13,0.07758232983122335,0.0013472780945936681,0.0012379593713524389,31710.445925179978
2018-11-30,3952.4478953992,596001,3.28434118493557e+19,3598950.0,456211804,2.85757194027127e+22,40.77812171,4093991.142857143,115.540001,36.139999,13.32,275.649994,115.330002,25.92,3.11946737,13,0.0784980376201726,0.0013064129309552017,0.0011493468068642172,31848.600582409996
2018-12-01,4178.60382773,591450,4.13536699064757e+19,3597400.0,456482758,2.85757194027127e+22,31.11731237,4092401.7142857136,115.540001,36.139999,13.32,275.649994,115.330002,25.92,3.026669917,12,0.08091238288180438,0.0012956677763500545,0.0014471611133804031,31848.600582409996
2018-12-02,4118.5182417699,507836,3.73821721737497e+19,3595975.0,456727973,2.85757194027127e+22,23.24535308,4090812.2857142864,115.540001,36.139999,13.32,275.649994,115.330002,25.92,3.026669917,12,0.0804851292317156,0.0011119003652530824,0.0013081795648581642,31848.600582409996
2018-12-03,3847.0327374089,576348,3.48605980153801e+19,3594550.0,457014033,2.42511198823501e+22,31.12664818,4089222.857142857,116.410004,37.0,13.49,279.299988,115.879997,25.93,3.026669917,12,0.07365494283877719,0.001261116636214976,0.001437484049582038,32513.31272027995
2018-12-04,3889.2921196935,679707,3.857014733270689e+19,3592825.0,457359836,2.42511198823501e+22,31.50009203,4087633.4285714286,117.120003,35.91,13.62,270.25,117.82,25.879999,3.026669917,12,0.06711369789581359,0.0014861536726631151,0.0015904480914622893,31651.68081075
2018-12-05,3713.5733827508,602408,3.64598362963086e+19,3591200.0,457658169,2.42511198823501e+22,26.31110179,4086044.0,117.120003,35.91,13.62,270.25,117.82,25.879999,3.026669917,12,0.06558010038991495,0.0013162837261624406,0.001503428974545789,31651.68081075
2018-12-06,3578.2066240384,655300,3.777302255739689e+19,3589512.5,457985920,2.42511198823501e+22,28.47570217,4086368.2857142864,117.139999,35.23,13.6,269.839996,118.190002,25.870001,3.026669917,12,0.06588715746055736,0.0014308300132894916,0.0015575784846491975,31609.056861600002
2018-12-07,3391.8741459694,663545,3.2571397714251e+19,3588087.5,458295066,2.42511198823501e+22,31.19535557,4086692.5714285714,118.089996,35.029999,13.73,263.570007,118.410004,25.799999,3.026669917,12,0.06669476440390566,0.0014478554303266273,0.0013430883964231433,31124.98107234997
2018-12-08,3452.6161853921003,533709,3.50900892670524e+19,3586500.0,458549733,2.42511198823501e+22,19.7523634,4087016.857142857,118.089996,35.029999,13.73,263.570007,118.410004,25.799999,3.026669917,12,0.05522236843617764,0.0011639064676982377,0.001446947169338389,31124.98107234997
2018-12-09,3507.3063671956,516271,3.58247546964824e+19,3584900.0,458794428,2.42511198823501e+22,16.83358837,4087341.142857143,118.089996,35.029999,13.73,263.570007,118.410004,25.799999,3.026669917,12,0.05258348463442377,0.0011252773976583692,0.0014772412519619583,31124.98107234997
2018-12-10,3419.7337684576,620281,3.48282280397884e+19,3583350.0,459090717,2.42511198823501e+22,22.97283382,4087665.4285714286,117.68,34.439999,13.65,264.070007,118.900002,25.969999,3.026669917,12,0.04852790153495065,0.0013511076940377342,0.0014361492668689619,31075.75842376
2018-12-11,3360.9466282565995,622306,3.52442127785255e+19,3581787.5,459386224,2.42511198823501e+22,23.31901099,4087989.7142857136,117.540001,34.439999,13.66,264.130005,118.879997,26.040001,3.026669917,12,0.04681268909068795,0.0013546466295428136,0.001453302484565925,31045.841051830004
2018-12-12,3414.8337488292,626580,3.35539534864754e+19,3580287.5,459686299,2.42511198823501e+22,22.35779149,4088314.0,117.790001,34.59,13.82,265.459991,118.349998,25.940001,3.026669917,12,0.03688284805270215,0.0013630599853923426,0.0013836042891732963,31268.532605349992
2018-12-13,3263.5479129873,642762,3.6742421176303e+19,3578650.0,459987119,2.42511198823501e+22,22.08826418,4087736.857142857,117.529999,34.66,13.86,265.369995,118.07,25.940001,3.026669917,12,0.03700386025287309,0.0013973478244289706,0.001515081421169504,31188.935246980007
2018-12-14,3212.207080727,696382,4.17098235654405e+19,3576825.0,460287512,2.42511198823501e+22,25.09538231,4087159.7142857136,117.059998,33.790001000000004,13.7,260.470001,118.480003,26.040001,3.026669917,12,0.03446248951892823,0.0015129282933924134,0.0017199132975214393,30490.617796119997
2018-12-15,3194.96227244,598783,4.16301857470237e+19,3574962.5,460559230,2.42511198823501e+22,18.37318136,4086582.5714285714,117.059998,33.790001000000004,13.7,260.470001,118.480003,26.040001,3.026669917,12,0.02814614388213833,0.0013001215934810382,0.0017166294154243179,30490.617796119997
2018-12-16,3200.6424680869,536369,3.19079079500968e+19,3573525.0,460803511,2.42511198823501e+22,14.84875261,4086005.4285714286,117.059998,33.790001000000004,13.7,260.470001,118.480003,26.040001,3.026669917,12,0.028684788238882288,0.0011639863568661047,0.0013157292572422313,30490.617796119997
2018-12-17,3478.4612026490004,696308,4.49136399339755e+19,3571525.0,461124101,2.42511198823501e+22,20.97551137,4085428.2857142864,117.870003,32.91,13.77,255.360001,119.169998,25.969999,3.026669917,12,0.03593992929305911,0.0015100230035471514,0.0018520233354940253,30099.284083950002
2018-12-18,3562.8949463603003,649663,3.6077109330767e+19,3569925.0,461440875,2.19319194609586e+22,26.57834854,4084851.142857143,118.150002,32.139999,13.75,255.080002,119.599998,25.959999,3.026669917,12,0.036609544418733785,0.0014079008497025756,0.0016449590467897033,30137.702746460003
2018-12-19,3709.3167592101,708704,3.7642472897870496e+19,3568062.5,461778246,2.19319194609586e+22,32.92958464,4084274.0,117.43,31.719999,13.69,251.25999500000003,121.18,25.969999,3.026669917,12,0.0366444834138647,0.0015347279914957276,0.001716332807298446,29505.461212850005
2018-12-20,4065.7999528499,649990,3.43473368045917e+19,3566375.0,462101009,2.19319194609586e+22,27.62806589,4083040.0,119.239998,30.809999,13.85,247.169998,120.739998,25.77,3.026669917,12,0.04236526057500789,0.0014065972316455167,0.0015660889538525802,29472.550067180004
2018-12-21,3824.7397939051,660839,3.55209764409737e+19,3564625.0,462420869,2.19319194609586e+22,30.95900116,4081806.0,118.720001,30.5,13.74,240.699997,120.720001,25.940001,3.026669917,12,0.04327330190802004,0.0014290855891281153,0.0016196018093265947,28575.903884539995
2018-12-22,3862.7263286473,552658,4.43555518972351e+19,3562437.5,462681776,2.19319194609586e+22,18.77646281,4080572.0,118.720001,30.5,13.74,240.699997,120.720001,25.940001,3.026669917,12,0.04319606754182748,0.0011944667559156252,0.0020224199699526166,28575.903884539995
2018-12-23,3949.7943416583,522599,4.4624999423446704e+19,3560237.5,462926226,2.19319194609586e+22,15.44952443,4079338.0,118.720001,30.5,13.74,240.699997,120.720001,25.940001,3.026669917,12,0.043321751553460346,0.001128903420563604,0.0020347056035329904,28575.903884539995
2018-12-24,4054.2962598168,582347,3.94533677104917e+19,3558337.5,463202091,2.19319194609586e+22,23.01715097,4078104.0,120.019997,29.27,13.87,234.339996,121.32,25.549999,3.026669917,12,0.04240780609813215,0.0012572201449755544,0.0017989017231584924,28125.485616900016
2018-12-25,3767.350023900901,489953,3.94771570889173e+19,3556350.0,463430651,2.19319194609586e+22,18.28673875,4076870.0,120.019997,29.27,13.87,234.339996,121.32,25.549999,3.026669917,12,0.04772189014782028,0.0010572304592774983,0.0017999864151968682,28125.485616900016
2018-12-26,3807.1530224727,544456,3.980890856652911e+19,3554387.5,463694793,2.19319194609586e+22,16.22660938,4075636.0,119.660004,31.120001,14.11,246.179993,120.019997,25.68,3.026669917,12,0.04767622642958076,0.0011741688891468746,0.001815112837587866,29457.898947099973
2018-12-27,3587.1982229208,617811,4.49133662034295e+19,3552212.5,463988750,2.19319194609586e+22,16.91659845,4072184.4,120.57,31.299999,14.3,248.070007,120.040001,25.57,3.026669917,12,0.04902399001398761,0.0013315215077951783,0.0020478538726799804,29909.80074399
2018-12-28,3865.5293004371,639451,4.19209173627113e+19,3550125.0,464305223,2.19319194609586e+22,17.97068908,4068732.8,121.059998,30.98,14.42,247.75,121.050003,25.5,3.026669917,12,0.051714133400757215,0.0013772212077829674,0.0019114112395559116,29992.614504499998
2018-12-31,3689.5646203364,553993,4.04558169660944e+19,3544262.5,465120975,2.41316854202662e+22,15.90842885,4065281.2,121.25,31.16,14.52,249.919998,121.510002,25.450001,3.026669917,12,0.05397778885861473,0.0011910729246299846,0.0016764604817912515,30302.7997575
2019-01-01,3715.5644411293,430421,4.1907983025474494e+19,3542400.0,465325537,2.41316854202662e+22,11.22870449,4061829.6,121.25,31.16,14.52,249.919998,121.510002,25.450001,2.95281538,10,0.05393239847435358,0.0009249889932432399,0.0017366372176507595,30302.7997575
2019-01-02,3882.304754348,585888,4.1967181849657295e+19,3540512.5,465612491,2.41316854202662e+22,18.0404076,4058378.0,121.330002,31.82,14.56,250.179993,122.150002,25.639999,2.95281538,10,0.05079325891989234,0.0012583167576576033,0.0017390903751137307,30354.339051049985
2019-01-03,3795.5927412969,602487,4.31250863576136e+19,3538575.0,465925016,2.41316854202662e+22,19.1678382,4058118.7142857136,122.43,31.51,14.75,244.210007,123.540001,25.5,2.95281538,10,0.051178644207485885,0.0012930986302740182,0.001787073120114371,29898.63115701
2019-01-04,3812.3811076791,588143,4.16217660742194e+19,3536712.5,466225825,2.41316854202662e+22,19.57925017,4057859.4285714286,121.440002,32.669998,14.73,252.389999,122.110001,25.459999,2.95281538,10,0.050138282281601894,0.0012614981162830266,0.0017247765893411127,30650.241983339998
2019-01-05,3809.9143429619,510108,4.68933933012648e+19,3534675.0,466492385,2.41316854202662e+22,12.27107591,4057600.142857143,121.440002,32.669998,14.73,252.389999,122.110001,25.459999,2.95281538,10,0.0429774978500128,0.001093496949580431,0.0019432290983655426,30650.241983339998
2019-01-06,4014.1331870739,513094,3.85302477013389e+19,3532912.5,466756900,2.41316854202662e+22,16.59508434,4057340.857142857,121.440002,32.669998,14.73,252.389999,122.110001,25.459999,2.95281538,10,0.042187798924066114,0.001099274590263154,0.0015966662514579498,30650.241983339998
2019-01-07,3989.6317409326,605722,3.9037730685255295e+19,3531150.0,467065582,2.41316854202662e+22,23.87585077,4057081.5714285714,121.860001,33.18,14.67,254.380005,121.75,25.35,2.95281538,10,0.04221698508252142,0.001296867128179871,0.0016176959878844907,30998.747663680006
2019-01-08,3992.9861439065,618858,4.73510918171209e+19,3529037.5,467390332,2.41316854202662e+22,20.94683492,4056822.2857142864,121.529999,33.48,14.69,256.769989,121.43,25.43,2.95281538,10,0.04182343858263328,0.001324071033630195,0.0019621958015976224,31205.256506400012
2019-01-09,3995.3251931641,615693,4.58463724491e+19,3526987.5,467709028,2.41316854202662e+22,24.16978699,4056563.0,122.309998,33.990002000000004,14.78,257.970001,121.239998,25.190001,2.95281538,10,0.04118544983525648,0.001316401786454291,0.0018998412937455843,31552.31030637
2019-01-10,3617.3462911588,646786,4.33533284837912e+19,3525037.5,468037855,2.41316854202662e+22,25.84515048,4055631.7142857136,121.589996,34.07,14.6,258.880005,120.459999,25.34,2.95281538,10,0.045096010311819125,0.001381909589342939,0.0017965313126194796,31477.218772429977
2019-01-11,3606.1648903844,623732,4.13836231164909e+19,3523187.5,468349097,2.41316854202662e+22,24.25918558,4054700.4285714286,121.800003,33.849998,14.64,258.980011,120.93,25.360001,2.95281538,10,0.04493104438980512,0.0013317672735899393,0.0017149081133693309,31543.766116740033
2019-01-12,3611.5282378524,511629,3.8677064272569e+19,3521462.5,468623925,2.41316854202662e+22,17.12273992,4053769.142857143,121.800003,33.849998,14.64,258.980011,120.93,25.360001,2.95281538,10,0.041981662585354705,0.0010917688421477841,0.0016027502264755755,31543.766116740033
2019-01-13,3497.6693915005,484995,3.80889064560989e+19,3519750.0,468876688,2.41316854202662e+22,14.17709438,4052837.857142857,121.800003,33.849998,14.64,258.980011,120.93,25.360001,2.95281538,10,0.03683953920227717,0.001034376441423763,0.0015783773819673275,31543.766116740033
2019-01-14,3654.3470673605,599565,4.36835688005746e+19,3517887.5,469193865,2.52715378809958e+22,19.99425343,4051906.5714285714,122.089996,33.77,14.66,257.399994,120.480003,25.360001,2.95281538,10,0.03731396108077478,0.001277861977159484,0.0017285678855905582,31425.964237860022
2019-01-15,3568.7512587365995,618207,3.873032625439969e+19,3516237.5,469521493,2.52715378809958e+22,21.20358949,4050975.2857142864,121.879997,33.900002,14.6,260.350006,120.040001,25.450001,2.95281538,10,0.037727005418965016,0.0013166745489114383,0.0015325670498084292,31731.457950229982
2019-01-16,3593.7217397683007,653009,3.89477686409007e+19,3514575.0,469873957,2.52715378809958e+22,25.07927963,4050044.0,122.269997,33.869999,14.63,260.980011,120.160004,25.48,2.95281538,10,0.03542569733523017,0.0013897535504399107,0.0015411712901805407,31910.025162029968
2019-01-17,3623.717336702,610155,3.7090155212944e+19,3512987.5,470195902,2.52715378809958e+22,23.48759589,4049616.5714285714,122.110001,34.200001,14.57,262.959991,120.190002,25.48,2.95281538,10,0.03524241190240707,0.0012976612458864007,0.001467665141219435,32110.04476396999
2019-01-18,3605.855186877701,625350,4.0204189656661295e+19,3511262.5,470523083,2.52715378809958e+22,20.91797749,4049189.142857143,121.019997,34.84,14.37,266.459991,119.559998,25.559999,2.95281538,10,0.03517332769195383,0.0013290527555265552,0.001590888130591168,32246.98731144003
2019-01-19,3690.9085636878,526843,3.87895503539809e+19,3509600.0,470800625,2.52715378809958e+22,17.577320620000002,4048761.7142857136,121.019997,34.84,14.37,266.459991,119.559998,25.559999,2.95281538,10,0.03592284700958448,0.0011190363224347886,0.0015349105597230253,32246.98731144003
2019-01-20,3544.2217242808,514495,4.5946122325733e+19,3507637.5,471064445,2.52715378809958e+22,14.42266508,4048334.2857142864,121.019997,34.84,14.37,266.459991,119.559998,25.559999,2.95281538,10,0.03357979857712351,0.0010921966313972179,0.001818097598258335,32246.98731144003
2019-01-21,3528.4635294479,596512,4.37663016192647e+19,3505762.5,471372150,2.52715378809958e+22,19.91907516,4047906.857142857,121.019997,34.84,14.37,266.459991,119.559998,25.559999,2.95281538,10,0.033593325555274334,0.0012654799397885514,0.0017318416404004035,32246.98731144003
2019-01-22,3581.5519472363,598604,3.81240272533416e+19,3504137.5,471684472,2.52715378809958e+22,20.9003654,4047479.4285714286,121.449997,34.02,14.39,262.859985,120.370003,25.559999,2.95281538,10,0.03411077102859779,0.0012690771808998623,0.0015085756724766196,31924.344389670045
2019-01-23,3549.770799097,681835,4.29948323229397e+19,3502312.5,472015211,2.52715378809958e+22,22.67278096,4047052.0,121.279999,33.669998,14.42,263.410004,120.32,25.5,2.95281538,10,0.03402620801735774,0.0014445191258889323,0.0017013144401976353,31946.36502171
2019-01-24,3562.9204764613,631256,4.716142678925129e+19,3500287.5,472344523,2.52715378809958e+22,22.98899396,4045998.5714285714,121.089996,33.860001000000004,14.36,263.549988,121.110001,25.65,2.95281538,10,0.021785403586001218,0.0013364312895822442,0.0018661874481614629,31913.266992720048
2019-01-25,3566.6661636996,627179,4.007114885993e+19,3498562.5,472676284,2.52715378809958e+22,24.82339222,4044945.142857143,122.860001,34.330002,14.74,265.77999900000003,120.529999,25.440001,2.95281538,10,0.021784118431740017,0.0013268679246873322,0.0015856236786469379,32653.730942920003
2019-01-26,3563.2780095528,585758,4.390367008118151e+19,3496687.5,472993299,2.52715378809958e+22,19.8801991,4043891.7142857136,122.860001,34.330002,14.74,265.77999900000003,120.529999,25.440001,2.95281538,10,0.021774294140674416,0.0012384065508716647,0.0017372773389543925,32653.730942920003
2019-01-27,3539.6209472447,496605,4.01535615338703e+19,3494975.0,473256690,2.52715378809958e+22,15.90784813,4042838.2857142864,122.860001,34.330002,14.74,265.77999900000003,120.529999,25.440001,2.95281538,10,0.01997019256514841,0.0010493354040066502,0.0015888847652625758,32653.730942920003
2019-01-28,3425.2621611882,636796,4.2106097835416895e+19,3493162.5,473586372,2.49737828519513e+22,24.16321392,4041784.857142857,123.290001,33.950001,14.79,263.76001,120.410004,25.459999,2.95281538,10,0.01765834798212961,0.0013446248406827044,0.0016860120104762975,32518.971896660012
2019-01-29,3395.0186452497,626782,4.21109002296575e+19,3491337.5,473924928,2.49737828519513e+22,23.14980149,4040731.4285714286,123.980003,34.07,14.88,263.410004,121.019997,25.469999,2.95281538,10,0.016852244526171692,0.0013225343571714378,0.0016862043079055287,32657.573086150012
2019-01-30,3441.0322154158,609602,3.92211562509716e+19,3489637.5,474249302,2.49737828519513e+22,21.22346169,4039678.0,124.690002,34.580002,15.05,267.579987,120.93,25.34,2.95281538,10,0.017248968437825182,0.0012854041058767863,0.001570493204152574,33364.54911418998
2019-01-31,3420.633226576,640456,4.5535606136438e+19,3487700.0,474592392,2.49737828519513e+22,29.03627429,4037774.0,124.75,34.740002000000004,15.05,269.929993,121.970001,25.389999,2.95281538,10,0.01694143609841439,0.0013494864452020124,0.0018233363526214902,33673.76662675
2019-02-01,3439.8056988758008,665415,4.49317082932886e+19,3485725.0,474929680,2.49737828519513e+22,33.11076701,4035870.0,124.5,35.32,14.92,270.059998,120.959999,25.389999,2.930993525,9,0.01713481828743605,0.0014010811032066895,0.0017991550803356934,33622.469751000004
2019-02-02,3433.0352852216,554215,4.17481191381688e+19,3483925.0,475222989,2.49737828519513e+22,18.92618462,4033966.0,124.5,35.32,14.92,270.059998,120.959999,25.389999,2.930993525,9,0.015345342494114803,0.0011662209380194778,0.0016716778305336652,33622.469751000004
2019-02-03,3404.499313399,521476,4.010498793922409e+19,3482200.0,475495754,2.49737828519513e+22,14.74322284,4032062.0,124.5,35.32,14.92,270.059998,120.959999,25.389999,2.930993525,9,0.011587202975482718,0.0010966995932417936,0.0016058835850769214,33622.469751000004
2019-02-04,3412.2304311019,616372,4.24262808186392e+19,3480362.5,475813887,2.49737828519513e+22,17.08811248,4030158.0,123.959999,35.43,14.88,271.959991,120.419998,25.459999,2.930993525,9,0.0116556956364269,0.0012954056551106924,0.001698832774760203,33712.160212400006
2019-02-05,3419.7678987458007,650498,4.2293335167817e+19,3478525.0,476174324,2.49737828519513e+22,17.21081291,4028254.0,124.279999,35.41,14.87,273.100006,120.970001,25.530001,2.930993525,9,0.010653636147042659,0.0013660921372988604,0.0016935093661436418,33940.86847258
2019-02-06,3367.5190315823,687619,4.7475372524864e+19,3476475.0,476516875,2.49737828519513e+22,21.79051765,4026350.0,123.440002,35.16,14.68,272.73999,121.029999,25.629999,2.930993525,9,0.01104985433944773,0.0014430108062804701,0.0019010084618059598,33667.02491107998
2019-02-07,3360.534075862,647015,5.01626307760806e+19,3474300.0,476852892,2.49737828519513e+22,16.74141122,4026647.2857142864,123.739998,34.360001000000004,14.77,270.140015,121.830002,25.690001,2.930993525,9,0.010855959659054278,0.0013568440306324073,0.0020086116337862366,33427.12491581997
2019-02-08,3591.0221518825,694282,4.705715909726569e+19,3472262.5,477193745,2.49737828519513e+22,20.91053599,4026944.5714285714,124.209999,34.200001,14.83,270.470001,122.349998,25.719999,2.930993525,9,0.02179015375694284,0.0014549268662354324,0.0018842623633042815,33595.07855374
2019-02-09,3617.4646801319,564086,4.34593712982204e+19,3470387.5,477486832,2.49737828519513e+22,17.75264078,4027241.857142857,124.209999,34.200001,14.83,270.470001,122.349998,25.719999,2.930993525,9,0.021860571908295635,0.001181364515618726,0.0017401997749341665,33595.07855374
2019-02-10,3621.1540027134,495935,4.10403811598503e+19,3468637.5,477748883,2.60340251433503e+22,13.62075475,4027539.142857143,124.209999,34.200001,14.83,270.470001,122.349998,25.719999,2.930993525,9,0.021747489338318833,0.0010380662679644612,0.001576413210553151,33595.07855374
2019-02-11,3593.1831765659003,692066,4.34554748619852e+19,3466825.0,478068598,2.60340251433503e+22,23.13798165,4027836.4285714286,123.599998,34.389999,14.72,270.619995,121.870003,25.82,2.930993525,9,0.019618234383589905,0.0014476290701695492,0.0016691800296998924,33448.630840760015
2019-02-12,3579.3418810265,826410,3.88110459737114e+19,3465225.0,478415273,2.60340251433503e+22,34.31602175,4028133.7142857136,123.860001,34.830002,14.73,274.100006,121.559998,25.73,2.930993525,9,0.019421590449515386,0.0017273905049431815,0.0014907816121405508,33950.02701726001
2019-02-13,3569.5548327757,765345,4.59270353276596e+19,3463312.5,478805537,2.60340251433503e+22,35.63755618,4028431.0,123.370003,35.29000100000001,14.59,274.98999,121.099998,25.870001,2.930993525,9,0.01928222154751801,0.0015984464273227483,0.0017641158090142828,33925.51589126997
2019-02-14,3558.3968581047,618703,4.32117805414118e+19,3461550.0,479136643,2.60340251433503e+22,26.180398,4021715.142857143,124.059998,35.389999,14.65,274.380005,121.790001,25.84,2.930993525,9,0.019200539867689402,0.0012912871704533772,0.0016598194210644028,34039.582871539984
2019-02-15,3566.2477646317,618553,3.768359786646169e+19,3459962.5,479454649,2.60340251433503e+22,26.46547377,4014999.2857142864,124.800003,36.02,14.82,277.369995,121.980003,25.790001,2.930993525,9,0.01918429564999797,0.0012901178480386368,0.0014474748971381002,34615.776208109986
2019-02-16,3596.4051912371,604952,4.5237752786044895e+19,3458087.5,479761813,2.60340251433503e+22,22.36572171,4008283.4285714286,124.800003,36.02,14.82,277.369995,121.980003,25.790001,2.930993525,9,0.019195778796467756,0.001260942375169822,0.0017376395903804247,34615.776208109986
2019-02-17,3606.1519884106,522919,4.7650627348828094e+19,3456100.0,480030838,2.60340251433503e+22,19.17235936,4001567.5714285714,124.800003,36.02,14.82,277.369995,121.980003,25.790001,2.930993525,9,0.018904069382056774,0.001089344597481881,0.0018303211695637153,34615.776208109986
2019-02-18,3865.3181649793,684675,4.682269960338929e+19,3454162.5,480378222,2.60340251433503e+22,29.40410079,3994851.7142857136,124.800003,36.02,14.82,277.369995,121.980003,25.790001,2.930993525,9,0.025695726200759834,0.0014252831803020412,0.0017985194124063026,34615.776208109986
2019-02-19,3904.4829202328,715469,4.7030918340350706e+19,3452212.5,480757982,2.60340251433503e+22,36.59295015,3988135.857142857,126.699997,36.119999,15.02,277.850006,122.290001,25.690001,2.930993525,9,0.025623892627653255,0.0014882103403121448,0.0018065173587789786,35203.59492664998
2019-02-20,3924.7398439211,694092,3.90770389755746e+19,3450600.0,481125284,2.60340251433503e+22,37.76184521,3981420.0,126.480003,36.279999,15.07,278.410004,121.940002,25.709999,2.930993525,9,0.024660082611420237,0.0014426429520174625,0.0015009987414702866,35213.298141150015
2019-02-21,3889.7584851849,648082,3.60284337770957e+19,3449100.0,481465880,2.60340251433503e+22,34.71560858,3980444.2857142864,125.050003,35.68,14.83,277.420013,120.849998,25.73,2.930993525,9,0.02500530402854105,0.001346060078026713,0.0013838979404342398,34691.373457910035
2019-02-22,3933.6075896328,739321,4.85770962465618e+19,3447075.0,481835334,2.60340251433503e+22,39.01280561,3979468.5714285714,125.5,35.79000100000001,14.95,279.140015,121.57,25.719999,2.930993525,9,0.0191917143005115,0.001534385188945068,0.0018659080176454974,35032.0718825
2019-02-23,4105.112758596099,570604,4.3492944793615294e+19,3445287.5,482141692,2.60340251433503e+22,25.43940867,3978492.857142857,125.5,35.79000100000001,14.95,279.140015,121.57,25.719999,2.930993525,9,0.021494887603334144,0.0011834778229467035,0.0016706192974052807,35032.0718825
2019-02-24,3763.6205157956,569543,4.1366821308237505e+19,3443575.0,482433811,2.60783802107564e+22,29.55542146,3977517.142857143,125.5,35.79000100000001,14.95,279.140015,121.57,25.719999,2.930993525,9,0.033494568299606786,0.001180561948631747,0.0015862496433415435,35032.0718825
2019-02-25,3819.8653414425,670193,4.33165493906306e+19,3441787.5,482776899,2.60783802107564e+22,38.85345862,3976541.4285714286,125.370003,35.84,14.9,279.519989,121.209999,25.700001,2.930993525,9,0.03349335977922601,0.001388204368080172,0.0016610137991915645,35043.421859489965
2019-02-26,3797.581789510301,704073,4.80352742221079e+19,3439775.0,483148703,2.60783802107564e+22,35.84517142,3975565.7142857136,125.580002,35.66,14.94,279.320007,121.809998,25.6,2.930993525,9,0.03353519367279055,0.001457259422675093,0.0018419577379386112,35077.00703770001
2019-02-27,3772.9363353275,679215,4.2519589839344304e+19,3438012.5,483510549,2.60783802107564e+22,32.66318415,3974590.0,124.690002,35.830002,14.75,279.200012,120.43,25.620001,2.930993525,9,0.03361055019218892,0.0014047573551492461,0.0016304536361428801,34813.45005468003
2019-02-28,3799.678542951,692856,4.5224193112055505e+19,3436137.5,483874774,2.60783802107564e+22,30.29594178,3973810.5714285714,123.989998,35.470001,14.63,278.679993,120.019997,25.639999,2.930993525,9,0.03355553912587807,0.0014318911363624838,0.0017341641906655743,34553.53177471002
2019-03-01,3811.6119793671,723753,4.91707025703574e+19,3434112.5,484232771,2.60783802107564e+22,30.48611973,3973031.142857143,121.879997,36.099998,14.2,280.420013,118.660004,25.74,2.8638736,8,0.03355116042220061,0.0014946386187480896,0.0018854968051304137,34177.59034317996
2019-03-02,3804.4191701095,631284,4.00477708108782e+19,3432462.5,484577430,2.60783802107564e+22,25.32153705,3972251.7142857136,121.879997,36.099998,14.2,280.420013,118.660004,25.74,2.8638736,8,0.033577589481713466,0.0013027515540705227,0.0015356694122574347,34177.59034317996
2019-03-03,3782.6641011218,555616,4.37415963279541e+19,3430637.5,484869826,2.60783802107564e+22,21.38429981,3971472.2857142864,121.879997,36.099998,14.2,280.420013,118.660004,25.74,2.8638736,8,0.033678556778297786,0.0011459075615895306,0.001677312623500759,34177.59034317996
2019-03-04,3689.8628931904,681621,4.122374247260929e+19,3428925.0,485218872,2.60783802107564e+22,28.45991569,3970692.857142857,121.559998,36.209999,14.15,279.399994,119.589996,25.77,2.8638736,8,0.02849346451764014,0.0014047701755507977,0.0015807631509109593,33963.86271184001
2019-03-05,3832.0808847342,706748,4.506545412944e+19,3427062.5,485591442,2.60783802107564e+22,29.02363002,3969913.4285714286,121.720001,36.099998,14.2,279.019989,119.839996,25.84,2.8638736,8,0.030397553982679838,0.0014554375116026036,0.001728077195179941,33962.31334009999
2019-03-06,3848.9563696825,738110,3.85280608845534e+19,3425462.5,485954697,2.60783802107564e+22,38.43684345,3969134.0,121.610001,35.59,14.15,277.329987,120.279999,25.84,2.8638736,8,0.030385404045764633,0.0015188864405605283,0.0014773947067717784,33726.099996399986
2019-03-07,3859.8399833296,689202,4.2611732370517e+19,3423687.5,486312885,2.60783802107564e+22,38.15885184,3969480.4285714286,121.510002,35.400002,14.09,275.01001,121.059998,26.07,2.8638736,8,0.03032295385096531,0.001417198723821599,0.0016339869281045754,33416.466865120026
2019-03-08,3828.3719040694,711508,4.41575838602992e+19,3421862.5,486675110,2.60783802107564e+22,34.53420729,3969826.857142857,122.839996,34.709999,14.41,274.459991,121.57,25.99,2.8638736,8,0.0301870373399972,0.0014619773754199182,0.0016932640564112098,33714.66419660004
2019-03-09,3898.8684595605,601872,4.22084194678159e+19,3420137.5,486998061,2.60783802107564e+22,24.54420613,3970173.2857142864,122.839996,34.709999,14.41,274.459991,121.57,25.99,2.8638736,8,0.028039477359952023,0.0012358817174017455,0.0016185215157805866,33714.66419660004
2019-03-10,3899.6558689562,521885,4.11001867478853e+19,3418437.5,487266298,2.60656906944718e+22,19.08668276,3970519.7142857136,122.839996,34.709999,14.41,274.459991,121.57,25.99,2.8638736,8,0.014616379763341125,0.0010710467810765767,0.0015767925442544334,33714.66419660004
2019-03-11,3851.2491896498,750665,4.250393971905791e+19,3416662.5,487652401,2.60656906944718e+22,30.82179358,3970866.142857143,122.239998,35.259998,14.37,278.440002,121.209999,25.93,2.8638736,8,0.014672186944749588,0.0015393444151216226,0.0016306469764130384,34036.5052876
2019-03-12,3866.2959463248,699020,4.3437248946049696e+19,3414875.0,488017516,2.60656906944718e+22,31.50427651,3971212.5714285714,122.980003,35.54000100000001,14.48,279.48999,122.059998,25.879999,2.8638736,8,0.014574311830058731,0.0014323666202177875,0.0016664530188437395,34371.679808669964
2019-03-13,3846.2744415121,716425,4.06622244739793e+19,3413187.5,488376936,2.60656906944718e+22,36.04315035,3971559.0,123.839996,35.919998,14.51,281.339996,121.830002,25.76,2.8638736,8,0.014524245102506718,0.001466950929066806,0.0015599902933937308,34841.143979280016
2019-03-14,3855.7443626577,741453,4.61835376555267e+19,3411250.0,488757000,2.60656906944718e+22,37.56437664,3970300.2857142864,122.410004,35.950001,14.24,281.160004,120.949997,25.84,2.8638736,8,0.01443741942786189,0.0015170176590821205,0.0017718133080326026,34416.79721428002
2019-03-15,3892.0523011383,719155,4.63489688560991e+19,3409337.5,489128410,2.60656906944718e+22,31.12448995,3969041.5714285714,122.970001,35.91,14.33,281.309998,121.75,25.799999,2.8638736,8,0.014602134916724172,0.0014702785307441047,0.0017781600111570852,34592.69073537
2019-03-16,3985.8512364813,612907,4.9273517380854096e+19,3407300.0,489450514,2.60656906944718e+22,22.36301366,3967782.857142857,122.970001,35.91,14.33,281.309998,121.75,25.799999,2.8638736,8,0.015717625906924756,0.0012522348684263513,0.0018903591682419673,34592.69073537
2019-03-17,3970.3890446061,538878,4.39175890204942e+19,3405475.0,489731212,2.60656906944718e+22,16.78071195,3966524.142857143,122.970001,35.91,14.33,281.309998,121.75,25.799999,2.8638736,8,0.01564324804167576,0.0011003546165646472,0.0016848810774006677,34592.69073537
2019-03-18,3974.4157640954,716932,4.87945608023948e+19,3403462.5,490089249,2.60656906944718e+22,22.37480548,3965265.4285714286,123.040001,36.439999,14.39,282.329987,121.68,25.77,2.8638736,8,0.013412560858092903,0.0014628600840823586,0.0018719841869658765,34737.88188280999
2019-03-19,3996.037130764,750460,5.234074436640929e+19,3401287.5,490469992,2.60656906944718e+22,22.30871865,3964006.7142857136,123.379997,36.330002,14.4,282.399994,121.410004,25.74,2.8638736,8,0.009634345330028105,0.0015300834143590176,0.0020080321285140586,34842.510412520016
2019-03-20,4027.7873954939,738360,4.7998721298051695e+19,3399275.0,490843715,2.60656906944718e+22,27.1997923,3962748.0,124.18,36.41,14.54,281.549988,122.68,25.59,2.8638736,8,0.009719290765934526,0.001504266994637998,0.001841452116526174,34962.87750984
2019-03-21,3974.8114294551,708212,4.32271857089283e+19,3397487.5,491214565,2.60656906944718e+22,35.53040752,3961729.2857142864,123.68,36.650002,14.5,284.730011,122.949997,25.75,2.8638736,8,0.010674010428319362,0.001441756923473961,0.0016583940251426463,35215.407760480004
2019-03-22,3987.3052249052,722817,4.87486490464183e+19,3395475.0,491578423,2.60656906944718e+22,27.14701994,3960710.5714285714,123.970001,35.630001,14.45,279.25,124.860001,25.799999,2.8638736,8,0.010255733018661629,0.0014704001766163769,0.0018702228004553614,34618.62277925
2019-03-23,3977.707443288,583493,4.372881432238911e+19,3393662.5,491888095,2.60656906944718e+22,17.94886278,3959691.857142857,123.970001,35.630001,14.45,279.25,124.860001,25.799999,2.8638736,8,0.009322263012473858,0.001186231189433442,0.0016776388101491372,34618.62277925
2019-03-24,3968.4387009854,559556,4.72487267146398e+19,3391787.5,492173945,2.73987364863131e+22,15.67630252,3958673.142857143,123.970001,35.630001,14.45,279.25,124.860001,25.799999,2.8638736,8,0.009372429415365936,0.0011369069933192014,0.0017244856067812713,34618.62277925
2019-03-25,3913.7817170518,716713,4.6931934445665e+19,3389937.5,492534077,2.73987364863131e+22,29.20096219,3957654.4285714286,124.919998,35.650002,14.56,279.040009,125.059998,25.799999,2.8638736,8,0.009533657708625368,0.001455154137487222,0.0017129233119603752,34857.67736619998
2019-03-26,3915.3753197805,686290,4.264444315708369e+19,3388262.5,492887277,2.73987364863131e+22,36.41495629,3956635.7142857136,124.300003,36.139999,14.47,281.119995,124.970001,25.879999,2.8638736,8,0.009501834573281633,0.0013923873307851685,0.0015564383116128918,34943.21622185999
2019-03-27,4018.5905096995,783494,4.7437359677205905e+19,3386400.0,493283268,2.73987364863131e+22,48.02051729,3955617.0,123.650002,35.889999,14.32,279.649994,126.120003,25.91,2.8638736,8,0.011428571412118036,0.0015883247027142222,0.0017313703389535136,34578.72231739999
2019-03-28,4008.3708718477,768228,4.6172671025921294e+19,3384575.0,493679721,2.73987364863131e+22,47.81690988,3952744.4285714286,121.900002,36.049999,14.07,280.709991,126.559998,26.0,2.8638736,8,0.011529042337744438,0.0015561263048112929,0.0016852116902904125,34218.54846431998
2019-03-29,4080.2601141916,764547,4.64621076470022e+19,3382737.5,494063472,2.73987364863131e+22,63.48208552,3949871.857142857,122.010002,36.029999,14.18,282.480011,126.440002,26.030001,2.8638736,8,0.012103507999126288,0.0015474671642998939,0.0016957755577601949,34465.38670707002
2019-03-30,4081.2216046987,684555,4.39310236540994e+19,3381000.0,494406776,2.73987364863131e+22,54.67372903,3946999.2857142864,122.010002,36.029999,14.18,282.480011,126.440002,26.030001,2.8638736,8,0.01058564523325669,0.0013845987418263054,0.0016033959695931571,34465.38670707002
2019-03-31,4094.7047913777,625975,4.4714511477921505e+19,3379262.5,494721323,2.73987364863131e+22,44.61425508,3944126.7142857136,122.010002,36.029999,14.18,282.480011,126.440002,26.030001,2.8638736,8,0.010468045078808113,0.0012653083077237808,0.0016319917343728028,34465.38670707002
2019-04-01,4135.1849399747,690259,4.26781372367265e+19,3377562.5,495074166,2.73987364863131e+22,61.8467373,3941254.142857143,121.529999,36.5,14.15,285.829987,124.370003,26.01,2.8103199410000004,12,0.010654947189677627,0.0013942537248045376,0.0015576680792578207,34736.91803428002
2019-04-02,4818.7706353498,887936,5.04036842898792e+19,3375600.0,495530545,2.73987364863131e+22,114.48978878,3938381.5714285714,121.980003,36.25,14.16,285.970001,124.599998,26.040001,2.8103199410000004,12,0.041565659639796394,0.0017918895393219403,0.0018396353538075783,34882.62157989001
2019-04-03,5102.1507526415,856229,4.462539664452729e+19,3373825.0,495959100,2.73987364863131e+22,142.10298824,3935509.0,121.800003,35.849998,14.2,286.420013,123.519997,26.0,2.8103199410000004,12,0.04312158984669476,0.0017264105044145777,0.0016287392182051785,34885.95844266004
2019-04-04,4875.5994313973,806470,4.55096114192611e+19,3372075.0,496372326,2.73987364863131e+22,154.4635303,3935691.142857143,122.110001,36.16,14.22,287.179993,123.870003,26.030001,2.8103199410000004,12,0.04563543778741702,0.0016247279668044992,0.0016610113186057028,35067.54923241
2019-04-05,5030.9332705867,883934,4.87450637304494e+19,3370100.0,496784306,2.73987364863131e+22,114.82307281,3935873.2857142864,121.980003,36.799999,14.17,288.570007,124.029999,26.059999,2.8103199410000004,12,0.045713961847084005,0.0017793114422580008,0.0017790989651949736,35199.770319570016
2019-04-06,5028.3210819427,677527,4.40751905484705e+19,3368362.5,497113983,2.74578277879344e+22,80.84759712,3936055.4285714286,121.980003,36.799999,14.17,288.570007,124.029999,26.059999,2.8103199410000004,12,0.045656219828138306,0.0013629208253431889,0.0016051958257177993,35199.770319570016
2019-04-07,5198.1731702888,621921,4.53502836839492e+19,3366600.0,497419200,2.74578277879344e+22,85.51644481,3936237.5714285714,121.980003,36.799999,14.17,288.570007,124.029999,26.059999,2.8103199410000004,12,0.04550218153515946,0.001250295525383821,0.0016516340634883417,35199.770319570016
2019-04-08,5260.2050430865,776675,4.64950288622032e+19,3364750.0,497816687,2.74578277879344e+22,130.54444043,3936419.7142857136,122.510002,36.98,14.31,288.790009,123.589996,25.969999,2.8103199410000004,12,0.044570313568065956,0.001560162646777648,0.0016933250955355683,35379.664580170014
2019-04-09,5179.997649217999,777610,4.20956244832443e+19,3363100.0,498211456,2.74578277879344e+22,114.92556114,3936601.857142857,123.150002,36.529999,14.28,287.309998,123.980003,25.98,2.8103199410000004,12,0.04532703916890545,0.001560803130147212,0.0015331010452961644,35382.226828319996
2019-04-10,5283.543757825,779763,4.71351680405299e+19,3361250.0,498617092,2.74578277879344e+22,111.78539463,3936784.0,123.529999,36.68,14.28,288.290009,124.279999,25.940001,2.8103199410000004,12,0.04529388099800649,0.0015638513250163515,0.0017166386359682166,35612.46452347999
2019-04-11,5049.6058235388,813435,4.98298382040144e+19,3359287.5,499049981,2.74578277879344e+22,115.28509796,3936075.857142857,121.949997,36.650002,14.02,288.209991,123.550003,26.02,2.8103199410000004,12,0.048242051783187086,0.001629966999237297,0.0018147771407434777,35147.207537820024
2019-04-12,5077.5158640878,772966,4.77400975955472e+19,3357400.0,499428773,2.74578277879344e+22,100.56571481,3935367.7142857136,121.830002,36.779999,14.05,290.160004,122.669998,25.959999,2.8103199410000004,12,0.04832826669417963,0.0015477001762571657,0.0017386698599852568,35350.19386764001
2019-04-13,5066.8670401606,595840,4.29421201257068e+19,3355712.5,499747434,2.74578277879344e+22,66.22119369,3934659.5714285714,121.830002,36.779999,14.05,290.160004,122.669998,25.959999,2.8103199410000004,12,0.04838943129559182,0.001192282259922519,0.0015639299822754569,35350.19386764001
2019-04-14,5158.3874010066,594251,3.88668374962639e+19,3354187.5,500042003,2.74578277879344e+22,57.42373876,3933951.4285714286,121.830002,36.779999,14.05,290.160004,122.669998,25.959999,2.8103199410000004,12,0.04826452685791397,0.0011884021670875516,0.0014155102798533421,35350.19386764001
2019-04-15,5045.6751659083,775820,4.57862025535959e+19,3352375.0,500440321,2.74578277879344e+22,78.96972247,3933243.2857142864,121.599998,36.529999,14.06,289.970001,122.980003,25.950001,2.8103199410000004,12,0.049345631991214195,0.0015502747629322219,0.001667510005060029,35260.35154166
2019-04-16,5184.2044677779,772119,4.63987626940435e+19,3350562.5,500824027,2.74578277879344e+22,76.56869368,3932535.142857143,120.510002,36.799999,14.07,290.160004,122.209999,26.01,2.8103199410000004,12,0.02965246086825152,0.0015416971997631417,0.0016898191310833475,34967.182662360006
2019-04-17,5220.9599338197,748387,4.36717597503019e+19,3348837.5,501207100,2.74578277879344e+22,77.14980905,3931827.0,120.279999,36.709999,14.05,289.450012,122.260002,25.99,2.8103199410000004,12,0.025658788930913314,0.0014931691909392344,0.0015905030830403951,34815.04715390999
2019-04-18,5276.558982329099,744209,4.7395377027632e+19,3346975.0,501587059,2.74578277879344e+22,72.41958659999997,3931319.2857142864,120.370003,36.549999,14.06,290.019989,122.900002,26.129999,2.8103199410000004,12,0.021838357773490035,0.0014837085340353648,0.0017261153137706914,34909.706945989965
2019-04-19,5266.6612458779,791178,4.835188692570431e+19,3345075.0,501989757,2.74578277879344e+22,78.43301725,3930811.5714285714,120.370003,36.549999,14.06,290.019989,122.900002,26.129999,2.8103199410000004,12,0.020599040157152686,0.0015760839518484439,0.001760950913493282,34909.706945989965
2019-04-20,5292.1483296981,688991,4.17142195806446e+19,3343437.5,502305448,2.74578277879344e+22,58.09103814,3930303.857142857,120.370003,36.549999,14.06,290.019989,122.900002,26.129999,2.8103199410000004,12,0.020572914005893027,0.0013716574302415291,0.0015192104744343536,34909.706945989965
2019-04-21,5276.5583181647,683505,5.105364521542369e+19,3341412.5,502591990,2.72860584985047e+22,50.31279868,3929796.142857143,120.370003,36.549999,14.06,290.019989,122.900002,26.129999,2.8103199410000004,12,0.01876583942421782,0.0013599599945872596,0.001871052399093166,34909.706945989965
2019-04-22,5398.4334166027,645228,4.26041626035542e+19,3339737.5,502927772,2.72860584985047e+22,70.12693315,3929288.4285714286,120.370003,37.310001,14.08,290.269989,122.309998,26.07,2.8103199410000004,12,0.019467290288566766,0.0012829436669088937,0.0015613894035259414,34939.79944673997
2019-04-23,5552.5219105461,715607,3.63814113313396e+19,3338287.5,503302469,2.72860584985047e+22,96.48121035,3928780.7142857136,120.120003,37.32,13.91,292.880005,122.57,26.16,2.8103199410000004,12,0.019973438363027715,0.0014218229475842289,0.0013333333333333333,35180.74707924001
2019-04-24,5432.9910174238,880285,5.20823871757022e+19,3336250.0,503740093,2.72860584985047e+22,130.67492641,3928273.0,120.470001,36.66,14.0,292.230011,123.57,26.290001,2.8103199410000004,12,0.02067511526664128,0.0017474983870303133,0.0019087545084078873,35204.949717400006
2019-04-25,5132.227526274,754024,4.46774645363963e+19,3334462.5,504130461,2.72860584985047e+22,94.30087588,3922761.2857142864,120.57,36.509998,14.0,292.049988,123.389999,26.34,2.8103199410000004,12,0.0228475718074763,0.0014956922033719363,0.0016373733325699884,35212.46705316
2019-04-26,5151.5745281681,769113,4.76885441014168e+19,3332575.0,504514038,2.72860584985047e+22,91.44744899,3917249.5714285714,121.370003,36.09,14.1,293.410004,123.809998,26.309999,2.8103199410000004,12,0.02282670996553361,0.0015244630318889164,0.0017477256417972632,35611.17306571001
2019-04-27,5200.1932393191,614072,4.4281382322642305e+19,3330862.5,504826307,2.72860584985047e+22,54.42092725,3911737.857142857,121.370003,36.09,14.1,293.410004,123.809998,26.309999,2.8103199410000004,12,0.022911841182231368,0.001216402535852792,0.0016228574136154168,35611.17306571001
2019-04-28,5152.5457396305,594392,5.006109062239729e+19,3328825.0,505128443,2.72860584985047e+22,47.95393039,3906226.142857143,121.370003,36.09,14.1,293.410004,123.809998,26.309999,2.8103199410000004,12,0.022594670028988625,0.0011767145727725333,0.0018346765116383768,35611.17306571001
2019-04-29,5151.4334996793,793473,5.142776655823991e+19,3326787.5,505508350,2.72860584985047e+22,70.95469952,3900714.4285714286,120.830002,35.99000200000001,13.99,293.869995,123.019997,26.25,2.8103199410000004,12,0.02169379778401543,0.0015696535972155553,0.0018847634795277665,35508.31208358999
2019-04-30,5277.4444688896,837456,4.42709089304498e+19,3325037.5,505912354,2.72860584985047e+22,85.48463465,3895202.7142857136,121.199997,35.939999,14.02,294.019989,123.650002,26.17,2.8103199410000004,12,0.021441437966562803,0.0016553381102055475,0.0016224735768588887,35635.22178474003
2019-05-01,5297.9424922151,765604,5.45631826747e+19,3322900.0,506305715,2.72860584985047e+22,65.62521893,3889691.0,120.400002,35.16,13.75,291.809998,123.900002,26.200001,2.67047402,17,0.02139206642243456,0.0015121377802342208,0.0019996725682344374,35133.92434282
2019-05-02,5405.878067008401,790956,5.81340940417176e+19,3320600.0,506708122,2.72860584985047e+22,64.71081505,3890051.7142857136,119.940002,34.549999,13.71,291.179993,123.309998,26.26,2.67047402,17,0.0218685721545231,0.001560969650295047,0.0021305420145201035,34924.12894277999
2019-05-03,5697.6790537992,803527,4.74220022155834e+19,3318700.0,507115655,2.72860584985047e+22,81.27225085,3890412.4285714286,120.650002,34.880001,13.96,294.0299990000001,123.660004,26.16,2.67047402,17,0.025686321329327962,0.0015845044263127707,0.0017379572142375258,35474.71996741001
2019-05-04,5812.331779303299,660279,4.31462341842514e+19,3317050.0,507465088,2.87856004655158e+22,60.62915441,3890773.142857143,120.650002,34.880001,13.96,294.0299990000001,123.660004,26.16,2.67047402,17,0.025965865246161395,0.001301131872149597,0.0014988825484442878,35474.71996741001
2019-05-05,5713.0350518135,617817,4.3283085369865904e+19,3315437.5,507782004,2.87856004655158e+22,62.87230397,3891133.857142857,120.650002,34.880001,13.96,294.0299990000001,123.660004,26.16,2.67047402,17,0.02664563927202613,0.0012166973132824927,0.0015036367027228637,35474.71996741001
2019-05-06,5706.008420788299,769259,5.014334444987409e+19,3313550.0,508172615,2.87856004655158e+22,76.31168717,3891494.5714285714,120.809998,34.900002,13.98,292.820007,124.0,26.18,2.67047402,17,0.02622656570372517,0.0015137749994654868,0.0017419593004476027,35375.58446002998
2019-05-07,5899.5296934602,759338,4.24610759854641e+19,3311962.5,508562649,2.87856004655158e+22,92.31932906,3891855.2857142864,121.209999,34.630001,13.98,287.929993,124.949997,26.200001,2.67047402,17,0.026629962950930643,0.0014931061128714547,0.0014750804325353946,34899.99416360001
2019-05-08,5932.441391391801,839325,5.04062217983065e+19,3310062.5,508997742,2.87856004655158e+22,112.30765219,3892216.0,120.910004,34.639999,13.89,287.5299990000001,124.410004,26.209999,2.67047402,17,0.025549927775354517,0.0016489758809185445,0.0017510915521352938,34765.253329210005
2019-05-09,6159.6859018287,826107,5.029809621792031e+19,3308187.5,509420758,2.87856004655158e+22,106.95654809,3888292.142857143,121.199997,34.619999,13.83,286.660004,124.919998,26.16,2.67047402,17,0.019275122242127067,0.0016216594770172284,0.0017473353136466883,34743.19162481999
2019-05-10,6387.829450439001,784376,4.133011782896249e+19,3306625.0,509822723,2.87856004655158e+22,123.74361638,3884368.2857142864,121.43,34.790001000000004,13.84,288.100006,124.75,26.15,2.67047402,17,0.020023946617599844,0.001538526951847927,0.001435791408224213,34983.98372858
2019-05-11,7254.8055361621,775117,4.3452990170776e+19,3305000.0,510224800,2.87856004655158e+22,125.12338209,3880444.4285714286,121.43,34.790001000000004,13.84,288.100006,124.75,26.15,2.67047402,17,0.03584930401202344,0.0015191676296408955,0.0015095391260929662,34983.98372858
2019-05-12,6992.7066614624,824689,5.23380576709916e+19,3303025.0,510604588,2.87856004655158e+22,104.08015488,3876520.5714285714,121.43,34.790001000000004,13.84,288.100006,124.75,26.15,2.67047402,17,0.038465321229293754,0.0016151225809196998,0.0018182027411132475,34983.98372858
2019-05-13,7906.9408350528,876055,5.609787587949e+19,3300937.5,511048601,2.87856004655158e+22,112.20050336,3872596.7142857136,122.669998,34.18,13.84,280.859985,125.730003,26.15,2.67047402,17,0.04631027327044028,0.0017142303066396615,0.0019488172896269234,34453.09379823003
2019-05-14,7928.4174163467005,902398,5.05898074965128e+19,3299037.5,511504453,2.87856004655158e+22,132.68789564,3868672.857142857,122.459999,34.619999,13.86,283.399994,125.360001,26.209999,2.67047402,17,0.04689102883397129,0.0017642036050857215,0.001757469244288224,34705.16298184
2019-05-15,8177.4535191838,877504,4.93664334311118e+19,3297175.0,511953764,2.87856004655158e+22,192.3590738,3864749.0,122.389999,34.84,13.85,285.059998,126.129997,26.219999,2.67047402,17,0.04632688427855078,0.0017140297849240933,0.001714969729057803,34888.49287016
2019-05-16,7820.0762428218995,882365,4.92615241105247e+19,3295350.0,512405676,2.87856004655158e+22,228.51579452,3864132.7142857136,121.510002,35.0,13.65,287.700012,125.709999,26.290001,2.67047402,17,0.05054442124139108,0.001722004734389398,0.0017113252221206358,34958.42903352003
2019-05-17,7243.6505389640015,907019,4.95929725291843e+19,3293462.5,512834172,2.87856004655158e+22,227.26659937,3863516.4285714286,120.650002,34.599998,13.52,285.839996,125.989998,26.35,2.67047402,17,0.05679298224316072,0.0017686399415677003,0.0017228396047737496,34486.59608907999
2019-05-18,7295.6497288231,855034,5.12720528979645e+19,3291550.0,513234961,2.87961780948158e+22,134.78731749,3862900.142857143,120.650002,34.599998,13.52,285.839996,125.989998,26.35,2.67047402,17,0.056847501459829065,0.0016659699065200665,0.0017805158979481049,34486.59608907999
2019-05-19,8221.2593953546,748597,5.5276182411293295e+19,3289512.5,513585516,2.87961780948158e+22,125.66729304,3862283.857142857,120.650002,34.599998,13.52,285.839996,125.989998,26.35,2.67047402,17,0.06214696670368591,0.0014575897814065302,0.0019195666254489762,34486.59608907999
2019-05-20,7917.0124987984,833737,5.28009187775792e+19,3287500.0,513994006,2.87961780948158e+22,186.09991132,3861667.5714285714,120.639999,34.59,13.55,283.950012,125.730003,26.33,2.67047402,17,0.06411011451956605,0.0016220753360302804,0.0018336085644325487,34255.72916372999
2019-05-21,7961.128743162199,885561,5.08208880590914e+19,3285587.5,514429583,2.87961780948158e+22,202.4814146,3861051.2857142864,120.360001,35.02,13.53,286.51001,125.529999,26.370001,2.67047402,17,0.06420825371606172,0.0017214426021840972,0.0017648483729943568,34484.345090110015
2019-05-22,7723.9038796248,872867,5.64432129323267e+19,3283500.0,514853948,2.87961780948158e+22,176.73831345,3860435.0,120.239998,34.419998,13.54,285.630005,126.25,26.389999,2.67047402,17,0.06558669580780023,0.0016953681784722373,0.0019600938967136135,34344.15122993999
2019-05-23,7903.8469103955,833099,5.17751847942657e+19,3281525.0,515268917,2.87961780948158e+22,163.9629164,3859150.5714285714,121.169998,33.27,13.68,282.140015,127.669998,26.34,2.67047402,17,0.06538177720671219,0.0016168237060571616,0.0017979880741044183,34186.90505326997
2019-05-24,8038.5067907549,860949,5.10310328079458e+19,3279612.5,515670471,2.87961780948158e+22,191.88316682,3857866.142857143,121.300003,33.330002,13.65,282.7799990000001,127.779999,26.25,2.67047402,17,0.06516333006649346,0.001669572039543835,0.0017721460340993293,34301.21472704001
2019-05-25,8089.5701634982,712797,4.69042237236822e+19,3277862.5,516006487,2.87961780948158e+22,128.11880175,3856581.7142857136,121.300003,33.330002,13.65,282.7799990000001,127.779999,26.25,2.67047402,17,0.0568197375509236,0.0013813721686797321,0.0016288350339146711,34301.21472704001
2019-05-26,8653.1423680221,663726,5.53295454461723e+19,3275800.0,516323655,2.87961780948158e+22,95.88613898,3855297.2857142864,121.300003,33.330002,13.65,282.7799990000001,127.779999,26.25,2.67047402,17,0.05734971240511031,0.001285484392536693,0.0019214197545240675,34301.21472704001
2019-05-27,8800.3466061527,880055,5.543983009193049e+19,3273712.5,516743091,2.87961780948158e+22,189.31338885,3854012.857142857,121.300003,33.330002,13.65,282.7799990000001,127.779999,26.25,2.67047402,17,0.048331653552779255,0.001703080341716654,0.001925249590740355,34301.21472704001
2019-05-28,8719.3314849999,952536,5.428993892893031e+19,3271662.5,517184305,2.87961780948158e+22,192.95031406,3852728.4285714286,120.830002,32.959999,13.46,280.149994,128.699997,26.360001,2.67047402,17,0.04853088698323498,0.0018417728279670048,0.0018853175150595478,33850.524335319984
2019-05-29,8672.4001072907,894459,5.8058156108757e+19,3269487.5,517628488,2.87961780948158e+22,187.08362645,3851444.0,120.870003,32.810001,13.52,278.269989,129.089996,26.42,2.67047402,17,0.04811047070329215,0.001727994151666552,0.002016175754907185,33634.494405239966
2019-05-30,8287.0402563223,854097,5.37424447567976e+19,3267487.5,518040165,3.20390847333309e+22,188.20649317,3850901.2857142864,121.690002,32.400002,13.6,279.02999900000003,130.199997,26.43,2.67047402,17,0.048170755554821226,0.0016487080688038927,0.0016774026225814204,33955.16113637001
2019-05-31,8513.2038819334,769523,4.34154051770831e+19,3266025.0,518401455,3.20390847333309e+22,205.0372363,3850358.5714285714,123.330002,31.84,13.65,275.269989,131.830002,26.32,2.67047402,17,0.042430999782759174,0.0014844152009565637,0.0013550763243844225,33949.048293909975
2019-06-01,8588.4795049694,851562,5.6147599864595e+19,3264137.5,518782529,3.20390847333309e+22,159.42190914,3849815.857142857,123.330002,31.84,13.65,275.269989,131.830002,26.32,2.608136114,20,0.04242017920128417,0.0016414623708347741,0.0017524720300821678,33949.048293909975
2019-06-02,8744.2655607165,692245,4.841192327288849e+19,3262500.0,519101955,3.20390847333309e+22,118.4455402,3849273.142857143,123.330002,31.84,13.65,275.269989,131.830002,26.32,2.608136114,20,0.029192418211543645,0.0013335434269362365,0.0015110270370028579,33949.048293909975
2019-06-03,8474.0482291229,731823,4.4432867752821694e+19,3261012.5,519451886,3.20390847333309e+22,198.99326951,3848730.4285714286,125.110001,32.279999,13.87,274.570007,132.440002,26.18,2.608136114,20,0.028532496997035244,0.0014088369293166836,0.0013868332420431877,34351.45385034
2019-06-04,7645.572513900699,907738,5.64642899526562e+19,3259087.5,519896197,3.20390847333309e+22,217.91296317,3848187.7142857136,125.150002,32.880001,13.89,280.52999900000003,130.929993,26.15,2.608136114,20,0.04052585790791175,0.0017459985382428176,0.0017623565224357135,35108.329935910006
2019-06-05,7790.3211349552,873784,6.01411776263001e+19,3257087.5,520306108,3.20390847333309e+22,159.42665516,3847645.0,125.470001,32.470001,13.88,282.959991,130.190002,26.24,2.608136114,20,0.040094826241573886,0.00167936525550071,0.0018771190914743587,35502.99035372999
2019-06-06,7730.8817258862,818973,5.7395439332872495e+19,3255125.0,520700051,3.20390847333309e+22,122.18994068,3847975.0,125.879997,32.990002000000004,13.92,284.799988,130.610001,26.15,2.608136114,20,0.0396108949318638,0.0015728306506349852,0.0017914194431766295,35850.621635040035
2019-06-07,8030.2560794416,859425,5.91755846381002e+19,3253150.0,521084785,3.20390847333309e+22,106.492469,3848305.0,126.589996,33.119999,14.06,287.649994,131.740005,26.040001,2.608136114,20,0.04075282078725919,0.0016492997391969525,0.0018469811210474016,36413.611589860026
2019-06-08,7949.425798625,632781,4.5507978315384095e+19,3251600.0,521393503,3.20390847333309e+22,73.36472651,3848635.0,126.589996,33.119999,14.06,287.649994,131.740005,26.040001,2.608136114,20,0.04079103626124544,0.0012136342251276575,0.0014203894616265748,36413.611589860026
2019-06-09,7600.9224920885,576532,5.46983352201946e+19,3249762.5,521673688,3.20390847333309e+22,62.99063806,3848965.0,126.589996,33.119999,14.06,287.649994,131.740005,26.040001,2.608136114,20,0.03713390283883334,0.001105158288144293,0.0017072377589891269,36413.611589860026
2019-06-10,7954.0062377205,801669,5.82765023823547e+19,3247800.0,522059858,3.20390847333309e+22,101.83001618,3849295.0,125.330002,33.200001,13.78,288.970001,130.5,26.07,2.608136114,20,0.03939309855795819,0.001535588281143041,0.001818919075479347,36216.61080327001
2019-06-11,7903.6252503798,839864,5.32383870978447e+19,3246012.5,522457566,3.20390847333309e+22,110.58719487,3849625.0,125.18,33.25,13.81,288.899994,130.580002,26.08,2.608136114,20,0.039389242679628685,0.001607525767939592,0.0016616700364870205,36164.50124892
2019-06-12,8151.7886797815,796273,4.85423834480222e+19,3244375.0,522845272,3.20390847333309e+22,108.86976113,3849955.0,125.830002,32.740002000000004,13.84,288.390015,130.679993,26.15,2.608136114,20,0.040678534635955554,0.0015229610797742855,0.0015150989440569937,36288.11616423003
2019-06-13,8256.7200994618,896245,5.55997585962208e+19,3242487.5,523282898,3.20390847333309e+22,109.45513590000002,3849106.5714285714,126.599998,33.150002,13.96,289.579987,131.130005,26.17,2.608136114,20,0.039107443748064984,0.0017127351255419778,0.001735372875317479,36660.82577504003
2019-06-14,8667.7879539941,1033161,6.27687232800883e+19,3240375.0,523756937,3.18231274578496e+22,117.94954717,3848258.142857143,126.559998,32.889999,13.91,289.26001,131.46000700000002,26.309999,2.608136114,20,0.04066331175771611,0.0019725963075883806,0.001972424720456115,36608.74628707998
2019-06-15,8836.1684129096,862359,5.33460773735121e+19,3238550.0,524163126,3.18231274578496e+22,78.70156593,3847409.7142857136,126.559998,32.889999,13.91,289.26001,131.46000700000002,26.309999,2.608136114,20,0.040906669355782264,0.0016452111131525875,0.001676330443768297,36608.74628707998
2019-06-16,9061.5404606385,697132,4.79141850955554e+19,3236925.0,524505375,3.18231274578496e+22,74.36012488,3846561.2857142864,126.559998,32.889999,13.91,289.26001,131.46000700000002,26.309999,2.608136114,20,0.04116738899063463,0.0013291226996482162,0.0015056403604271373,36608.74628707998
2019-06-17,9346.9750871976,797791,4.89529950485079e+19,3235262.5,524900565,3.18231274578496e+22,117.79979394,3845712.857142857,126.480003,32.900002,13.9,289.369995,131.690002,26.32,2.608136114,20,0.04058461315881788,0.0015198897718846998,0.0015382835993523003,36599.51783570999
2019-06-18,9012.4878496522,951750,6.08344350760492e+19,3233225.0,525372134,3.18231274578496e+22,116.53825829,3844864.4285714286,127.120003,33.41,14.05,292.399994,132.350006,26.360001,2.608136114,20,0.02896937037444408,0.0018115730515695756,0.001911642253157729,37169.88811447998
2019-06-19,9259.1236383919,902828,6.45403391621718e+19,3231012.5,525814355,3.18231274578496e+22,105.75494722,3844016.0,127.889999,33.34,14.17,293.059998,132.53999299999998,26.24,2.608136114,20,0.029205527190074923,0.0017170090382945136,0.0020280954236084068,37479.442851160005
2019-06-20,9559.9006885716,827045,5.28678267392372e+19,3229212.5,526215052,3.18231274578496e+22,111.81603852,3841559.0,131.110001,34.09,14.45,295.859985,132.889999,26.08,2.608136114,20,0.029038205872578913,0.0015716863226481784,0.001661302045478143,38790.20292920999
2019-06-21,9906.407965055,840325,4.906080853012631e+19,3227550.0,526633440,3.18231274578496e+22,126.23246862,3839102.0,131.979996,34.330002,14.36,294.0,131.429993,25.950001,2.608136114,20,0.028900446785878137,0.0015956544650867594,0.0015416714964645879,38802.118824
2019-06-22,10461.4121688088,846355,5.22876067302545e+19,3225787.5,527062018,3.18231274578496e+22,122.47914731,3836645.0,131.979996,34.330002,14.36,294.0,131.429993,25.950001,2.608136114,20,0.029730016752997218,0.001605797745038801,0.00164306939346268,38802.118824
2019-06-23,10843.5709747797,894868,6.63409434012574e+19,3223525.0,527458794,3.18231274578496e+22,81.23531107,3834188.0,131.979996,34.330002,14.36,294.0,131.429993,25.950001,2.608136114,20,0.023430113807641963,0.0016965647557295252,0.0020846770478208775,38802.118824
2019-06-24,10996.4597495353,967255,6.52075521241868e+19,3221312.5,527886286,3.18231274578496e+22,102.09827261,3831731.0,133.940002,34.029999,14.46,293.640015,132.410004,25.91,2.608136114,20,0.02286166305990496,0.0018323169698710453,0.0020490617149604663,39330.14419638003
2019-06-25,11665.409683733502,914848,5.36677325360798e+19,3219487.5,528331989,3.18231274578496e+22,121.10744515,3829274.0,134.199997,33.709999,14.38,290.76001,132.820007,25.969999,2.608136114,20,0.023054228434368332,0.0017315779075417672,0.0016864380349531592,39019.992469719975
2019-06-26,12444.9258599878,1038136,6.11726551859963e+19,3217425.0,528844433,3.18231274578496e+22,184.06503874,3826817.0,132.970001,34.27,14.32,290.470001,131.970001,25.99,2.608136114,20,0.02508185166488154,0.0019630271876190856,0.0019222703760659844,38623.79632344
2019-06-27,11086.2688286526,891780,5.55520862440168e+19,3215650.0,529300158,3.40793337814523e+22,200.10125128,3824871.4285714286,132.839996,34.009998,14.28,291.5,132.899994,25.99,2.608136114,20,0.046378047146872874,0.001684828516525778,0.0016300813449073661,38722.858834000006
2019-06-28,12316.9530120207,1008346,6.39681641471773e+19,3213612.5,529780579,3.40793337814523e+22,182.26443511,3822925.857142857,133.199997,34.41,14.33,293.0,132.809998,25.969999,2.608136114,20,0.05119143315403835,0.001903327603860692,0.0018770368152558198,39027.599121
2019-06-29,12024.0809722046,853696,6.8895933239292895e+19,3211437.5,530152968,3.40793337814523e+22,108.76597549999998,3820980.2857142864,133.199997,34.41,14.33,293.0,132.809998,25.969999,2.608136114,20,0.052853944294957766,0.0016102824119245524,0.002021633805435174,39027.599121
2019-06-30,10932.3105071733,672866,5.98076332930859e+19,3209537.5,530470106,3.40793337814523e+22,104.91860437,3819034.7142857136,133.199997,34.41,14.33,293.0,132.809998,25.969999,2.608136114,20,0.06139722802210629,0.001268433399713574,0.0017549531242783932,39027.599121
2019-07-01,10454.6838183291,834130,5.62423655292927e+19,3207750.0,530863082,3.40793337814523e+22,126.93823662,3817089.142857143,130.619995,34.490002000000004,14.18,295.660004,132.240005,26.16,2.554579885,19,0.06303782193335068,0.0015712714413243,0.0016503364147306967,38619.10824417998
2019-07-02,10800.1301399504,896379,6.22266556201762e+19,3205775.0,531301238,3.40793337814523e+22,117.88960184,3815143.5714285714,133.410004,33.830002,14.29,296.429993,133.259995,26.139999,2.554579885,19,0.061983255072261254,0.0016871389258837,0.0018259352139695611,39546.72655184997
2019-07-03,11942.2402247929,894222,6.77568536632736e+19,3203625.0,531727245,3.40793337814523e+22,94.74754649,3813198.0,133.630005,34.02,14.32,298.799988,134.21000700000002,26.139999,2.554579885,19,0.06623637601325874,0.0016817306399261147,0.0019882094555542726,39928.64389043994
2019-07-04,11645.5246063376,822472,6.6098914560666894e+19,3201537.5,532119059,3.40793337814523e+22,83.84208402,3813460.857142857,133.630005,34.02,14.32,298.799988,134.21000700000002,26.139999,2.554579885,19,0.06707577448590922,0.0015456540901685688,0.0019395600566769668,39928.64389043994
2019-07-05,10946.2090547386,820564,7.434117894177689e+19,3199175.0,532495441,3.40793337814523e+22,75.89684282,3813723.7142857136,132.139999,34.09,14.06,298.459991,132.429993,26.280001,2.554579885,19,0.06968431623724977,0.0015409784513065905,0.0021814152652901075,39438.502912280004
2019-07-06,11219.0460004352,679451,7.05477800234749e+19,3196950.0,532846979,3.40793337814523e+22,50.61747346,3813986.5714285714,132.139999,34.09,14.06,298.459991,132.429993,26.280001,2.554579885,19,0.06856987444154865,0.0012751334375117101,0.0020701044356057972,39438.502912280004
2019-07-07,11422.1144680283,604462,6.10054764076542e+19,3195037.5,533131507,3.40793337814523e+22,45.61655545,3814249.4285714286,132.139999,34.09,14.06,298.459991,132.429993,26.280001,2.554579885,19,0.06811441745868603,0.0011337953057799677,0.0017901017901017912,39438.502912280004
2019-07-08,12335.9993946484,830641,6.9745575315878306e+19,3192812.5,533534187,3.40793337814523e+22,67.46056127,3814512.2857142864,131.28999299999998,34.110001000000004,14.05,296.820007,132.610001,26.33,2.554579885,19,0.07086936515307417,0.0015568655584576438,0.002046565104915208,38969.496641289945
2019-07-09,12575.904067439,819092,6.52202302946728e+19,3190887.5,533941161,3.89302700204976e+22,71.27502267,3814775.142857143,131.75,34.139999,14.14,297.190002,132.559998,26.35,2.554579885,19,0.06945720884166631,0.0015340491796248688,0.0016753089629312355,39154.7827635
2019-07-10,12054.1837934894,798530,5.82531589449506e+19,3189275.0,534328166,3.89302700204976e+22,85.64297124,3815038.0,133.830002,34.630001,14.26,298.609985,131.830002,26.24,2.554579885,19,0.06830803762163308,0.0014944561241789377,0.001496346131539265,39962.97488976997
2019-07-11,11324.1446969751,777665,5.8321485938104e+19,3187662.5,534701214,3.89302700204976e+22,79.3666746,3814048.2857142864,132.699997,34.650002,14.17,299.309998,130.070007,26.24,2.554579885,19,0.06277968344013242,0.0014543916857462007,0.0014981012437724301,39718.43583667
2019-07-12,11802.9599635884,907396,7.3426307426644705e+19,3185612.5,535102206,3.89302700204976e+22,67.42668665,3813058.5714285714,133.529999,34.75,14.26,300.649994,130.220001,26.190001,2.554579885,19,0.05668576424920294,0.0016957433361805276,0.0018860980771000105,40145.793398170004
2019-07-13,11279.602735633302,656413,6.3967371380345e+19,3183850.0,535404299,3.89302700204976e+22,44.38220922,3812068.857142857,133.529999,34.75,14.26,300.649994,130.220001,26.190001,2.554579885,19,0.057571663081383624,0.0012260136895165274,0.0016431268354076365,40145.793398170004
2019-07-14,10506.3958273087,592137,6.51804668718784e+19,3182037.5,535677046,3.89302700204976e+22,40.72985688,3811079.142857143,133.529999,34.75,14.26,300.649994,130.220001,26.190001,2.554579885,19,0.05494699773301857,0.0011053992408702163,0.001674287561775439,40145.793398170004
2019-07-15,10934.4827395525,757224,6.54780188121958e+19,3180212.5,536049709,3.89302700204976e+22,63.9174649,3810089.4285714286,133.529999,34.41,14.42,300.75,130.970001,26.23,2.554579885,19,0.054643994402159404,0.001412600337779495,0.0016819307643568939,40159.14719925
2019-07-16,9490.4105157548,786194,7.3668700058645905e+19,3178200.0,536439246,3.89302700204976e+22,62.69846283,3809099.7142857136,132.399994,34.0,14.54,299.7799990000001,130.580002,26.35,2.554579885,19,0.06608421311129795,0.0014655788253046646,0.0018923244051443208,39690.87006892001
2019-07-17,9733.1321340919,740525,5.9751034709205295e+19,3176525.0,536806987,3.89302700204976e+22,64.50187448,3808110.0,134.580002,33.59,14.94,297.73999,131.990005,26.299999,2.554579885,19,0.059167699735377964,0.0013794995555823494,0.001534821995268595,40069.84844967998
2019-07-18,10603.3488731713,740073,5.45109375974103e+19,3175012.5,537159255,3.89302700204976e+22,72.10541604,3807442.2857142864,136.479996,33.580002,15.29,298.829987,132.0,26.16,2.554579885,19,0.06479048718678293,0.0013777534187696346,0.0014002198692356657,40784.31543044005
2019-07-19,10466.2609381509,741186,5.29224195573687e+19,3173537.5,537516537,3.89302700204976e+22,71.10278562,3806774.5714285714,134.470001,33.759998,15.17,297.170013,131.690002,26.290001,2.554579885,19,0.06287343024126747,0.0013789082734769888,0.0013594156816663214,39960.45194528001
2019-07-20,10983.2160020296,719964,7.97391401218317e+19,3171325.0,537837288,3.89302700204976e+22,50.04991704,3806106.857142857,134.470001,33.759998,15.17,297.170013,131.690002,26.290001,2.554579885,19,0.06398284449160754,0.0013386279011580915,0.0020482555111959763,39960.45194528001
2019-07-21,10551.1316333347,542497,6.6953809421650895e+19,3169462.5,538098507,3.89302700204976e+22,37.55119006,3805439.142857143,134.470001,33.759998,15.17,297.170013,131.690002,26.290001,2.554579885,19,0.06450483223156454,0.0010081741408734294,0.0017198393277621327,39960.45194528001
2019-07-22,10285.6392306749,705998,7.133559092661871e+19,3167487.5,538435808,3.89302700204976e+22,53.88043597,3804771.4285714286,134.449997,33.889999,15.35,297.899994,131.940002,26.34,2.554579885,19,0.06006768274274238,0.0013112017988224142,0.0018323939415025641,40052.65329960002
2019-07-23,10027.5326122485,711417,6.40987234406018e+19,3165700.0,538790519,3.87139201457165e+22,51.72742398,3804103.7142857136,133.690002,34.009998,15.34,300.0299990000001,131.220001,26.459999,2.554579885,19,0.05940595682219024,0.0013203962855923973,0.0016557022176865238,40111.01116637001
2019-07-24,9771.5047613175,718472,6.23889592275584e+19,3163962.5,539114122,3.87139201457165e+22,49.90886061,3803436.0,134.369995,34.130001,15.52,301.440002,131.78999299999998,26.459999,2.554579885,19,0.05900852072232514,0.0013326900013945471,0.0016115381493977021,40504.49156153999
2019-07-25,9897.4293515161,777034,6.7059541108798e+19,3162087.5,539500070,3.87139201457165e+22,56.16150579,3799959.7142857136,133.419998,33.720001,15.36,300.0,131.160004,26.51,2.554579885,19,0.05776604649280184,0.0014402852626135896,0.0017321816250173206,40025.9994
2019-07-26,9812.2263505784,754318,7.44101931800586e+19,3160012.5,539874380,3.87139201457165e+22,46.51899261,3796483.4285714286,133.639999,33.52,15.31,302.01001,131.470001,26.549999,2.554579885,19,0.05588284841260106,0.001397210217680639,0.0019220526596114217,40360.61743438999
2019-07-27,9440.1400373076,586276,6.81527843849404e+19,3158112.5,540168061,3.87139201457165e+22,33.04147241,3793007.142857143,133.639999,33.52,15.31,302.01001,131.470001,26.549999,2.554579885,19,0.0556144397021157,0.0010853585066000412,0.0017604206478811254,40360.61743438999
2019-07-28,9495.855261405,530854,7.87682508690794e+19,3155925.0,540423017,3.87139201457165e+22,26.46571032,3789530.857142857,133.639999,33.52,15.31,302.01001,131.470001,26.549999,2.554579885,19,0.053157087417710774,0.0009822934688216657,0.0020346234783922986,40360.61743438999
2019-07-29,9506.704273142,725272,7.59921318013293e+19,3153825.0,540768549,3.87139201457165e+22,39.74585484,3786054.5714285714,134.529999,33.389999,15.4,301.459991,131.509995,26.57,2.554579885,19,0.051494686080479905,0.0013411874661371996,0.001962914928669073,40555.412287770014
2019-07-30,9572.735371803,744128,6.26938925334916e+19,3152050.0,541134799,3.87139201457165e+22,60.22741784,3782578.2857142864,134.979996,33.860001000000004,15.5,300.720001,131.830002,26.57,2.554579885,19,0.03491908950211691,0.0013751250176021299,0.0016194147298314442,40591.1845321
2019-07-31,10005.2944733245,777275,7.68552462346903e+19,3149912.5,541519519,3.87139201457165e+22,53.61582214,3779102.0,133.21000700000002,33.700001,15.21,297.429993,132.889999,26.73,2.554579885,19,0.03628724448087364,0.0014353591564628346,0.001985209607950125,39620.65144953996
2019-08-01,10385.2006061246,760270,6.34434698291026e+19,3148137.5,541893329,3.87139201457165e+22,46.73246753,3779450.7142857136,136.410004,32.849998,15.34,294.839996,135.259995,26.65,2.411174039,15,0.029348103797989553,0.0014029882991971655,0.0016387766878245807,40219.125033719974
2019-08-02,10513.9114715942,775871,7.608089335115689e+19,3146025.0,542265977,3.87139201457165e+22,44.68839341,3779799.4285714286,135.889999,32.419998,15.19,292.619995,136.509995,26.59,2.411174039,15,0.029363531760408373,0.001430794172801293,0.0019652076840783288,39764.13082793001
2019-08-03,10831.2598554087,625752,7.72029254104684e+19,3143862.5,542581310,3.87139201457165e+22,27.47791508,3780148.142857143,135.889999,32.419998,15.19,292.619995,136.509995,26.59,2.411174039,15,0.02739508940044144,0.0011532870529580165,0.0019941903356694947,39764.13082793001
2019-08-04,10985.8075416287,583090,7.48255250258629e+19,3141775.0,542860446,3.87139201457165e+22,19.72213176,3780496.857142857,135.889999,32.419998,15.19,292.619995,136.509995,26.59,2.411174039,15,0.025181992184474013,0.0010741066222386,0.001932780889773622,39764.13082793001
2019-08-05,11811.7870541507,795977,7.00796491054873e+19,3139987.5,543251607,4.28867431337945e+22,42.2581814,3780845.5714285714,137.78999299999998,31.41,15.33,283.820007,138.869995,26.459999,2.411174039,15,0.029870031474251095,0.0014652087352223884,0.0016340632089235276,39107.55677778994
2019-08-06,11310.187223605,858659,8.05662070702416e+19,3137975.0,543671408,4.28867431337945e+22,45.80524692,3781194.2857142864,138.910004,31.360001,15.38,287.799988,139.979996,26.49,2.411174039,15,0.03182679461240647,0.0015793712661085904,0.001878580679789506,39978.297484279945
2019-08-07,11956.0472230184,809600,7.590222789703249e+19,3136062.5,544046737,4.28867431337945e+22,70.8269651,3781543.0,141.020004,31.17,15.97,287.970001,140.029999,26.469999,2.411174039,15,0.03247525986601489,0.0014881074454454453,0.0017698296105218116,40609.53069290001
2019-08-08,11817.4554825164,820878,7.02874730214654e+19,3134300.0,544434431,4.28867431337945e+22,70.35974254,3782182.2857142864,141.729996,32.0,15.89,293.619995,140.330002,26.49,2.411174039,15,0.033218086965643705,0.00150776283287638,0.001638909086712143,41614.76071687002
2019-08-09,11827.5745716918,749819,7.26232446021472e+19,3132450.0,544801909,4.28867431337945e+22,65.33402972,3782821.5714285714,141.259995,31.6,15.89,291.619995,140.050003,26.459999,2.411174039,15,0.03284415347986129,0.001376314927707054,0.0016933728069670208,41194.239035600025
2019-08-10,11278.2812549022,613410,7.56424124328713e+19,3130562.5,545101969,4.28867431337945e+22,39.69033865,3783460.857142857,141.259995,31.6,15.89,291.619995,140.050003,26.459999,2.411174039,15,0.03399360131386048,0.0011253123908638825,0.001763771433911136,41194.239035600025
2019-08-11,11485.3657829898,547301,7.522782375803181e+19,3128650.0,545374959,4.28867431337945e+22,30.3457089,3784100.142857143,141.259995,31.6,15.89,291.619995,140.050003,26.459999,2.411174039,15,0.03396273191939312,0.0010035315904557327,0.0017541043749426787,41194.239035600025
2019-08-12,11391.9686539038,644673,6.612646753686231e+19,3126987.5,545674730,4.28867431337945e+22,50.54359801,3784739.4285714286,142.630005,31.25,15.98,288.070007,142.970001,26.440001,2.411174039,15,0.03431433607811561,0.0011814235927692675,0.001541885969996986,41087.42653876003
2019-08-13,10869.3791128623,874339,7.865358353393151e+19,3125025.0,546059049,4.28867431337945e+22,75.09047834,3785378.7142857136,141.779999,31.549999,15.87,292.549988,142.479996,26.559999,2.411174039,15,0.03787586011977556,0.001601180314841738,0.0018339835992804256,41477.737006090014
2019-08-14,10211.4985816982,761105,7.47524219521446e+19,3123125.0,546427762,4.28867431337945e+22,58.70170397,3786018.0,142.75,30.27,16.08,283.899994,145.690002,26.620001,2.411174039,15,0.04087256825661478,0.0013928739586990457,0.0017430193222865678,40526.724143499996
2019-08-15,10386.5395500195,713750,7.789470930131581e+19,3121162.5,546785339,4.28867431337945e+22,53.84796972,3782996.2857142864,143.699997,30.08,16.129998999999998,284.649994,147.309998,26.639999,2.411174039,15,0.039852719556339365,0.001305356872416069,0.001816288755205924,40904.203283850016
2019-08-16,10388.4505925604,693280,7.2999979628163105e+19,3119325.0,547127744,4.28867431337945e+22,51.3352604,3779974.5714285714,142.779999,30.57,16.02,288.850006,146.130005,26.66,2.411174039,15,0.039696086542920374,0.0012671263842909783,0.0017021572237468309,41242.00356783
2019-08-17,10212.1014417394,572530,6.4147694693906e+19,3117725.0,547418176,4.28867431337945e+22,35.38250195,3776952.857142857,142.779999,30.57,16.02,288.850006,146.130005,26.66,2.411174039,15,0.03888521250155867,0.0010458732009658372,0.001495746470973171,41242.00356783
2019-08-18,10335.3728385716,534664,6.31189554411291e+19,3116150.0,547687638,4.37377497784568e+22,29.17234292,3773931.142857143,142.779999,30.57,16.02,288.850006,146.130005,26.66,2.411174039,15,0.0388106312025548,0.0009762206829287609,0.0014431230632769908,41242.00356783
2019-08-19,10774.8103058331,700839,8.17171946619037e+19,3114112.5,548035308,4.37377497784568e+22,41.66948045,3770909.4285714286,141.110001,31.24,15.79,292.329987,144.03999299999995,26.719999,2.411174039,15,0.034777171647832325,0.0012788208894015274,0.0018683447382598047,41250.684757899995
2019-08-20,10818.5070076193,751182,7.7056281563538e+19,3112200.0,548392688,4.37377497784568e+22,46.69008955,3767887.7142857136,142.21000700000005,30.98,16.049999,290.089996,145.529999,26.66,2.411174039,15,0.03318733545300066,0.0013697885045469461,0.0017617797429874268,41253.70036178998
2019-08-21,10064.9167944793,770008,6.90710989429758e+19,3110500.0,548755157,4.37377497784568e+22,52.22587338,3764866.0,141.759995,31.200001,16.049999,292.450012,144.559998,26.690001,2.411174039,15,0.03336388451818123,0.0014031904578529547,0.0015792101626818727,41457.71223886994
2019-08-22,10161.1647494901,826528,7.10658421825835e+19,3108737.5,549120876,4.37377497784568e+22,53.99879943,3764163.142857143,141.399994,31.040001,15.97,292.359985,143.600006,26.67,2.411174039,15,0.03387128248711702,0.0015051840789968437,0.0016248170640362314,41339.700124840085
2019-08-23,10364.2813536875,790325,7.732696690667779e+19,3106825.0,549498655,4.37377497784568e+22,41.47394501,3763460.2857142864,144.169998,29.940001,16.35,284.850006,145.96000700000005,26.52,2.411174039,15,0.034738935876335635,0.001438265576828391,0.0017679685694476557,41066.82479531999
2019-08-24,10171.4974606754,701303,8.08405143422717e+19,3104825.0,549797967,4.37377497784568e+22,30.09100724,3762757.4285714286,144.169998,29.940001,16.35,284.850006,145.96000700000005,26.52,2.411174039,15,0.033123552393029214,0.0012755649203773792,0.0018483007185269053,41066.82479531999
2019-08-25,10068.922419922,521392,7.91665835493006e+19,3102887.5,550058823,4.37377497784568e+22,21.57904241,3762054.5714285714,144.169998,29.940001,16.35,284.850006,145.96000700000005,26.52,2.411174039,15,0.03229613308821729,0.0009478840774816551,0.0018100287269075378,41066.82479531999
2019-08-26,10312.2150398496,747731,6.91933130826983e+19,3101175.0,550421629,4.37377497784568e+22,33.17030815,3761351.7142857136,144.190002,30.110001,16.52,288.0,145.369995,26.66,2.411174039,15,0.03350317449528465,0.0013584695088353805,0.0015820044111363896,41526.720576
2019-08-27,10122.1965329581,728425,6.79728345642381e+19,3099487.5,550787998,4.37377497784568e+22,33.98335977,3760648.857142857,145.570007,29.889999,17.030001000000002,286.869995,147.610001,26.639999,2.411174039,15,0.03171842805662343,0.0013225142934214771,0.001554099945894299,41759.667180239965
2019-08-28,9743.1620510451,712996,7.66118392750735e+19,3097600.0,551141747,4.37377497784568e+22,33.87031855,3759946.0,145.160004,30.33,17.17,288.890015,147.800003,26.700001,2.411174039,15,0.028879098082180053,0.0012936708276609647,0.0017516182168294575,41935.27573296006
2019-08-29,9487.9764335192,735858,8.32446531259199e+19,3095537.5,551505954,4.37377497784568e+22,33.917443,3760169.142857143,144.119995,30.809999,17.07,292.579987,147.240005,26.77,2.411174039,15,0.02886328420777862,0.0013342702733541115,0.0019032678532292116,42166.62626354006
2019-08-30,9590.7363369227,729202,8.12733286632959e+19,3093537.5,551862375,4.37377497784568e+22,34.46053373,3760392.2857142864,143.75,30.77,17.15,292.450012,147.279999,26.870001,2.411174039,15,0.02918776069865583,0.001321347555176234,0.0018581963881307722,42039.689225
2019-08-31,9624.9839105321,605832,8.36709897345269e+19,3091462.5,552167827,4.37377497784568e+22,24.03741901,3760615.4285714286,143.75,30.77,17.15,292.450012,147.279999,26.870001,2.411174039,15,0.029088907767976402,0.001097188156165426,0.0019130154193652499,42039.689225
2019-09-01,9780.6678970327,566095,7.626236066518111e+19,3089675.0,552445252,4.62653733831284e+22,20.06226895,3760838.5714285714,143.75,30.77,17.15,292.450012,147.279999,26.870001,2.33281461,12,0.029282034257574946,0.0010247078745822943,0.0016483679929186893,42039.689225
2019-09-02,10381.8559592516,725190,8.093670025461581e+19,3087812.5,552798828,4.62653733831284e+22,28.76124703,3761061.7142857136,143.75,30.77,17.15,292.450012,147.279999,26.870001,2.33281461,12,0.03173208470170486,0.0013118515511758647,0.0017494012116658075,42039.689225
2019-09-03,10691.31129913,799876,8.667292539390301e+19,3085762.5,553206375,4.62653733831284e+22,38.97833529,3761284.857142857,145.75,30.610001,17.889999,290.73999,147.21000700000005,26.93,2.33281461,12,0.032845725228316504,0.0014458907853330503,0.0018733864887711042,42375.35354249999
2019-09-04,10555.0469008368,747323,7.282765350770819e+19,3084062.5,553578359,4.62653733831284e+22,37.34474772,3761508.0,146.660004,31.09,18.34,294.040009,147.429993,26.76,2.33281461,12,0.02605435638102611,0.0013499859375825057,0.00157412873132169,43123.90889610003
2019-09-05,10576.3178915251,736083,8.91089626023275e+19,3082000.0,553954285,4.62653733831284e+22,36.69293406,3762674.4285714286,143.139999,31.5,17.41,297.820007,144.759995,26.77,2.33281461,12,0.025995869087446433,0.001328779323369617,0.0019260400616332837,42629.95550415999
2019-09-06,10334.0238858467,789909,8.37085059951708e+19,3080025.0,554350580,4.62653733831284e+22,37.39638382,3763840.857142857,141.919998,31.67,16.870001000000002,298.049988,145.78999299999995,26.780001,2.33281461,12,0.02637672036169562,0.001424926803540099,0.0018093122323248516,42299.25370086002
2019-09-07,10495.2273642085,617434,8.06944803835916e+19,3078150.0,554670312,4.62653733831284e+22,26.71813665,3765007.2857142864,141.919998,31.67,16.870001000000002,298.049988,145.78999299999995,26.780001,2.33281461,12,0.02610932604434587,0.0011131549438326528,0.0017441657655143548,42299.25370086002
2019-09-08,10402.7965306911,568182,9.51011646863675e+19,3075937.5,554965452,4.62653733831284e+22,21.74727421,3766173.7142857136,141.919998,31.67,16.870001000000002,298.049988,145.78999299999995,26.780001,2.33281461,12,0.026064543205888024,0.0010238150824567003,0.002055558136293958,42299.25370086002
2019-09-09,10332.9421881057,765860,7.83967748045722e+19,3074112.5,555326218,4.62653733831284e+22,32.71159075,3767340.142857143,141.389999,32.330002,16.83,298.200012,143.199997,26.73,2.33281461,12,0.025393466507785498,0.0013791173101069037,0.0016945021529462282,42162.49939847999
2019-09-10,10082.9468264833,807312,9.66672554787199e+19,3071837.5,555708200,4.62653733831284e+22,37.34868133,3768506.5714285714,140.179993,32.700001,16.85,298.130005,140.690002,26.76,2.33281461,12,0.025774029233784627,0.0014527624389922625,0.0020894083071200625,41791.862013989965
2019-09-11,10152.7529840771,795962,9.84005537092615e+19,3069537.5,556089828,4.62653733831284e+22,34.77775666,3769673.0,141.029999,32.759998,16.950001,300.25,140.440002,26.84,2.33281461,12,0.02338128401538197,0.001431355079560995,0.002126872572591087,42344.25719975
2019-09-12,10396.7672047403,749283,8.47331516695756e+19,3067562.5,556479748,4.62653733831284e+22,29.51206759,3780390.4285714286,141.320007,32.549999,16.92,301.290009,139.520004,26.76,2.33281461,12,0.02234359981420288,0.001346469485534629,0.0018314593717398864,42578.30618091006
2019-09-13,10299.4769604855,761736,8.14783939523308e+19,3065687.5,556846381,5.10697164780102e+22,27.54043167,3791107.857142857,140.149994,32.810001,16.309998999999998,301.089996,136.53999299999998,26.719999,2.33281461,12,0.02269695112759035,0.0013679463959737938,0.0015954346248899596,42197.76113286002
2019-09-14,10351.2320218437,658997,9.17009111708671e+19,3063750.0,557185393,5.10697164780102e+22,21.0247188,3801825.2857142864,140.149994,32.810001,16.309998999999998,301.089996,136.53999299999998,26.719999,2.33281461,12,0.022692751456488844,0.001182724831409929,0.0017956025115266117,42197.76113286002
2019-09-15,10302.1907136783,562231,8.94241679344797e+19,3061912.5,557469440,5.10697164780102e+22,18.2430038,3812542.7142857136,140.149994,32.810001,16.309998999999998,301.089996,136.53999299999998,26.719999,2.33281461,12,0.02260836065629467,0.0010085413830038827,0.0017510214291670155,42197.76113286002
2019-09-16,10301.6596516938,773301,9.430996970425378e+19,3059875.0,557850850,5.10697164780102e+22,29.25867219,3823260.142857143,141.320007,34.0,16.74,300.160004,138.279999,26.84,2.33281461,12,0.01587188049605067,0.0013862146127410222,0.0018466906849749626,42418.61386640003
2019-09-17,10231.4215119596,783191,8.71607417086098e+19,3058025.0,558241440,5.10697164780102e+22,34.64137449,3833977.5714285714,141.600006,33.41,16.860001,300.920013,139.029999,26.719999,2.33281461,12,0.013374014007840686,0.001402961055703783,0.0017067011082025454,42610.27564632008
2019-09-18,10168.2877093815,859194,1.03903402209625e+20,3055850.0,558640871,5.10697164780102e+22,34.12588668,3844695.0,140.71000700000002,33.290001000000004,16.549999,301.100006,139.619995,26.82,2.33281461,12,0.01311943195290931,0.00153800776957474,0.002034540416028433,42367.783951960046
2019-09-19,10223.5055788024,731756,8.64291779253012e+19,3054000.0,559015477,5.10697164780102e+22,36.54501485,3846555.0,141.279999,33.139999,16.620001000000002,301.079987,140.03999299999998,26.76,2.33281461,12,0.013243716999626988,0.001309008480278624,0.0016923763021577812,42536.58026228002
2019-09-20,10138.3352052234,731501,8.98528056042546e+19,3052112.5,559388805,5.10697164780102e+22,32.03804814,3848415.0,142.949997,33.16,16.799999,298.2799990000001,141.889999,26.83,2.33281461,12,0.011990829598145115,0.0013076790122748345,0.0017594146159582416,42639.124962210015
2019-09-21,9984.520515967,644721,9.72667217621985e+19,3050037.5,559729296,5.10697164780102e+22,23.40048063,3850275.0,142.949997,33.16,16.799999,298.2799990000001,141.889999,26.83,2.33281461,12,0.0114744571344394,0.0011518443015353622,0.0019045870717547453,42639.124962210015
2019-09-22,10031.8667089936,596339,9.912275723580781e+19,3047962.5,560028270,5.10697164780102e+22,20.52728871,3852135.0,142.949997,33.16,16.799999,298.2799990000001,141.889999,26.83,2.33281461,12,0.011566985200226199,0.0010648373161590574,0.0019409302434347465,42639.124962210015
2019-09-23,9719.7186961077,724605,6.66935605940061e+19,3046537.5,560381792,5.10697164780102e+22,32.19540269,3853995.0,143.75,33.189999,17.51,298.209991,141.860001,26.870001,2.33281461,12,0.013922690468703465,0.0012930559314104195,0.0013059316791532078,42867.68620625
2019-09-24,8688.973525957199,836545,9.297462240598819e+19,3044575.0,560782124,5.10697164780102e+22,38.46150022,3855855.0,144.509995,32.369999,17.440001000000002,295.869995,143.570007,26.77,2.33281461,12,0.031832442400985095,0.00149174690882265,0.001820543148032192,42756.171498100026
2019-09-25,8438.7085524873,799467,9.21633419775991e+19,3042625.0,561158653,5.10697164780102e+22,42.82475804,3857715.0,141.830002,32.419998,16.709999,297.619995,141.470001,26.98,2.33281461,12,0.03176646686446897,0.001424671963491936,0.001804657404301102,42211.44448609
2019-09-26,8103.210899594399,747707,1.02211428490725e+20,3040487.5,561533907,5.48030070448019e+22,32.64172934,3870303.0,141.78999299999995,32.009998,16.67,297.0,142.380005,27.049999,2.33281461,12,0.030641356428413643,0.0013315438136133782,0.00186506971063041,42111.627920999985
2019-09-27,8195.2106969967,701097,8.38053838658216e+19,3038837.5,561880754,5.48030070448019e+22,34.26327785,3882891.0,141.059998,31.969999,16.360001,295.399994,142.729996,27.01,2.33281461,12,0.031562877087855754,0.0012477683120643067,0.0015292114134779142,41669.12256284001
2019-09-28,8146.4140320046,629977,1.01143074103021e+20,3036850.0,562201476,5.48030070448019e+22,23.16487157,3895479.0,141.059998,31.969999,16.360001,295.399994,142.729996,27.01,2.33281461,12,0.03112516482697086,0.0011205537994709925,0.0018455752623270422,41669.12256284001
2019-09-29,8085.713290421801,560909,8.609757711475581e+19,3035150.0,562495202,5.48030070448019e+22,21.00156166,3908067.0,141.059998,31.969999,16.360001,295.399994,142.729996,27.01,2.33281461,12,0.03105022982716258,0.0009971800612798827,0.0015710374623124303,41669.12256284001
2019-09-30,8241.3414700027,740476,8.30842448987656e+19,3033525.0,562857084,5.48030070448019e+22,41.0132903,3920655.0,138.869995,31.76,15.92,296.769989,143.080002,27.1,2.33281461,12,0.032263859744761904,0.0013155666350287954,0.0015160526653372063,41212.44688858005
2019-10-01,8333.689190421701,772736,8.95914168647088e+19,3031737.5,563246370,5.48030070448019e+22,48.26497357,3933243.0,139.630005,31.02,16.15,293.23999,143.259995,27.01,2.288578202,12,0.03300349443673149,0.0013719324990944903,0.0016347901638219798,40945.10126989995
2019-10-02,8273.4640176573,714450,9.38907351032654e+19,3029887.5,563613333,5.48030070448019e+22,37.20021491,3945831.0,141.259995,30.23,16.43,288.059998,143.610001,26.99,2.288578202,12,0.03298373553361281,0.001267624376799475,0.0017132405713888835,40691.35387718001
2019-10-03,8203.8438327979,704746,9.37217682746709e+19,3028050.0,563972870,5.48030070448019e+22,37.88399226,3946420.142857143,141.899994,30.620001,16.43,290.420013,144.919998,26.98,2.288578202,12,0.03253742999953253,0.0012496097551642866,0.0017101574042835386,41210.598102179916
2019-10-04,8163.9026381024,712814,9.44934846705282e+19,3026212.5,564339204,5.48030070448019e+22,27.80367596,3947009.2857142864,141.899994,30.77,16.41,294.350006,145.990005,26.959999,2.288578202,12,0.03261127945616289,0.0012630949523754866,0.0017242390475631932,41768.26408529996
2019-10-05,8137.1466890387,633812,9.869800997456658e+19,3024237.5,564666538,5.48030070448019e+22,19.14811395,3947598.4285714286,141.899994,30.77,16.41,294.350006,145.990005,26.959999,2.288578202,12,0.032773911799922735,0.0011224536205827022,0.0018009597519690877,41768.26408529996
2019-10-06,7853.6933048347,563657,9.42295261741751e+19,3022375.0,564961993,5.48030070448019e+22,16.49098962,3948187.5714285714,141.899994,30.77,16.41,294.350006,145.990005,26.959999,2.288578202,12,0.03270906904657164,0.0009976901224928948,0.0017194225509768416,41768.26408529996
2019-10-07,8236.2083793045,736366,9.87831993109081e+19,3020437.5,565329455,5.48030070448019e+22,24.7041595,3948776.7142857136,140.690002,30.5,16.299999,293.079987,144.779999,27.01,2.288578202,12,0.03668113753699973,0.00130254313389703,0.0018025142166040642,41233.423957189974
2019-10-08,8201.6378181926,719570,1.02468631163384e+20,3018412.5,565695269,5.48030070448019e+22,27.65920023,3949365.857142857,141.919998,29.950001,16.610001,288.5299990000001,145.169998,27.049999,2.288578202,12,0.022640441527759778,0.0012720099308449406,0.001869762932526952,40948.176881020016
2019-10-09,8572.3808124348,700138,8.74637434910333e+19,3016687.5,566052653,5.48030070448019e+22,30.36615188,3949955.0,142.050003,30.24,16.6,291.269989,144.350006,27.030001,2.288578202,12,0.024782962426661403,0.001236877870440791,0.0015959661377619478,41374.90281125997
2019-10-10,8582.1445177037,733529,1.03560125182286e+20,3014662.5,566431187,5.58693282930144e+22,33.46657648,3952707.666666666,140.809998,30.620001,16.370001000000002,293.23999,142.199997,26.92,2.288578202,12,0.021700956027120535,0.001295001081923125,0.0018536132140188019,41291.12240542002
2019-10-11,8320.1715813968,726799,1.00651506071118e+20,3012712.5,566802104,5.58693282930144e+22,27.83013723,3955460.333333334,140.029999,31.059999,16.370001000000002,296.2799990000001,140.440002,26.82,2.288578202,12,0.02349286194116422,0.0012822799966176555,0.001801552106430156,41488.08796369001
2019-10-12,8328.6042603935,590435,8.6299207495336e+19,3011050.0,567113581,5.58693282930144e+22,20.76242438,3958213.0,140.029999,31.059999,16.370001000000002,296.2799990000001,140.440002,26.82,2.288578202,12,0.02340556115959759,0.001041123012710923,0.0015446616261918864,41488.08796369001
2019-10-13,8282.1773258265,541134,9.16186786031972e+19,3009275.0,567400959,5.58693282930144e+22,16.18085575,3960965.666666666,140.029999,31.059999,16.370001000000002,296.2799990000001,140.440002,26.82,2.288578202,12,0.02335470716312725,0.0009537065304819128,0.001639874353288989,41488.08796369001
2019-10-14,8337.8189985374,693478,8.71898655517825e+19,3007587.5,567754183,5.58693282930144e+22,23.82030921,3963718.333333334,140.589996,30.99,16.49,295.950012,141.46000700000005,26.9,2.288578202,12,0.022876968582386456,0.001221440582499416,0.0015606034333275533,41607.611003279955
2019-10-16,8003.8203947876,737755,9.15953630411477e+19,3003887.5,568490786,5.58693282930144e+22,29.13647841,3966471.0,140.410004,30.719999,16.26,298.399994,139.919998,26.75,2.288578202,12,0.025182435694710747,0.0012977431088918299,0.0016394570301751826,41898.34435113997
2019-10-17,8058.0580811125,727633,9.715503772348259e+19,3002012.5,568854248,5.58693282930144e+22,25.40381954,3966789.4285714286,140.610001,30.73,16.4,299.2799990000001,139.580002,26.65,2.288578202,12,0.025273612275496203,0.0012791202712438916,0.001738969139094345,42081.76095867001
2019-10-18,7970.2394756046,675687,1.0510644020885e+20,3000012.5,569210824,5.58693282930144e+22,24.94346328,3967107.857142857,140.46000700000002,30.549999,16.41,297.970001,139.580002,26.549999,2.288578202,12,0.02533254242727913,0.0011870592959771263,0.0018812905653278085,41852.86842625002
2019-10-19,7943.3471070605,632136,9.12383082539768e+19,2998237.5,569552352,5.58693282930144e+22,18.30723571,3967426.2857142864,140.46000700000002,30.549999,16.41,297.970001,139.580002,26.549999,2.288578202,12,0.025322878686368514,0.0011098821693567512,0.0016330661391786368,41852.86842625002
2019-10-20,8200.3187633988,568261,9.36748157467541e+19,2996412.5,569853347,5.58693282930144e+22,15.84344804,3967744.7142857136,140.46000700000002,30.549999,16.41,297.970001,139.580002,26.549999,2.288578202,12,0.0268735387409323,0.0009972056898351427,0.001676676964066287,41852.86842625002
2019-10-21,8200.2460994923,736587,1.03022559304494e+20,2994425.0,570231069,5.58693282930144e+22,20.63255238,3968063.142857143,139.78999299999998,31.09,16.41,299.98999,138.529999,26.57,2.288578202,12,0.024810694826766483,0.0012917342460692894,0.0018439913715120751,41935.59860217006
2019-10-22,8073.4095438836,725908,1.09198025599882e+20,2992312.5,570606600,5.58693282930144e+22,22.21592037,3968381.5714285714,140.199997,31.51,16.370001000000002,299.01001,139.339996,26.629999,2.288578202,12,0.021641365428176476,0.0012721689514281819,0.0019545254782226463,41921.20250496997
2019-10-23,7420.415836492802,744124,1.0860832942167e+20,2990212.5,570977270,5.88044590000295e+22,31.07041069,3968700.0,140.529999,31.74,16.389999,299.880005,139.479996,26.620001,2.288578202,12,0.031004939568738402,0.0013032462745846257,0.0018469403726954707,42142.136802769994
2019-10-24,7460.617415927901,713976,9.05029455663113e+19,2988550.0,571327527,5.88044590000295e+22,28.9599249,3976003.2857142864,141.529999,31.620001,16.65,300.369995,139.199997,26.700001,2.288578202,12,0.02760848793958499,0.0012496789779218882,0.0015390490297048035,42511.365091980006
2019-10-25,8591.2238974163,789545,9.432335288379089e+19,2986825.0,571717667,5.88044590000295e+22,36.08670023,3983306.5714285714,141.860001,31.870001,16.889999,301.600006,138.520004,26.73,2.288578202,12,0.048986570675663935,0.0013810050757098607,0.0016040170165283483,42784.97715276001
2019-10-26,9171.3065318558,767830,9.533686449809649e+19,2985075.0,572084718,5.88044590000295e+22,47.8563533,3990609.857142857,141.860001,31.870001,16.889999,301.600006,138.520004,26.73,2.288578202,12,0.051010148506280946,0.0013421613545006458,0.001621252301599249,42784.97715276001
2019-10-27,9578.3675560737,591948,7.78938777543959e+19,2983637.5,572381386,5.88044590000295e+22,33.97050101,3997913.142857143,141.860001,31.870001,16.889999,301.600006,138.520004,26.73,2.288578202,12,0.0518820607124607,0.001034184574269157,0.0013246253613923534,42784.97715276001
2019-10-28,9458.2233596272,752667,9.11823636974236e+19,2981962.5,572752822,5.88044590000295e+22,37.98415405,4005216.4285714286,140.639999,31.67,16.68,303.299988,137.259995,26.709999,2.288578202,12,0.05207815102459505,0.0013141218534231858,0.001550602883658497,42656.110009020005
2019-10-29,9455.7246926058,727812,9.066136191551619e+19,2980300.0,573117270,5.88044590000295e+22,35.47022733,4012519.7142857136,140.25,31.82,16.65,303.209991,137.350006,26.700001,2.288578202,12,0.05214000059924943,0.0012699181094298555,0.0015417429810122172,42525.20123775
2019-10-30,9225.9954793378,725866,9.10759198095673e+19,2978625.0,573488356,5.88044590000295e+22,33.65141019,4019823.0,141.020004,31.16,16.73,304.140015,139.360001,26.639999,2.288578202,12,0.05111327282617366,0.0012657031174317338,0.0015487927507252743,42889.82613186006
2019-10-31,9131.4106303055,703136,8.98120794196708e+19,2976975.0,573832930,5.88044590000295e+22,35.46517509,4022625.857142857,142.429993,31.030001,16.92,303.329987,141.240005,26.59,2.288578202,12,0.05140298110929765,0.0012253322582933678,0.0015273004963726603,43203.28792510009
2019-11-01,9197.6323446207,795073,8.9282890729063e+19,2975350.0,574223388,5.88044590000295e+22,40.18774408,4025428.7142857136,142.559998,31.780001,16.92,306.140015,140.559998,26.58,2.274465032,11,0.051090525429122194,0.0013846057416247212,0.00151830137114293,43643.31992611997
2019-11-02,9290.8966023936,630458,9.22250149928483e+19,2973675.0,574548104,5.88044590000295e+22,27.69024942,4028231.5714285714,142.559998,31.780001,16.92,306.140015,140.559998,26.58,2.274465032,11,0.050941109645735505,0.0010973110791085302,0.0015683337039594572,43643.31992611997
2019-11-03,9202.41545055,626683,9.242509016986221e+19,2971950.0,574873135,5.88044590000295e+22,26.0661656,4031034.4285714286,142.559998,31.780001,16.92,306.140015,140.559998,26.58,2.274465032,11,0.05085220860484171,0.0010901239975320816,0.0015717360850104215,43643.31992611997
2019-11-04,9369.6280811552,743527,8.96202441694441e+19,2970300.0,575255857,5.88044590000295e+22,48.28785176,4033837.2857142864,142.149994,32.779999,16.85,307.369995,138.71000700000002,26.68,2.274465032,11,0.05085549577075592,0.0012925153059328172,0.0015240382395049182,43692.64294503003
2019-11-05,9326.5996237841,792806,9.857561053298231e+19,2968500.0,575666693,5.88044590000295e+22,43.73232482,4036640.142857143,139.850006,32.919998,16.440001000000002,307.0299990000001,137.149994,26.780001,2.274465032,11,0.0505219100509221,0.0013771962311531544,0.0016763288398407485,42938.14720233001
2019-11-06,9335.7524023305,837366,8.99974328746292e+19,2966850.0,576046930,5.88044590000295e+22,38.66539842,4039443.0,140.449997,32.16,16.469998999999998,307.100006,137.979996,26.780001,2.274465032,11,0.042779266053524126,0.0014536419801768582,0.00153045252698582,43132.19492139998
2019-11-07,9226.4858208826,786049,9.09427502455515e+19,2965162.5,576434607,5.463200662839e+22,39.73640604,4040648.5714285714,138.270004,32.66,16.0,308.179993,135.479996,26.84,2.274465032,11,0.043361284423452294,0.0013636395012626298,0.0016646423197329953,42612.04886482997
2019-11-08,8794.3586445233,723601,8.153175212995271e+19,2963562.5,576807387,5.463200662839e+22,40.88879104,4041854.142857143,137.389999,32.52,15.7,308.940002,134.910004,26.9,2.274465032,11,0.027760063835014955,0.0012544932958703597,0.0014923806969884212,42445.26656583999
2019-11-09,8798.042054625601,728794,9.12529602311556e+19,2961762.5,577175339,5.463200662839e+22,29.44260954,4043059.7142857136,137.389999,32.52,15.7,308.940002,134.910004,26.9,2.274465032,11,0.02087474565162203,0.0012626908163863877,0.0016703204927445443,42445.26656583999
2019-11-10,9081.1868784913,585403,1.03934550063179e+20,2959687.5,577471269,5.463200662839e+22,23.86642196,4044265.2857142864,137.389999,32.52,15.7,308.940002,134.910004,26.9,2.274465032,11,0.0190194302997414,0.0010137352824734212,0.001902447969194097,42445.26656583999
2019-11-11,8711.5343391679,698259,9.76206496761953e+19,2957800.0,577819097,5.463200662839e+22,29.56238739,4045470.857142857,137.059998,32.310001,15.75,308.350006,135.0,26.860001,2.274465032,11,0.021465770110011096,0.001208438771970875,0.001786876516182473,42262.45120565999
2019-11-12,8760.8927181435,678947,8.37324413027934e+19,2956112.5,578159162,5.463200662839e+22,28.65525709,4046676.4285714286,137.429993,32.110001000000004,15.72,309.0,135.619995,26.9,2.274465032,11,0.021642129360856403,0.001174325418715755,0.0015326627460775183,42465.867837
2019-11-13,8749.520591019,761872,8.55526273064292e+19,2954425.0,578540879,5.463200662839e+22,34.31516352,4047882.0,137.979996,31.950001,15.83,309.100006,136.5,26.889999,2.274465032,11,0.020941242407783778,0.0013168853362909901,0.0015659799554565699,42649.617591479975
2019-11-14,8656.970922354,748620,1.08222769334075e+20,2952312.5,578911628,5.463200662839e+22,29.64079727,4045363.0,138.559998,31.860001,15.9,309.549988,137.910004,26.870001,2.274465032,11,0.020949304669978734,0.001293150739753322,0.0019809407710431066,42891.24571818003
2019-11-15,8500.643558162199,764270,9.84585040183143e+19,2950337.5,579312764,5.463200662839e+22,29.64859081,4042844.0,138.21000700000002,32.110001000000004,15.85,311.790009,137.759995,26.809999,2.274465032,11,0.021021932035855284,0.0013192700860290383,0.0018022128436181123,43092.49932642007
2019-11-16,8469.2608988992,681643,9.33287583655764e+19,2948487.5,579655736,5.463200662839e+22,22.93336843,4040325.0,138.21000700000002,32.110001000000004,15.85,311.790009,137.759995,26.809999,2.274465032,11,0.020546529148990682,0.001175944543745531,0.0017083165002597083,43092.49932642007
2019-11-17,8537.3396519676,596015,9.731229421298511e+19,2946562.5,579949890,5.463200662839e+22,21.08122965,4037806.0,138.21000700000002,32.110001000000004,15.85,311.790009,137.759995,26.809999,2.274465032,11,0.020886178637047823,0.0010277008587759194,0.0017812322888834898,43092.49932642007
2019-11-18,8205.8063659942,687888,8.95459869339288e+19,2944812.5,580302961,5.463200662839e+22,27.82718296,4035287.0,138.619995,31.700001,15.92,312.019989,138.009995,26.76,2.274465032,11,0.021592309562800928,0.0011853946063184054,0.0016390755613833786,43252.20931508005
2019-11-19,8118.4885358003,831638,9.19383289758941e+19,2942975.0,580696369,5.463200662839e+22,34.36839889,4032768.0,138.690002,31.24,16.02,311.929993,139.160004,26.790001,2.274465032,11,0.021547948156802436,0.0014321391425817576,0.0016828656798433897,43261.57135302998
2019-11-20,8074.8431736099,701261,9.05189426418139e+19,2941200.0,581057556,5.463200662839e+22,27.36373955,4030249.0,138.759995,31.57,16.040001,310.769989,140.600006,26.790001,2.274465032,11,0.02136677810915799,0.0012068701159786656,0.001656884823168383,43122.44211979006
2019-11-21,7612.740573502398,793352,8.70562764002323e+19,2939487.5,581439287,5.57196242092859e+22,36.85944226,4033481.2857142864,138.0,32.07,15.99,310.269989,139.720001,26.83,2.274465032,11,0.025012067729210958,0.001364462322615637,0.0015623988430583137,42817.258482000005
2019-11-22,7262.1105349483,808615,8.480036889794819e+19,2937837.5,581823485,5.57196242092859e+22,40.02095823,4036713.5714285714,137.740005,31.959999,15.9,310.959991,139.899994,26.91,2.274465032,11,0.024927056639980467,0.0013897943634915322,0.0015219120749887587,42831.63071513995
2019-11-23,7303.405758524201,673384,1.12658302419317e+20,2935675.0,582191266,5.57196242092859e+22,21.5480276,4039945.857142857,137.740005,31.959999,15.9,310.959991,139.899994,26.91,2.274465032,11,0.0251935353638963,0.0011566370698525732,0.002021878360057964,42831.63071513995
2019-11-24,7041.7329364242005,559885,8.39488754490156e+19,2934037.5,582494747,5.57196242092859e+22,17.0147224,4043178.142857143,137.740005,31.959999,15.9,310.959991,139.899994,26.91,2.274465032,11,0.022247445185562875,0.0009611846336530139,0.0015066303235229857,42831.63071513995
2019-11-25,7211.8618087461,665242,8.07287429431214e+19,2932475.0,582828108,5.57196242092859e+22,32.18493307,4046410.4285714286,137.080002,32.040001000000004,15.78,313.369995,140.309998,26.93,2.274465032,11,0.02377607204520218,0.0011414034273034752,0.0014488386109694478,42956.75954134
2019-11-26,7141.0694486947,785860,7.79733445766037e+19,2930950.0,583235450,5.57196242092859e+22,39.86894065,4049642.7142857136,137.740005,31.67,15.99,314.079987,141.130005,26.9,2.274465032,11,0.023168948183585156,0.0013474146676097963,0.0013993874812172392,43261.37897977993
2019-11-27,7523.480672600501,827222,8.95741371085496e+19,2929212.5,583632587,5.57196242092859e+22,33.86031284,4052875.0,137.009995,31.809999,15.84,315.480011,140.720001,26.940001,2.274465032,11,0.029161770575788514,0.001417367738583795,0.0016075868848667092,43223.91472970995
2019-11-28,7390.207469227,703993,1.07198653818441e+20,2927175.0,584004503,5.57196242092859e+22,26.17198877,4054706.5714285714,137.009995,31.809999,15.84,315.480011,140.720001,26.940001,2.274465032,11,0.0292230293726714,0.001205458170927836,0.0019238940559935778,43223.91472970995
2019-11-29,7729.265938935,735141,8.622188344783e+19,2925475.0,584378296,5.57196242092859e+22,32.70649438,4056538.142857143,137.860001,31.469999,15.92,314.309998,140.419998,26.91,2.274465032,11,0.03272668265825142,0.0012579881987951176,0.0015474239941744039,43330.77663859
2019-11-30,7542.2356086361,677647,8.32681719568521e+19,2923900.0,584715220,5.57196242092859e+22,27.23029381,4058369.7142857136,137.860001,31.469999,15.92,314.309998,140.419998,26.91,2.274465032,11,0.033045760381063626,0.0011589351137464832,0.0014944137391180595,43330.77663859
2019-12-01,7381.9630078152,607728,8.87163694011608e+19,2922162.5,585050640,5.57196242092859e+22,21.90876399,4060201.2857142864,137.860001,31.469999,15.92,314.309998,140.419998,26.91,2.2947028080000003,10,0.03286703535772668,0.0010387613626061498,0.0015921925292951967,43330.77663859
2019-12-02,7333.4329304881,736971,9.31497724142095e+19,2920350.0,585439688,5.57196242092859e+22,26.09108998,4062032.857142857,137.78999299999998,31.469999,15.8,311.640015,138.309998,26.799999,2.2947028080000003,10,0.03177542072037335,0.0012588333437346326,0.001671758805557158,42940.87548536989
2019-12-03,7315.3677645579,753755,1.01201267071307e+20,2918375.0,585844934,5.57196242092859e+22,25.47734062,4063864.4285714286,139.110001,31.01,16.049999,309.549988,141.21000700000005,26.77,2.2947028080000003,10,0.03179837347731301,0.0012866117913720835,0.0018162589663417257,43061.49914022999
2019-12-04,7213.7337617194,758374,1.07149421864177e+20,2916287.5,586240871,5.57196242092859e+22,29.54553925,4065696.0,138.919998,31.52,15.76,311.459991,139.800003,26.74,2.2947028080000003,10,0.03183877000849372,0.0012936218498488142,0.0019230104901949447,43268.021326800015
2019-12-05,7398.787049606899,730609,9.38301712012699e+19,2914475.0,586621691,5.53056156509425e+22,23.24165709,4069952.4285714286,139.0,31.33,15.85,312.019989,139.119995,26.68,2.2947028080000003,10,0.029348393181111137,0.0012454517301509057,0.0016965758376775411,43370.778471
2019-12-06,7511.8805831153,743966,9.250030877659231e+19,2912662.5,587003630,5.53056156509425e+22,25.03292648,4074208.857142857,137.619995,31.98,15.48,314.869995,138.350006,26.780001,2.2947028080000003,10,0.026574101516772475,0.0012673959103114917,0.001672530134379147,43332.40713755002
2019-12-07,7532.1235130864,658975,9.913578455084471e+19,2910725.0,587336742,5.53056156509425e+22,18.05659965,4078465.2857142864,137.619995,31.98,15.48,314.869995,138.350006,26.780001,2.2947028080000003,10,0.026557955541392512,0.0011219713545521728,0.001792508471048098,43332.40713755002
2019-12-08,7550.2391998746,587605,9.475292141389711e+19,2908875.0,587644645,5.53056156509425e+22,14.5034802,4082721.7142857136,137.619995,31.98,15.48,314.869995,138.350006,26.780001,2.2947028080000003,10,0.024122119927680104,0.0009999325357589195,0.0017132604040053273,43332.40713755002
2019-12-09,7333.0960431601,784032,9.46772979427152e+19,2907025.0,588020526,5.53056156509425e+22,21.82070486,4086978.142857143,137.580002,31.92,15.5,313.880005,138.649994,26.75,2.2947028080000003,10,0.025074418906097917,0.0013333412106093724,0.001711893029819328,43183.61171566001
2019-12-10,7239.762575441,803298,9.50003611460016e+19,2905175.0,588411848,5.53056156509425e+22,23.22218997,4091234.5714285714,137.970001,31.99,15.57,313.5299990000001,138.660004,26.719999,2.2947028080000003,10,0.025186394822142685,0.0013651968476338363,0.0017177344475394632,43257.73427556001
2019-12-11,7198.0666770463,793438,8.42314672426955e+19,2903525.0,588780115,5.53056156509425e+22,24.60426083,4095491.0,138.919998,31.93,15.75,314.420013,139.75,26.620001,2.2947028080000003,10,0.020442133398765328,0.001347596462220875,0.0015230183454482539,43679.22757711997
2019-12-12,7190.2723692612,723507,8.57041791715256e+19,2901862.5,589162409,5.53056156509425e+22,22.56385567,4101428.2857142864,138.429993,32.580002,15.85,317.130005,137.449997,26.66,2.2947028080000003,10,0.020000185406999597,0.0012280264133416564,0.0015496469601286333,43900.30437223996
2019-12-13,7238.8743229875,729489,9.697255221473619e+19,2899962.5,589559068,5.53056156509425e+22,22.4711631,4107365.5714285714,139.050003,32.279999,15.84,317.320007,139.03999299999998,26.66,2.2947028080000003,10,0.015140531818522235,0.0012373467555586814,0.0017533943176181533,44123.347925310016
2019-12-14,7087.0249853497,630769,9.69744413216011e+19,2898075.0,589895857,5.53056156509425e+22,15.36404462,4113302.857142857,139.050003,32.279999,15.84,317.320007,139.03999299999998,26.66,2.2947028080000003,10,0.014831282069724738,0.0010692887439621398,0.0017534284752139541,44123.347925310016
2019-12-15,7112.731476124101,645544,7.90116634489709e+19,2896525.0,590207218,5.53056156509425e+22,20.447816600000003,4119240.142857143,139.050003,32.279999,15.84,317.320007,139.03999299999998,26.66,2.2947028080000003,10,0.014113685493025108,0.0010937582264539502,0.0014286372643900658,44123.347925310016
2019-12-16,6883.496393770301,793627,1.02544808470009e+20,2894562.5,590594129,5.53056156509425e+22,22.16325645,4125177.4285714286,139.03999299999998,31.43,15.91,319.5,137.78999299999998,26.610001,2.2947028080000003,10,0.016246832411156348,0.0013437773269838922,0.0018541482137584967,44423.277763499995
2019-12-17,6584.0288433458,891036,8.848296066971779e+19,2892800.0,590993303,5.53056156509425e+22,22.92717755,4131114.7142857136,139.009995,31.459999,15.88,319.570007,137.600006,26.66,2.2947028080000003,10,0.019410040976639457,0.001507692211530864,0.0015998910712462142,44423.425075219966
2019-12-18,7424.0154002314,743776,8.575605477066729e+19,2891125.0,591385559,5.53056156509425e+22,27.48314294,4137052.0,139.020004,31.58,15.9,319.589996,136.470001,26.709999,2.2947028080000003,10,0.03907889502806577,0.0012576837372520284,0.0015505849408116274,44429.40252227998
2019-12-19,7147.5683237876,728845,1.02173674733549e+20,2889162.5,591767441,5.56137852721655e+22,28.71547007,4141129.0,139.380005,31.549999,15.94,320.899994,136.470001,26.709999,2.2947028080000003,10,0.0398316460289641,0.0012316409276731397,0.001837200511231638,44727.04276821997
2019-12-20,7139.933370530102,711782,9.87743983247696e+19,2887212.5,592156936,5.56137852721655e+22,25.47719556,4145206.0,139.520004,31.84,16.040001,320.730011,136.649994,26.799999,2.2947028080000003,10,0.03951370855312325,0.0012020158115651962,0.0017760776009290242,44748.25241764004
2019-12-21,7286.3350811573,621619,1.13527798553663e+20,2885012.5,592495337,5.56137852721655e+22,16.60936724,4149283.0,139.520004,31.84,16.040001,320.730011,136.649994,26.799999,2.2947028080000003,10,0.040007356429688036,0.0010491542484493848,0.002041360752519812,44748.25241764004
2019-12-22,7236.9862046092,586698,1.08650810494266e+20,2882900.0,592800080,5.56137852721655e+22,12.80407837,4153360.0,139.520004,31.84,16.040001,320.730011,136.649994,26.799999,2.2947028080000003,10,0.039998487322861286,0.0009897063441691844,0.001953666882456306,44748.25241764004
2019-12-23,7166.1723785327,706457,9.18726395101794e+19,2881112.5,593164731,5.56137852721655e+22,18.87107421,4157437.0,139.949997,32.18,16.280001000000002,321.220001,136.449997,26.26,2.2947028080000003,10,0.039354353294236075,0.0011909963001492077,0.0016519760174670455,44954.73817629
2019-12-24,7235.6266504955,668278,8.10403604413644e+19,2879550.0,593511140,5.56137852721655e+22,17.60848203,4161514.0,141.270004,32.150002,16.58,321.230011,136.839996,26.26,2.2947028080000003,10,0.03932189258437019,0.0011259738107021883,0.001457199146664178,45380.16493889004
2019-12-25,7212.8093952216,543218,8.1815997733943e+19,2877950.0,593787206,5.56137852721655e+22,13.13196764,4165591.0,141.270004,32.150002,16.58,321.230011,136.839996,26.26,2.2947028080000003,10,0.03929874205540177,0.0009148361475474432,0.0014711459997471456,45380.16493889004
2019-12-26,7183.706536029599,639346,1.08234592413985e+20,2875862.5,594122541,5.56137852721655e+22,18.91209694,4166738.857142857,142.380005,32.200001,16.73,322.940002,137.169998,26.219999,2.2947028080000003,10,0.039313822677375904,0.0010761180663569538,0.001946182801337855,45980.19909946001
2019-12-27,7227.2937116818,706108,9.2790965588447e+19,2874050.0,594504948,5.56137852721655e+22,17.11633792,4167886.7142857136,142.330002,32.02,16.58,322.859985,137.320007,26.09,2.2947028080000003,10,0.039305101337340116,0.0011877243450629784,0.0016684885794833416,45952.66231076997
2019-12-28,7311.560643923,630081,9.581487911697711e+19,2872187.5,594845930,5.56137852721655e+22,13.80390964,4169034.5714285714,142.330002,32.02,16.58,322.859985,137.320007,26.09,2.2947028080000003,10,0.038927158727060596,0.0010592339431489428,0.0017228620322834259,45952.66231076997
2019-12-29,7385.464847913,587285,1.00671953812926e+20,2870250.0,595160915,5.56137852721655e+22,12.609247300000002,4170182.4285714286,142.330002,32.02,16.58,322.859985,137.320007,26.09,2.2947028080000003,10,0.03898284145170233,0.000986766746939355,0.0018101978371055415,45952.66231076997
2019-12-30,7251.2767943228,730520,1.05985745424252e+20,2868175.0,595545490,5.56137852721655e+22,15.90283263,4171330.2857142864,142.630005,31.91,16.74,321.079987,136.820007,26.040001,2.2947028080000003,10,0.03815579580695759,0.0012266401345764537,0.0019057459388094821,45795.64015120994
2019-12-31,7179.9578192867,669834,9.43268085678324e+19,2866362.5,595890165,5.56137852721655e+22,14.84211896,4172478.142857143,142.899994,32.119999,16.68,321.859985,135.479996,25.969999,2.2947028080000003,10,0.035844468981396385,0.0011240897053570267,0.0016961048075798326,45993.78992534009
2020-01-01,7174.7440119511,522161,1.11315878308511e+20,2864187.5,596160877,5.92653252637567e+22,9.97099973,4173626.0,142.899994,32.119999,16.68,321.859985,135.479996,25.969999,2.184367399,13,0.014514262852911616,0.0008758726379825826,0.0018782631802509563,45993.78992534009
2020-01-02,6955.4875796712,678389,9.790297891357991e+19,2862425.0,596493484,5.92653252637567e+22,13.78084459,4170185.7142857136,143.949997,32.400002,16.809998999999998,324.869995,137.009995,26.059999,2.184367399,13,0.013278502388485193,0.0011372949046330237,0.0016519436698924487,46765.03480564002
2020-01-03,7291.2195053189,712208,1.14475900581474e+20,2860312.5,596868255,5.92653252637567e+22,16.38979535,4166745.4285714286,145.860001,32.310001,16.84,322.410004,139.119995,26.09,2.184367399,13,0.01867695626958741,0.001193241547081441,0.0019315830980764217,47026.72350585001
2020-01-04,7337.6366701377,615785,1.15950746419676e+20,2858212.5,597201939,5.92653252637567e+22,12.31216518,4163305.142857143,145.860001,32.310001,16.84,322.410004,139.119995,26.09,2.184367399,13,0.01795497075517045,0.0010311168798800567,0.001956468574223533,47026.72350585001
2020-01-05,7347.433264439201,596336,1.11572110206303e+20,2856175.0,597523545,5.92653252637567e+22,11.88711242,4159864.857142857,145.860001,32.310001,16.84,322.410004,139.119995,26.09,2.184367399,13,0.017831862905678095,0.0009980125553044107,0.0018825866509591931,47026.72350585001
2020-01-06,7713.860753649599,724303,9.2860015211318e+19,2854487.5,597887329,5.92653252637567e+22,20.49312376,4156424.5714285714,147.389999,32.540001000000004,16.940001000000002,323.640015,138.330002,26.030001,2.184367399,13,0.021545131131921455,0.0012114372806853713,0.0015668523676880231,47701.30148720998
2020-01-07,8039.603700818299,771654,1.19920639761108e+20,2852287.5,598293937,5.92653252637567e+22,25.56190656,4152984.2857142864,147.970001,32.490002000000004,17.17,322.730011,137.649994,26.120001,2.184367399,13,0.02361009181113705,0.0012897573454768272,0.002023453667509771,47754.360050400006
2020-01-08,8067.606369056402,745781,9.74916728928136e+19,2850512.5,598684116,5.92653252637567e+22,30.83081053,4149544.0,146.860001,31.91,16.93,324.450012,136.740005,26.190001,2.184367399,13,0.023445134955374102,0.0012457003285518936,0.0016450035912050239,47648.72908677002
2020-01-09,7808.7013638165,780267,1.0903808641819e+20,2848550.0,599073451,5.92653252637567e+22,29.78119837,4153302.0,146.029999,32.099998,16.719998999999998,326.649994,137.220001,26.24,2.184367399,13,0.02570877638849363,0.001302456315995215,0.0018398293763330017,47700.698297170005
2020-01-10,8087.4528852359,784612,1.01453739249767e+20,2846687.5,599501671,5.92653252637567e+22,32.5651343,4157060.0,146.910004,31.9,16.889999,325.709991,138.440002,26.219999,2.184367399,13,0.026861196897296078,0.0013087736664540506,0.0017118566176470534,47850.05608064996
2020-01-11,8078.993531990302,655704,1.11412550520631e+20,2844650.0,599865233,5.92653252637567e+22,18.38352814,4160818.0,146.910004,31.9,16.889999,325.709991,138.440002,26.219999,2.184367399,13,0.026944599390077206,0.0010930855197604026,0.001879894356857003,47850.05608064996
2020-01-12,8149.313717146801,590366,1.03370151373145e+20,2842762.5,600184171,5.92653252637567e+22,14.53164303,4164576.0,146.910004,31.9,16.889999,325.709991,138.440002,26.219999,2.184367399,13,0.02693553733280268,0.0009836414029652909,0.001744192762177588,47850.05608064996
2020-01-13,8116.9610079465,682403,9.836283092754419e+19,2840975.0,600538030,5.92653252637567e+22,17.63102526,4168334.0,145.820007,31.92,16.780001000000002,327.950012,138.020004,26.219999,2.184367399,13,0.02615751146786802,0.001136319376809492,0.0016597028783658307,47821.67304549009
2020-01-14,8735.1424391365,852442,9.96284910068393e+19,2839162.5,600978936,6.34640153194588e+22,26.221577000000003,4172092.0,145.690002,31.940001,16.620001000000002,327.450012,138.729996,26.23,2.184367399,13,0.030818612147318174,0.001418422425374323,0.001569842224847252,47706.192903180025
2020-01-15,8843.6757322237,769961,1.10473990584337e+20,2837275.0,601387988,6.34640153194588e+22,31.35812937,4175850.0,146.53999299999995,31.75,16.809998999999998,328.190002,139.649994,26.190001,2.184367399,13,0.03053467805212769,0.0012803065830440232,0.0017407343362729904,48092.960595749966
2020-01-16,8711.6375778988,741776,1.17800355309292e+20,2835287.5,601782936,6.34640153194588e+22,23.85247351,4171573.142857143,146.309998,31.76,16.77,330.920013,139.21000700000002,26.23,2.184367399,13,0.028939875284410572,0.0012326304978511388,0.0018561755778659823,48416.906440189974
2020-01-17,8925.299028445601,757448,1.16281340367992e+20,2833300.0,602186651,6.34640153194588e+22,24.29323765,4167296.2857142864,146.580002,31.549999,16.82,331.950012,138.020004,26.32,2.184367399,13,0.027668307971875594,0.0012578292772551015,0.0018322405190195836,48657.23342286003
2020-01-18,8939.8643002492,634559,9.68893851885055e+19,2831650.0,602532556,6.34640153194588e+22,17.76555017,4163019.4285714286,146.580002,31.549999,16.82,331.950012,138.020004,26.32,2.184367399,13,0.02780284759063831,0.001053153051534032,0.0015266822419097408,48657.23342286003
2020-01-19,8638.1814404614,636694,1.10216300397337e+20,2829775.0,602874415,6.34640153194588e+22,16.5175935,4158742.5714285714,146.580002,31.549999,16.82,331.950012,138.020004,26.32,2.184367399,13,0.03056015535146766,0.0010560972304654859,0.0017366739221043805,48657.23342286003
2020-01-20,8652.6837629859,736438,1.11977553815661e+20,2827875.0,603251139,6.34640153194588e+22,17.74334005,4154465.7142857136,146.580002,31.549999,16.82,331.950012,138.020004,26.32,2.184367399,13,0.028694631607993487,0.0012207817812342331,0.0017644259231313936,48657.23342286003
2020-01-21,8708.786013433,757020,1.11546305458732e+20,2825962.5,603640398,6.34640153194588e+22,20.51905021,4150188.857142857,146.740005,30.959999,16.639999,331.299988,139.470001,26.299999,2.184367399,13,0.027062026934244532,0.0012540910159561586,0.0017576307596870668,48614.961895619934
2020-01-22,8635.0743569587,783825,1.14777773280262e+20,2824012.5,604029549,6.34640153194588e+22,21.67952284,4145912.0,146.78999299999995,30.65,16.66,331.339996,139.96000700000002,26.280001,2.184367399,13,0.027326105062785943,0.0012976600255693782,0.0018085488713959423,48637.395693460014
2020-01-23,8384.0887767671,768892,1.16985038151036e+20,2822025.0,604412119,6.34640153194588e+22,21.03754657,4146728.857142857,147.119995,30.559999,16.610001,331.720001,140.940002,26.35,2.184367399,13,0.027007698384756376,0.0012721320036933276,0.0018433286573843214,48802.64488851999
2020-01-24,8451.2322960209,733013,1.11213298845476e+20,2820125.0,604798498,6.34640153194588e+22,16.10082373,4147545.7142857136,147.979996,30.17,16.91,328.769989,142.080002,26.389999,2.184367399,13,0.025628325493893735,0.001211995404128798,0.0017523835875442428,48651.381657140046
2020-01-25,8347.567505406,650857,1.205198994024e+20,2818075.0,605130209,6.34640153194588e+22,11.39326294,4148362.5714285714,147.979996,30.17,16.91,328.769989,142.080002,26.389999,2.184367399,13,0.025946187293214112,0.0010755652094704795,0.0018990273274664235,48651.381657140046
2020-01-26,8562.307470442,573738,1.05019373619267e+20,2816287.5,605437497,6.34640153194588e+22,10.57299079,4149179.4285714286,147.979996,30.17,16.91,328.769989,142.080002,26.389999,2.184367399,13,0.02663646397475586,0.0009476419991211744,0.0016547861507128251,48651.381657140046
2020-01-27,8881.9623914604,702915,9.6527200417504e+19,2814675.0,605792731,6.34640153194588e+22,19.78717492,4149996.2857142864,148.990005,29.32,16.889999,323.5,144.28999299999995,26.43,2.184367399,13,0.027937094856572593,0.0011603226054556273,0.0015209753106798405,48198.2666175
2020-01-28,9131.1149880642,823221,1.06314986933377e+20,2812900.0,606216206,6.64263891249076e+22,22.98737848,4150813.142857143,147.660004,29.48,16.32,326.890015,143.160004,26.43,2.184367399,13,0.021417704166441766,0.0013579660059434306,0.001600493242730133,48268.58092246006
2020-01-29,9320.9784062486,776159,1.22285760012716e+20,2810900.0,606628683,6.64263891249076e+22,20.42515898,4151630.0,148.46000700000005,29.17,16.41,326.619995,144.559998,26.469999,2.184367399,13,0.02179874434343089,0.0012794630747784803,0.0018409213811512609,48490.00674403998
2020-01-30,9545.0779565894,763783,1.20337661458166e+20,2808950.0,607037103,6.64263891249076e+22,19.64580869,4153783.857142857,148.470001,29.4,16.68,327.679993,144.580002,26.389999,2.184367399,13,0.021691301120108798,0.00125821468939107,0.0018115942028985516,48650.648888389995
2020-01-31,9388.8807518859,772889,1.1050856112649e+20,2807150.0,607447533,6.64263891249076e+22,22.53135857,4155937.7142857136,149.330002,28.5,16.82,321.730011,145.899994,26.280001,2.184367399,13,0.021864834674729546,0.001272355154992456,0.001663624390582042,48043.94318609002
2020-02-01,9363.1933827575,720033,1.15646694543727e+20,2805262.5,607820766,6.64263891249076e+22,17.4815999,4158091.5714285714,149.330002,28.5,16.82,321.730011,145.899994,26.280001,2.068985713,14,0.02192648415024953,0.0011846140182713008,0.0017409751766916904,48043.94318609002
2020-02-02,9385.2603858419,727237,1.10301837535263e+20,2803475.0,608183790,6.64263891249076e+22,16.94878932,4160245.4285714286,149.330002,28.5,16.82,321.730011,145.899994,26.280001,2.068985713,14,0.019092010224483293,0.0011957520275244428,0.0016605123203046969,48043.94318609002
2020-02-03,9269.7070348447,864995,1.13431470987497e+20,2801625.0,608594863,6.64263891249076e+22,21.53312454,4162399.2857142864,148.360001,28.110001,16.5,324.119995,145.53999299999995,26.41,2.068985713,14,0.019693370614532135,0.0014212985560477858,0.0017076266297450166,48086.44278232
2020-02-04,9177.8946372066,768226,1.01898724732278e+20,2799975.0,608993436,6.64263891249076e+22,23.74587464,4164553.142857143,146.429993,28.190001,16.450001,329.059998,143.580002,26.450001,2.068985713,14,0.0200794251060302,0.0012614684405235527,0.0015340096921521433,48184.253203720014
2020-02-05,9625.4566372011,837536,1.22038198288293e+20,2797987.5,609437775,6.64263891249076e+22,25.44140813,4166707.0,146.610001,29.27,16.459999,332.859985,142.009995,26.549999,2.068985713,14,0.022855215941962038,0.001374276479661931,0.00183719452308048,48800.60273370999
2020-02-06,9681.3774113095,749129,1.03613746497464e+20,2796300.0,609828904,6.64263891249076e+22,27.10635364,4168990.142857143,147.399994,28.92,16.629998999999998,333.980011,142.649994,26.6,2.068985713,14,0.020225385316253796,0.001228424882924211,0.001559828072283586,49228.65161751993
2020-02-07,9795.3440659492,868589,1.07592529316594e+20,2794562.5,610260228,6.64263891249076e+22,31.51759356,4171273.2857142864,147.78999299999995,28.719999,16.540001,332.200012,144.429993,26.66,2.068985713,14,0.020217310383491855,0.0014233092050691528,0.0016197256953750408,49095.8374480799
2020-02-08,9927.7782564213,723079,1.05700640943782e+20,2792825.0,610634855,6.64263891249076e+22,21.33690612,4173556.4285714286,147.78999299999995,28.719999,16.540001,332.200012,144.429993,26.66,2.068985713,14,0.019116656459953082,0.0011841430178432903,0.001591244719700531,49095.8374480799
2020-02-09,10132.706499106,686022,1.17611006736303e+20,2790912.5,610998272,6.64263891249076e+22,19.8217869,4175839.5714285714,147.78999299999995,28.719999,16.540001,332.200012,144.429993,26.66,2.068985713,14,0.01890135870168332,0.001122788772797053,0.0017705464392343876,49095.8374480799
2020-02-10,9838.9000162764,708218,9.38834508021169e+19,2789387.5,611366272,6.64263891249076e+22,27.58066679,4178122.7142857136,148.169998,28.530001,16.610001,334.679993,144.830002,26.700001,2.068985713,14,0.0204648309307476,0.0011584185003912025,0.0014133456904541247,49589.53389345002
2020-02-11,10236.6351482326,892362,1.14903387901641e+20,2787537.5,611827763,6.67727646221751e+22,34.77248558,4180405.857142857,147.660004,28.84,16.48,335.26001,144.100006,26.67,2.068985713,14,0.0215986328826139,0.001458518318332671,0.0017208121986832011,49504.49441764004
2020-02-12,10364.9262882252,813659,1.09808363556178e+20,2785762.5,612262024,6.67727646221751e+22,37.39850183,4182689.0,147.53999299999995,29.24,16.33,337.420013,143.369995,26.74,2.068985713,14,0.021347026566776107,0.001328939192870796,0.00164450826886552,49782.94635607989
2020-02-13,10218.0997373046,829739,1.08618694398028e+20,2784000.0,612696514,6.67727646221751e+22,35.47858608,4181100.5714285714,148.380005,29.120001,16.459999,337.059998,143.919998,26.77,2.068985713,14,0.021548770966279968,0.001354241424654164,0.0016266915861973454,50012.96418854
2020-02-14,10367.5279981077,729015,1.03838490790264e+20,2782312.5,613097807,6.67727646221751e+22,32.17258486,4179512.142857143,149.0,28.98,16.559998999999998,337.600006,144.550003,26.76,2.068985713,14,0.02076322447368671,0.0011890680274444369,0.0015551024639734543,50302.400894
2020-02-15,9926.353690569,755095,1.10312991708828e+20,2780537.5,613497870,6.67727646221751e+22,28.54821404,4177923.7142857136,149.0,28.98,16.559998999999998,337.600006,144.550003,26.76,2.068985713,14,0.02472383763471385,0.0012308029692099827,0.001652065663793008,50302.400894
2020-02-16,9876.2349632052,639998,1.12168702326352e+20,2778762.5,613833744,6.67727646221751e+22,21.59936997,4176335.2857142864,149.0,28.98,16.559998999999998,337.600006,144.550003,26.76,2.068985713,14,0.024844927162465037,0.0010426243364033763,0.0016798570938472272,50302.400894
2020-02-17,9636.6240948155,776163,1.18219200533188e+20,2776800.0,614245308,6.67727646221751e+22,25.29770103,4174746.857142857,149.0,28.98,16.559998999999998,337.600006,144.550003,26.76,2.068985713,14,0.02564901899373081,0.0012636042797416044,0.0017704703587175968,50302.400894
2020-02-18,10189.9959829746,784418,1.16242452687042e+20,2774925.0,614653855,6.67727646221751e+22,30.12812537,4173158.4285714286,150.910004,28.76,17.01,336.730011,145.53999299999995,26.860001,2.068985713,14,0.02895204118402694,0.0012761947128762416,0.001740866255048516,50815.92730693004
2020-02-19,9701.0371914987,791501,1.0890515797072e+20,2773162.5,615065160,6.67727646221751e+22,31.4285617,4171570.0,151.78999299999995,29.129999,17.23,338.339996,145.529999,26.91,2.068985713,14,0.030160012894307368,0.0012868571518503827,0.001630981712183785,51356.62562446001
2020-02-20,9631.4849459561,766663,9.75994842684601e+19,2771587.5,615463205,6.67727646221751e+22,27.79666259,4169722.4285714286,152.410004,29.1,17.139999,336.950012,146.669998,26.99,2.068985713,14,0.030186372602411006,0.0012456682930379241,0.0014616660673062427,51354.55267672004
2020-02-21,9670.8586543715,770775,1.19619907773195e+20,2769662.5,615873032,6.67727646221751e+22,23.54449483,4167874.857142857,154.699997,28.700001,17.280001000000002,333.480011,148.03999299999995,26.83,2.068985713,14,0.030020157484225558,0.0012515160754757646,0.0017914475827090356,51589.35670125997
2020-02-22,9689.0867428481,677136,1.13145670629043e+20,2767812.5,616251721,6.67727646221751e+22,18.32436669,4166027.2857142864,154.699997,28.700001,17.280001000000002,333.480011,148.03999299999995,26.83,2.068985713,14,0.029753217793202186,0.0010987977427490219,0.0016944883332188337,51589.35670125997
2020-02-23,9919.5514478418,608575,1.11523554179591e+20,2766037.5,616582886,6.67727646221751e+22,16.62073804,4164179.7142857136,154.699997,28.700001,17.280001000000002,333.480011,148.03999299999995,26.83,2.068985713,14,0.029940282774514448,0.0009870124744266742,0.0016701952481768929,51589.35670125997
2020-02-24,9640.4695050585,759274,1.07228224681693e+20,2764275.0,616982221,6.67727646221751e+22,22.9242627,4162332.142857143,156.089996,27.35,17.4,322.420013,150.25,26.84,2.068985713,14,0.029877585367699487,0.0012306254121380914,0.0016058676810587341,50326.53853948995
2020-02-25,9392.8696287195,736782,1.12141206044543e+20,2762475.0,617385497,6.65157867420407e+22,24.54482939,4160484.5714285714,153.300003,26.139999,16.709999,312.649994,151.050003,26.76,2.068985713,14,0.02802791054161199,0.0011933905211252477,0.0016859336938980407,47929.24501814998
2020-02-26,8787.9783631624,773379,1.05553510967277e+20,2760775.0,617795947,6.65157867420407e+22,29.29911468,4158637.0,153.970001,25.35,16.68,311.5,150.25,26.780001,2.068985713,14,0.03170921490776615,0.0012518356647619768,0.0015868941214907538,47961.6553115
2020-02-27,8784.9953524383,779052,1.14221539309845e+20,2758937.5,618206943,6.65157867420407e+22,26.95964399,4170475.5714285714,154.0,23.93,16.469998999999998,297.51001,151.880005,26.620001,2.068985713,14,0.03184367480194986,0.0012601799588653278,0.0017172094761926993,45816.541540000006
2020-02-28,8778.470510802099,797710,1.1851565592993e+20,2756962.5,618646967,6.65157867420407e+22,26.28258744,4182314.142857143,148.380005,24.299999,15.53,296.26001,155.309998,26.530001,2.068985713,14,0.031164510069851128,0.0012894429982714195,0.0017817673327619721,43959.06176510006
2020-02-29,8639.5914172977,673533,1.07292241852363e+20,2755225.0,619016107,6.65157867420407e+22,18.50395585,4194152.7142857136,148.380005,24.299999,15.53,296.26001,155.309998,26.530001,2.068985713,14,0.02985817470443097,0.001088070233364703,0.001613034245065163,43959.06176510006
2020-03-01,8548.9483224221,671761,1.37317108555614e+20,2753012.5,619382171,6.65157867420407e+22,14.44661165,4205991.285714285,148.380005,24.299999,15.53,296.26001,155.309998,26.530001,1.691845701,19,0.029825535204712737,0.001084566252392176,0.0020644288413538972,43959.06176510006
2020-03-02,8923.044398255899,822598,1.14323888576254e+20,2751150.0,619814107,6.65157867420407e+22,22.93901727,4217829.857142857,149.199997,24.940001,15.56,309.089996,153.940002,26.389999,1.691845701,19,0.0326525256456458,0.001327168889365082,0.0017187481976214322,46116.22647593001
2020-03-03,8791.1120581303,838607,1.17392986256154e+20,2749237.5,620239710,6.65157867420407e+22,24.71643759,4229668.428571428,153.889999,24.18,16.02,300.23999,156.330002,26.280001,1.691845701,19,0.027498225095000814,0.0013520691862828325,0.0017648890888327543,46203.93176086
2020-03-04,8756.9610624113,875551,1.27960653687069e+20,2747150.0,620688559,6.65157867420407e+22,24.25737051,4241507.0,154.160004,24.67,16.09,312.859985,154.669998,26.370001,1.691845701,19,0.02516994233628324,0.0014106124356643732,0.0019237636650577664,48230.49653903994
2020-03-05,9078.5787771302,790406,1.26170381684968e+20,2745112.5,621120187,6.65157867420407e+22,24.37165686,4251564.714285715,157.490005,23.74,16.299999,302.459991,158.520004,26.17,1.691845701,19,0.02771296674549479,0.001272549204716156,0.0018968486710422257,47634.425494889954
2020-03-06,9126.6368222216,806400,1.18606020580912e+20,2743175.0,621552455,6.65157867420407e+22,26.63263902,4261622.428571428,157.550003,22.41,16.18,297.459991,166.770004,26.02,1.691845701,19,0.027742459070363996,0.001297396532686851,0.0017831258771828997,46864.82247442997
2020-03-07,8925.2134877789,680471,1.2454951361425e+20,2741212.5,621927887,6.65157867420407e+22,18.53853474,4271680.142857143,157.550003,22.41,16.18,297.459991,166.770004,26.02,1.691845701,19,0.02809024739920194,0.0010941316738221774,0.001872480499964223,46864.82247442997
2020-03-08,8166.3138940249,643994,1.18458214195859e+20,2739237.5,622278381,6.65157867420407e+22,16.14238732,4281737.857142857,157.550003,22.41,16.18,297.459991,166.770004,26.02,1.691845701,19,0.03439764454877048,0.0010348969523336212,0.0017809037522965741,46864.82247442997
2020-03-09,7875.750875218299,812717,1.19502654883662e+20,2737362.5,622699656,7.1094267092888e+22,25.61204951,4291795.571428572,157.809998,17.780001000000006,15.88,274.230011,171.28999299999995,25.74,1.691845701,19,0.03470955278738358,0.0013051508735697776,0.0016809042384180735,43276.23748744998
2020-03-10,7959.2282742121,815210,1.08973179003695e+20,2735712.5,623120092,7.1094267092888e+22,27.941280100000004,4301853.285714285,154.479996,18.629999,15.73,288.420013,162.509995,26.120001,1.691845701,19,0.03514422792664632,0.001308271086851746,0.0015327984021737847,44555.12245455995
2020-03-11,7955.3062841815,717216,9.88308562089374e+19,2734225.0,623489459,7.1094267092888e+22,29.56150425,4311911.0,153.929993,17.639999,15.63,274.359985,156.529999,26.16,1.691845701,19,0.03147301114567804,0.0011503257828132745,0.0013901381960912578,42232.230570530104
2020-03-12,5800.2089048343005,917471,1.22818931333029e+20,2732337.5,623937439,7.1094267092888e+22,59.16829292,4362811.142857143,147.78999299999995,15.54,14.62,248.110001,157.5,26.440001,1.691845701,19,0.08818489352687543,0.0014704535144908976,0.0017275504250231638,36668.175311019986
2020-03-13,5672.681201031602,781820,1.03823627391915e+20,2730775.0,624311950,7.1094267092888e+22,84.31311198,4413711.285714285,143.279999,16.870001000000002,13.69,269.320007,153.940002,27.440001,1.691845701,19,0.08782927082405398,0.0012522906216996166,0.0014603656755651556,38588.17033363999
2020-03-14,5304.149952186,765687,1.05889831018393e+20,2729175.0,624664556,7.1094267092888e+22,52.86649863,4464611.428571428,143.279999,16.870001000000002,13.69,269.320007,153.940002,27.440001,1.691845701,19,0.08821165132215661,0.0012257570765708693,0.0014894285481562523,38588.17033363999
2020-03-15,5355.1873735338,643413,9.68010456080651e+19,2727687.5,624951675,7.1094267092888e+22,44.30830399,4515511.571428572,143.279999,16.870001000000002,13.69,269.320007,153.940002,27.440001,1.691845701,19,0.0888000638401278,0.0010295404040640422,0.0013615872216755536,38588.17033363999
2020-03-16,4944.7023359837,729759,9.756348710204311e+19,2726200.0,625319338,7.1094267092888e+22,61.56626918,4566411.714285715,141.639999,14.67,12.0,239.850006,163.910004,26.559999,1.691845701,19,0.08672348107122987,0.0011670181228267084,0.0013723115954563795,33972.35460998999
2020-03-17,5465.582594124,759832,1.00937216940522e+20,2724662.5,625696969,7.1094267092888e+22,62.25196409,4617311.857142857,143.559998,14.71,11.88,252.800003,152.979996,27.030001,1.691845701,19,0.094599683069255,0.001214376987017177,0.001419765911766736,36291.967925079996
2020-03-18,5363.8228532507,629262,8.261779748627341e+19,2723412.5,626024192,7.1094267092888e+22,58.77164193,4668212.0,140.699997,12.58,11.21,240.0,144.350006,27.440001,1.691845701,19,0.09431891355584232,0.0010051720173778844,0.0011620880397898944,33767.999279999996
2020-03-19,6301.0634040737,713003,8.814598415938419e+19,2722075.0,626387207,7.1094267092888e+22,68.45700527,4751935.714285715,138.03999299999998,13.47,11.32,240.50999500000003,148.279999,28.09,1.691845701,19,0.10666905274687859,0.001138278355675294,0.0012398465834694845,33199.99802623004
2020-03-20,6185.2798385235,735358,9.068783046371901e+19,2720712.5,626780246,7.1094267092888e+22,79.98994299,4835659.428571428,140.110001,13.6,11.62,228.800003,159.429993,28.01,1.691845701,19,0.10631963606871778,0.0011732309763955132,0.0012755997659449968,32057.168649130006
2020-03-21,6187.0537502172,659064,1.01658103985495e+20,2719162.5,627110012,7.1094267092888e+22,47.08077798,4919383.142857143,140.110001,13.6,11.62,228.800003,159.429993,28.01,1.691845701,19,0.10658040942144908,0.0010509543579093742,0.001429905787658995,32057.168649130006
2020-03-22,5884.3401334651,553438,1.04376351623009e+20,2717575.0,627390483,7.1094267092888e+22,33.34176341,5003106.857142857,140.110001,13.6,11.62,228.800003,159.429993,28.01,1.691845701,19,0.10532390139406908,0.0008821268651599868,0.001468140201609173,32057.168649130006
2020-03-23,6455.4546882515015,681608,9.20761108536675e+19,2716175.0,627742588,7.1094267092888e+22,51.42451024,5086830.571428572,146.300003,12.68,12.31,222.949997,166.0,27.969999,1.691845701,19,0.1096586974770766,0.0010858081210829047,0.0012951270843451518,32617.585229949993
2020-03-24,6784.3180114254,732064,1.07784157674678e+20,2714525.0,628113908,7.1094267092888e+22,44.74357832,5170554.285714285,153.399994,14.72,13.29,243.149994,162.910004,27.65,1.691845701,19,0.1108310445450791,0.0011654956062523616,0.0015160738282012658,37299.207620700035
2020-03-25,6706.9850891337,591886,7.597570621735289e+19,2713375.0,628426687,7.1094267092888e+22,45.40177404,5254278.0,151.300003,15.14,13.51,246.789993,162.53999299999995,27.389999,1.691845701,19,0.1107867047251874,0.0009418536994753693,0.001068661501469409,37339.32668126998
2020-03-26,6721.4953923809,882424,1.12326478212774e+20,2711375.0,628809997,5.97538357950362e+22,55.05597495,5333896.428571428,153.240005,15.96,13.53,261.200012,163.339996,26.950001,1.691845701,19,0.06808936930154036,0.0014033237451853045,0.0018798203783614682,40026.29114488006
2020-03-27,6682.7800491951,839420,1.06984296865391e+20,2709437.5,629182441,5.97538357950362e+22,41.578544,5413514.857142857,152.25,14.93,13.44,253.419998,167.699997,26.73,1.691845701,19,0.06762073378599122,0.0013341440340672189,0.0017904172249688156,38583.1946955
2020-03-28,6229.4883428258,625437,9.34724723042593e+19,2707750.0,629503657,5.97538357950362e+22,28.81999627,5493133.285714285,152.25,14.93,13.44,253.419998,167.699997,26.73,1.691845701,19,0.06790036884536152,0.0009935398993242068,0.0015642924183960777,38583.1946955
2020-03-29,5922.4898350924,579529,1.04376530800514e+20,2705862.5,629804113,5.97538357950362e+22,21.0619088,5572751.714285715,152.25,14.93,13.44,253.419998,167.699997,26.73,1.691845701,19,0.06990163878528897,0.0009201734127131685,0.0017467754063277164,38583.1946955
2020-03-30,6483.7394455297,777776,1.01922858424366e+20,2704025.0,630179254,5.97538357950362e+22,26.24289384,5652370.142857143,152.919998,15.09,13.16,261.649994,166.320007,26.85,1.691845701,19,0.06840937498006804,0.0012342139082858479,0.0017057123960037526,40011.51655918001
2020-03-31,6446.4213468415,821826,1.10203450696084e+20,2702037.5,630564999,5.97538357950362e+22,29.06116194,5731988.571428571,148.050003,15.31,13.05,257.75,164.970001,26.83,1.691845701,19,0.06453357459408572,0.0013033168686865221,0.0018442908179835825,38159.88827325
2020-04-01,6537.3364615033,808466,1.05269460967455e+20,2700125.0,630948376,5.97538357950362e+22,26.74327122,5811607.0,149.449997,14.58,13.02,246.149994,167.03999299999995,27.0,1.302297431,16,0.06393042734409665,0.001281350472958504,0.0017617188849355812,36787.11586485001
2020-04-02,6850.558711690601,803862,1.05937923691358e+20,2698212.5,631350916,5.97538357950362e+22,25.01439071,5850397.571428573,151.899994,15.9,13.53,251.830002,168.100006,27.139999,1.302297431,16,0.04936908754487535,0.0012732412033120422,0.001772905827413984,38252.97579281999
2020-04-03,6776.370093566,754391,9.11702883341977e+19,2696562.5,631736122,5.97538357950362e+22,25.82618528,5889188.142857143,152.649994,15.69,13.46,248.190002,168.5,27.290001,1.302297431,16,0.04911833174345102,0.0011941552393928173,0.0015257646161314935,37886.20231615999
2020-04-04,6855.9332644576,655944,1.09725984465376e+20,2694600.0,632068702,5.97538357950362e+22,16.67009774,5927978.714285715,152.649994,15.69,13.46,248.190002,168.5,27.290001,1.302297431,16,0.04910145895265972,0.0010377732640841945,0.001836300264333675,37886.20231615999
2020-04-05,6805.362286898901,596650,1.19669053856988e+20,2692412.5,632388921,5.97538357950362e+22,13.64940917,5966769.285714285,152.649994,15.69,13.46,248.190002,168.5,27.290001,1.302297431,16,0.04651140663545274,0.0009434858521185257,0.002002700785058706,37886.20231615999
2020-04-06,7278.243969765799,771478,9.08350274549848e+19,2690812.5,632777911,5.97538357950362e+22,20.99212028,6005559.857142857,156.880005,16.530001000000002,14.03,264.859985,168.059998,27.299999,1.302297431,16,0.0434458238361257,0.0012191923684264003,0.001520153915583952,41551.23577109993
2020-04-07,7175.6674765579,945739,1.13590164904115e+20,2688712.5,633204078,5.97538357950362e+22,25.32409774,6044350.428571427,156.03999299999995,16.889999,13.99,265.130005,166.300003,27.049999,1.302297431,16,0.04212970081569215,0.0014935769254474068,0.0019009685887571258,41370.88412428995
2020-04-08,7367.2933984502015,776631,1.03387309957561e+20,2686912.5,633594395,6.32013631441592e+22,22.6627845,6083141.0,154.649994,18.030001,13.94,274.02999900000003,165.089996,27.15,1.302297431,16,0.04227368052884386,0.0012257542145712953,0.0016358398745568135,42378.73770117001
2020-04-09,7321.8166138877,724013,1.13647625279658e+20,2684987.5,633980490,6.32013631441592e+22,23.29595386,6123819.0,158.690002,17.82,14.34,278.200012,165.389999,26.950001,1.302297431,16,0.04240153273220122,0.0011420114836656883,0.0017981831344433719,44147.560460680026
2020-04-10,6866.398189010301,739563,1.18316552113219e+20,2682950.0,634371957,6.32013631441592e+22,20.78686915,6164497.0,158.690002,17.82,14.34,278.200012,165.389999,26.950001,1.302297431,16,0.046354418822739926,0.001165819188315728,0.001872056965659819,44147.560460680026
2020-04-11,6873.848495157,632958,1.16498182681474e+20,2680962.5,634703857,6.32013631441592e+22,13.75253175,6205175.0,158.690002,17.82,14.34,278.200012,165.389999,26.950001,1.302297431,16,0.04147427488714438,0.000997249336078952,0.0018432859179911575,44147.560460680026
2020-04-12,7043.4388635241,606014,1.11543396212483e+20,2679050.0,635016001,6.32013631441592e+22,12.86445785,6245853.0,158.690002,17.82,14.34,278.200012,165.389999,26.950001,1.302297431,16,0.03817706272218711,0.0009543287083249418,0.0017648890888327519,44147.560460680026
2020-04-13,6889.863772348101,778331,1.25657598772788e+20,2676912.5,635405923,6.32013631441592e+22,16.74379536,6286531.0,161.410004,17.77,14.4,275.660004,163.880005,26.91,1.302297431,16,0.031766334278065765,0.0012249350719382576,0.0019882102619554138,44494.282348280016
2020-04-14,6887.5549078330005,826328,1.22180235529484e+20,2674812.5,635828415,6.32013631441592e+22,22.46964436,6327209.0,162.679993,17.709999,14.65,283.790009,163.839996,26.76,1.302297431,16,0.0316662793415567,0.001299608480064547,0.0019331898783701371,46166.95667758994
2020-04-15,6718.7999502834,934898,1.23997612827673e+20,2672700.0,636272572,6.32013631441592e+22,26.54420742,6367887.0,161.850006,16.9,14.49,277.76001,168.179993,26.959999,1.302297431,16,0.03248008635530646,0.0014693356921882215,0.001961945228061625,44955.45928506007
2020-04-16,7166.5828171387,869689,1.11972779634855e+20,2670775.0,636735841,6.32013631441592e+22,28.64066108,6397208.285714285,161.71000700000005,16.23,14.51,279.100006,170.089996,27.08,1.302297431,16,0.03463565329188935,0.0013658552636744065,0.0017716829837902482,45133.263923960054
2020-04-17,7065.0823890422,849149,9.28872508367844e+19,2669187.5,637155807,6.32013631441592e+22,25.54078133,6426529.571428573,158.570007,17.92,14.15,286.640015,167.809998,27.01,1.302297431,16,0.034752986938543555,0.00133271797992104,0.0014697032819515799,45452.50918503011
2020-04-18,7277.140585563101,865591,1.1557924230627e+20,2667212.5,637557831,6.32013631441592e+22,19.2635742,6455850.857142857,158.570007,17.92,14.15,286.640015,167.809998,27.01,1.302297431,16,0.035420284250739294,0.001357666642792754,0.0018287460357878584,45452.50918503011
2020-04-19,7185.87030343,710287,1.13104068921449e+20,2665312.5,637906556,6.32013631441592e+22,15.56965781,6485172.142857143,158.570007,17.92,14.15,286.640015,167.809998,27.01,1.302297431,16,0.0355795313674002,0.001113465590405376,0.0017895827446547977,45452.50918503011
2020-04-20,6856.146434544599,851022,1.15969768938588e+20,2663300.0,638349607,6.32013631441592e+22,21.97670283,6514493.428571427,159.699997,17.35,14.26,281.589996,169.160004,27.1,1.302297431,16,0.032941105510147464,0.0013331597461138565,0.0018349251213785793,44969.92151643001
2020-04-21,6904.4757726979005,816156,1.16447804144074e+20,2661437.5,638791572,6.85418898394786e+22,23.37622201,6543814.714285715,158.610001,17.09,13.88,273.040009,171.28999299999995,27.139999,1.302297431,16,0.03293738363644127,0.001277656180473214,0.0016989289968045594,43306.87610053001
2020-04-22,7118.3887479246,748473,1.02922828621867e+20,2659800.0,639205092,6.85418898394786e+22,25.3733028,6573136.0,161.729996,17.67,14.09,279.100006,169.53999299999995,27.219999,1.302297431,16,0.03323732708641592,0.0011709434254632,0.001501604768454834,45138.84285397998
2020-04-23,7562.0328317455005,942804,1.12524837648053e+20,2658025.0,639692075,6.85418898394786e+22,41.12345331,6584963.571428573,163.339996,18.24,14.21,279.079987,170.440002,27.23,1.302297431,16,0.03719822634418862,0.0014738403629590065,0.0016416944136145076,45584.92396026006
2020-04-24,7497.8617638281,895121,1.15231421029782e+20,2656225.0,640158188,6.85418898394786e+22,37.06157042,6596791.142857143,162.639999,18.25,14.21,282.970001,170.839996,27.17,1.302297431,16,0.032175417077978274,0.0013982809511451566,0.0016811824316435942,46022.24067967
2020-04-25,7542.303400703199,826116,1.07665708225561e+20,2654525.0,640552672,6.85418898394786e+22,27.81417372,6608618.714285715,162.639999,18.25,14.21,282.970001,170.839996,27.17,1.302297431,16,0.03214125932900508,0.0012896925360105281,0.0015708015708015678,46022.24067967
2020-04-26,7624.853785923199,706083,1.07974736486352e+20,2652812.5,640912350,6.85418898394786e+22,20.75041249,6620446.285714285,162.639999,18.25,14.21,282.970001,170.839996,27.17,1.302297431,16,0.03176848939101743,0.0011016841850527612,0.0015753101751238986,46022.24067967
2020-04-27,7776.5075425684,874525,1.12162927294073e+20,2651050.0,641367076,6.85418898394786e+22,28.0798915,6632273.857142857,161.559998,18.639999,14.21,287.049988,167.660004,27.1,1.302297431,16,0.03091497202715712,0.0013635327298902383,0.0016364142797456053,46375.795487180025
2020-04-28,7761.7587840758,932431,1.2188742534965e+20,2649125.0,641835680,6.85418898394786e+22,27.79591192,6644101.428571427,160.839996,19.08,14.1,285.730011,169.589996,27.07,1.302297431,16,0.03095270855192218,0.0014527565684724789,0.0017782909930715912,45956.81382631996
2020-04-29,8773.1064879583,910172,1.15116395745924e+20,2647312.5,642320084,6.85418898394786e+22,51.72660237,6655929.0,161.729996,20.5,14.28,293.209991,168.71000700000005,26.959999,1.302297431,16,0.041858318971732804,0.0014170069139547564,0.0016795042566745734,47420.85067159004
2020-04-30,8767.6726233679,949644,1.07442408772783e+20,2645625.0,642811857,6.85418898394786e+22,106.67585999,6665284.857142857,158.800003,20.040001,13.98,290.480011,166.740005,26.790001,1.302297431,16,0.039994857546156865,0.0014773280698834402,0.0015675437170525543,46128.226618240034
2020-05-01,8853.7744840141,944666,1.11392421246732e+20,2643862.5,643305745,6.85418898394786e+22,110.19665812,6674640.714285715,159.779999,18.860001,13.92,282.790009,167.949997,26.82,1.088891078,20,0.039177123655834756,0.0014684557185168617,0.0016251728907330542,45184.187355229995
2020-05-02,8963.057557797,989265,1.1762072811459e+20,2642012.5,643715393,6.85418898394786e+22,68.24207768,6683996.571428573,159.779999,18.860001,13.92,282.790009,167.949997,26.82,1.088891078,20,0.03899256964257912,0.001536804946343733,0.0017160415096527306,45184.187355229995
2020-05-03,8904.713816537,906303,1.32797886000996e+20,2639912.5,644113100,6.85418898394786e+22,57.28031251,6693352.428571427,159.779999,18.860001,13.92,282.790009,167.949997,26.82,1.088891078,20,0.03869492127313887,0.0014070556863383153,0.001937470447809383,45184.187355229995
2020-05-04,8887.5058925872,893441,1.25530231417714e+20,2637937.5,644580853,6.85418898394786e+22,67.05887239,6702708.285714285,160.339996,19.540001,13.77,283.570007,167.160004,26.969999,1.088891078,20,0.03479347106374656,0.0013860805759925358,0.0018314381425971623,45467.613788099974
2020-05-05,8978.2835871237,971843,1.26481026862658e+20,2635962.5,645055324,6.91696214587247e+22,71.89874272,6712064.142857143,161.020004,19.540001,13.93,286.190002,166.089996,26.99,1.088891078,20,0.03472364736257785,0.0015066041064099487,0.0018285632362197107,46082.315266800004
2020-05-06,9371.6842727917,974460,1.22034205213129e+20,2634037.5,645539151,6.91696214587247e+22,68.53849328,6721420.0,158.949997,19.049999,13.92,284.25,163.410004,27.120001,1.088891078,20,0.03519992727972197,0.0015095288930043532,0.0017642745852809092,45181.536647249995
2020-05-07,9900.678866615,1011686,1.17833080558025e+20,2632200.0,646038322,6.91696214587247e+22,88.31823092,6751821.0,161.389999,19.5,14.26,287.679993,166.139999,27.040001,1.088891078,20,0.03473320448849064,0.0015659845020772622,0.0017035380282995917,46428.673782590005
2020-05-08,9917.2484143422,952933,1.09306735643127e+20,2630487.5,646519955,6.91696214587247e+22,104.101785,6782222.0,160.419998,20.389999,14.44,292.440002,163.979996,27.030001,1.088891078,20,0.03420915123177734,0.001473942130680251,0.0015802708376588869,46913.22453595999
2020-05-09,9617.5181949278,913693,1.09034592683789e+20,2628787.5,646973185,6.91696214587247e+22,87.06031277,6812623.0,160.419998,20.389999,14.44,292.440002,163.979996,27.030001,1.088891078,20,0.03667618823069843,0.001412257912976718,0.0015763364087347615,46913.22453595999
2020-05-10,8786.655181651,872989,1.35479821738636e+20,2626662.5,647376386,6.91696214587247e+22,63.27358086,6843024.0,160.419998,20.389999,14.44,292.440002,163.979996,27.030001,1.088891078,20,0.04666990006517171,0.0013485030020850962,0.001958660736917294,46913.22453595999
2020-05-11,8608.125245038,990652,1.25958413392175e+20,2624850.0,647832720,6.91696214587247e+22,88.60442418,6873425.0,159.419998,20.030001,14.44,292.5,162.699997,27.129999,1.088891078,20,0.04727000671364889,0.0015291787052682366,0.0018210077015867094,46630.349415
2020-05-12,8815.2312449023,958679,1.16840576788386e+20,2623937.5,648336907,6.91696214587247e+22,109.81191323,6903826.0,160.03999299999995,19.68,14.42,286.670013,164.369995,27.08,1.088891078,20,0.04738534327621144,0.0014786741116374546,0.0016891891891891847,45878.66687382989
2020-05-13,9330.986484701,854774,9.50834598649413e+19,2623193.75,648789110,6.91696214587247e+22,108.86188214,6934227.0,161.580002,18.82,14.55,281.600006,165.520004,27.129999,1.088891078,20,0.03752592739656478,0.0013174912877313863,0.0013746419000092412,45500.92953268001
2020-05-14,9757.2965855933,881291,9.26291801322081e+19,2622481.25,649218687,6.91696214587247e+22,145.59263376,6948945.714285715,163.009995,19.0,14.81,284.970001,167.139999,27.16,1.088891078,20,0.03898374941721498,0.001357464006577494,0.0013391598533972363,46452.95843816
2020-05-15,9362.6355569661,896252,9.88205212053465e+19,2621700.0,649691031,6.91696214587247e+22,161.77900478,6963664.428571427,163.929993,18.969999,15.51,286.2799990000001,166.71000700000005,27.18,1.088891078,20,0.04109990930348387,0.0013795049604124825,0.0014286693944727637,46929.87823211002
2020-05-16,9418.9185505051,879025,1.02228309566698e+20,2620912.5,650118475,6.91696214587247e+22,108.31654619,6978383.142857143,163.929993,18.969999,15.51,286.2799990000001,166.71000700000005,27.18,1.088891078,20,0.04103688575189879,0.001352099707672513,0.0014779365191076009,46929.87823211002
2020-05-17,9684.7019593528,769750,8.05399701916657e+19,2620275.0,650475068,6.91696214587247e+22,100.65014834,6993101.857142857,163.929993,18.969999,15.51,286.2799990000001,166.71000700000005,27.18,1.088891078,20,0.041413702453193126,0.0011833658780600644,0.001164383561643835,46929.87823211002
2020-05-18,9723.6801504531,964198,1.02375166757822e+20,2619475.0,650900561,6.91696214587247e+22,163.90960993,7007820.571428573,162.690002,20.469999,15.79,295.0,163.050003,26.959999,1.088891078,20,0.04135652747125508,0.001481329188776041,0.0014800596649052345,47993.55059
2020-05-19,9719.4808544776,890223,9.22389951964719e+19,2618756.25,651328767,6.91696214587247e+22,182.34876244,7022539.285714285,164.259995,19.9,16.17,291.970001,163.660004,26.940001,1.088891078,20,0.041379756812452984,0.0013667797970913205,0.001333518866393006,47958.99090441
2020-05-20,9540.8865665842,876740,8.66164325288228e+19,2618037.5,651765922,6.50174006716546e+22,192.28599464,7037258.0,164.649994,20.65,16.360001,296.929993,164.149994,26.85,1.088891078,20,0.04037437255189593,0.001345176190417639,0.0013322038659503753,48889.52156587005
2020-05-21,9141.150637421,922394,9.86332783804472e+19,2617218.75,652214027,6.50174006716546e+22,201.49979488,7045837.714285715,162.25,20.370001,15.96,294.880005,164.559998,26.91,1.088891078,20,0.038804911337742456,0.00141425047885393,0.0015170289393535842,47844.28081125
2020-05-22,9192.8451358053,797305,8.394806819381009e+19,2616525.0,652633976,6.50174006716546e+22,158.63953474,7054417.428571427,163.21000700000005,20.25,16.040001,295.440002,165.550003,26.99,1.088891078,20,0.03887731110062087,0.0012216725290440595,0.0012911630936733006,48218.76479450003
2020-05-23,9220.0758874664,849483,8.94759015152698e+19,2615781.25,653034659,6.50174006716546e+22,108.03281588,7062997.142857143,163.21000700000005,20.25,16.040001,295.440002,165.550003,26.99,1.088891078,20,0.03822950033798114,0.0013008237591873358,0.0013761839229336997,48218.76479450003
2020-05-24,9048.7151191611,808246,9.00959070840384e+19,2615056.25,653367156,6.50174006716546e+22,73.43623594,7071576.857142857,163.21000700000005,20.25,16.040001,295.440002,165.550003,26.99,1.088891078,20,0.029421875260064467,0.0012370471833144916,0.0013857199173346404,48218.76479450003
2020-05-25,8905.781604538399,822993,9.33728755050187e+19,2614275.0,653764504,6.50174006716546e+22,92.3763056,7080156.571428573,163.21000700000005,20.25,16.040001,295.440002,165.550003,26.99,1.088891078,20,0.029174131375491356,0.001258852377216246,0.001436121323529412,48218.76479450003
2020-05-26,8835.7272240409,869806,9.069711988036098e+19,2613500.0,654210974,6.50174006716546e+22,80.47442225,7088736.285714285,160.889999,20.83,15.97,299.079987,163.330002,26.790001,1.088891078,20,0.02861412664237929,0.0013295496935519153,0.001394966869536848,48118.97880935001
2020-05-27,9112.9791755927,906216,1.0432660828911e+20,2612637.5,654652211,6.50174006716546e+22,77.89905605,7097316.0,161.179993,21.049999,16.15,303.5299990000001,163.029999,26.780001,1.088891078,20,0.02530735003101226,0.0013842708918919392,0.0016045951885399331,48922.96311411002
2020-05-28,9507.5246646633,866823,9.78536492915609e+19,2611818.75,655103274,6.50174006716546e+22,88.34237133,7107016.142857143,161.720001,20.450001,16.190001000000002,302.970001,162.429993,26.639999,1.088891078,20,0.0249899431154765,0.0013231852662058288,0.0015050378557231647,48996.30886469001
2020-05-29,9425.2818691896,851432,9.43400804937977e+19,2611025.0,655533392,6.50174006716546e+22,94.10951218,7116716.285714285,162.910004,20.4,16.66,304.320007,163.589996,26.6,1.088891078,20,0.02241918201038073,0.0012988384884594865,0.0014509974179101072,49576.77355765002
2020-05-30,9688.324390372,904549,1.20752351359328e+20,2610050.0,655933505,6.50174006716546e+22,68.43244870000001,7126416.428571427,162.910004,20.4,16.66,304.320007,163.589996,26.6,1.088891078,20,0.0235374926118251,0.0013790254547219691,0.0018572312967284148,49576.77355765002
2020-05-31,9427.6700841394,793684,1.10453589072531e+20,2609112.5,656293838,6.50174006716546e+22,61.02644621,7136116.571428573,162.910004,20.4,16.66,304.320007,163.589996,26.6,1.088891078,20,0.023495886428324276,0.0012093424530979673,0.0016988312041315587,49576.77355765002
2020-06-01,10268.5819847333,880913,9.999347737265111e+19,2608275.0,656743365,6.50174006716546e+22,79.73065264,7145816.714285715,163.660004,20.76,17.1,305.549988,162.279999,26.450001,1.040694402,13,0.03316614995057476,0.0013413352109008364,0.0015379494772119503,50006.31225827995
2020-06-02,9516.1354430882,896076,9.783439310669021e+19,2607468.75,657203084,6.50174006716546e+22,97.92708045,7155516.857142857,162.600006,21.34,16.84,308.079987,161.690002,26.42,1.040694402,13,0.03948843896849893,0.001363468951706867,0.0015047416860105684,50093.807734679925
2020-06-03,9667.0607542595,954694,1.03854501187773e+20,2606600.0,657673310,6.50174006716546e+22,82.16455447,7165217.0,159.600006,21.98,16.48,312.179993,159.53999299999995,26.26,1.040694402,13,0.03941362534590464,0.0014516234511630097,0.001597333946219263,49823.92875587996
2020-06-04,9811.367094602,902323,1.0826619307248e+20,2605656.25,658135157,5.89800031925055e+22,62.37744471,7165748.285714285,161.279999,22.0,16.540001,311.359985,157.229996,26.16,1.040694402,13,0.03745466508644127,0.001371029932686,0.0018356423738925332,50216.138069440014
2020-06-05,9659.6612981892,913734,1.23183251519264e+20,2604537.5,658607929,5.89800031925055e+22,55.99573563,7166279.571428573,158.009995,23.67,16.200001,319.339996,156.110001,26.209999,1.040694402,13,0.03785645735305303,0.0013873716968263222,0.002088559593956019,50458.91117126002
2020-06-06,9677.0509945125,776327,1.32883654340886e+20,2603312.5,659001921,5.89800031925055e+22,31.92632001,7166810.857142857,158.009995,23.67,16.200001,319.339996,156.110001,26.209999,1.040694402,13,0.03785909171105754,0.001178034502269683,0.0022530289445249017,50458.91117126002
2020-06-07,9737.458558786,687125,1.09823404469005e+20,2602318.75,659358524,5.89800031925055e+22,26.32906276,7167342.142857143,158.009995,23.67,16.200001,319.339996,156.110001,26.209999,1.040694402,13,0.0373162948356676,0.0010421113476042664,0.0018620447359175472,50458.91117126002
2020-06-08,9791.9278997681,967877,1.09262196015757e+20,2601306.25,659818147,5.89800031925055e+22,41.72247948,7167873.428571427,159.720001,24.77,16.59,323.200012,156.71000700000005,26.139999,1.040694402,13,0.036817476925184695,0.0014668844808234714,0.0018525295032476494,51621.50623984001
2020-06-09,9786.1420204782,928286,1.09369066232452e+20,2600306.25,660290885,5.89800031925055e+22,35.174628600000005,7168404.714285715,161.259995,23.82,16.42,320.790009,158.490005,26.059999,1.040694402,13,0.036644873976015103,0.0014058743215878257,0.001854341476982988,51730.59524738995
2020-06-10,9874.967047524,907694,1.11664575500397e+20,2599281.25,660759675,5.89800031925055e+22,38.3855245,7168936.0,163.570007,22.65,16.959999,319.0,160.839996,25.93,1.040694402,13,0.03602241775841396,0.001373712764780932,0.001893261604885536,52178.832233
2020-06-11,9260.8326409877,1040244,1.26269202441919e+20,2598125.0,661252770,5.89800031925055e+22,38.59236598,7158329.428571427,162.389999,20.530001,16.440001000000002,300.609985,163.880005,26.190001,1.040694402,13,0.038835592461483576,0.001573141236141816,0.002140881580317782,48816.05516354001
2020-06-12,9464.2280968215,918557,1.1141973622431e+20,2597106.25,661719690,5.89800031925055e+22,29.91881048,7147722.857142857,162.619995,21.07,16.280001000000002,304.209991,162.300003,26.26,1.040694402,13,0.039273500735279854,0.0013881361154600069,0.001889110379676411,49470.62721537004
2020-06-13,9458.6597544046,809571,1.08697341767553e+20,2596118.75,662107774,5.89800031925055e+22,21.0833426,7137116.285714285,162.619995,21.07,16.280001000000002,304.209991,162.300003,26.26,1.040694402,13,0.038484841580528076,0.0012227178592227191,0.001842952456492322,49470.62721537004
2020-06-14,9351.9537280097,688457,1.15047279956007e+20,2595056.25,662478097,5.89800031925055e+22,16.29688827,7126509.714285715,162.619995,21.07,16.280001000000002,304.209991,162.300003,26.26,1.040694402,13,0.03790217732927129,0.0010392147349740984,0.0019506150174407903,49470.62721537004
2020-06-15,9441.7689955465,866381,9.43111450553377e+19,2594193.75,662917166,5.89800031925055e+22,34.18315891,7115903.142857143,162.330002,20.889999,16.23,307.049988,162.389999,26.15,1.040694402,13,0.02904657375874284,0.0013069219571242782,0.0015990359435470777,49843.425166139976
2020-06-16,9510.6606372934,984144,1.08382515776368e+20,2593256.25,663417147,6.77949605677477e+22,50.59742513,7105296.571428573,162.25,21.5,16.26,312.959991,159.899994,26.23,1.040694402,13,0.02100017128377214,0.001483446734004902,0.001598681006209319,50777.75853975
2020-06-17,9457.6270744096,924725,1.07021409056946e+20,2592393.75,663910371,6.77949605677477e+22,47.79264099,7094690.0,162.559998,20.76,16.33,311.660004,160.559998,26.25,1.040694402,13,0.020536110229365283,0.0013928461436852595,0.0015786041935963542,50663.449626919995
2020-06-18,9398.6420936216,848162,9.96698717469039e+19,2591625.0,664329282,6.77949605677477e+22,44.08269654,7092920.285714285,162.240005,21.01,16.209999,311.7799990000001,162.259995,26.35,1.040694402,13,0.020008540954142638,0.0012767192760893536,0.0014701663798049342,50583.18859666001
2020-06-19,9279.7607651662,952289,1.08898392150384e+20,2590731.25,664832734,6.77949605677477e+22,50.27471305,7091150.571428573,164.029999,20.700001,16.49,308.640015,162.389999,26.379999,1.040694402,13,0.019885418165746294,0.0014323738156972277,0.001606290367874195,50626.22135180999
2020-06-20,9353.0781961865,769116,1.06446805851668e+20,2589875.0,665229905,6.77949605677477e+22,30.01002493,7089380.857142857,164.029999,20.700001,16.49,308.640015,162.389999,26.379999,1.040694402,13,0.020060393053668187,0.00115616570184108,0.0015701285900932918,50626.22135180999
2020-06-21,9289.104491444,713559,1.14685702533905e+20,2588962.5,665577292,6.77949605677477e+22,24.97941736,7087611.142857143,164.029999,20.700001,16.49,308.640015,162.389999,26.379999,1.040694402,13,0.01993053590377495,0.0010720903621213086,0.0016916552730980535,50626.22135180999
2020-06-22,9680.9471278957,837546,1.11841897524145e+20,2588068.75,666015455,6.77949605677477e+22,36.15947427,7085841.428571427,165.089996,20.780001,16.5,310.619995,162.410004,26.24,1.040694402,13,0.02318719979280628,0.0012575473943018335,0.0016497081285618725,51280.25373207003
2020-06-23,9609.6802455253,1035740,1.24002729384642e+20,2587081.25,666535895,6.77949605677477e+22,45.81049682,7084071.714285715,166.479996,20.799999,16.76,312.049988,161.300003,26.15,1.040694402,13,0.023253247937201852,0.0015539148120447437,0.0018290847630293362,51950.08075404004
2020-06-24,9311.1363183171,927350,1.09413999314001e+20,2586212.5,666992627,6.77949605677477e+22,42.3573449,7082302.0,165.899994,19.629999,16.280001000000002,304.089996,163.029999,26.27,1.040694402,13,0.024369611495725262,0.0013903452039208224,0.001613895758589066,50448.52851186002
2020-06-25,9252.6333717662,890832,1.10615844568226e+20,2585331.25,667454062,6.77949605677477e+22,40.08334016,7071836.0,165.800003,19.99,16.59,307.350006,163.5,26.309999,1.040694402,13,0.017285340238931503,0.0013346716286820651,0.0016316234074314016,50958.63191685002
2020-06-26,9171.7320857653,934301,1.28424759262034e+20,2584306.25,667929903,6.77949605677477e+22,34.04227231,7061370.0,166.53999299999995,19.280001,16.629998999999998,300.049988,165.25,26.35,1.040694402,13,0.016217221132796517,0.0013988009756766347,0.0018943112907883288,49970.32290117007
2020-06-27,9022.1537680028,773653,1.08475709976569e+20,2583443.75,668320823,6.77949605677477e+22,23.40413949,7050904.0,166.53999299999995,19.280001,16.629998999999998,300.049988,165.25,26.35,1.040694402,13,0.01664088486695631,0.0011576072050653433,0.001600055654109702,49970.32290117007
2020-06-28,9101.8500573564,687102,1.17800478247135e+20,2582506.25,668687609,6.77949605677477e+22,19.69907106,7040438.0,166.53999299999995,19.280001,16.629998999999998,300.049988,165.25,26.35,1.040694402,13,0.01676888078595905,0.0010275381071103414,0.0017375993327618598,49970.32290117007
2020-06-29,9188.0613754617,942479,1.13864562592791e+20,2581600.0,669145912,6.77949605677477e+22,33.39475024,7029972.0,166.630005,19.58,16.65,304.459991,164.729996,26.360001,1.040694402,13,0.016762018502662065,0.0014084805467660094,0.001679543164259323,50732.169822629956
2020-06-30,9148.4448585576,930947,1.16354512403281e+20,2580681.25,669601451,6.7792698154257e+22,42.97241908,7019506.0,167.369995,20.01,17.01,308.359985,163.929993,26.32,1.040694402,13,0.01655681976385604,0.0013903001533370333,0.0017163280938977438,51610.20914765007
2020-07-01,9236.3167704303,1083560,1.26159273778772e+20,2579668.75,670162640,6.7792698154257e+22,62.82571084,7009040.0,166.619995,19.52,16.82,310.519989,163.419998,26.26,1.105472718,14,0.016850990199910147,0.0016168612443092918,0.0018609566695768091,51738.83901458005
2020-07-02,9097.7973663897,959779,1.28935769837272e+20,2578643.75,670658185,6.7792698154257e+22,56.01403666,6996422.285714285,166.979996,19.780001,16.709999,312.230011,163.589996,26.280001,1.105472718,14,0.017198101722416842,0.001431100106531914,0.0019019123496735403,52136.16598785995
2020-07-03,9094.3245610188,945290,1.27811626579038e+20,2577625.0,671144495,6.7792698154257e+22,53.78625541,6983804.571428573,166.979996,19.780001,16.709999,312.230011,163.589996,26.280001,1.105472718,14,0.016938063649717425,0.0014084746385351786,0.0018853302797922661,52136.16598785995
2020-07-04,9124.653534398,805239,1.24446994016069e+20,2576643.75,671544175,6.7792698154257e+22,31.87048128,6971186.857142857,166.979996,19.780001,16.709999,312.230011,163.589996,26.280001,1.105472718,14,0.01678887203369154,0.0011990856744457652,0.0018356990856581569,52136.16598785995
2020-07-05,9055.4644825162,765083,1.26789473795166e+20,2575625.0,671915814,6.7792698154257e+22,25.1095593,6958569.142857143,166.979996,19.780001,16.709999,312.230011,163.589996,26.280001,1.105472718,14,0.016807526068184482,0.001138659016589242,0.0018702526562177307,52136.16598785995
2020-07-06,9278.8056370407,993234,1.20206739309341e+20,2574662.5,672412136,6.7792698154257e+22,36.90829526,6945951.428571427,167.979996,19.85,17.049999,317.049988,162.919998,26.139999,1.105472718,14,0.013802641933695419,0.0014771208710010553,0.0017731517196117484,53258.05571604004
2020-07-07,9244.4158145353,970595,1.25931677295005e+20,2573656.25,672926357,6.7792698154257e+22,40.72918894,6933333.714285715,169.03999299999995,19.27,17.01,313.7799990000001,165.21000700000005,26.200001,1.105472718,14,0.013748214642864801,0.0014423495080903778,0.001857599427720922,53041.368834500005
2020-07-08,9471.7599734203,1016230,1.19206016038531e+20,2572712.5,673435912,6.7792698154257e+22,47.68607406,6920716.0,170.089996,19.25,17.49,316.179993,164.550003,26.059999,1.105472718,14,0.0128235629507015,0.0015090225838743211,0.001758390199594756,53779.05374465004
2020-07-09,9236.1432537083,1041612,1.28607647252116e+20,2571687.5,673956364,6.7792698154257e+22,55.08128328,6926128.571428573,169.630005,18.34,17.379998999999998,314.380005,167.169998,26.15,1.105472718,14,0.014552987766944869,0.0015455184573344276,0.0018970722622586775,53328.281820050026
2020-07-10,9243.1752591504,983992,1.25840205719042e+20,2570681.25,674455097,6.7792698154257e+22,48.41811415,6931541.142857143,169.190002,18.91,17.43,317.589996,166.330002,26.110001,1.105472718,14,0.014338341756560067,0.0014589436782030873,0.001856250144118802,53733.052058419984
2020-07-11,9229.85975494,879028,1.22573724061939e+20,2569706.25,674883726,6.7792698154257e+22,32.6994024,6936953.714285715,169.190002,18.91,17.43,317.589996,166.330002,26.110001,1.105472718,14,0.013506821482926677,0.0013024880674037767,0.00180806675938804,53733.052058419984
2020-07-12,9286.737042085,744442,1.21142358065942e+20,2568756.25,675269397,6.7792698154257e+22,24.5852307,6942366.285714285,169.190002,18.91,17.43,317.589996,166.330002,26.110001,1.105472718,14,0.013416865326970907,0.0011024370470619743,0.00178695289263,53733.052058419984
2020-07-13,9238.9937548587,907516,1.18663171355459e+20,2567837.5,675733346,7.45002831255445e+22,40.91827816,6947778.857142857,169.399994,18.799999,17.73,314.839996,166.880005,26.07,1.105472718,14,0.01331440893804289,0.0013430090513840056,0.0015927881932407315,53333.89343336002
2020-07-14,9260.4709801845,1003311,1.2463596596083e+20,2566937.5,676277042,7.45002831255445e+22,62.95443097,6953191.428571427,170.190002,19.459999,17.969998999999994,318.920013,167.119995,26.02,1.105472718,14,0.01325163830636367,0.001483579861047538,0.001672959628231199,54276.99765031002
2020-07-15,9211.0264328947,966101,1.19975249685799e+20,2566075.0,676765359,7.45002831255445e+22,64.32008944,6958604.0,170.339996,19.860001,18.17,321.850006,166.339996,25.950001,1.105472718,14,0.013097862981868217,0.001427527262074299,0.0016103999159791397,54823.92873463998
2020-07-16,9133.7778303426,969556,1.16135833305527e+20,2565225.0,677286249,7.45002831255445e+22,78.15856789,6959482.714285715,168.729996,19.75,17.780001000000006,320.790009,167.130005,26.040001,1.105472718,14,0.012625422945194567,0.0014315306141701985,0.0015588643214928478,54126.89693540996
2020-07-17,9160.4105914881,854365,1.01564691168888e+20,2564487.5,677745949,7.45002831255445e+22,77.30576136,6960361.428571427,170.119995,19.469999,18.01,321.720001,166.779999,25.93,1.105472718,14,0.01264277503427124,0.0012605977228791964,0.0013632792642913286,54731.00496152
2020-07-18,9176.6863901004,890794,1.12616707050242e+20,2563675.0,678204793,7.45002831255445e+22,76.31263773,6961240.142857143,170.119995,19.469999,18.01,321.720001,166.779999,25.93,1.105472718,14,0.012622989989140162,0.0013134587210149663,0.0015116279069767482,54731.00496152
2020-07-19,9190.2715341962,874306,1.14122606813143e+20,2562856.25,678604803,7.45002831255445e+22,45.96803343,6962118.857142857,170.119995,19.469999,18.01,321.720001,166.779999,25.93,1.105472718,14,0.012410861640023774,0.0012883875801273986,0.00153184124979537,54731.00496152
2020-07-20,9172.5883325719,939131,1.20671099937988e+20,2561975.0,679071393,7.45002831255445e+22,78.58857188,6962997.571428573,170.940002,19.139999,18.530001,324.320007,167.190002,25.889999,1.105472718,14,0.010446181779100587,0.0013829635730215483,0.0016197401523245023,55439.262645220006
2020-07-21,9395.0644458829,923962,1.07922625023967e+20,2561193.75,679551874,7.45002831255445e+22,102.28349837,6963876.285714285,173.0,20.299999,19.67,325.01001,167.28999299999995,25.73,1.105472718,14,0.012309883990207124,0.0013596636774192753,0.0014486203339939081,56226.73173000001
2020-07-22,9530.7908853474,1019885,1.23183382363973e+20,2560293.75,680101512,7.45002831255445e+22,143.27483781,6964755.0,175.630005,20.040001,21.440001,326.859985,167.78999299999995,25.66,1.105472718,14,0.011098568585528509,0.0014996070174888834,0.00165346193592835,57406.420799849926
2020-07-23,9617.3778613786,983786,1.17163191853119e+20,2559443.75,680615417,7.45002831255445e+22,135.00696882,6962508.857142857,177.179993,20.030001,21.030001,322.959991,169.75,25.610001,1.105472718,14,0.008478291150266042,0.0014454359619655809,0.0015726543167048222,57222.04894466006
2020-07-24,9568.9747259614,1081594,1.38927060046245e+20,2558437.5,681157860,7.45002831255445e+22,124.38037589,6960262.714285715,178.699997,19.889999,21.209999,320.880005,169.740005,25.5,1.105472718,14,0.0087287357563514,0.001587875679802036,0.0018647856654736656,57341.25593085998
2020-07-25,9708.9491400965,973431,1.22473780405049e+20,2557550.0,681596570,7.45002831255445e+22,89.04999864,6958016.571428573,178.699997,19.889999,21.209999,320.880005,169.740005,25.5,1.105472718,14,0.009207395019539827,0.0014281629967709492,0.0016439371136168937,57341.25593085998
2020-07-26,9938.9512228609,997864,1.37012812340954e+20,2556562.5,682039326,7.45002831255445e+22,76.48811017,6955770.428571427,178.699997,19.889999,21.209999,320.880005,169.740005,25.5,1.105472718,14,0.01062068339881722,0.0014630593309805716,0.0018390911630505647,57341.25593085998
2020-07-27,11187.7797269617,1021507,1.27455436932899e+20,2555631.25,682534597,7.23597261389535e+22,121.12370183,6953524.285714285,182.229996,19.91,22.83,323.220001,169.110001,25.309999,1.105472718,14,0.031818836244992973,0.0014966376861918985,0.0017614140314481616,58900.37948935
2020-07-28,10939.6701415471,1055931,1.23050656058595e+20,2554725.0,683076342,7.23597261389535e+22,187.57139032,6951278.142857143,183.75,19.559999,22.77,321.170013,170.279999,25.35,1.105472718,14,0.03315715069013024,0.0015458462474462335,0.0017005406546495066,59014.989888749995
2020-07-29,11284.4589868467,1044212,1.24478275412517e+20,2553800.0,683595626,7.23597261389535e+22,174.64034253,6949032.0,185.130005,19.98,22.57,325.119995,169.990005,25.23,1.105472718,14,0.03312643214203568,0.0015275287908293317,0.0017202701289040184,60189.466299949985
2020-07-30,11118.918412434,968137,1.13111820346434e+20,2552956.25,684094316,7.23597261389535e+22,179.95866069,6948489.857142857,183.759995,19.23,21.76,323.959991,171.110001,25.129999,1.105472718,14,0.03350618471409303,0.0014152098290493617,0.0015631875130265643,59530.88632636004
2020-07-31,11373.3172566418,1061450,1.26730366639498e+20,2552000.0,684629757,7.23597261389535e+22,171.64760126,6947947.714285715,185.429993,19.15,22.65,326.519989,171.0,25.280001,1.105472718,14,0.033416245765876006,0.0015504000361468366,0.001751393674378144,60546.599274630076
2020-08-01,11766.7482970949,958501,1.13705295478948e+20,2551143.75,685088485,7.23597261389535e+22,128.24563386,6947405.571428573,185.429993,19.15,22.65,326.519989,171.0,25.280001,1.255725308,16,0.03351142364099947,0.0013990908050366662,0.0015713892457331579,60546.599274630076
2020-08-02,11139.0983803526,952139,1.18066555408117e+20,2550262.5,685532519,7.23597261389535e+22,106.63995761,6946863.428571427,185.429993,19.15,22.65,326.519989,171.0,25.280001,1.255725308,16,0.038605361728248605,0.0013889042074749483,0.001631661169935773,60546.599274630076
2020-08-03,11261.8063317402,1080027,1.36345165856475e+20,2549250.0,686048047,7.23597261389535e+22,130.16320882,6946321.285714285,185.639999,19.209999,22.74,328.790009,169.949997,25.280001,1.255725308,16,0.038356043880007316,0.0015742731208445522,0.0018842686827566107,61036.57694196999
2020-08-04,11228.0263240165,995793,1.21240585742411e+20,2548343.75,686562981,7.23597261389535e+22,111.40338573,6945779.142857143,189.589996,19.690001,24.25,330.059998,171.570007,25.190001,1.255725308,16,0.03852944808572696,0.0014504029893216744,0.001675525768430782,62576.07370058001
2020-08-05,11653.4075855619,955267,1.09076091378817e+20,2547537.5,687038385,7.23597261389535e+22,136.17255821,6945237.0,191.350006,19.92,25.049999,332.109985,170.070007,25.08,1.255725308,16,0.039082670507657395,0.0013904128515323055,0.0015074143753578684,63549.24762240991
2020-08-06,11796.8173649898,1126574,1.2892896048881e+20,2546562.5,687593095,7.23597261389535e+22,196.22049311,6946957.0,193.889999,19.77,26.879999,334.329987,171.020004,25.08,1.255725308,16,0.03905858393959873,0.0016384312294468286,0.0017817778945324605,64823.240845100016
2020-08-07,11639.9354101265,1051823,1.28016648506925e+20,2545612.5,688106046,7.23597261389535e+22,137.20910291,6948677.0,190.809998,19.82,26.190001,334.570007,169.880005,25.23,1.255725308,16,0.0394429298041305,0.0015285768903126307,0.0017691698868662474,63839.302366529984
2020-08-08,11744.9120755023,950893,1.19630703361642e+20,2544725.0,688550601,7.23597261389535e+22,78.94533308,6950397.0,190.809998,19.82,26.190001,334.570007,169.880005,25.23,1.255725308,16,0.03946504293654505,0.0013810067097741157,0.0016532774478984805,63839.302366529984
2020-08-09,11673.1232375366,905675,1.31497236556e+20,2543750.0,688963072,7.23597261389535e+22,62.66871355,6952117.0,190.809998,19.82,26.190001,334.570007,169.880005,25.23,1.255725308,16,0.03968909044212133,0.001314547958820063,0.0018172710646179593,63839.302366529984
2020-08-10,11832.2273081293,972713,1.1370717134374e+20,2542893.75,689452667,7.27902567633732e+22,133.66613370000002,6953837.0,190.149994,20.43,27.0,335.570007,169.119995,25.27,1.255725308,16,0.02523040671850733,0.0014108481213547905,0.001562120761757712,63808.63481762995
2020-08-11,11340.5823406437,1086937,1.29496090078548e+20,2541931.25,689992808,7.27902567633732e+22,151.68404592,6955557.0,179.940002,20.34,23.33,332.799988,167.110001,25.309999,1.255725308,16,0.02732301192829571,0.0015752874340104715,0.001779030543875045,59884.03050631997
2020-08-12,11549.5463143706,1057496,1.31547647303561e+20,2540950.0,690523339,7.27902567633732e+22,125.0328247,6957277.0,179.100006,20.59,23.42,337.440002,165.589996,25.23,1.255725308,16,0.026500495106945184,0.0015314413579871774,0.0018072150470796733,60435.506382840016
2020-08-13,11752.1686562261,946682,1.24147718899347e+20,2540031.25,691022748,7.27902567633732e+22,109.06392379999998,6964899.857142857,183.330002,20.18,25.450001,336.829987,163.820007,25.219999,1.255725308,16,0.026359969258104465,0.0013699722660939087,0.0017055540730255535,61751.04219036998
2020-08-14,11783.2834112599,1089021,1.40756037139984e+20,2538987.5,691577276,7.27902567633732e+22,106.55290555,6972522.714285715,182.539993,20.389999,24.58,336.839996,163.179993,25.18,1.255725308,16,0.025806727425054337,0.0015746917051681728,0.0019337208494476696,61486.77051196003
2020-08-15,11895.6269498904,975738,1.32062709981929e+20,2538012.5,692055714,7.27902567633732e+22,67.51446166,6980145.571428573,182.539993,20.389999,24.58,336.839996,163.179993,25.18,1.255725308,16,0.024293799854850136,0.0014099124973050942,0.001814291030889462,61486.77051196003
2020-08-16,11896.9471701861,886141,1.28863823571585e+20,2537062.5,692471441,7.27902567633732e+22,60.46191905,6987768.428571427,182.539993,20.389999,24.58,336.839996,163.179993,25.18,1.255725308,16,0.018327490609544007,0.0012796787672865197,0.0017703444018681777,61486.77051196003
2020-08-17,12399.1118846619,882274,1.04174189913463e+20,2536281.25,692936901,7.27902567633732e+22,81.70844023,6995391.285714285,186.5,20.280001,25.620001,337.910004,163.589996,25.07,1.255725308,16,0.020762746366628514,0.0012732385859762431,0.0014311556868402428,63020.215746
2020-08-18,12071.738909085,1017000,1.17555324230254e+20,2535406.25,693477570,7.27902567633732e+22,158.12712801,7003014.142857143,188.179993,19.969999,25.879999,338.640015,164.759995,24.93,1.255725308,16,0.02252744019751694,0.0014665218371806893,0.0016149870801033608,63725.2756522199
2020-08-19,11749.8295087584,979271,1.17011141138834e+20,2534543.75,693985076,7.27902567633732e+22,149.15434902,7010637.0,182.240005,19.75,24.879999,337.230011,163.729996,25.129999,1.255725308,16,0.02204051287854863,0.001411083658519481,0.0016075110370775884,61456.79889079005
2020-08-20,11833.8973486966,997642,1.22184661494314e+20,2533631.25,694497771,7.27902567633732e+22,130.64720271,7007748.571428573,183.5,19.35,25.610001,338.2799990000001,165.21000700000005,25.059999,1.255725308,16,0.02187476187641156,0.0014364941712678297,0.001678585389408809,62074.37981650002
2020-08-21,11583.1389426341,1090642,1.33041953189977e+20,2532662.5,694984414,7.27902567633732e+22,136.10850768,7004860.142857143,182.029999,19.209999,24.9,339.480011,166.199997,25.18,1.255725308,16,0.022359026631669845,0.0015693042578074276,0.0018277439743408271,61795.546062849986
2020-08-22,11674.6243539052,955069,1.13507864790272e+20,2531812.5,695449253,7.27902567633732e+22,93.50701843,7001971.714285715,182.029999,19.209999,24.9,339.480011,166.199997,25.18,1.255725308,16,0.022325317208202345,0.0013733122810615772,0.0015593826679202922,61795.546062849986
2020-08-23,11666.4101222366,914510,1.31245495921281e+20,2530831.25,695864910,7.27902567633732e+22,59.10621225,6999083.285714285,182.029999,19.209999,24.9,339.480011,166.199997,25.18,1.255725308,16,0.022265724431676535,0.001314206230056923,0.001803064060454331,61795.546062849986
2020-08-24,11744.0126966495,933466,1.30325924237351e+20,2529900.0,696351585,7.54110058694394e+22,78.44959878,6996194.857142857,181.0,19.73,24.6,342.920013,165.929993,25.219999,1.255725308,16,0.02201680314859546,0.0013405096220180212,0.0017282082732457767,62068.522353
2020-08-25,11378.7260298071,953512,1.10861601158716e+20,2529100.0,696838216,7.54110058694394e+22,90.01229804,6993306.428571427,181.220001,19.459999,24.76,344.119995,164.660004,25.129999,1.255725308,16,0.020572863583002168,0.0013683405675902253,0.001470098427683791,62361.42583802
2020-08-26,11458.8225964867,1032469,1.23107270687257e+20,2528212.5,697336995,7.54110058694394e+22,108.47218762,6990418.0,183.360001,19.040001,25.57,347.570007,164.029999,25.1,1.255725308,16,0.020027574102432607,0.0014805883058018456,0.0016324841350133308,63730.43683109001
2020-08-27,11302.1209644988,954570,1.12686726869123e+20,2527406.25,697839502,7.54110058694394e+22,122.89984729,6994285.714285715,181.240005,19.07,25.16,348.329987,161.240005,25.129999,1.255725308,16,0.019605759698056172,0.001367893329718672,0.0014943008062274067,63131.32858552994
2020-08-28,11482.2256865058,1080162,1.44582777053044e+20,2526387.5,698357878,7.54110058694394e+22,103.33520898,6998153.428571427,184.389999,19.440001,25.610001,350.579987,161.119995,24.93,1.255725308,16,0.0201933644447438,0.0015467169971554327,0.001917263606102312,64643.44345235001
2020-08-29,11515.0444306934,974894,1.26121251096122e+20,2525475.0,698796057,7.54110058694394e+22,65.85247622,7002021.142857143,184.389999,19.440001,25.610001,350.579987,161.119995,24.93,1.255725308,16,0.019983579975481322,0.0013951051815966386,0.0016724515160887559,64643.44345235001
2020-08-30,11657.003934228798,829974,1.09946247708807e+20,2524681.25,699194517,7.54110058694394e+22,64.10535847,7005888.857142857,184.389999,19.440001,25.610001,350.579987,161.119995,24.93,1.255725308,16,0.020357298829293567,0.0011870430614375083,0.0014579602332736308,64643.44345235001
2020-08-31,11678.3732554192,924450,1.31003762541587e+20,2523743.75,699665241,7.54110058694394e+22,91.5378335,7009756.571428573,184.830002,19.0,26.23,349.309998,162.190002,24.9,1.255725308,16,0.01630254309941587,0.001321274726580279,0.0017371968591480727,64562.96762896
2020-09-01,11964.2086724627,1082535,1.35225427089737e+20,2522781.25,700233230,7.54110058694394e+22,125.93549409,7013624.285714285,185.050003,18.870001,26.139999,352.600006,163.860001,24.950001,1.253406829,12,0.016581350636908257,0.0015459634784827335,0.001793178933640741,65248.63216810002
2020-09-02,11427.7026049712,1027531,1.25666101688395e+20,2521881.25,700740682,7.54110058694394e+22,127.52455509,7017492.0,182.619995,18.76,25.549999,357.700012,165.419998,25.040001,1.253406829,12,0.01941276206147294,0.0014663498586485663,0.0016664159327878913,65323.17440293994
2020-09-03,10712.9206460713,980455,1.13957942448986e+20,2521075.0,701230563,7.54110058694394e+22,134.31577789,7016509.428571427,181.139999,18.620001,24.74,345.390015,165.889999,25.049999,1.253406829,12,0.02537099282200575,0.0013981920522765348,0.0015111579687225455,62563.946971709986
2020-09-04,10563.896938616,1008086,1.15829492927392e+20,2520231.25,701706969,7.54110058694394e+22,155.46345969,7015526.857142857,181.639999,18.540001,25.059999,342.570007,162.740005,25.09,1.253406829,12,0.02512563778480091,0.0014366196212025936,0.0015359759705092643,62224.41572890998
2020-09-05,10042.8548543675,980198,1.23489638432488e+20,2519350.0,702180665,7.54110058694394e+22,119.88963774,7014544.285714285,181.639999,18.540001,25.059999,342.570007,162.740005,25.09,1.253406829,12,0.027302167547996678,0.0013959341930897514,0.001637554585152837,62224.41572890998
2020-09-06,10207.6050029603,992013,1.31717679503667e+20,2518412.5,702579175,7.54110058694394e+22,70.73717940000002,7013561.714285715,181.639999,18.540001,25.059999,342.570007,162.740005,25.09,1.253406829,12,0.028146736010818938,0.0014119590151529897,0.0017466638720044722,62224.41572890998
2020-09-07,10381.7761069335,1088277,1.50352516655709e+20,2517318.75,703057645,7.45004932929532e+22,96.71790986,7012579.142857143,181.639999,18.540001,25.059999,342.570007,162.740005,25.09,1.253406829,12,0.028729757259293817,0.0015479200144392143,0.00201814122309886,62224.41572890998
2020-09-08,10043.1964412914,980353,1.33450167690281e+20,2516350.0,703556527,7.45004932929532e+22,84.06185257,7011596.571428573,181.289993,17.82,24.75,333.209991,163.740005,25.219999,1.253406829,12,0.028827712395371824,0.0013934246394959535,0.001791265558008106,60407.63693592007
2020-09-09,10268.460915747,965163,1.29306481305695e+20,2515418.75,704041000,7.45004932929532e+22,89.19580011,7010614.0,183.050003,17.93,25.18,339.790009,163.300003,25.18,1.253406829,12,0.02974299281956307,0.0013708903316710249,0.0017356459748156558,62198.562166820026
2020-09-10,10341.0159838502,1097735,1.35652130134448e+20,2514431.25,704581259,7.45004932929532e+22,110.38966361,7018308.428571427,182.460007,17.290001,24.860001,333.890015,164.130005,25.23,1.253406829,12,0.029942911144785245,0.001557996307704801,0.0018208219051789683,60921.5744741301
2020-09-11,10380.5395972283,961910,1.19451464225535e+20,2513568.75,705070168,7.45004932929532e+22,95.16710292,7026002.857142857,182.449997,17.32,24.9,334.059998,164.479996,25.18,1.253406829,12,0.02942728522205298,0.0013642755624288447,0.0016033647422416945,60949.24563292001
2020-09-12,10436.3654083593,900116,1.46422232676301e+20,2512506.25,705510600,7.45004932929532e+22,58.11575529,7033697.285714285,182.449997,17.32,24.9,334.059998,164.479996,25.18,1.253406829,12,0.029500817579670505,0.0012758362524957101,0.0019653860827543094,60949.24563292001
2020-09-13,10313.06857949,791790,1.39454386890732e+20,2511493.75,705899271,7.45004932929532e+22,49.08137942,7041391.714285715,182.449997,17.32,24.9,334.059998,164.479996,25.18,1.253406829,12,0.028988347140957077,0.00112167561652008,0.0018718585706857676,60949.24563292001
2020-09-14,10680.2975611652,1023199,1.51236886464201e+20,2510393.75,706422051,7.45004932929532e+22,75.47210429,7049086.142857143,183.889999,17.43,25.290001,338.459991,164.470001,25.120001,1.253406829,12,0.031190209994123072,0.0014484244914942498,0.002030011880183162,62239.40740653001
2020-09-15,10829.5053071986,969276,1.35570788126269e+20,2509418.75,706939486,7.45004932929532e+22,77.13367663,7056780.571428573,183.449997,17.309998999999998,25.23,340.170013,164.070007,25.139999,1.253406829,12,0.030527929762183065,0.0013710876520483396,0.0018197300733724438,62404.187864339954
2020-09-16,11033.3835264817,1068295,1.32484069438606e+20,2508450.0,707473716,7.45004932929532e+22,77.67308339,7064475.0,183.970001,18.02,25.23,338.820007,163.580002,25.17,1.253406829,12,0.029061646747857273,0.0015100136949822741,0.0017782978821045915,62332.71702661
2020-09-17,10937.1112591004,1108815,1.53923065744431e+20,2507337.5,708009895,7.45004932929532e+22,70.95057487,7068573.0,182.960007,18.040001,25.23,335.839996,164.080002,25.08,1.253406829,12,0.023108299162765054,0.0015661009935461425,0.002066067739164757,61445.28801903997
2020-09-18,10933.9311623986,972237,1.43258491653796e+20,2506306.25,708506156,7.45004932929532e+22,69.41040707,7072671.0,183.199997,17.809998999999994,24.93,330.649994,163.570007,25.110001,1.253406829,12,0.022688085550738122,0.0013722350776582384,0.001922920041488456,60575.07790885001
2020-09-19,11048.8792781597,901620,1.27376113056525e+20,2505375.0,708957720,7.45004932929532e+22,47.55137105,7076769.0,183.199997,17.809998999999994,24.93,330.649994,163.570007,25.110001,1.253406829,12,0.01681655584883322,0.0012717542591961619,0.0017097351631707,60575.07790885001
2020-09-20,10852.9101389415,806731,1.36382106551409e+20,2504487.5,709346398,8.29558175890736e+22,33.00982992,7080867.0,183.199997,17.809998999999994,24.93,330.649994,163.570007,25.110001,1.253406829,12,0.017790324005943835,0.001137287793769836,0.0016440330589831036,60575.07790885001
2020-09-21,10526.2028872017,945405,1.38677321939815e+20,2503581.25,709804557,8.29558175890736e+22,61.30821173,7084965.0,179.520004,17.24,23.030001,326.970001,164.399994,25.290001,1.253406829,12,0.019645361594069648,0.0013319229789053044,0.0016717009845742354,58697.65588740001
2020-09-22,10531.1645626345,970777,1.22773429884131e+20,2502775.0,710296832,8.29558175890736e+22,74.17250505,7089063.0,178.649994,17.08,22.790001,330.299988,164.270004,25.379999,1.253406829,12,0.017031521708773797,0.0013667201601710087,0.0014799857737801613,59008.09087440007
2020-09-23,10260.0330124118,1016908,1.36689055311021e+20,2501887.5,710818959,8.29558175890736e+22,96.11641422,7093161.0,174.78999299999995,16.049999,21.17,322.640015,164.490005,25.52,1.253406829,12,0.017802250693797938,0.001430614627148683,0.0016477332064656163,56394.24596336988
2020-09-24,10672.956808056,945647,1.32593037342096e+20,2501031.25,711311505,8.29558175890736e+22,82.50485829,7087870.714285715,175.440002,16.059998999999998,21.559999,323.5,165.119995,25.48,1.253406829,12,0.02067326924043126,0.0013294414519557083,0.0015983573086929626,56754.840647
2020-09-25,10729.0696074184,1148102,1.60765244797356e+20,2499975.0,711847825,8.29558175890736e+22,77.16010813,7082580.428571427,174.940002,16.059998999999998,21.299999,328.730011,165.119995,25.549999,1.253406829,12,0.020685077100672404,0.0016128475211678844,0.0019379622728054576,57508.02878180002
2020-09-26,10741.4764675217,951444,1.44254261979609e+20,2499037.5,712281158,8.29558175890736e+22,41.57235670000001,7077290.142857143,174.940002,16.059998999999998,21.299999,328.730011,165.119995,25.549999,1.253406829,12,0.02066862403409861,0.0013357702773881322,0.001738928819846979,57508.02878180002
2020-09-27,10752.3454497531,786821,1.46935667115763e+20,2498087.5,712674051,8.29558175890736e+22,37.58516079,7071999.857142857,174.940002,16.059998999999998,21.299999,328.730011,165.119995,25.549999,1.253406829,12,0.02028321027115057,0.001104040478106309,0.0017712521121016163,57508.02878180002
2020-09-28,10863.0657239052,872091,1.25690632710718e+20,2497287.5,713125209,8.29558175890736e+22,56.72923703,7066709.571428573,176.699997,16.440001000000002,22.02,334.190002,164.649994,25.469999,1.253406829,12,0.018256213762799886,0.001222914277876832,0.0015151515151515204,59051.37235082999
2020-09-29,10764.2843707196,1004377,1.32706719764685e+20,2496400.0,713661677,8.29558175890736e+22,82.9749104,7061419.285714285,178.190002,16.01,22.5,332.369995,164.839996,25.35,1.253406829,12,0.018063323280285246,0.0014073573408370085,0.0015997277059223906,59225.01007378999
2020-09-30,10741.5795494951,1118924,1.49369878620184e+20,2495425.0,714195763,8.29558175890736e+22,95.01594655,7056129.0,177.119995,15.96,21.639999,334.890015,163.259995,25.35,1.253406829,12,0.017208161449299857,0.0015666908962046026,0.00180059558161546,59315.71778234992
2020-10-01,10626.6009564965,931035,1.19025275459601e+20,2494650.0,714689106,8.29558175890736e+22,102.03192869,7058774.714285715,178.699997,15.46,22.09,337.040009,163.360001,25.309999,1.28648398,13,0.017277478023472445,0.0013027132947511307,0.0014348032352498718,60229.04859717997
2020-10-02,10567.330195233,988342,1.32271803316927e+20,2493800.0,715181437,8.29558175890736e+22,122.51219145,7061420.428571427,178.53999299999995,15.63,22.129999,333.839996,162.75,25.370001,1.28648398,13,0.017293886625364907,0.001381945823630207,0.0015944849579102817,59603.79054896001
2020-10-03,10555.0286787811,1013409,1.43808877387377e+20,2492856.25,715648288,8.29558175890736e+22,71.90619458,7064066.142857143,178.53999299999995,15.63,22.129999,333.839996,162.75,25.370001,1.28648398,13,0.016901820704935958,0.0014160712978607726,0.0017335598824393791,59603.79054896001
2020-10-04,10660.6111826447,917208,1.51372724649709e+20,2491868.75,716061504,8.28846533403546e+22,55.83182413,7066711.857142857,178.53999299999995,15.63,22.129999,333.839996,162.75,25.370001,1.28648398,13,0.016685010310562038,0.0012809067306039678,0.0018263058183777088,59603.79054896001
2020-10-05,10756.4045849204,945304,1.34263433083212e+20,2490993.75,716519058,8.28846533403546e+22,98.28262979,7069357.571428573,179.410004,16.110001,22.620001,339.76001,159.570007,25.26,1.28648398,13,0.014555547694591983,0.0013193005677177676,0.001619882905607114,60956.34475314004
2020-10-06,10589.6263935253,978432,1.24011704101259e+20,2490181.25,717016295,8.28846533403546e+22,113.3113988,7072003.285714285,177.300003,15.87,21.73,334.929993,160.429993,25.33,1.28648398,13,0.015265438221665406,0.001364588234358049,0.0014961962088689898,59383.088763689986
2020-10-07,10645.7547867781,1065070,1.47533744982949e+20,2489237.5,717562057,8.28846533403546e+22,111.17330476,7074649.0,177.220001,16.1,22.09,340.76001,159.259995,25.299999,1.28648398,13,0.013249007754200333,0.001484289741367972,0.0017799886835156524,60389.48931296001
2020-10-08,10897.5954315054,1039051,1.5285408042823e+20,2488225.0,718072551,8.28846533403546e+22,103.13964018,7074649.0,177.850006,16.700001,22.18,343.77999900000015,160.119995,25.290001,1.28648398,13,0.01014538315901127,0.0014470000260461146,0.0018441783161058224,61141.274884830025
2020-10-09,11052.3950836712,1007255,1.35824735142815e+20,2487337.5,718587417,8.28846533403546e+22,110.78393286,7074649.0,181.080002,16.459999,23.41,346.850006,160.089996,25.139999,1.28648398,13,0.01066104555513507,0.0014017153322906015,0.001638719951992429,62807.59978018002
