datetime,market_price_usd,addresses_with_1000_btc,addresses_with_100_btc,addresses_with_10_btc,addresses_with_1_btc,addresses_with_0.1_btc,addresses_with_0.01_btc
2010-08-17,0.07,159.0,731.0,51012.0,52870.0,53270.0,54908.0
2010-08-18,0.068,165.0,734.0,50962.0,52819.0,53267.0,54916.0
2010-08-19,0.0667,164.0,741.0,51037.0,52897.0,53356.0,55031.0
2010-08-20,0.0655,168.0,742.0,51082.0,52948.0,53410.0,55103.0
2010-08-21,0.0664,169.0,745.0,51173.0,53038.0,53510.0,55223.0
2010-08-22,0.0659289888953828,171.0,755.0,51215.0,53085.0,53555.0,55295.0
2010-08-23,0.06491,174.0,763.0,51269.0,53139.0,53587.0,55360.0
2010-08-24,0.065,176.0,769.0,51323.0,53188.0,53638.0,55446.0
2010-08-25,0.0648,178.0,777.0,51452.0,53321.0,53771.0,55596.0
2010-08-26,0.0640751139684395,179.0,787.0,51530.0,53318.0,53758.0,55598.0
2010-08-27,0.065,179.0,790.0,51581.0,53367.0,53809.0,55670.0
2010-08-28,0.0646,180.0,797.0,51647.0,53437.0,53884.0,55771.0
2010-08-29,0.064,181.0,805.0,51763.0,53556.0,54003.0,55909.0
2010-08-30,0.06497,186.0,808.0,51832.0,53600.0,54049.0,55990.0
2010-08-31,0.06,192.0,796.0,51813.0,53578.0,54029.0,55996.0
2010-09-01,0.0620248275862069,195.0,799.0,51877.0,53641.0,54099.0,56082.0
2010-09-02,0.0634,198.0,804.0,51883.0,53645.0,54102.0,56118.0
2010-09-03,0.06085,196.0,810.0,51976.0,53743.0,54201.0,56246.0
2010-09-04,0.062178275862069,196.0,812.0,52038.0,53807.0,54267.0,56342.0
2010-09-05,0.06165,198.0,812.0,52086.0,53859.0,54317.0,56397.0
2010-09-06,0.0616,200.0,819.0,52108.0,53881.0,54344.0,56450.0
2010-09-07,0.0612391180596142,201.0,822.0,52182.0,53960.0,54418.0,56541.0
2010-09-08,0.061,202.0,829.0,52264.0,54046.0,54513.0,56639.0
2010-09-09,0.0611149707773232,205.0,832.0,52326.0,54115.0,54591.0,56730.0
2010-09-10,0.0610115242548218,205.0,833.0,52413.0,54201.0,54684.0,56835.0
2010-09-11,0.0636208649912332,208.0,833.0,52514.0,54305.0,54784.0,56938.0
2010-09-12,0.0615,212.0,834.0,52451.0,54249.0,54733.0,56911.0
2010-09-13,0.06218,216.0,848.0,52505.0,54300.0,54785.0,56982.0
2010-09-14,0.06199,220.0,848.0,52581.0,54382.0,54861.0,57072.0
2010-09-15,0.0604,221.0,839.0,52645.0,54453.0,54934.0,57162.0
2010-09-16,0.0619,220.0,837.0,52661.0,54464.0,54941.0,57178.0
2010-09-17,0.0600005260081823,223.0,846.0,52260.0,54066.0,54544.0,56798.0
2010-09-18,0.061,223.0,850.0,52380.0,54179.0,54658.0,56926.0
2010-09-19,0.0627,226.0,856.0,52352.0,54149.0,54629.0,56939.0
2010-09-20,0.0621017358270018,227.0,859.0,52436.0,54235.0,54718.0,57051.0
2010-09-21,0.06265,231.0,870.0,52440.0,54251.0,54732.0,57082.0
2010-09-22,0.061881870251315,232.0,881.0,52518.0,54322.0,54802.0,57193.0
2010-09-23,0.062153512565751,232.0,880.0,52573.0,54390.0,54892.0,57263.0
2010-09-24,0.0622,233.0,880.0,52667.0,54504.0,55017.0,57380.0
2010-09-25,0.06202,232.0,886.0,52731.0,54565.0,55079.0,57431.0
2010-09-26,0.062,231.0,886.0,52803.0,54630.0,55140.0,57508.0
2010-09-27,0.0622004418468732,233.0,893.0,52529.0,54359.0,54873.0,57248.0
2010-09-28,0.0619038977206312,236.0,894.0,51632.0,53451.0,53935.0,56330.0
2010-09-29,0.06191,239.0,901.0,51632.0,53448.0,53974.0,56378.0
2010-09-30,0.0619,241.0,904.0,51675.0,53492.0,54064.0,56488.0
2010-10-01,0.0619733138515488,244.0,897.0,51723.0,53538.0,54145.0,56561.0
2010-10-02,0.0614,237.0,889.0,51722.0,53548.0,54202.0,56618.0
2010-10-03,0.0610648684979544,239.0,897.0,51765.0,53599.0,54289.0,56687.0
2010-10-04,0.0612944769140853,248.0,915.0,51704.0,53526.0,54259.0,56639.0
2010-10-05,0.0614,247.0,909.0,51754.0,53581.0,54313.0,56692.0
2010-10-06,0.06281,248.0,910.0,51799.0,53636.0,54387.0,56766.0
2010-10-07,0.067,239.0,909.0,51787.0,53632.0,54393.0,56775.0
2010-10-08,0.0844531081239041,241.0,920.0,51672.0,53522.0,54302.0,56687.0
2010-10-09,0.0938,244.0,920.0,51668.0,53514.0,54325.0,56697.0
2010-10-10,0.0971462010520164,241.0,910.0,51739.0,53591.0,54433.0,56804.0
2010-10-11,0.095,245.0,920.0,51777.0,53638.0,54510.0,56882.0
2010-10-12,0.0949,243.0,931.0,51809.0,53674.0,54580.0,56951.0
2010-10-13,0.104865589129164,250.0,944.0,51602.0,53478.0,54407.0,56776.0
2010-10-14,0.102,249.0,946.0,51670.0,53551.0,54496.0,56862.0
2010-10-15,0.105,251.0,956.0,51741.0,53630.0,54590.0,56960.0
2010-10-16,0.101,254.0,958.0,51614.0,53515.0,54517.0,56890.0
2010-10-17,0.102,254.0,967.0,51719.0,53611.0,54641.0,57017.0
2010-10-18,0.1024,253.0,972.0,51831.0,53721.0,54759.0,57137.0
2010-10-19,0.0975448918760959,259.0,975.0,51980.0,53866.0,54980.0,57369.0
2010-10-20,0.099,257.0,982.0,52100.0,54008.0,55114.0,57492.0
2010-10-21,0.107,259.0,994.0,52113.0,54021.0,55149.0,57520.0
2010-10-22,0.1025,261.0,990.0,52180.0,54084.0,55227.0,57593.0
2010-10-23,0.104556424313267,261.0,991.0,52245.0,54155.0,55366.0,57727.0
2010-10-24,0.11501,261.0,991.0,52324.0,54242.0,55530.0,57895.0
2010-10-25,0.139118552893045,262.0,992.0,52417.0,54333.0,55597.0,57964.0
2010-10-26,0.151,259.0,991.0,52580.0,54490.0,55816.0,58188.0
2010-10-27,0.1877,260.0,980.0,52573.0,54497.0,55869.0,58238.0
2010-10-28,0.1731,262.0,985.0,52525.0,54459.0,55883.0,58257.0
2010-10-29,0.19,267.0,992.0,52621.0,54540.0,55918.0,58291.0
2010-10-30,0.197610543541789,267.0,994.0,52719.0,54625.0,56015.0,58404.0
2010-10-31,0.1925,269.0,999.0,52726.0,54637.0,56019.0,58426.0
2010-11-01,0.194525061367621,269.0,1006.0,52793.0,54709.0,56087.0,58502.0
2010-11-02,0.1938,268.0,1015.0,52895.0,54813.0,56179.0,58614.0
2010-11-03,0.1931,270.0,1022.0,52970.0,54891.0,56255.0,58708.0
2010-11-04,0.229275160724722,271.0,1018.0,53011.0,54935.0,56298.0,58768.0
2010-11-05,0.259112413793104,273.0,1017.0,53011.0,54932.0,56247.0,58716.0
2010-11-06,0.400982302746932,273.0,1014.0,53121.0,55043.0,56360.0,58853.0
2010-11-07,0.34,277.0,1034.0,53233.0,55162.0,56472.0,58978.0
2010-11-08,0.243184628872005,280.0,1038.0,52559.0,54500.0,55806.0,58353.0
2010-11-09,0.217272694330801,285.0,1046.0,52644.0,54577.0,55870.0,58446.0
2010-11-10,0.229549731151373,289.0,1062.0,52737.0,54689.0,55990.0,58584.0
2010-11-11,0.2231,297.0,1064.0,52851.0,54808.0,56114.0,58745.0
2010-11-12,0.2682,299.0,1076.0,52928.0,54883.0,56195.0,58846.0
2010-11-13,0.276,301.0,1094.0,53025.0,54982.0,56284.0,58927.0
2010-11-14,0.27904,306.0,1108.0,52853.0,54819.0,56127.0,58795.0
2010-11-15,0.268464555815313,307.0,1114.0,52907.0,54871.0,56179.0,58942.0
2010-11-16,0.225,312.0,1122.0,52907.0,54870.0,56180.0,59013.0
2010-11-17,0.241939333722969,310.0,1139.0,53022.0,54991.0,56313.0,59178.0
2010-11-18,0.269057790765634,312.0,1147.0,53156.0,55132.0,56443.0,59336.0
2010-11-19,0.27829,315.0,1161.0,53159.0,55137.0,56453.0,59369.0
2010-11-20,0.283015964932788,312.0,1169.0,53233.0,55235.0,56604.0,59532.0
2010-11-21,0.27675,311.0,1170.0,53301.0,55304.0,56690.0,59664.0
2010-11-22,0.285,312.0,1178.0,53377.0,55366.0,56761.0,59775.0
2010-11-23,0.28295,315.0,1163.0,53367.0,55350.0,56743.0,59802.0
2010-11-24,0.282905736411455,317.0,1170.0,53374.0,55369.0,56745.0,59840.0
2010-11-25,0.28,314.0,1171.0,53449.0,55444.0,56835.0,60001.0
2010-11-26,0.2844,316.0,1182.0,53500.0,55499.0,56897.0,60152.0
2010-11-27,0.283,318.0,1188.0,53528.0,55525.0,56930.0,60250.0
2010-11-28,0.271358679135009,316.0,1192.0,53658.0,55654.0,57051.0,60412.0
2010-11-29,0.230559456458212,318.0,1194.0,53659.0,55658.0,57062.0,60439.0
2010-11-30,0.2082,316.0,1196.0,53749.0,55756.0,57152.0,60613.0
2010-12-01,0.2275,318.0,1199.0,53605.0,55614.0,57021.0,60626.0
2010-12-02,0.255,317.0,1208.0,53599.0,55615.0,57025.0,60716.0
2010-12-03,0.251060083576856,316.0,1213.0,53480.0,55501.0,56926.0,60656.0
2010-12-04,0.205000526008182,314.0,1206.0,53613.0,55633.0,57076.0,60869.0
2010-12-05,0.202850017533606,315.0,1207.0,53734.0,55757.0,57206.0,61070.0
2010-12-06,0.204,319.0,1222.0,53907.0,55928.0,57379.0,61311.0
2010-12-07,0.233420385739334,327.0,1235.0,53863.0,55889.0,57353.0,61397.0
2010-12-08,0.2388,328.0,1237.0,53992.0,56018.0,57472.0,61603.0
2010-12-09,0.199991694330801,326.0,1246.0,54097.0,56120.0,57574.0,61773.0
2010-12-10,0.204,324.0,1250.0,54196.0,56231.0,57690.0,61970.0
2010-12-11,0.228,324.0,1252.0,54299.0,56342.0,57843.0,62270.0
2010-12-12,0.219853611922852,325.0,1264.0,54376.0,56424.0,57930.0,62620.0
2010-12-13,0.227605236703682,329.0,1267.0,53957.0,56005.0,57517.0,62454.0
2010-12-14,0.24669,331.0,1275.0,54041.0,56090.0,57623.0,62756.0
2010-12-15,0.24,330.0,1270.0,54163.0,56214.0,57760.0,63034.0
2010-12-16,0.24996,336.0,1282.0,54222.0,56282.0,57839.0,63229.0
2010-12-17,0.242655815312683,335.0,1280.0,54325.0,56408.0,57970.0,63411.0
2010-12-18,0.241,336.0,1278.0,54439.0,56537.0,58117.0,63660.0
2010-12-19,0.2401,338.0,1290.0,54413.0,56510.0,58101.0,63769.0
2010-12-20,0.267,341.0,1297.0,54402.0,56524.0,58107.0,63848.0
2010-12-21,0.241436002337814,344.0,1309.0,54498.0,56629.0,58232.0,64050.0
2010-12-22,0.25,346.0,1316.0,54460.0,56616.0,58229.0,64169.0
2010-12-23,0.249970127995324,346.0,1322.0,54584.0,56758.0,58371.0,64385.0
2010-12-24,0.248,347.0,1322.0,54669.0,56847.0,58472.0,64569.0
2010-12-25,0.2499,348.0,1324.0,54747.0,56959.0,58759.0,64862.0
2010-12-26,0.264962127410871,350.0,1332.0,54825.0,57058.0,58956.0,65071.0
2010-12-27,0.264785388661601,353.0,1336.0,54644.0,56882.0,58782.0,64984.0
2010-12-28,0.281,349.0,1344.0,54792.0,57040.0,58951.0,65232.0
2010-12-29,0.3,356.0,1362.0,54827.0,57079.0,58982.0,65320.0
2010-12-30,0.3,358.0,1371.0,54865.0,57135.0,59031.0,65430.0
2010-12-31,0.3,362.0,1375.0,54972.0,57247.0,59153.0,65602.0
2011-01-01,0.3,365.0,1372.0,55088.0,57363.0,59278.0,65790.0
2011-01-02,0.29997,366.0,1379.0,55120.0,57408.0,59323.0,65888.0
2011-01-03,0.295,365.0,1395.0,55048.0,57335.0,59284.0,65946.0
2011-01-04,0.29895,368.0,1397.0,55118.0,57412.0,59375.0,66137.0
2011-01-05,0.298916302162478,371.0,1400.0,55030.0,57315.0,59295.0,66092.0
2011-01-06,0.298,376.0,1410.0,55000.0,57278.0,59275.0,66144.0
2011-01-07,0.32,377.0,1413.0,55046.0,57331.0,59344.0,66285.0
2011-01-08,0.3229,373.0,1422.0,55135.0,57431.0,59468.0,66469.0
2011-01-09,0.323,376.0,1431.0,55190.0,57491.0,59549.0,66613.0
2011-01-10,0.32659,375.0,1435.0,55305.0,57616.0,59662.0,66797.0
2011-01-11,0.32659,375.0,1437.0,55370.0,57675.0,59747.0,66938.0
2011-01-12,0.318799621274109,378.0,1438.0,55463.0,57782.0,59855.0,67114.0
2011-01-13,0.3176,378.0,1440.0,55267.0,57594.0,59685.0,67002.0
2011-01-14,0.399990005844535,381.0,1449.0,55112.0,57446.0,59536.0,66916.0
2011-01-15,0.386,383.0,1453.0,55195.0,57558.0,59669.0,67115.0
2011-01-16,0.38679,379.0,1453.0,55242.0,57592.0,59707.0,67229.0
2011-01-17,0.3495,378.0,1447.0,55371.0,57737.0,59876.0,67447.0
2011-01-18,0.31299,378.0,1446.0,55359.0,57743.0,59889.0,67558.0
2011-01-19,0.31299,379.0,1444.0,55339.0,57737.0,59913.0,67664.0
2011-01-20,0.39,380.0,1445.0,55464.0,57888.0,60061.0,67858.0
2011-01-21,0.41991,379.0,1451.0,55411.0,57853.0,60032.0,67957.0
2011-01-22,0.44003552893045,378.0,1462.0,55417.0,57878.0,60073.0,68091.0
2011-01-23,0.4424,375.0,1460.0,55329.0,57789.0,59970.0,68081.0
2011-01-24,0.4199,378.0,1474.0,55436.0,57906.0,60097.0,68265.0
2011-01-25,0.41,377.0,1483.0,55503.0,57977.0,60187.0,68439.0
2011-01-26,0.415085129748685,380.0,1491.0,55530.0,58017.0,60231.0,68541.0
2011-01-27,0.4212,344.0,1379.0,55389.0,57868.0,60082.0,68485.0
2011-01-28,0.444484044418469,348.0,1379.0,55443.0,57945.0,60172.0,68675.0
2011-01-29,0.439,348.0,1386.0,55532.0,58047.0,60278.0,68811.0
2011-01-30,0.477142033898305,348.0,1401.0,55578.0,58095.0,60350.0,68922.0
2011-01-31,0.525136870251315,347.0,1410.0,55544.0,58073.0,60361.0,69009.0
2011-02-01,0.707510116890707,341.0,1417.0,55423.0,57977.0,60286.0,69011.0
2011-02-02,0.725434821741671,342.0,1399.0,55481.0,58052.0,60348.0,69063.0
2011-02-03,0.693898367621274,345.0,1390.0,55549.0,58136.0,60430.0,69133.0
2011-02-04,0.810958971361777,346.0,1390.0,55615.0,58241.0,60539.0,69222.0
2011-02-05,0.911671477498539,350.0,1366.0,55546.0,58177.0,60478.0,69171.0
2011-02-06,0.898,350.0,1370.0,55626.0,58265.0,60572.0,69259.0
2011-02-07,0.889421369959088,347.0,1388.0,55710.0,58351.0,60664.0,69345.0
2011-02-08,0.918,349.0,1392.0,55817.0,58473.0,60759.0,69432.0
2011-02-09,1.01605024547049,349.0,1395.0,55863.0,58521.0,60961.0,69740.0
2011-02-10,0.979652963179427,349.0,1408.0,55936.0,58614.0,61333.0,70383.0
2011-02-11,1.05406945353594,354.0,1430.0,55902.0,58564.0,61328.0,71267.0
2011-02-12,1.07870328404442,359.0,1433.0,55965.0,58676.0,61503.0,72015.0
2011-02-13,1.05,362.0,1442.0,55892.0,58655.0,61542.0,72403.0
2011-02-14,1.07001262419638,364.0,1462.0,55636.0,58430.0,61276.0,72163.0
2011-02-15,1.05,362.0,1473.0,55763.0,58597.0,61484.0,72506.0
2011-02-16,1.031687628872,365.0,1479.0,55889.0,58746.0,61654.0,72763.0
2011-02-17,1.0399231975453,365.0,1495.0,56041.0,58941.0,61893.0,73499.0
2011-02-18,0.898955914669784,370.0,1505.0,56003.0,58976.0,61951.0,73963.0
2011-02-19,0.944028116890707,373.0,1511.0,56054.0,59052.0,62046.0,74282.0
2011-02-20,0.865,376.0,1504.0,56157.0,59176.0,62190.0,74760.0
2011-02-21,0.835747428404442,379.0,1521.0,56262.0,59289.0,62324.0,75378.0
2011-02-22,0.877041779661017,382.0,1522.0,56311.0,59321.0,62412.0,75939.0
2011-02-23,0.9,378.0,1543.0,56427.0,59448.0,62582.0,76580.0
2011-02-24,0.989095265926359,378.0,1547.0,56453.0,59511.0,62666.0,77042.0
2011-02-25,0.914652001753361,387.0,1554.0,56471.0,59541.0,62732.0,77599.0
2011-02-26,0.958,392.0,1567.0,56452.0,59538.0,62753.0,77895.0
2011-02-27,0.895033114552893,387.0,1574.0,56504.0,59616.0,62864.0,78351.0
2011-02-28,0.860220923436587,401.0,1593.0,56549.0,59699.0,62975.0,78792.0
2011-03-01,0.921096891876096,395.0,1587.0,56574.0,59733.0,63091.0,79749.0
2011-03-02,0.9399,431.0,1619.0,56622.0,59819.0,63254.0,80020.0
2011-03-03,0.939073383401519,434.0,1641.0,56757.0,59997.0,63465.0,80764.0
2011-03-04,0.9011,438.0,1649.0,56891.0,60145.0,63649.0,81184.0
2011-03-05,0.90784060666277,441.0,1665.0,56861.0,60132.0,63661.0,81459.0
2011-03-06,0.884770973115138,444.0,1668.0,56914.0,60204.0,63749.0,81885.0
2011-03-07,0.877583864406779,445.0,1682.0,56911.0,60217.0,63827.0,82257.0
2011-03-08,0.866071591466979,445.0,1683.0,57037.0,60381.0,64030.0,82679.0
2011-03-09,0.86,449.0,1686.0,57106.0,60489.0,64137.0,82911.0
2011-03-10,0.920670309760374,455.0,1702.0,57182.0,60602.0,64270.0,83197.0
2011-03-11,0.88,460.0,1709.0,57215.0,60666.0,64324.0,83379.0
2011-03-12,0.917815513150205,461.0,1718.0,57274.0,60753.0,64426.0,83537.0
2011-03-13,0.89249,462.0,1729.0,57320.0,60818.0,64512.0,83718.0
2011-03-14,0.893924922852133,464.0,1743.0,57079.0,60617.0,64321.0,83624.0
2011-03-15,0.87224,469.0,1752.0,57096.0,60646.0,64351.0,83780.0
2011-03-16,0.851211665692578,469.0,1756.0,56983.0,60541.0,64265.0,83796.0
2011-03-17,0.82542,463.0,1755.0,57012.0,60615.0,64372.0,84029.0
2011-03-18,0.801959208065459,464.0,1760.0,56914.0,60539.0,64337.0,84093.0
2011-03-19,0.765,466.0,1770.0,56964.0,60613.0,64446.0,84297.0
2011-03-20,0.7415,469.0,1780.0,57050.0,60704.0,64542.0,84515.0
2011-03-21,0.75897,470.0,1780.0,57092.0,60771.0,64640.0,85308.0
2011-03-22,0.809130292811222,472.0,1792.0,57142.0,60849.0,64760.0,85790.0
2011-03-23,0.84971,473.0,1793.0,57172.0,60915.0,64803.0,87115.0
2011-03-24,0.872374365867914,473.0,1809.0,57269.0,61066.0,65019.0,87860.0
2011-03-25,0.88377,474.0,1821.0,57372.0,61238.0,65292.0,88279.0
2011-03-26,0.8552,476.0,1828.0,57390.0,61306.0,65403.0,88623.0
2011-03-27,0.822,483.0,1838.0,57431.0,61426.0,65585.0,89368.0
2011-03-28,0.794740500292227,485.0,1846.0,57487.0,61561.0,65761.0,89370.0
2011-03-29,0.792509941554646,485.0,1853.0,57571.0,61697.0,65903.0,89647.0
2011-03-30,0.789706312098189,488.0,1865.0,57663.0,61839.0,66084.0,89938.0
2011-03-31,0.78461,490.0,1878.0,57748.0,61984.0,66247.0,90281.0
2011-04-01,0.77411,489.0,1882.0,57824.0,62129.0,66386.0,90494.0
2011-04-02,0.78199,493.0,1900.0,57947.0,62318.0,66583.0,90808.0
2011-04-03,0.779,493.0,1916.0,58065.0,62479.0,66772.0,91266.0
2011-04-04,0.68,500.0,1921.0,57995.0,62458.0,66817.0,91663.0
2011-04-05,0.715691834599649,503.0,1933.0,58092.0,62639.0,67049.0,92100.0
2011-04-06,0.74,508.0,1950.0,58134.0,62709.0,67143.0,92473.0
2011-04-07,0.7538,507.0,1955.0,58199.0,62800.0,67268.0,92705.0
2011-04-08,0.74999,508.0,1973.0,58247.0,62875.0,67371.0,92995.0
2011-04-09,0.734060517241379,511.0,1980.0,58342.0,63016.0,67545.0,93372.0
2011-04-10,0.733156820572765,513.0,1994.0,58422.0,63118.0,67655.0,93713.0
2011-04-11,0.770113933372297,516.0,2002.0,58382.0,63130.0,67678.0,93918.0
2011-04-12,0.861381607831677,525.0,2024.0,58311.0,63019.0,67587.0,94047.0
2011-04-13,0.930320058445353,527.0,2038.0,58232.0,62963.0,67557.0,94143.0
2011-04-14,0.998629766218586,520.0,2042.0,58273.0,63023.0,67651.0,95466.0
2011-04-15,0.983673136762127,519.0,2067.0,58340.0,63126.0,67785.0,95521.0
2011-04-16,1.04663285797779,529.0,2098.0,58356.0,63172.0,67841.0,94326.0
2011-04-17,1.09812209789597,526.0,2116.0,58461.0,63336.0,68116.0,94589.0
2011-04-18,1.14943331151373,523.0,2144.0,58468.0,63380.0,68232.0,94828.0
2011-04-19,1.18516222092344,494.0,2033.0,58381.0,63400.0,68283.0,95298.0
2011-04-20,1.14212598480421,501.0,2021.0,58420.0,63470.0,68364.0,95437.0
2011-04-21,1.20733887200468,499.0,2074.0,58622.0,63696.0,68598.0,95886.0
2011-04-22,1.40450508182349,503.0,2096.0,58676.0,63750.0,68723.0,96173.0
2011-04-23,1.82885230099357,509.0,2147.0,58636.0,63773.0,68772.0,96349.0
2011-04-24,1.63198421975453,512.0,2168.0,58716.0,63887.0,68895.0,96596.0
2011-04-25,1.56448363530099,512.0,2182.0,58773.0,64015.0,69078.0,97072.0
2011-04-26,1.77084089012274,515.0,2188.0,58855.0,64139.0,69219.0,97383.0
2011-04-27,1.9031759585038,519.0,2201.0,58740.0,64063.0,69231.0,97651.0
2011-04-28,2.28574446580947,527.0,2220.0,58744.0,64118.0,69368.0,98107.0
2011-04-29,2.85060509000585,526.0,2257.0,58787.0,64249.0,69537.0,98541.0
2011-04-30,3.5,508.0,2233.0,58695.0,64254.0,69674.0,99056.0
2011-05-01,3.0942275534775,510.0,2261.0,58673.0,64383.0,69826.0,99548.0
2011-05-02,3.2,510.0,2284.0,58699.0,64446.0,69951.0,99848.0
2011-05-03,3.36058570368206,512.0,2288.0,58700.0,64484.0,70080.0,100234.0
2011-05-04,3.40867304734074,513.0,2315.0,58496.0,64328.0,70007.0,100434.0
2011-05-05,3.34373668439509,513.0,2356.0,58546.0,64468.0,70202.0,100882.0
2011-05-06,3.45507558445354,519.0,2377.0,58676.0,64715.0,70553.0,101530.0
2011-05-07,3.64126297779077,517.0,2402.0,58672.0,64825.0,70700.0,101791.0
2011-05-08,3.84866837697253,523.0,2427.0,58788.0,65031.0,70916.0,102452.0
2011-05-09,3.80408958211572,528.0,2449.0,58775.0,65023.0,70990.0,102752.0
2011-05-10,5.65166700233781,521.0,2510.0,58770.0,65146.0,71157.0,103047.0
2011-05-11,5.43975104383402,515.0,2513.0,58608.0,65071.0,71165.0,103473.0
2011-05-12,6.3348786943308,512.0,2548.0,58672.0,65325.0,71521.0,103855.0
2011-05-13,8.13903486732905,516.0,2580.0,58499.0,65204.0,71484.0,103931.0
2011-05-14,7.00724382933957,519.0,2617.0,58602.0,65429.0,71880.0,104789.0
2011-05-15,6.92492484453536,515.0,2622.0,58666.0,65709.0,72320.0,105724.0
2011-05-16,7.88514074517826,516.0,2632.0,58651.0,65805.0,72587.0,108713.0
2011-05-17,7.25719954061952,516.0,2660.0,58807.0,66219.0,73283.0,110504.0
2011-05-18,6.76316336236119,519.0,2670.0,58854.0,66539.0,73755.0,112374.0
2011-05-19,6.89014363237873,523.0,2711.0,58753.0,66621.0,74041.0,114798.0
2011-05-20,5.61809621858562,531.0,2732.0,58878.0,66868.0,74456.0,116496.0
2011-05-21,6.08480066744594,520.0,2670.0,59372.0,67527.0,75327.0,117618.0
2011-05-22,6.71195603974284,524.0,2680.0,59571.0,68004.0,76079.0,118677.0
2011-05-23,7.06525678375219,532.0,2736.0,59493.0,68266.0,76588.0,119630.0
2011-05-24,7.40266058211573,535.0,2788.0,59585.0,68560.0,77075.0,121683.0
2011-05-25,8.56928963705436,540.0,2835.0,59687.0,69229.0,77987.0,124289.0
2011-05-26,8.78215543424898,545.0,2867.0,59740.0,69995.0,79018.0,125605.0
2011-05-27,8.52865846814728,547.0,2893.0,59731.0,70395.0,79590.0,126461.0
2011-05-28,8.34926911981298,547.0,2934.0,59711.0,70505.0,79898.0,127773.0
2011-05-29,8.40095347223846,544.0,2947.0,59817.0,70361.0,79890.0,128282.0
2011-05-30,8.77934246464056,542.0,2984.0,59912.0,70686.0,80486.0,130314.0
2011-05-31,8.72157642197545,540.0,2958.0,59908.0,70883.0,80871.0,131909.0
2011-06-01,9.62377723202805,541.0,2996.0,59969.0,71291.0,81557.0,132839.0
2011-06-02,10.7027602279369,541.0,3027.0,59836.0,71354.0,81862.0,133486.0
2011-06-03,14.2646467738165,544.0,2996.0,59935.0,71582.0,82546.0,134581.0
2011-06-04,18.3127387258913,547.0,3037.0,60060.0,72080.0,83457.0,137122.0
2011-06-05,16.5433423962595,550.0,3022.0,60246.0,72871.0,84684.0,138727.0
2011-06-06,18.4020986440678,556.0,3087.0,60356.0,73243.0,85600.0,140194.0
2011-06-07,23.2378784628872,560.0,3095.0,60485.0,73632.0,86330.0,141492.0
2011-06-08,29.0299213267095,582.0,3163.0,60591.0,74111.0,86834.0,141048.0
2011-06-09,28.7905440181181,583.0,3149.0,60838.0,75027.0,88447.0,143137.0
2011-06-10,24.0493992285213,590.0,3189.0,60977.0,75912.0,89836.0,145123.0
2011-06-11,14.7497466277031,604.0,3212.0,60706.0,76389.0,90907.0,146662.0
2011-06-12,18.8501447311514,561.0,3017.0,60585.0,76986.0,91885.0,148063.0
2011-06-13,19.5423291145529,567.0,3030.0,60173.0,77104.0,92826.0,149763.0
2011-06-14,19.2577355055523,590.0,3050.0,60076.0,77895.0,94455.0,152024.0
2011-06-15,19.4641426241964,595.0,3056.0,60329.0,78798.0,95630.0,153819.0
2011-06-16,17.9293625423729,605.0,3070.0,60440.0,79282.0,96659.0,155621.0
2011-06-17,15.4363689129164,611.0,3108.0,60674.0,80193.0,98025.0,157426.0
2011-06-18,16.8754045353594,613.0,3112.0,60894.0,80964.0,99182.0,159052.0
2011-06-19,17.5107167913501,584.0,3051.0,60738.0,81323.0,99981.0,160307.0
2011-06-20,17.5107167913501,588.0,3067.0,60898.0,82579.0,101775.0,162602.0
2011-06-21,17.5107167913501,589.0,3069.0,61096.0,83637.0,103116.0,164485.0
2011-06-22,17.5107167913501,591.0,3082.0,61337.0,85023.0,105001.0,167111.0
2011-06-23,17.5107167913501,586.0,3101.0,61596.0,86078.0,106472.0,169132.0
2011-06-24,17.5107167913501,589.0,3112.0,61706.0,86691.0,107497.0,170649.0
2011-06-25,17.5107167913501,591.0,3184.0,62038.0,87522.0,108847.0,172399.0
2011-06-26,16.3613420157802,589.0,3261.0,62265.0,87943.0,109472.0,173279.0
2011-06-27,16.7522858132671,585.0,3349.0,62201.0,88210.0,110298.0,174682.0
2011-06-28,16.9618353071303,591.0,3428.0,62318.0,88672.0,111044.0,175833.0
2011-06-29,16.8545683179427,593.0,3486.0,62618.0,89525.0,112292.0,177446.0
2011-06-30,16.1852627808299,595.0,3524.0,62817.0,90159.0,113041.0,178413.0
2011-07-01,15.4203573991818,590.0,3494.0,62825.0,90667.0,113853.0,179480.0
2011-07-02,15.38284406955,592.0,3513.0,62962.0,91134.0,114572.0,180354.0
2011-07-03,15.4575505604909,592.0,3540.0,63088.0,91647.0,115240.0,181339.0
2011-07-04,13.8527968123904,592.0,3555.0,63346.0,92319.0,116207.0,182585.0
2011-07-05,12.9648177147867,593.0,3555.0,63215.0,92630.0,116890.0,183388.0
2011-07-06,14.7147835832846,594.0,3562.0,63348.0,93113.0,117558.0,184340.0
2011-07-07,14.7972891613092,593.0,3590.0,63504.0,93870.0,118694.0,185808.0
2011-07-08,14.2990376969608,594.0,3617.0,63571.0,94607.0,119778.0,187253.0
2011-07-09,14.3815006697838,594.0,3642.0,63559.0,95018.0,120405.0,188119.0
2011-07-10,14.6229375511397,593.0,3675.0,63678.0,95623.0,121170.0,189267.0
2011-07-11,14.3101554330801,597.0,3700.0,63768.0,96436.0,122211.0,190768.0
2011-07-12,14.0212726215663,598.0,3727.0,63843.0,96896.0,122949.0,191913.0
2011-07-13,13.9714545225015,598.0,3749.0,63959.0,97445.0,123785.0,193186.0
2011-07-14,13.997974547633,597.0,3771.0,64094.0,98041.0,124741.0,194726.0
2011-07-15,13.8063904056108,597.0,3796.0,64179.0,98552.0,125428.0,195839.0
2011-07-16,13.7130792992402,598.0,3805.0,64333.0,99006.0,126036.0,196865.0
2011-07-17,13.2581353109293,599.0,3824.0,64511.0,99365.0,126462.0,197581.0
2011-07-18,13.6305212504383,600.0,3746.0,64454.0,98121.0,125060.0,195090.0
2011-07-19,13.8247948386908,597.0,3761.0,64598.0,98756.0,125792.0,196080.0
2011-07-20,13.6783305920514,598.0,3799.0,64643.0,99091.0,126122.0,196373.0
2011-07-21,13.6118084418469,599.0,3816.0,64747.0,99056.0,126153.0,196646.0
2011-07-22,13.6985473310929,603.0,3825.0,64896.0,99554.0,126732.0,197244.0
2011-07-23,13.6817183424898,604.0,3823.0,65005.0,99928.0,127166.0,197898.0
2011-07-24,13.992515176505,607.0,3841.0,65107.0,100329.0,127787.0,198732.0
2011-07-25,14.0334253787259,607.0,3872.0,65151.0,100892.0,128638.0,199757.0
2011-07-26,13.8780323232028,609.0,3864.0,65221.0,100923.0,128728.0,200000.0
2011-07-27,13.878224755114,612.0,3877.0,65386.0,101389.0,129325.0,200785.0
2011-07-28,13.4915910756867,625.0,3948.0,64513.0,100811.0,128893.0,200617.0
2011-07-29,13.5123163901227,625.0,3975.0,64630.0,101253.0,129553.0,201505.0
2011-07-30,13.5402806738749,626.0,3987.0,64759.0,101509.0,129907.0,202168.0
2011-07-31,13.3729061022794,629.0,4009.0,64932.0,101895.0,130423.0,202875.0
2011-08-01,13.0191138468732,630.0,4028.0,65012.0,102114.0,130871.0,203425.0
2011-08-02,12.2141564389246,634.0,4033.0,65093.0,102521.0,131437.0,204200.0
2011-08-03,9.28635691350088,641.0,4016.0,65125.0,102593.0,131562.0,204456.0
2011-08-04,10.7685037481005,638.0,4025.0,65118.0,102524.0,131619.0,204655.0
2011-08-05,9.73015395967271,637.0,3990.0,65241.0,102874.0,132080.0,205363.0
2011-08-06,6.964169735827,632.0,4013.0,65223.0,102861.0,132064.0,205431.0
2011-08-07,8.50179329222677,621.0,4002.0,65501.0,103370.0,132745.0,206293.0
2011-08-08,7.77533763793104,622.0,3938.0,64863.0,102298.0,130694.0,203586.0
2011-08-09,9.80249948100526,620.0,3980.0,65145.0,102958.0,131607.0,204837.0
2011-08-10,10.0512531274109,622.0,4002.0,65320.0,103419.0,132221.0,205666.0
2011-08-11,9.43841299473992,623.0,4023.0,65365.0,103632.0,132533.0,206275.0
2011-08-12,9.45299328521333,624.0,4043.0,65492.0,103472.0,132342.0,206220.0
2011-08-13,10.0040247445938,624.0,4055.0,65560.0,103615.0,132508.0,206471.0
2011-08-14,10.8068207665108,625.0,4106.0,65674.0,103715.0,132754.0,206999.0
2011-08-15,11.1306965499708,624.0,4187.0,65747.0,104066.0,133140.0,207652.0
2011-08-16,10.9919655669199,626.0,4210.0,65637.0,104181.0,133485.0,208277.0
2011-08-17,10.9639640561075,622.0,4147.0,65620.0,103870.0,133211.0,208213.0
2011-08-18,10.8584714558738,624.0,4174.0,65707.0,104144.0,133658.0,208897.0
2011-08-19,11.6704730432496,627.0,4171.0,65756.0,104343.0,133994.0,209558.0
2011-08-20,11.4597317393337,625.0,4187.0,65874.0,104797.0,134629.0,210515.0
2011-08-21,11.3544813407364,625.0,4203.0,66045.0,105155.0,135058.0,211305.0
2011-08-22,10.9208958246639,627.0,4218.0,66149.0,105521.0,135510.0,212091.0
2011-08-23,10.9172450543542,625.0,4246.0,66154.0,105737.0,135946.0,212970.0
2011-08-24,10.870444289889,623.0,4276.0,66160.0,105930.0,136232.0,213541.0
2011-08-25,9.5460936735827,642.0,4320.0,66060.0,105877.0,136322.0,214068.0
2011-08-26,8.12692016306254,646.0,4341.0,65763.0,105006.0,135560.0,213663.0
2011-08-27,8.59649760666277,637.0,4219.0,65716.0,104711.0,135098.0,212525.0
2011-08-28,9.03086639976622,641.0,4233.0,65766.0,104761.0,135242.0,212843.0
2011-08-29,8.96115727060199,640.0,4259.0,65920.0,105053.0,135627.0,213437.0
2011-08-30,8.80994873816481,640.0,4271.0,66054.0,105392.0,136036.0,213990.0
2011-08-31,8.19915176446523,640.0,4296.0,66192.0,105572.0,136381.0,214511.0
2011-09-01,8.23428166510813,640.0,4325.0,66160.0,105367.0,136254.0,214600.0
2011-09-02,8.6214244377557,640.0,4299.0,66275.0,105519.0,136552.0,215099.0
2011-09-03,8.44965344067796,641.0,4321.0,66429.0,105732.0,136843.0,215568.0
2011-09-04,8.20347060227937,645.0,4250.0,66507.0,105890.0,137101.0,216067.0
2011-09-05,7.5973325251315,649.0,4288.0,66537.0,105907.0,137050.0,216198.0
2011-09-06,6.84653002893045,650.0,4326.0,66572.0,105948.0,137175.0,216389.0
2011-09-07,7.16297027352426,640.0,4283.0,66547.0,106209.0,137530.0,216964.0
2011-09-08,6.67818000029223,644.0,4300.0,66609.0,106214.0,137599.0,217281.0
2011-09-09,4.98677704178843,644.0,4292.0,66391.0,105223.0,136503.0,216253.0
2011-09-10,4.74284665517242,645.0,4302.0,66506.0,105010.0,136105.0,215107.0
2011-09-11,5.85290397253068,636.0,4306.0,66610.0,105177.0,136388.0,215547.0
2011-09-12,6.09062947223846,633.0,4294.0,66418.0,105043.0,136272.0,215483.0
2011-09-13,5.80252327703098,633.0,4324.0,66548.0,105318.0,136629.0,215933.0
2011-09-14,5.59743261016949,634.0,4320.0,66488.0,105352.0,136720.0,216157.0
2011-09-15,4.86775518468732,638.0,4336.0,66608.0,105571.0,136936.0,216382.0
2011-09-16,4.83116810052601,637.0,4343.0,66390.0,105546.0,137000.0,216593.0
2011-09-17,4.775285635301,638.0,4377.0,66531.0,105708.0,137093.0,216737.0
2011-09-18,5.23673227819988,635.0,4414.0,66608.0,105895.0,137356.0,217126.0
2011-09-19,5.52037669199299,635.0,4467.0,66717.0,105822.0,137335.0,217214.0
2011-09-20,6.14666555172414,638.0,4514.0,66768.0,105828.0,137411.0,217414.0
2011-09-21,5.59706749795441,633.0,4454.0,66751.0,105771.0,137378.0,216405.0
2011-09-22,5.47504877673875,631.0,4479.0,66824.0,105857.0,137354.0,216417.0
2011-09-23,5.56342141963764,634.0,4503.0,66908.0,106016.0,137703.0,216882.0
2011-09-24,5.45788968731736,629.0,4523.0,66996.0,106091.0,137556.0,216712.0
2011-09-25,5.34115488135593,631.0,4552.0,67096.0,106261.0,137758.0,216984.0
2011-09-26,4.87382608123904,632.0,4566.0,67204.0,106450.0,137994.0,217286.0
2011-09-27,4.91115779251899,634.0,4597.0,67298.0,106491.0,138105.0,217368.0
2011-09-28,4.76341532144945,633.0,4635.0,67443.0,106741.0,138404.0,217767.0
2011-09-29,4.77766097837522,633.0,4660.0,67506.0,106974.0,138630.0,218102.0
2011-09-30,5.14368590999416,634.0,4683.0,67568.0,106973.0,138751.0,218328.0
2011-10-01,5.03407054471069,631.0,4745.0,67326.0,106778.0,138583.0,218258.0
2011-10-02,5.00706259672706,632.0,4759.0,67336.0,106854.0,138748.0,218456.0
2011-10-03,5.02284486031561,630.0,4792.0,67430.0,106967.0,138870.0,218679.0
2011-10-04,4.95680562068966,641.0,4767.0,67408.0,106927.0,138797.0,218686.0
2011-10-05,4.88506713091759,639.0,4754.0,67499.0,106992.0,139007.0,219038.0
2011-10-06,4.73016629573349,644.0,4735.0,67240.0,106837.0,138859.0,218953.0
2011-10-07,4.27603575686733,647.0,4716.0,67349.0,106909.0,138907.0,219121.0
2011-10-08,3.98125299415546,650.0,4749.0,67473.0,107142.0,139108.0,219265.0
2011-10-09,4.11163464348334,652.0,4759.0,67533.0,107449.0,139556.0,219809.0
2011-10-10,4.07496248392753,652.0,4794.0,67678.0,107661.0,139798.0,220086.0
2011-10-11,4.00892449590883,648.0,4836.0,67775.0,107929.0,140193.0,220636.0
2011-10-12,4.16623534248977,644.0,4881.0,67861.0,108069.0,140352.0,220902.0
2011-10-13,4.03698109000584,642.0,4875.0,67978.0,108269.0,140747.0,221401.0
2011-10-14,3.98628088544711,643.0,4880.0,68143.0,107899.0,140415.0,221145.0
2011-10-15,3.83733856049094,641.0,4903.0,68210.0,108043.0,140642.0,221412.0
2011-10-16,3.60974171654003,642.0,4929.0,68260.0,108093.0,140658.0,221539.0
2011-10-17,2.58124672180012,642.0,4984.0,68263.0,108161.0,140779.0,221659.0
2011-10-18,2.42227473816482,645.0,5014.0,68379.0,108366.0,140985.0,221915.0
2011-10-19,2.21725471303331,648.0,4994.0,68333.0,108272.0,140911.0,221915.0
2011-10-20,2.35612350847458,652.0,5027.0,68402.0,108468.0,141213.0,222289.0
2011-10-21,2.57009230508475,654.0,5009.0,68430.0,108753.0,141578.0,222744.0
2011-10-22,3.15548613851549,654.0,5033.0,68566.0,109113.0,142014.0,223249.0
2011-10-23,3.14775092986558,652.0,5034.0,68646.0,109540.0,142528.0,223846.0
2011-10-24,2.52293599766219,651.0,5072.0,68703.0,109717.0,142688.0,224119.0
2011-10-25,2.80192383109293,651.0,5089.0,68800.0,110015.0,143108.0,224634.0
2011-10-26,2.7775052390415,655.0,5073.0,68825.0,110162.0,143290.0,224944.0
2011-10-27,3.04540782758621,657.0,5096.0,68792.0,110261.0,143514.0,225226.0
2011-10-28,3.17963943658679,665.0,5072.0,68757.0,110342.0,143481.0,225219.0
2011-10-29,3.56918896873174,660.0,5079.0,68690.0,110277.0,143519.0,225387.0
2011-10-30,3.25740372296902,663.0,5088.0,68757.0,110410.0,143642.0,225578.0
2011-10-31,3.26509821274109,664.0,5091.0,68880.0,110463.0,143791.0,225817.0
2011-11-01,3.17100774284044,668.0,5109.0,68981.0,110768.0,144204.0,226336.0
2011-11-02,3.2558005666277,666.0,5161.0,69002.0,110794.0,144261.0,226419.0
2011-11-03,3.16831638515488,668.0,5155.0,68710.0,110438.0,144134.0,226463.0
2011-11-04,3.12011817182934,672.0,5151.0,68748.0,110548.0,144285.0,225800.0
2011-11-05,2.97781759789597,675.0,5154.0,68874.0,110767.0,144537.0,225941.0
2011-11-06,2.96272057685564,677.0,5179.0,68942.0,110967.0,144956.0,226433.0
2011-11-07,3.01775768731736,675.0,5187.0,69045.0,111141.0,145281.0,226838.0
2011-11-08,3.05656711104617,677.0,5206.0,69208.0,111187.0,145242.0,226867.0
2011-11-09,2.9195672238457,678.0,5229.0,69227.0,111360.0,145484.0,227260.0
2011-11-10,2.85670208533022,678.0,5259.0,69336.0,111449.0,145652.0,227542.0
2011-11-11,3.06786173348919,683.0,5277.0,69285.0,111341.0,145575.0,227575.0
2011-11-12,3.02552299590883,685.0,5300.0,69254.0,111361.0,145587.0,227694.0
2011-11-13,2.98637330333139,682.0,5351.0,69383.0,111849.0,146085.0,228353.0
2011-11-14,2.22422446434833,687.0,5382.0,69277.0,111558.0,145824.0,228276.0
2011-11-15,2.3223841157218,692.0,5414.0,69246.0,111519.0,145828.0,228070.0
2011-11-16,2.54678093074226,693.0,5462.0,69320.0,111468.0,145776.0,228126.0
2011-11-17,2.27909583576856,699.0,5469.0,69170.0,111288.0,145419.0,227916.0
2011-11-18,2.10506600321449,703.0,5553.0,69247.0,111457.0,145441.0,228188.0
2011-11-19,2.20345672180012,705.0,5464.0,69206.0,111328.0,145442.0,228287.0
2011-11-20,2.20198950964348,710.0,5497.0,69311.0,111573.0,145293.0,227729.0
2011-11-21,2.27987916540035,713.0,5513.0,69412.0,111770.0,145555.0,228088.0
2011-11-22,2.32245859614261,721.0,5503.0,69364.0,111850.0,145683.0,228307.0
2011-11-23,2.33032356750438,722.0,5553.0,69241.0,111737.0,145610.0,228332.0
2011-11-24,2.43887900029223,720.0,5584.0,69132.0,111608.0,145527.0,228214.0
2011-11-25,2.49616100292227,721.0,5610.0,69175.0,111681.0,145717.0,228601.0
2011-11-26,2.47179996902396,728.0,5630.0,69277.0,111780.0,145866.0,228862.0
2011-11-27,2.47756495119813,728.0,5634.0,69331.0,111846.0,146075.0,229287.0
2011-11-28,2.5412402521917,718.0,5624.0,69228.0,111721.0,146115.0,229789.0
2011-11-29,2.75769848275862,723.0,5587.0,69077.0,111481.0,145962.0,230171.0
2011-11-30,2.9660415458796,725.0,5631.0,69083.0,111386.0,145643.0,228935.0
2011-12-01,3.08258945002922,725.0,5656.0,69196.0,111362.0,146017.0,229449.0
2011-12-02,3.10040233313852,728.0,5680.0,69220.0,111606.0,146617.0,230214.0
2011-12-03,2.80385618527177,731.0,5698.0,69300.0,111735.0,146407.0,229945.0
2011-12-04,2.81969397603741,731.0,5690.0,69151.0,111841.0,146823.0,230648.0
2011-12-05,2.87479622735242,732.0,5732.0,69203.0,112028.0,147162.0,231294.0
2011-12-06,3.02536045149036,739.0,5758.0,69297.0,112229.0,147727.0,232027.0
2011-12-07,2.98550242109877,742.0,5774.0,69459.0,112503.0,148253.0,232608.0
2011-12-08,2.99188048305085,771.0,5843.0,69407.0,112481.0,147139.0,230951.0
2011-12-09,2.95579195207481,838.0,6084.0,69667.0,112727.0,147382.0,231560.0
2011-12-10,3.06897526709527,814.0,6247.0,69957.0,113085.0,147704.0,231705.0
2011-12-11,3.2492688471654,783.0,6415.0,70148.0,113432.0,147846.0,231373.0
2011-12-12,3.18733535651666,754.0,6538.0,70245.0,113670.0,148154.0,231473.0
2011-12-13,3.24108840853302,751.0,6577.0,70356.0,114951.0,149517.0,232848.0
2011-12-14,3.1550865043834,757.0,6614.0,70488.0,115274.0,149895.0,233292.0
2011-12-15,3.20313854061952,756.0,6659.0,70449.0,115355.0,150048.0,233583.0
2011-12-16,3.2091377773232,764.0,6689.0,70586.0,115546.0,150279.0,233837.0
2011-12-17,3.19254170426651,763.0,6710.0,70706.0,115734.0,150492.0,234081.0
2011-12-18,3.19401080888369,762.0,6742.0,70762.0,115923.0,150800.0,234574.0
2011-12-19,3.52577391934541,766.0,6771.0,70692.0,115914.0,150825.0,234859.0
2011-12-20,3.95255082729398,776.0,6722.0,70547.0,115824.0,150797.0,234871.0
2011-12-21,3.88899325073057,778.0,6747.0,70704.0,116113.0,151178.0,235098.0
2011-12-22,3.90306042051432,786.0,6788.0,70823.0,116405.0,151551.0,235573.0
2011-12-23,3.93796507597896,789.0,6806.0,70907.0,116600.0,151906.0,236396.0
2011-12-24,3.93941911864407,791.0,6837.0,70920.0,116776.0,152266.0,236907.0
2011-12-25,4.23386687784921,795.0,6857.0,71015.0,117011.0,152559.0,237512.0
2011-12-26,3.99912196405611,801.0,6839.0,71093.0,117285.0,153055.0,238405.0
2011-12-27,4.0955185458796,801.0,6867.0,71225.0,117535.0,153478.0,239002.0
2011-12-28,4.20729587609585,805.0,6894.0,71239.0,117653.0,153638.0,239183.0
2011-12-29,4.17335222676797,799.0,6918.0,71394.0,117888.0,153995.0,239668.0
2011-12-30,4.31063509000584,801.0,6963.0,71540.0,118138.0,154198.0,240003.0
2011-12-31,4.71430633138515,800.0,6995.0,71647.0,118263.0,154283.0,239948.0
2012-01-01,5.2948427773232,803.0,7013.0,71707.0,118424.0,154469.0,240181.0
2012-01-02,5.2048778918761,804.0,7050.0,71724.0,118637.0,154723.0,240375.0
2012-01-03,4.87050882875511,802.0,7076.0,71835.0,118799.0,154971.0,240008.0
2012-01-04,5.58570626709527,808.0,7101.0,71864.0,118906.0,155068.0,240253.0
2012-01-05,6.87400087726476,812.0,7115.0,71872.0,119190.0,155477.0,240697.0
2012-01-06,6.68331663997662,812.0,7213.0,71988.0,119336.0,155637.0,240914.0
2012-01-07,6.79622798071303,813.0,7228.0,72196.0,119466.0,155772.0,240953.0
2012-01-08,7.09665056633548,816.0,7233.0,72276.0,119233.0,155770.0,241193.0
2012-01-09,6.28853834248977,820.0,7189.0,71818.0,118687.0,155426.0,240899.0
2012-01-10,6.52847455523086,821.0,7203.0,71957.0,118540.0,155007.0,240864.0
2012-01-11,6.88912772121566,819.0,7214.0,72224.0,119091.0,155543.0,240614.0
2012-01-12,6.77356419579194,823.0,7248.0,72310.0,119236.0,155873.0,241017.0
2012-01-13,6.45436889012273,829.0,7241.0,72197.0,119288.0,156114.0,241350.0
2012-01-14,6.76172714260666,831.0,7273.0,72077.0,119385.0,156467.0,241894.0
2012-01-15,7.04692255815312,830.0,7304.0,72074.0,119486.0,156708.0,242007.0
2012-01-16,6.71560766656926,834.0,7312.0,72184.0,119806.0,157058.0,242491.0
2012-01-17,5.59962195032145,823.0,7372.0,72410.0,120243.0,157556.0,243053.0
2012-01-18,5.9002312881356,821.0,7398.0,72547.0,120593.0,158028.0,243598.0
2012-01-19,6.31570634161309,798.0,7361.0,72422.0,120830.0,158487.0,244043.0
2012-01-20,6.50149198831093,800.0,7368.0,72434.0,120962.0,158939.0,244626.0
2012-01-21,6.18056832554062,792.0,7382.0,72565.0,121174.0,159093.0,244845.0
2012-01-22,6.30296722676797,790.0,7401.0,72638.0,121386.0,159427.0,245156.0
2012-01-23,6.37487607714787,799.0,7412.0,72878.0,121817.0,160006.0,245851.0
2012-01-24,6.27447647574518,803.0,7389.0,72845.0,121902.0,160167.0,246266.0
2012-01-25,5.81046507247224,804.0,7360.0,72977.0,122114.0,160529.0,246706.0
2012-01-26,5.36722695441262,807.0,7373.0,73023.0,122189.0,160690.0,247077.0
2012-01-27,5.30313719696084,802.0,7371.0,73208.0,122537.0,161190.0,247370.0
2012-01-28,5.65979677498539,800.0,7393.0,73331.0,122832.0,161491.0,247743.0
2012-01-29,5.39142945733489,800.0,7401.0,73179.0,122740.0,161414.0,247151.0
2012-01-30,5.50348193863238,799.0,7413.0,73227.0,122867.0,161698.0,247582.0
2012-01-31,5.53822029573349,800.0,7391.0,73169.0,123003.0,162208.0,248241.0
2012-02-01,6.07523265225015,808.0,7378.0,73377.0,123330.0,162564.0,248735.0
2012-02-02,6.09957291291642,806.0,7376.0,73466.0,123522.0,162936.0,249287.0
2012-02-03,5.95161092752776,810.0,7384.0,73728.0,123988.0,163439.0,249466.0
2012-02-04,5.8954132390415,810.0,7371.0,73531.0,123973.0,163627.0,249643.0
2012-02-05,5.67811571712449,815.0,7366.0,73558.0,124116.0,163904.0,249960.0
2012-02-06,5.48266405844535,811.0,7382.0,73517.0,124138.0,164050.0,250169.0
2012-02-07,5.66202770017534,810.0,7398.0,73634.0,124136.0,164080.0,250379.0
2012-02-08,5.6185281899474,813.0,7411.0,73813.0,124443.0,164442.0,250891.0
2012-02-09,5.83569985417884,811.0,7421.0,74032.0,124820.0,164925.0,251595.0
2012-02-10,5.93783415546464,811.0,7424.0,74197.0,124792.0,164984.0,251709.0
2012-02-11,5.61213285330216,819.0,7449.0,74081.0,124540.0,164860.0,251742.0
2012-02-12,5.51909716949152,818.0,7448.0,74047.0,124450.0,164937.0,251978.0
2012-02-13,5.34835455932203,820.0,7439.0,74034.0,124428.0,164965.0,252172.0
2012-02-14,4.48365409175921,816.0,7483.0,74138.0,124553.0,165107.0,252389.0
2012-02-15,4.3255203220339,843.0,7546.0,74335.0,124908.0,165489.0,253004.0
2012-02-16,4.25523904500292,817.0,7680.0,74656.0,125393.0,166017.0,253710.0
2012-02-17,4.39153837288136,823.0,7696.0,74827.0,125625.0,166231.0,254052.0
2012-02-18,4.27008127761543,828.0,7700.0,74970.0,125849.0,166565.0,254566.0
2012-02-19,4.38955145821157,830.0,7708.0,75092.0,126298.0,167255.0,255461.0
2012-02-20,4.36513593892461,831.0,7735.0,75350.0,126670.0,167748.0,256088.0
2012-02-21,4.31511560198714,834.0,7753.0,75506.0,126788.0,168030.0,256492.0
2012-02-22,4.41931028755114,838.0,7792.0,75747.0,126986.0,168311.0,256871.0
2012-02-23,5.03951511805961,838.0,7811.0,75914.0,127065.0,168560.0,257299.0
2012-02-24,5.02560875891292,841.0,7783.0,76003.0,127085.0,168514.0,257592.0
2012-02-25,4.77256738106371,840.0,7767.0,75128.0,126265.0,167765.0,257167.0
2012-02-26,4.9264208515488,838.0,7779.0,75161.0,126336.0,167981.0,257712.0
2012-02-27,4.95251575628287,843.0,7798.0,75361.0,126545.0,168387.0,258331.0
2012-02-28,4.85725777556984,842.0,7820.0,75277.0,126609.0,168589.0,258542.0
2012-02-29,4.87274875569842,846.0,7823.0,75483.0,126809.0,168981.0,259189.0
2012-03-01,4.92207212361192,840.0,7835.0,75591.0,126800.0,169074.0,259280.0
2012-03-02,4.71482358708358,849.0,7785.0,75499.0,126387.0,168762.0,259224.0
2012-03-03,4.62819325248393,866.0,7824.0,75377.0,126399.0,168892.0,259623.0
2012-03-04,4.83414448158971,868.0,7855.0,75548.0,127055.0,169694.0,260727.0
2012-03-05,4.98239290385739,867.0,7881.0,75656.0,127353.0,170150.0,261471.0
2012-03-06,4.98784135242548,875.0,7888.0,75775.0,127505.0,170310.0,262041.0
2012-03-07,4.94911288457043,875.0,7909.0,75929.0,127823.0,170837.0,263041.0
2012-03-08,4.93497949503214,882.0,7891.0,76135.0,128050.0,171159.0,263792.0
2012-03-09,4.87229784745763,884.0,7899.0,76239.0,128191.0,171245.0,264052.0
2012-03-10,4.84142380479252,880.0,7909.0,76369.0,128383.0,171406.0,264664.0
2012-03-11,4.89202875160724,879.0,7911.0,76324.0,128435.0,171664.0,265230.0
2012-03-12,4.91083937931035,879.0,7947.0,76459.0,128614.0,171878.0,265693.0
2012-03-13,5.29088027878434,878.0,7963.0,76696.0,128938.0,172179.0,266437.0
2012-03-14,5.39054329222677,876.0,7989.0,76820.0,129174.0,172305.0,266825.0
2012-03-15,5.34082089888954,872.0,8000.0,76879.0,129274.0,172593.0,267715.0
2012-03-16,5.33957479135009,872.0,8007.0,77117.0,129728.0,173165.0,268533.0
2012-03-17,5.23600355406195,867.0,8046.0,77219.0,130058.0,173625.0,269561.0
2012-03-18,5.27014898538866,867.0,8070.0,77336.0,130381.0,174174.0,270859.0
2012-03-19,4.67867255289305,873.0,8098.0,77463.0,130424.0,174305.0,271122.0
2012-03-20,4.83083021624781,867.0,8116.0,77775.0,130796.0,174790.0,272070.0
2012-03-21,4.81722952483928,870.0,8113.0,78032.0,131092.0,175322.0,272963.0
2012-03-22,4.72960850496785,873.0,8144.0,78172.0,131332.0,175588.0,273565.0
2012-03-23,4.69164317650497,867.0,8166.0,78358.0,131447.0,175709.0,274014.0
2012-03-24,4.65198626592636,867.0,8153.0,78543.0,131766.0,176147.0,274930.0
2012-03-25,4.55227026241964,869.0,8122.0,77898.0,131184.0,175725.0,275056.0
2012-03-26,4.63272235973115,872.0,8119.0,77972.0,131264.0,175711.0,275215.0
2012-03-27,4.81134073524255,872.0,8151.0,78112.0,131382.0,175633.0,275582.0
2012-03-28,4.79058939158387,869.0,8157.0,78317.0,131587.0,175862.0,276180.0
2012-03-29,4.79406657218001,870.0,8160.0,78480.0,131703.0,175896.0,276474.0
2012-03-30,4.86140935651666,872.0,8156.0,78693.0,131956.0,176132.0,276881.0
2012-03-31,4.88977687317358,874.0,8173.0,78762.0,132072.0,176237.0,277444.0
2012-04-01,4.79332567738165,871.0,8203.0,78717.0,132087.0,176295.0,277659.0
2012-04-02,4.98304547866745,870.0,8210.0,78659.0,131996.0,176315.0,277991.0
2012-04-03,4.95623319286967,873.0,8213.0,78906.0,132319.0,175574.0,277831.0
2012-04-04,4.91784217767387,872.0,8173.0,79002.0,132339.0,175665.0,278449.0
2012-04-05,4.92084924488603,874.0,8143.0,79056.0,132571.0,175826.0,278917.0
2012-04-06,4.94910743220339,875.0,8119.0,78527.0,131963.0,175242.0,278769.0
2012-04-07,4.70971191028638,877.0,8091.0,78456.0,131985.0,175294.0,279239.0
2012-04-08,4.77881884921099,880.0,8087.0,78543.0,132129.0,175519.0,279935.0
2012-04-09,4.85254738106371,901.0,8132.0,78575.0,132273.0,175638.0,280365.0
2012-04-10,4.84141759380479,882.0,8178.0,78798.0,132591.0,176025.0,281136.0
2012-04-11,4.91525071712449,880.0,8182.0,79030.0,132857.0,176297.0,281723.0
2012-04-12,4.90115814728229,885.0,8145.0,79076.0,132878.0,176239.0,282296.0
2012-04-13,4.93440673348919,889.0,8160.0,79175.0,133018.0,176376.0,282680.0
2012-04-14,4.95636466101695,887.0,8166.0,79272.0,133203.0,176679.0,283664.0
2012-04-15,4.9616003383986,891.0,8171.0,79235.0,133281.0,176860.0,284690.0
2012-04-16,4.95076456925774,890.0,8151.0,79355.0,133315.0,176750.0,284935.0
2012-04-17,4.9687445075979,886.0,8157.0,79032.0,132905.0,176296.0,284899.0
2012-04-18,5.12437744301578,887.0,8194.0,79063.0,132835.0,176306.0,285223.0
2012-04-19,5.13090651139684,893.0,8179.0,78987.0,132782.0,176198.0,285261.0
2012-04-20,5.36651596814728,882.0,8123.0,79186.0,132948.0,176327.0,285445.0
2012-04-21,5.28255033898305,881.0,8083.0,79389.0,133156.0,176493.0,285736.0
2012-04-22,5.19560899473992,892.0,8015.0,79281.0,133228.0,176760.0,286316.0
2012-04-23,5.11088819170076,894.0,8028.0,79274.0,133180.0,176725.0,286762.0
2012-04-24,5.08786726241964,893.0,7997.0,79431.0,133433.0,177032.0,287464.0
2012-04-25,5.14881624547048,898.0,7932.0,79465.0,133536.0,177267.0,288042.0
2012-04-26,5.09741928579778,908.0,7975.0,79143.0,133155.0,176904.0,288075.0
2012-04-27,5.09588733985973,910.0,7956.0,79157.0,133293.0,176997.0,288589.0
2012-04-28,4.9707366528346,908.0,7985.0,79260.0,133403.0,177225.0,289157.0
2012-04-29,4.90260617767387,906.0,8031.0,79264.0,133483.0,177352.0,289708.0
2012-04-30,4.9421168100526,906.0,8038.0,79393.0,133635.0,177489.0,290240.0
2012-05-01,4.98713722735243,910.0,8052.0,79591.0,133768.0,177688.0,290668.0
2012-05-02,5.05343735388662,915.0,8015.0,79789.0,133934.0,177875.0,291439.0
2012-05-03,5.11887297895967,917.0,7996.0,79884.0,134107.0,178147.0,292210.0
2012-05-04,5.08550708825248,922.0,8002.0,80037.0,134227.0,178260.0,292594.0
2012-05-05,5.05663956458212,921.0,7982.0,80125.0,134442.0,178531.0,293289.0
2012-05-06,5.0478007729398,922.0,7968.0,76928.0,131293.0,175493.0,290582.0
2012-05-07,5.06755586703682,929.0,7960.0,76818.0,131141.0,175203.0,289894.0
2012-05-08,5.02346642285213,934.0,7973.0,76911.0,131274.0,175509.0,290614.0
2012-05-09,5.04130623553478,933.0,7953.0,76828.0,131241.0,175617.0,290918.0
2012-05-10,4.92748871975453,937.0,7923.0,76832.0,131234.0,175664.0,291065.0
2012-05-11,4.96370997749854,924.0,7881.0,76611.0,130902.0,175349.0,291126.0
2012-05-12,4.94653223495032,931.0,7880.0,76632.0,130997.0,175503.0,291482.0
2012-05-13,4.94479505376973,933.0,7887.0,76701.0,131246.0,175811.0,292299.0
2012-05-14,5.01143592197545,933.0,7909.0,76798.0,131737.0,176431.0,293066.0
2012-05-15,5.03364040035067,930.0,7891.0,76713.0,131700.0,176390.0,293352.0
2012-05-16,5.08778450905903,927.0,7885.0,76662.0,131443.0,175842.0,292279.0
2012-05-17,5.08966168644068,920.0,7891.0,76709.0,131481.0,175868.0,292507.0
2012-05-18,5.11830148275862,931.0,7893.0,76716.0,131585.0,175969.0,292732.0
2012-05-19,5.11254581122151,919.0,7908.0,76746.0,131599.0,176017.0,292414.0
2012-05-20,5.09420096843951,922.0,7841.0,76642.0,131568.0,176201.0,292968.0
2012-05-21,5.0942213100526,923.0,7862.0,76749.0,131364.0,176258.0,293550.0
2012-05-22,5.08913918877849,917.0,7844.0,76665.0,131278.0,176286.0,294042.0
2012-05-23,5.12885889976622,911.0,7840.0,76615.0,131179.0,176196.0,293909.0
2012-05-24,5.11915775920514,906.0,7841.0,76638.0,131232.0,176277.0,294421.0
2012-05-25,5.13727680654588,909.0,7808.0,76556.0,131156.0,176320.0,294594.0
2012-05-26,5.10397880479252,909.0,7838.0,76643.0,131278.0,176537.0,295158.0
2012-05-27,5.13461613500877,906.0,7858.0,76683.0,131357.0,176510.0,295203.0
2012-05-28,5.13632541905318,907.0,7872.0,76764.0,131516.0,176683.0,295749.0
2012-05-29,5.14847069783752,905.0,7851.0,76955.0,131648.0,176659.0,295982.0
2012-05-30,5.13826456925774,906.0,7847.0,76877.0,131472.0,176600.0,296500.0
2012-05-31,5.18163972121566,908.0,7842.0,76947.0,131636.0,176941.0,297382.0
2012-06-01,5.26694375803624,914.0,7993.0,77118.0,131720.0,177069.0,297068.0
2012-06-02,5.24363906019871,913.0,8070.0,77080.0,131836.0,177219.0,297483.0
2012-06-03,5.21270498480421,912.0,8053.0,77119.0,131890.0,177442.0,298469.0
2012-06-04,5.25876585739334,918.0,8079.0,77321.0,132045.0,177541.0,296633.0
2012-06-05,5.42601429485681,924.0,8118.0,77377.0,132248.0,177775.0,297365.0
2012-06-06,5.44616942197545,920.0,8181.0,77446.0,132355.0,178001.0,298061.0
2012-06-07,5.58716980976037,925.0,8174.0,77384.0,132237.0,177611.0,297878.0
2012-06-08,5.62252910169492,930.0,8171.0,77440.0,132265.0,177600.0,298237.0
2012-06-09,5.55700233547633,924.0,8083.0,77195.0,132160.0,177615.0,298472.0
2012-06-10,5.45789356925774,932.0,8061.0,77330.0,132401.0,177981.0,299116.0
2012-06-11,5.58699698158971,938.0,8099.0,77350.0,132376.0,178079.0,299365.0
2012-06-12,5.72749129865575,944.0,8099.0,77266.0,132351.0,178171.0,299907.0
2012-06-13,5.90930132378726,935.0,8077.0,77381.0,132562.0,178574.0,302083.0
2012-06-14,5.96202318205728,938.0,8137.0,77372.0,132557.0,178634.0,301924.0
2012-06-15,6.52338071917008,939.0,8110.0,77513.0,132815.0,178807.0,302125.0
2012-06-16,6.44415828229106,934.0,8128.0,77641.0,133069.0,179290.0,302949.0
2012-06-17,6.1999664880187,946.0,8137.0,77505.0,132936.0,179396.0,304150.0
2012-06-18,6.31084466861485,958.0,8136.0,77429.0,132863.0,179574.0,305371.0
2012-06-19,6.49482671595558,950.0,8123.0,77513.0,132923.0,179487.0,305684.0
2012-06-20,6.69355105552309,946.0,8160.0,77458.0,132968.0,179657.0,305929.0
2012-06-21,6.67226250379895,946.0,8181.0,77409.0,132868.0,179611.0,306795.0
2012-06-22,6.56376169783752,944.0,8192.0,77376.0,132870.0,179771.0,307543.0
2012-06-23,6.44754168907072,953.0,8188.0,77428.0,133096.0,180102.0,306912.0
2012-06-24,6.35049403857393,942.0,8176.0,77256.0,132952.0,180148.0,307470.0
2012-06-25,6.31747363004091,948.0,8222.0,77391.0,133203.0,180189.0,308177.0
2012-06-26,6.43286082875511,958.0,8207.0,77611.0,133369.0,180346.0,309595.0
2012-06-27,6.61571340151958,965.0,8166.0,77264.0,133021.0,180034.0,308535.0
2012-06-28,6.59006463296318,957.0,8165.0,77148.0,133020.0,180104.0,308541.0
2012-06-29,6.65877675715956,962.0,8198.0,77325.0,133230.0,180415.0,309461.0
2012-06-30,6.68042762302747,963.0,8180.0,77417.0,133470.0,180876.0,310338.0
2012-07-01,6.62686009234366,962.0,8177.0,77474.0,133667.0,180900.0,311304.0
2012-07-02,6.74347805084746,976.0,8181.0,77482.0,133615.0,180911.0,311606.0
2012-07-03,6.44999240327294,984.0,8123.0,77591.0,133309.0,180060.0,312102.0
2012-07-04,6.51483533313852,986.0,8159.0,77002.0,132735.0,179506.0,311044.0
2012-07-05,6.64239860432496,991.0,8168.0,77037.0,132640.0,179424.0,310874.0
2012-07-06,6.67218118936295,993.0,8135.0,76958.0,132207.0,179277.0,311469.0
2012-07-07,6.80827371186441,995.0,8140.0,76967.0,132307.0,179507.0,312507.0
2012-07-08,6.79631768790181,1002.0,8160.0,76871.0,132100.0,179320.0,313025.0
2012-07-09,7.03239588603156,1009.0,8184.0,77054.0,132344.0,179485.0,312627.0
2012-07-10,7.17858003565167,1007.0,8210.0,77256.0,132468.0,179682.0,313595.0
2012-07-11,7.18514778901227,1003.0,8227.0,77153.0,132385.0,179533.0,313322.0
2012-07-12,7.55593565020456,1003.0,8084.0,76948.0,132293.0,179478.0,313479.0
2012-07-13,7.63092125599065,1002.0,8083.0,76920.0,132103.0,179178.0,313533.0
2012-07-14,7.58012917825833,1006.0,8132.0,76880.0,132070.0,179436.0,314343.0
2012-07-15,7.62723485973115,1009.0,8165.0,76804.0,132211.0,179730.0,314344.0
2012-07-16,8.49340567738165,1022.0,8193.0,76895.0,132143.0,179606.0,314620.0
2012-07-17,8.75198485505552,1028.0,8248.0,76956.0,132219.0,179854.0,315227.0
2012-07-18,9.09519268614845,1024.0,8277.0,77084.0,132345.0,179702.0,315027.0
2012-07-19,8.87953341350087,1020.0,8351.0,77057.0,132316.0,179414.0,312408.0
2012-07-20,8.53245067913501,1021.0,8403.0,76905.0,132189.0,179356.0,312712.0
2012-07-21,8.87564584102864,1012.0,8427.0,76925.0,132281.0,179689.0,313272.0
2012-07-22,8.50656254412624,1016.0,8422.0,77006.0,132606.0,180300.0,314733.0
2012-07-23,8.53121126943308,1020.0,8453.0,77048.0,132740.0,180550.0,315308.0
2012-07-24,8.57458517066043,1032.0,8433.0,77024.0,132606.0,180270.0,313993.0
2012-07-25,8.7693472729398,1034.0,8434.0,77062.0,132627.0,180308.0,313971.0
2012-07-26,8.87576504617183,1034.0,8431.0,76928.0,132453.0,180099.0,314043.0
2012-07-27,8.89145989421391,1036.0,8441.0,77201.0,132807.0,180568.0,314793.0
2012-07-28,8.84256089421391,1042.0,8479.0,77245.0,132985.0,181125.0,318571.0
2012-07-29,8.74768065926359,1040.0,8473.0,77187.0,133108.0,181385.0,317020.0
2012-07-30,9.08831724897721,1042.0,8500.0,77284.0,133227.0,181484.0,317091.0
2012-07-31,9.32099840210403,1043.0,8543.0,77163.0,133144.0,181960.0,316417.0
2012-08-01,9.56802090385739,1044.0,8541.0,77229.0,133093.0,181787.0,317008.0
2012-08-02,10.5510396960842,1058.0,8588.0,77128.0,133098.0,181462.0,316168.0
2012-08-03,10.9158647466394,1050.0,8609.0,77351.0,133319.0,181603.0,317083.0
2012-08-04,10.9197148807715,1056.0,8552.0,77177.0,133510.0,181908.0,317837.0
2012-08-05,10.805117377557,1061.0,8562.0,77118.0,133208.0,181742.0,318236.0
2012-08-06,10.8694465017534,1061.0,8587.0,77344.0,133640.0,182199.0,319077.0
2012-08-07,10.9412794400935,1059.0,8601.0,77613.0,134179.0,182669.0,320215.0
2012-08-08,11.0703915967271,1083.0,8648.0,77416.0,133881.0,182441.0,318138.0
2012-08-09,11.1037247440094,1087.0,8685.0,77501.0,133927.0,182541.0,318469.0
2012-08-10,11.4475688045003,1091.0,8668.0,77480.0,133942.0,182605.0,318650.0
2012-08-11,11.5425355271771,1089.0,8671.0,77566.0,134302.0,183193.0,318713.0
2012-08-12,11.5925523898305,1088.0,8696.0,77734.0,134780.0,183929.0,319566.0
2012-08-13,11.9849629903565,1099.0,8701.0,77886.0,135096.0,184473.0,320285.0
2012-08-14,12.1870974810053,1091.0,8698.0,77967.0,135263.0,185285.0,321312.0
2012-08-15,13.1700773538866,1096.0,8745.0,78142.0,135624.0,186339.0,321870.0
2012-08-16,13.4507908246639,1088.0,8744.0,77988.0,135615.0,187794.0,323378.0
2012-08-17,12.0770055423729,1096.0,8831.0,78239.0,135817.0,188710.0,324541.0
2012-08-18,11.5775071648159,1103.0,8874.0,78156.0,135821.0,189502.0,326032.0
2012-08-19,7.83062184190532,1105.0,8899.0,78067.0,135361.0,188544.0,316331.0
2012-08-20,9.97987664874343,1089.0,9033.0,78401.0,135820.0,188798.0,316322.0
2012-08-21,9.90298201811806,1087.0,9075.0,78575.0,136228.0,189189.0,317203.0
2012-08-22,9.772554578609,1079.0,9132.0,78544.0,136258.0,189098.0,317964.0
2012-08-23,10.0886574260666,1072.0,9179.0,78523.0,136406.0,189454.0,319496.0
2012-08-24,10.5940425943892,1075.0,9198.0,78609.0,136421.0,189473.0,320272.0
2012-08-25,10.5836766715371,1085.0,9233.0,78550.0,136554.0,189732.0,320956.0
2012-08-26,10.545530742256,1082.0,9252.0,78925.0,137269.0,190599.0,322010.0
2012-08-27,10.9003800806546,1082.0,9320.0,79433.0,138075.0,191236.0,322685.0
2012-08-28,10.9329585336061,1084.0,9327.0,79821.0,138816.0,192157.0,323701.0
2012-08-29,10.8677839018118,1086.0,9376.0,80374.0,139630.0,192971.0,324769.0
2012-08-30,10.7277488383986,1087.0,9460.0,80811.0,140339.0,193876.0,325934.0
2012-08-31,10.1024098205728,1094.0,9463.0,81271.0,141322.0,194972.0,325079.0
2012-09-01,10.0065329374635,1089.0,9506.0,81607.0,141906.0,195996.0,326325.0
2012-09-02,10.2261162016365,1093.0,9545.0,81857.0,142459.0,196551.0,326911.0
2012-09-03,10.4971343091759,1091.0,9556.0,82091.0,142775.0,196785.0,327253.0
2012-09-04,10.3640018942139,1091.0,9620.0,82600.0,143498.0,197830.0,328311.0
2012-09-05,11.0255228784337,1094.0,9676.0,83147.0,144264.0,198393.0,329126.0
2012-09-06,11.1607690157802,1095.0,9746.0,83742.0,145087.0,199407.0,330380.0
2012-09-07,11.0761223366452,1096.0,9796.0,84226.0,145806.0,199985.0,331324.0
2012-09-08,11.0432700333139,1101.0,9781.0,84370.0,146166.0,200400.0,331630.0
2012-09-09,11.0620954932788,1094.0,9787.0,83715.0,145457.0,199573.0,330869.0
2012-09-10,11.1252888047925,1099.0,9803.0,84232.0,145734.0,199644.0,331089.0
2012-09-11,11.2680929552893,1101.0,9869.0,84792.0,146591.0,200517.0,332104.0
2012-09-12,11.3152859082408,1106.0,9910.0,85306.0,147589.0,201631.0,333428.0
2012-09-13,11.38029928872,1108.0,9925.0,85633.0,148154.0,202233.0,334083.0
2012-09-14,11.730107622443,1112.0,9978.0,86082.0,148814.0,202953.0,334857.0
2012-09-15,11.7183934155465,1110.0,9980.0,86341.0,149456.0,203741.0,335844.0
2012-09-16,11.8869112238457,1118.0,10023.0,86584.0,149929.0,204641.0,336839.0
2012-09-17,11.908317157218,1111.0,10131.0,87141.0,150705.0,205329.0,337637.0
2012-09-18,12.2596508386908,1102.0,10281.0,87785.0,151561.0,206315.0,339165.0
2012-09-19,12.5048540981882,1107.0,10353.0,88340.0,152405.0,207387.0,340712.0
2012-09-20,12.3671766493279,1122.0,10333.0,88674.0,153051.0,208224.0,342239.0
2012-09-21,12.3336578357686,1108.0,10266.0,88902.0,153422.0,208439.0,341528.0
2012-09-22,12.2137276250731,1118.0,10307.0,89289.0,154068.0,208764.0,342347.0
2012-09-23,12.1654630263004,1122.0,10345.0,89707.0,154666.0,209432.0,343500.0
2012-09-24,12.11358871654,1112.0,10256.0,90059.0,155098.0,209663.0,344315.0
2012-09-25,12.1824053945061,1110.0,10231.0,90161.0,155517.0,210459.0,345729.0
2012-09-26,12.3198168597312,1111.0,10199.0,90255.0,155866.0,210937.0,346835.0
2012-09-27,12.3187514018118,1112.0,10190.0,89858.0,155883.0,211089.0,348021.0
2012-09-28,12.3814573892461,1113.0,10261.0,89062.0,155555.0,210951.0,348667.0
2012-09-29,12.4047515055523,1116.0,10306.0,87011.0,154212.0,209708.0,347818.0
2012-09-30,12.3916224728229,1120.0,10380.0,84171.0,152489.0,208310.0,346922.0
2012-10-01,12.3893951601403,1117.0,10369.0,84835.0,153449.0,209127.0,347795.0
2012-10-02,12.8072380958504,1117.0,10430.0,83753.0,151543.0,207331.0,347364.0
2012-10-03,12.9554304944477,1116.0,10454.0,83030.0,146410.0,202680.0,342763.0
2012-10-04,12.8623857779077,1118.0,10414.0,83124.0,144460.0,201281.0,342052.0
2012-10-05,12.7522194190532,1114.0,10369.0,83358.0,144760.0,201616.0,343450.0
2012-10-06,12.5051297136178,1117.0,10317.0,83664.0,145271.0,201983.0,344221.0
2012-10-07,11.8739970853302,1119.0,10272.0,83871.0,145759.0,202400.0,345335.0
2012-10-08,11.7333297481005,1128.0,10237.0,84160.0,146389.0,203112.0,346402.0
2012-10-09,11.8286634354179,1132.0,10193.0,84270.0,146807.0,203497.0,346811.0
2012-10-10,12.109188478083,1131.0,10165.0,84298.0,147181.0,203960.0,347021.0
2012-10-11,12.0675518082992,1130.0,10161.0,84427.0,147364.0,204144.0,347289.0
2012-10-12,12.0280681648159,1140.0,10172.0,84178.0,147035.0,203755.0,347095.0
2012-10-13,11.9268038293396,1150.0,10150.0,84341.0,146881.0,203752.0,347063.0
2012-10-14,11.6505779608416,1158.0,10095.0,84471.0,147030.0,204027.0,347354.0
2012-10-15,11.9083095268849,1155.0,10107.0,84915.0,147740.0,204603.0,347268.0
2012-10-16,11.8480180689655,1152.0,10130.0,84806.0,147734.0,204617.0,347366.0
2012-10-17,11.9193881607247,1149.0,10134.0,85133.0,148267.0,204966.0,347824.0
2012-10-18,11.9259328445354,1146.0,10150.0,84841.0,148014.0,204788.0,346925.0
2012-10-19,11.7574857971946,1141.0,10185.0,84995.0,148207.0,204935.0,346621.0
2012-10-20,11.6943775517241,1140.0,10193.0,84554.0,147703.0,204344.0,345732.0
2012-10-21,11.657411405903,1136.0,10203.0,84350.0,147404.0,204131.0,345441.0
2012-10-22,11.7410779129164,1140.0,10219.0,83966.0,146850.0,203193.0,344707.0
2012-10-23,11.7077817299825,1147.0,10176.0,84107.0,146423.0,202694.0,343190.0
2012-10-24,11.6343523869082,1144.0,10197.0,84344.0,146816.0,203129.0,343482.0
2012-10-25,10.7536298202805,1148.0,10236.0,84342.0,146852.0,203378.0,343415.0
2012-10-26,10.130619493571,1150.0,10201.0,84236.0,146667.0,203192.0,342384.0
2012-10-27,10.4581862957335,1152.0,10215.0,84531.0,147129.0,203694.0,342246.0
2012-10-28,10.7099620838691,1151.0,10186.0,84822.0,147708.0,204644.0,342681.0
2012-10-29,10.6307389760374,1151.0,10177.0,85212.0,148255.0,205225.0,342990.0
2012-10-30,10.8593230584454,1149.0,10155.0,85119.0,148314.0,205253.0,343319.0
2012-10-31,11.1460718381064,1153.0,10095.0,85297.0,148579.0,205448.0,343488.0
2012-11-01,10.6135357510228,1170.0,10067.0,85513.0,148850.0,205785.0,343907.0
2012-11-02,10.5305036388077,1166.0,10067.0,85866.0,149575.0,206666.0,344784.0
2012-11-03,10.650747019287,1163.0,10020.0,85969.0,149885.0,207185.0,345441.0
2012-11-04,10.7968828924605,1162.0,9981.0,86134.0,150305.0,207782.0,346157.0
2012-11-05,10.7408207352425,1160.0,9942.0,86539.0,150815.0,208304.0,346764.0
2012-11-06,10.8681974991233,1161.0,9948.0,86623.0,150986.0,208572.0,346346.0
2012-11-07,10.9540989444769,1164.0,10010.0,86677.0,151215.0,208799.0,344827.0
2012-11-08,10.892699371128,1165.0,10018.0,86844.0,151535.0,209308.0,345463.0
2012-11-09,10.8158672180012,1167.0,10001.0,86770.0,151556.0,209433.0,345694.0
2012-11-10,10.8632604430158,1169.0,10014.0,86990.0,152033.0,210185.0,346709.0
2012-11-11,10.8418406388077,1171.0,10022.0,87124.0,152443.0,211214.0,347715.0
2012-11-12,11.0313424552893,1173.0,10015.0,87375.0,152996.0,212001.0,347430.0
2012-11-13,10.9980027790766,1172.0,10021.0,87413.0,153416.0,212660.0,348236.0
2012-11-14,10.9589524184687,1169.0,10040.0,87582.0,153938.0,213429.0,349219.0
2012-11-15,11.1751098585622,1172.0,10063.0,87486.0,153762.0,213344.0,349411.0
2012-11-16,11.705044829924,1174.0,10128.0,87407.0,153315.0,212805.0,348912.0
2012-11-17,11.7500423991818,1171.0,10130.0,87535.0,153644.0,213370.0,349777.0
2012-11-18,11.6656310321449,1165.0,10164.0,87680.0,154045.0,214051.0,350293.0
2012-11-19,11.7505293506721,1164.0,10160.0,87990.0,154539.0,214647.0,351172.0
2012-11-20,11.6991703167738,1167.0,10186.0,88384.0,155182.0,215232.0,351780.0
2012-11-21,11.7291351759205,1167.0,10151.0,88086.0,154984.0,215053.0,351623.0
2012-11-22,12.2919979465225,1166.0,10117.0,88093.0,155142.0,215464.0,352345.0
2012-11-23,12.2802876195207,1167.0,10135.0,88280.0,155467.0,215370.0,352432.0
2012-11-24,12.4132043997662,1169.0,10159.0,88446.0,155811.0,215884.0,353211.0
2012-11-25,12.5296894897721,1178.0,10171.0,88401.0,155831.0,216161.0,354220.0
2012-11-26,12.1846262399182,1181.0,10198.0,89604.0,157628.0,218504.0,356440.0
2012-11-27,12.1592753845704,1183.0,10146.0,88923.0,156928.0,217827.0,356622.0
2012-11-28,12.3316598270018,1182.0,10172.0,88923.0,157159.0,218416.0,358032.0
2012-11-29,12.4976616534191,1178.0,10226.0,88956.0,157310.0,218402.0,356833.0
2012-11-30,12.5861389275278,1179.0,10249.0,88774.0,157025.0,218112.0,357493.0
2012-12-01,12.5923868702513,1181.0,10294.0,88545.0,156614.0,217704.0,357614.0
2012-12-02,12.4979447565751,1177.0,10298.0,88555.0,156752.0,217983.0,358538.0
2012-12-03,12.6569578369375,1180.0,10291.0,88144.0,156286.0,217410.0,358452.0
2012-12-04,13.3695895815313,1199.0,10344.0,88286.0,156609.0,217713.0,358312.0
2012-12-05,13.3127502220923,1200.0,10366.0,88403.0,156837.0,217807.0,357881.0
2012-12-06,13.4779245403273,1203.0,10383.0,88325.0,156873.0,217874.0,358417.0
2012-12-07,13.4772824494448,1208.0,10427.0,87998.0,156362.0,217530.0,358589.0
2012-12-08,13.4999844091175,1207.0,10456.0,87976.0,156450.0,217719.0,359148.0
2012-12-09,13.3465108907072,1213.0,10520.0,87785.0,156164.0,217576.0,359350.0
2012-12-10,13.4922565809468,1207.0,10550.0,88008.0,156451.0,217835.0,359998.0
2012-12-11,13.615415666277,1213.0,10607.0,88043.0,156600.0,218190.0,360662.0
2012-12-12,13.6682136426067,1222.0,10605.0,87633.0,156285.0,218106.0,360600.0
2012-12-13,13.7552515207481,1218.0,10679.0,87071.0,155158.0,217162.0,357938.0
2012-12-14,13.6009222527762,1218.0,10675.0,87218.0,155225.0,217350.0,358464.0
2012-12-15,13.5309482887201,1218.0,10711.0,86829.0,154755.0,217186.0,358639.0
2012-12-16,13.3328610765634,1223.0,10747.0,86823.0,154785.0,217580.0,359246.0
2012-12-17,13.3200719514904,1231.0,10806.0,86965.0,155181.0,218078.0,359754.0
2012-12-18,13.2720338690824,1246.0,10807.0,86819.0,155137.0,218282.0,360587.0
2012-12-19,13.5385431800117,1251.0,10790.0,86614.0,154968.0,218184.0,360867.0
2012-12-20,13.5700270263004,1255.0,10806.0,86734.0,155253.0,218219.0,361694.0
2012-12-21,13.4289680023378,1261.0,10825.0,86816.0,155366.0,218537.0,362054.0
2012-12-22,13.4272139129164,1259.0,10865.0,86787.0,155486.0,219132.0,363012.0
2012-12-23,13.3181057568673,1257.0,10908.0,86358.0,154959.0,218777.0,362872.0
2012-12-24,13.4266626715371,1268.0,10932.0,86314.0,155089.0,219115.0,362706.0
2012-12-25,13.3655670046756,1263.0,10969.0,86289.0,155337.0,219606.0,363535.0
2012-12-26,13.4546990175336,1259.0,10926.0,86141.0,155249.0,219343.0,363106.0
2012-12-27,13.3993031811806,1256.0,10959.0,86396.0,155676.0,219861.0,363802.0
2012-12-28,13.4555072215079,1258.0,10991.0,86159.0,155573.0,219990.0,364031.0
2012-12-29,13.3740038603156,1264.0,11024.0,86029.0,155597.0,220368.0,364762.0
2012-12-30,13.445013798948,1261.0,11023.0,85975.0,155551.0,220680.0,365291.0
2012-12-31,13.5455524436002,1260.0,11066.0,86175.0,155998.0,221412.0,365821.0
2013-01-01,13.3313714219755,1257.0,11067.0,86301.0,156342.0,222073.0,366714.0
2013-01-02,13.2806068129749,1259.0,11025.0,86428.0,156616.0,222420.0,367262.0
2013-01-03,13.3840811484512,1257.0,11056.0,86489.0,156736.0,222809.0,367818.0
2013-01-04,13.4517211496201,1255.0,11099.0,86312.0,156608.0,222751.0,367867.0
2013-01-05,13.459406766803,1260.0,11148.0,85973.0,156389.0,222709.0,368790.0
2013-01-06,13.5044965078901,1258.0,11145.0,85973.0,156261.0,222914.0,369544.0
2013-01-07,13.5560616578025,1256.0,11166.0,86252.0,156634.0,223448.0,370356.0
2013-01-08,13.7803506312098,1264.0,11241.0,86502.0,157034.0,223152.0,370629.0
2013-01-09,13.8209552565751,1255.0,11263.0,86748.0,157587.0,223863.0,371272.0
2013-01-10,14.12317285564,1257.0,11269.0,86842.0,157892.0,224390.0,372373.0
2013-01-11,14.2276211227352,1258.0,11277.0,86883.0,158090.0,224697.0,373248.0
2013-01-12,14.2142856560491,1261.0,11295.0,86718.0,157844.0,224655.0,373393.0
2013-01-13,14.1607882670953,1253.0,11357.0,86605.0,157923.0,224987.0,373998.0
2013-01-14,14.3179703202805,1258.0,11324.0,86819.0,158237.0,225366.0,374409.0
2013-01-15,14.3136377516072,1269.0,11332.0,86970.0,158474.0,225786.0,374917.0
2013-01-16,14.7078140479252,1271.0,11322.0,87253.0,158861.0,226301.0,375519.0
2013-01-17,15.598599739626,1279.0,11335.0,85641.0,157398.0,225019.0,374470.0
2013-01-18,15.7157911239042,1281.0,11344.0,85508.0,157365.0,225172.0,374697.0
2013-01-19,15.5881263997662,1277.0,11353.0,85599.0,157509.0,225436.0,374929.0
2013-01-20,15.7195921373466,1280.0,11373.0,85440.0,157443.0,225696.0,375369.0
2013-01-21,16.7810195207481,1275.0,11410.0,85267.0,157265.0,225570.0,375174.0
2013-01-22,17.3001788386908,1277.0,11403.0,85191.0,157255.0,225804.0,375328.0
2013-01-23,17.5363954228521,1284.0,11357.0,85367.0,157262.0,225388.0,375486.0
2013-01-24,16.90108607218,1297.0,11383.0,85384.0,157417.0,225774.0,375072.0
2013-01-25,17.4072020292227,1297.0,11364.0,85015.0,157143.0,225596.0,375023.0
2013-01-26,17.5536291760608,1292.0,11341.0,84795.0,155355.0,223862.0,373126.0
2013-01-27,17.8646280148217,1297.0,11340.0,85171.0,156415.0,225298.0,374325.0
2013-01-28,18.7942648743425,1300.0,11314.0,85692.0,157592.0,226363.0,374797.0
2013-01-29,19.5147141861484,1309.0,11300.0,86333.0,159304.0,228210.0,376684.0
2013-01-30,19.7374466864407,1305.0,11479.0,87085.0,160738.0,229854.0,378326.0
2013-01-31,20.5116430306838,1315.0,11477.0,86947.0,161060.0,230634.0,379141.0
2013-02-01,20.443091956166,1330.0,11529.0,86403.0,160947.0,230749.0,377994.0
2013-02-02,19.6359017054354,1332.0,11515.0,85062.0,159308.0,229303.0,376394.0
2013-02-03,20.5789396832262,1339.0,11485.0,84868.0,157583.0,227670.0,374844.0
2013-02-04,20.4404879614261,1340.0,11513.0,84949.0,157553.0,227626.0,375387.0
2013-02-05,20.6593447276446,1340.0,11509.0,84897.0,156748.0,226933.0,374253.0
2013-02-06,21.2085655318527,1351.0,11474.0,84815.0,156701.0,226981.0,374720.0
2013-02-07,22.1177651789246,1350.0,11470.0,84899.0,157107.0,227579.0,375503.0
2013-02-08,22.7873650499299,1357.0,11441.0,84945.0,157631.0,228210.0,376457.0
2013-02-09,23.7338601537113,1351.0,11443.0,84849.0,157137.0,228015.0,376439.0
2013-02-10,23.9002893571011,1346.0,11451.0,84914.0,157345.0,228552.0,377004.0
2013-02-11,24.4972726949153,1348.0,11450.0,84901.0,157523.0,228848.0,377568.0
2013-02-12,24.9797364073641,1338.0,11474.0,85093.0,157816.0,229243.0,378549.0
2013-02-13,24.6416509347867,1347.0,11498.0,84960.0,157845.0,229428.0,378699.0
2013-02-14,27.2823898203039,1355.0,11475.0,85218.0,158566.0,230158.0,379541.0
2013-02-15,27.1712692291058,1351.0,11497.0,85157.0,157911.0,229766.0,378441.0
2013-02-16,27.3461635619521,1352.0,11498.0,85221.0,158045.0,229895.0,378938.0
2013-02-17,26.9272513763881,1361.0,11510.0,85236.0,157938.0,230029.0,379372.0
2013-02-18,26.9288676370544,1358.0,11496.0,85290.0,158189.0,230549.0,380471.0
2013-02-19,29.4136243807715,1358.0,11434.0,85377.0,158602.0,231160.0,381157.0
2013-02-20,29.8198072276447,1369.0,11377.0,85311.0,159047.0,231768.0,382107.0
2013-02-21,29.8180689158387,1381.0,11374.0,85150.0,158604.0,231712.0,382543.0
2013-02-22,30.4726565324372,1375.0,11265.0,85191.0,158651.0,231890.0,382776.0
2013-02-23,29.8064545458796,1377.0,11280.0,85294.0,158788.0,232290.0,383288.0
2013-02-24,29.8828484924021,1380.0,11277.0,85310.0,158993.0,232778.0,384276.0
2013-02-25,30.3520330949737,1390.0,11283.0,85111.0,158975.0,232800.0,384517.0
2013-02-26,31.1555373506721,1384.0,11297.0,85274.0,159347.0,233479.0,385440.0
2013-02-27,31.2402610829924,1381.0,11333.0,85366.0,160184.0,234511.0,386714.0
2013-02-28,33.3752939365868,1364.0,11389.0,85709.0,161636.0,236234.0,388416.0
2013-03-01,34.6062570341204,1365.0,11403.0,85722.0,161519.0,236592.0,389385.0
2013-03-02,34.143515924021,1367.0,11424.0,85836.0,160710.0,236050.0,389043.0
2013-03-03,34.451740484512,1363.0,11432.0,85889.0,161231.0,236798.0,389932.0
2013-03-04,36.3762652507306,1363.0,11443.0,85837.0,161336.0,237083.0,390388.0
2013-03-05,40.6729539902747,1365.0,11473.0,85990.0,162450.0,238555.0,392200.0
2013-03-06,43.2849961852133,1355.0,11509.0,86310.0,162975.0,239358.0,393306.0
2013-03-07,41.9474407158387,1339.0,11492.0,86431.0,163290.0,239777.0,393610.0
2013-03-08,43.902928914962,1333.0,11485.0,86388.0,163802.0,240529.0,394830.0
2013-03-09,46.8885866123086,1329.0,11480.0,86382.0,164072.0,241385.0,396131.0
2013-03-10,46.0660384590181,1337.0,11518.0,86529.0,164230.0,241888.0,396953.0
2013-03-11,48.275074577218,1338.0,11524.0,86763.0,164695.0,242827.0,398338.0
2013-03-12,44.4135452582116,1332.0,11577.0,86589.0,164355.0,242277.0,398039.0
2013-03-13,47.0161908515809,1333.0,11526.0,86903.0,165302.0,243613.0,399697.0
2013-03-14,46.9255625535453,1335.0,11518.0,86938.0,165742.0,244463.0,400823.0
2013-03-15,46.9025172478223,1339.0,11461.0,87195.0,167034.0,246225.0,402823.0
2013-03-16,47.1570156995909,1340.0,11500.0,87153.0,167511.0,247260.0,404287.0
2013-03-17,47.3334997837522,1339.0,11527.0,87175.0,167616.0,247654.0,404979.0
2013-03-18,51.3654363912578,1331.0,11500.0,87324.0,169103.0,249570.0,407043.0
2013-03-19,59.4986011114249,1338.0,11473.0,87480.0,170264.0,251145.0,408125.0
2013-03-20,63.6874854981899,1340.0,11513.0,87706.0,170747.0,252315.0,409663.0
2013-03-21,70.9175250053215,1334.0,11534.0,87764.0,171408.0,253616.0,411607.0
2013-03-22,69.8460845417884,1337.0,11530.0,88155.0,171753.0,254814.0,413355.0
2013-03-23,64.3831163705435,1336.0,11542.0,88277.0,170539.0,252939.0,411976.0
2013-03-24,71.6904242064758,1334.0,11520.0,88393.0,171108.0,254322.0,413976.0
2013-03-25,74.3140892495617,1334.0,11449.0,88421.0,171903.0,255716.0,416182.0
2013-03-26,78.6141974320088,1329.0,11447.0,88399.0,172197.0,256649.0,417730.0
2013-03-27,88.8520799138223,1329.0,11413.0,88466.0,173067.0,258376.0,420568.0
2013-03-28,87.6731739608416,1336.0,11460.0,88612.0,173087.0,258568.0,420694.0
2013-03-29,90.29569935827,1331.0,11473.0,88545.0,172924.0,258871.0,421396.0
2013-03-30,92.1899599883109,1329.0,11520.0,88601.0,173292.0,259676.0,423258.0
2013-03-31,93.8992384231444,1337.0,11490.0,88673.0,173511.0,257422.0,423781.0
2013-04-01,103.580346911163,1343.0,11471.0,88667.0,173982.0,257422.0,424348.0
2013-04-02,116.679944241173,1350.0,11451.0,88798.0,174845.0,259005.0,425576.0
2013-04-03,131.384809378154,1365.0,11457.0,89064.0,175301.0,260274.0,427662.0
2013-04-04,133.007120475745,1360.0,11467.0,89322.0,176050.0,261083.0,427489.0
2013-04-05,142.626065488019,1366.0,11454.0,89548.0,177687.0,264219.0,431648.0
2013-04-06,143.081822964933,1369.0,11469.0,89613.0,177661.0,264422.0,432897.0
2013-04-07,162.852214576856,1373.0,11457.0,89748.0,178256.0,265822.0,434937.0
2013-04-08,186.351161848042,1360.0,11483.0,90070.0,180152.0,269067.0,439413.0
2013-04-09,230.682996695207,1358.0,11484.0,90793.0,182301.0,272179.0,443849.0
2013-04-10,161.192889661017,1359.0,11476.0,91655.0,185040.0,275375.0,448226.0
2013-04-11,82.9015850379895,1355.0,11352.0,91330.0,184534.0,274846.0,448901.0
2013-04-12,111.476373194039,1338.0,11402.0,91628.0,184927.0,275471.0,450030.0
2013-04-13,97.6090718702513,1335.0,11386.0,91889.0,185769.0,277487.0,452885.0
2013-04-14,88.8614913997663,1339.0,11371.0,92005.0,186340.0,279082.0,455461.0
2013-04-15,80.8746931659848,1337.0,11278.0,91893.0,187207.0,281148.0,458626.0
2013-04-16,68.2831387270602,1317.0,11315.0,91632.0,187979.0,283133.0,461441.0
2013-04-17,92.8640369135009,1327.0,11369.0,91789.0,187410.0,283112.0,460578.0
2013-04-18,108.628345092344,1333.0,11364.0,92112.0,188069.0,283771.0,461521.0
2013-04-19,119.012283239042,1337.0,11345.0,92390.0,189048.0,285797.0,464322.0
2013-04-20,128.208288893045,1330.0,11337.0,92651.0,189545.0,286696.0,465881.0
2013-04-21,118.483243756283,1332.0,11337.0,92867.0,190036.0,288141.0,467757.0
2013-04-22,126.31427175979,1332.0,11378.0,92875.0,191286.0,290729.0,471752.0
2013-04-23,142.127218053185,1329.0,11388.0,93129.0,191512.0,292123.0,474123.0
2013-04-24,154.1332778045,1331.0,11391.0,93402.0,192581.0,292323.0,475772.0
2013-04-25,141.008659278492,1335.0,11369.0,93423.0,193603.0,294628.0,478793.0
2013-04-26,137.209600419638,1335.0,11385.0,93445.0,194973.0,298077.0,483336.0
2013-04-27,128.226669605202,1335.0,11389.0,93479.0,194166.0,298438.0,484455.0
2013-04-28,134.62356956166,1345.0,11382.0,93586.0,194324.0,297667.0,484041.0
2013-04-29,143.810378192577,1358.0,11449.0,93899.0,195592.0,300226.0,487073.0
2013-04-30,139.129647545295,1373.0,11449.0,94073.0,195959.0,300360.0,486178.0
2013-05-01,116.113801040327,1370.0,11444.0,94137.0,197697.0,303687.0,490282.0
2013-05-02,106.340984697253,1365.0,11446.0,94194.0,197570.0,303504.0,490674.0
2013-05-03,96.3168402741087,1380.0,11408.0,94258.0,197731.0,303268.0,491125.0
2013-05-04,112.497636369082,1383.0,11415.0,94306.0,198222.0,304684.0,493692.0
2013-05-05,116.488715827002,1384.0,11369.0,94345.0,198241.0,305512.0,495189.0
2013-05-06,112.118596195207,1385.0,11329.0,94414.0,198676.0,305801.0,494264.0
2013-05-07,111.609212873466,1383.0,11358.0,94322.0,198824.0,306957.0,496057.0
2013-05-08,113.136061854763,1390.0,11342.0,94290.0,198902.0,306982.0,496477.0
2013-05-09,111.974532710696,1386.0,11323.0,94326.0,199819.0,309231.0,499887.0
2013-05-10,117.691036883694,1381.0,11353.0,94546.0,200504.0,311098.0,502484.0
2013-05-11,115.49977766277,1388.0,11352.0,94726.0,200413.0,310106.0,501756.0
2013-05-12,114.885675559614,1390.0,11327.0,94742.0,200846.0,311698.0,504843.0
2013-05-13,117.404456646113,1391.0,11276.0,94711.0,202271.0,314347.0,507183.0
2013-05-14,107.865566569258,1391.0,11194.0,94604.0,203165.0,315940.0,509381.0
2013-05-15,108.986852425482,1400.0,11090.0,94587.0,202940.0,316397.0,510744.0
2013-05-16,112.917874050263,1404.0,11028.0,94071.0,203520.0,317741.0,513399.0
2013-05-17,117.284616014027,1408.0,11069.0,93972.0,203230.0,318484.0,514833.0
2013-05-18,118.169876680304,1405.0,11130.0,94204.0,203089.0,319512.0,517046.0
2013-05-19,117.033880187025,1406.0,11135.0,94195.0,202242.0,319240.0,517743.0
2013-05-20,117.818636469901,1405.0,11150.0,93939.0,202739.0,320120.0,519031.0
2013-05-21,117.252040911748,1408.0,11168.0,93677.0,203850.0,322043.0,520538.0
2013-05-22,118.9781735827,1410.0,11151.0,93441.0,204263.0,323632.0,522787.0
2013-05-23,123.726156049094,1408.0,11191.0,93282.0,204176.0,324451.0,524564.0
2013-05-24,128.971080654588,1420.0,11212.0,93177.0,202732.0,323287.0,523618.0
2013-05-25,128.844915254237,1427.0,11216.0,93160.0,202309.0,319857.0,521247.0
2013-05-26,130.158601110462,1428.0,11199.0,93173.0,202528.0,317657.0,518540.0
2013-05-27,126.392905902981,1427.0,11220.0,93176.0,203270.0,319656.0,520086.0
2013-05-28,125.904595265926,1430.0,11250.0,93033.0,203552.0,320713.0,521847.0
2013-05-29,129.564812390415,1435.0,11267.0,93019.0,204096.0,322160.0,523367.0
2013-05-30,126.513068381064,1439.0,11280.0,92849.0,203282.0,322249.0,524026.0
2013-05-31,127.816488895383,1444.0,11283.0,92752.0,203770.0,323737.0,525711.0
2013-06-01,128.791151081239,1439.0,11303.0,92818.0,203699.0,324493.0,526717.0
2013-06-02,122.626708942139,1440.0,11316.0,92814.0,202797.0,322236.0,525438.0
2013-06-03,122.949187901812,1436.0,11377.0,92638.0,202379.0,319117.0,522487.0
2013-06-04,120.189968731736,1436.0,11378.0,92534.0,202008.0,318848.0,522174.0
2013-06-05,120.869923845704,1433.0,11394.0,92665.0,201865.0,318682.0,522971.0
2013-06-06,119.053975669784,1448.0,11400.0,92779.0,201761.0,319387.0,524285.0
2013-06-07,110.1977314436,1441.0,11463.0,92872.0,201126.0,318052.0,523621.0
2013-06-08,109.178545341321,1436.0,11438.0,92939.0,200581.0,317341.0,523588.0
2013-06-09,99.9036034482759,1430.0,11436.0,93037.0,200114.0,316841.0,523336.0
2013-06-10,104.357566627703,1436.0,11443.0,92947.0,200317.0,317636.0,524456.0
2013-06-11,107.507520455874,1429.0,11464.0,92910.0,201635.0,320068.0,527804.0
2013-06-12,106.378116306254,1431.0,11441.0,92796.0,202210.0,321465.0,529272.0
2013-06-13,101.323897720631,1432.0,11430.0,92852.0,202992.0,323268.0,531806.0
2013-06-14,99.2132443015781,1433.0,11435.0,92642.0,203216.0,324125.0,532752.0
2013-06-15,99.8750374050263,1432.0,11451.0,92665.0,202106.0,323669.0,532804.0
2013-06-16,99.0383512565751,1432.0,11427.0,92754.0,201298.0,323584.0,533194.0
2013-06-17,100.126305084746,1432.0,11429.0,92739.0,203031.0,326119.0,536260.0
2013-06-18,104.289176382233,1434.0,11432.0,92619.0,203141.0,327439.0,538440.0
2013-06-19,104.417150789012,1433.0,11435.0,92620.0,203377.0,328997.0,540400.0
2013-06-20,104.323499707773,1434.0,11451.0,92525.0,201879.0,327853.0,540090.0
2013-06-21,101.416857393337,1445.0,11428.0,92491.0,201195.0,326736.0,540003.0
2013-06-22,100.039508474576,1452.0,11413.0,92442.0,200826.0,326120.0,540027.0
2013-06-23,100.314744593805,1447.0,11372.0,92514.0,200598.0,324708.0,539106.0
2013-06-24,99.0456832261835,1452.0,11377.0,92406.0,201526.0,325739.0,540245.0
2013-06-25,97.8327887200468,1445.0,11410.0,92296.0,202134.0,326663.0,542380.0
2013-06-26,98.6517007597896,1449.0,11424.0,92243.0,203060.0,328511.0,544686.0
2013-06-27,96.8039495990649,1451.0,11438.0,92299.0,203528.0,330219.0,546943.0
2013-06-28,89.4245067212157,1450.0,11456.0,92113.0,202970.0,329870.0,546951.0
2013-06-29,88.7972910578609,1443.0,11444.0,92192.0,202034.0,330478.0,548447.0
2013-06-30,89.4809076563413,1445.0,11444.0,92260.0,201692.0,331028.0,549676.0
2013-07-01,82.8675701344243,1450.0,11434.0,91840.0,202912.0,332478.0,551200.0
2013-07-02,87.8164666861484,1443.0,11429.0,91758.0,203866.0,333006.0,551416.0
2013-07-03,77.6913308007014,1452.0,11433.0,91735.0,204665.0,334923.0,553970.0
2013-07-04,79.1348708357686,1442.0,11426.0,91750.0,205210.0,336041.0,555839.0
2013-07-05,67.4476238527177,1442.0,11495.0,91676.0,205990.0,337646.0,557733.0
2013-07-06,66.3416808883694,1437.0,11497.0,91565.0,204053.0,334074.0,554475.0
2013-07-07,72.1095223728814,1435.0,11482.0,91718.0,202788.0,333178.0,554301.0
2013-07-08,73.9885537697253,1433.0,11495.0,91581.0,204494.0,335204.0,556644.0
2013-07-09,74.8919108708358,1430.0,11491.0,91546.0,205726.0,335511.0,557310.0
2013-07-10,85.0136791350088,1431.0,11474.0,91727.0,206598.0,338143.0,560979.0
2013-07-11,87.4975493863238,1433.0,11481.0,91803.0,206699.0,339451.0,563133.0
2013-07-12,90.0466987142022,1428.0,11509.0,91730.0,206290.0,340272.0,564584.0
2013-07-13,91.5925978959673,1426.0,11522.0,91945.0,205441.0,338517.0,563313.0
2013-07-14,89.892269275862,1430.0,11521.0,92178.0,205592.0,338305.0,563599.0
2013-07-15,93.7961525423729,1437.0,11532.0,92117.0,206518.0,338096.0,563015.0
2013-07-16,91.7810356516657,1440.0,11518.0,92018.0,207662.0,340149.0,565789.0
2013-07-17,91.0313512565751,1443.0,11472.0,92072.0,209253.0,342705.0,568800.0
2013-07-18,84.9617291174752,1434.0,11481.0,92144.0,208527.0,342962.0,569722.0
2013-07-19,86.2387945996493,1439.0,11482.0,92103.0,209913.0,345649.0,573006.0
2013-07-20,84.9108591466978,1445.0,11421.0,92084.0,209656.0,344870.0,572320.0
2013-07-21,85.6643502618352,1447.0,11392.0,92338.0,209288.0,345132.0,573230.0
2013-07-22,85.6490286382233,1450.0,11398.0,92019.0,210449.0,346690.0,575122.0
2013-07-23,86.977056691993,1455.0,11429.0,92199.0,212163.0,349067.0,577218.0
2013-07-24,88.15173056692,1457.0,11402.0,91721.0,212512.0,349664.0,578017.0
2013-07-25,90.166092226768,1459.0,11417.0,91631.0,212632.0,350364.0,577484.0
2013-07-26,89.9839859731151,1464.0,11409.0,91853.0,212961.0,351766.0,578538.0
2013-07-27,88.165275862069,1468.0,11431.0,91719.0,211860.0,350170.0,576865.0
2013-07-28,92.7458421975453,1468.0,11414.0,91801.0,211432.0,350402.0,577530.0
2013-07-29,93.2986972530684,1468.0,11418.0,91540.0,212131.0,351567.0,579438.0
2013-07-30,96.659552893045,1502.0,11435.0,91669.0,212778.0,351971.0,580032.0
2013-07-31,98.0244199298656,1499.0,11402.0,91572.0,212317.0,351337.0,578257.0
2013-08-01,96.5680178258329,1504.0,11391.0,91570.0,212364.0,352858.0,580721.0
2013-08-02,96.0745306838106,1508.0,11396.0,91640.0,212180.0,354120.0,582887.0
2013-08-03,95.5067095265926,1505.0,11353.0,91681.0,210904.0,354263.0,584073.0
2013-08-04,96.3654821741672,1504.0,11383.0,91723.0,209672.0,351981.0,581545.0
2013-08-05,97.5271338398598,1513.0,11363.0,91740.0,211040.0,353871.0,583092.0
2013-08-06,97.6712066043249,1512.0,11380.0,91734.0,211920.0,356151.0,585969.0
2013-08-07,97.0542068965517,1513.0,11391.0,91683.0,213253.0,359504.0,590154.0
2013-08-08,94.2572717708942,1516.0,11420.0,91592.0,213182.0,360462.0,591552.0
2013-08-09,92.4727767387493,1516.0,11410.0,91654.0,212495.0,361297.0,592929.0
2013-08-10,93.293552893045,1524.0,11432.0,91798.0,212872.0,362817.0,594897.0
2013-08-11,94.271312390415,1523.0,11418.0,91653.0,210991.0,361481.0,594039.0
2013-08-12,95.4464707773232,1519.0,11424.0,91857.0,211392.0,360350.0,592768.0
2013-08-13,97.7590750847458,1519.0,11443.0,91612.0,212700.0,362480.0,595781.0
2013-08-14,99.1212875511397,1518.0,11433.0,91696.0,214309.0,364480.0,598655.0
2013-08-15,98.1063331385155,1528.0,11430.0,91758.0,215175.0,367003.0,601918.0
2013-08-16,98.2909602571596,1533.0,11482.0,91687.0,215191.0,366645.0,602043.0
2013-08-17,99.6305043834015,1550.0,11498.0,91847.0,214970.0,366989.0,602777.0
2013-08-18,99.1780397428405,1554.0,11497.0,91881.0,213696.0,366688.0,602903.0
2013-08-19,102.784012273524,1554.0,11489.0,91995.0,215665.0,370220.0,607314.0
2013-08-20,104.500210987726,1561.0,11559.0,92057.0,216957.0,371069.0,608063.0
2013-08-21,110.801603740503,1552.0,11563.0,92154.0,217447.0,372034.0,609070.0
2013-08-22,109.523216832262,1552.0,11565.0,92265.0,217639.0,373317.0,611291.0
2013-08-23,107.697571595558,1562.0,11622.0,92428.0,212427.0,368769.0,608016.0
2013-08-24,108.882675043834,1565.0,11566.0,92383.0,212403.0,368714.0,608700.0
2013-08-25,113.082563413209,1565.0,11618.0,92310.0,209339.0,360500.0,601820.0
2013-08-26,112.11811484512,1564.0,11610.0,92326.0,209356.0,358892.0,601069.0
2013-08-27,117.759790765634,1565.0,11631.0,92559.0,209565.0,348679.0,592892.0
2013-08-28,118.317414377557,1573.0,11638.0,92524.0,210336.0,351090.0,596190.0
2013-08-29,118.835638223261,1577.0,11634.0,92671.0,211427.0,353672.0,599936.0
2013-08-30,124.885379602572,1574.0,11672.0,92744.0,212208.0,353861.0,598926.0
2013-08-31,128.377978959673,1568.0,11712.0,92687.0,212724.0,355479.0,600941.0
2013-09-01,130.536372004676,1577.0,11715.0,92624.0,212654.0,355789.0,601632.0
2013-09-02,129.565371712449,1580.0,11719.0,92750.0,213180.0,357765.0,603297.0
2013-09-03,129.182803623612,1545.0,11747.0,92930.0,214653.0,360279.0,602986.0
2013-09-04,122.529238749269,1547.0,11753.0,93015.0,214958.0,360323.0,602821.0
2013-09-05,122.370085037989,1553.0,11712.0,93114.0,215750.0,362161.0,605466.0
2013-09-06,117.861146405611,1561.0,11716.0,93236.0,215652.0,362663.0,606768.0
2013-09-07,119.814989479836,1559.0,11716.0,93279.0,215609.0,363703.0,608352.0
2013-09-08,118.057386323787,1559.0,11711.0,93253.0,212662.0,361891.0,607502.0
2013-09-09,121.259272647575,1564.0,11744.0,93355.0,213228.0,360931.0,605693.0
2013-09-10,122.215530189363,1559.0,11785.0,93407.0,214137.0,362860.0,607985.0
2013-09-11,127.088227060199,1561.0,11803.0,93661.0,214827.0,364291.0,610552.0
2013-09-12,126.780723553478,1560.0,11807.0,93719.0,215292.0,364348.0,610735.0
2013-09-13,127.407745178258,1562.0,11800.0,93821.0,216279.0,367067.0,614673.0
2013-09-14,124.348477498539,1559.0,11798.0,93879.0,216735.0,368575.0,617141.0
2013-09-15,125.076417884278,1564.0,11825.0,93911.0,216233.0,368629.0,617937.0
2013-09-16,126.204665984804,1568.0,11844.0,93862.0,216894.0,369817.0,619513.0
2013-09-17,126.897250146113,1570.0,11868.0,93901.0,217457.0,371357.0,621614.0
2013-09-18,126.903819403857,1576.0,11869.0,93970.0,217400.0,369852.0,620255.0
2013-09-19,124.180957334892,1570.0,11837.0,94106.0,217865.0,370383.0,620888.0
2013-09-20,122.921635885447,1569.0,11860.0,94167.0,218461.0,371428.0,622315.0
2013-09-21,123.508256867329,1567.0,11878.0,94299.0,218666.0,372627.0,624399.0
2013-09-22,123.124935125658,1574.0,11902.0,94504.0,217361.0,371298.0,623564.0
2013-09-23,122.865699006429,1577.0,11903.0,94623.0,218574.0,372627.0,624889.0
2013-09-24,123.797357685564,1576.0,11927.0,94628.0,219461.0,374752.0,627876.0
2013-09-25,123.614078609001,1573.0,11980.0,94661.0,220013.0,375710.0,629339.0
2013-09-26,124.68567445938,1570.0,11980.0,94771.0,220250.0,377519.0,632395.0
2013-09-27,126.605347749854,1574.0,11979.0,94850.0,220535.0,376062.0,631360.0
2013-09-28,126.796551724138,1576.0,11994.0,94963.0,221027.0,377252.0,633081.0
2013-09-29,127.108627703098,1576.0,12007.0,94886.0,221299.0,377834.0,634333.0
2013-09-30,126.090261835184,1576.0,12004.0,95031.0,221963.0,379439.0,635859.0
2013-10-01,127.575424313267,1569.0,11990.0,95258.0,222744.0,380643.0,637547.0
2013-10-02,104.105092928112,1566.0,12035.0,94993.0,216478.0,368411.0,626547.0
2013-10-03,117.575495032145,1561.0,11954.0,95265.0,217546.0,365445.0,621080.0
2013-10-04,121.930347749854,1560.0,11937.0,95235.0,218403.0,367959.0,624903.0
2013-10-05,121.393402688486,1559.0,11956.0,95181.0,218753.0,367768.0,624345.0
2013-10-06,122.475261250731,1561.0,11971.0,95283.0,219304.0,368486.0,624969.0
2013-10-07,123.906872589129,1562.0,12005.0,95331.0,220286.0,370900.0,627838.0
2013-10-08,124.76652893045,1563.0,12023.0,95494.0,221292.0,372431.0,630273.0
2013-10-09,125.933520312683,1557.0,12074.0,95380.0,222180.0,374964.0,633583.0
2013-10-10,126.704650496785,1559.0,12107.0,95332.0,222697.0,376690.0,636273.0
2013-10-11,127.25529924021,1558.0,12085.0,95286.0,223481.0,378036.0,638570.0
2013-10-12,127.851263004091,1556.0,12145.0,95192.0,223073.0,378511.0,639861.0
2013-10-13,132.415658679135,1556.0,12163.0,95158.0,223320.0,378938.0,631975.0
2013-10-14,135.339194915254,1561.0,12160.0,95200.0,223751.0,379650.0,634028.0
2013-10-15,141.493908533022,1571.0,12049.0,95099.0,223009.0,380645.0,636634.0
2013-10-16,138.327921917008,1583.0,12050.0,95183.0,223563.0,381739.0,638591.0
2013-10-17,143.74713383986,1574.0,12069.0,95354.0,222372.0,381349.0,639523.0
2013-10-18,152.775572180012,1573.0,12021.0,95582.0,223421.0,381392.0,640147.0
2013-10-19,165.772717124489,1574.0,12024.0,95648.0,223677.0,380296.0,639758.0
2013-10-20,166.500151081239,1567.0,12080.0,95718.0,223885.0,381467.0,641834.0
2013-10-21,179.910628579778,1580.0,12085.0,95488.0,224254.0,382915.0,644428.0
2013-10-22,190.402781414378,1588.0,12120.0,95720.0,224401.0,383536.0,646480.0
2013-10-23,204.600350964348,1581.0,12107.0,95723.0,224622.0,384021.0,647294.0
2013-10-24,194.41004376505,1588.0,12118.0,95837.0,224705.0,385166.0,650315.0
2013-10-25,185.64378762595,1487.0,12802.0,96610.0,222986.0,383343.0,649488.0
2013-10-26,179.808218001169,1485.0,12785.0,96882.0,223485.0,384983.0,652476.0
2013-10-27,194.546133255406,1481.0,12826.0,96986.0,223733.0,386096.0,654923.0
2013-10-28,196.274687317358,1484.0,12816.0,97151.0,224282.0,386162.0,655315.0
2013-10-29,204.428174167154,1483.0,12832.0,97179.0,224726.0,387972.0,658907.0
2013-10-30,197.900599420982,1483.0,12759.0,97135.0,224722.0,388893.0,661009.0
2013-10-31,203.283649912332,1481.0,12773.0,97190.0,224022.0,388711.0,661463.0
2013-11-01,203.037109849386,1475.0,12776.0,97166.0,224308.0,389593.0,664262.0
2013-11-02,204.792881355932,1474.0,12835.0,97134.0,224555.0,390802.0,667220.0
2013-11-03,210.275382611748,1479.0,12813.0,97041.0,223979.0,390637.0,668227.0
2013-11-04,228.79103886616,1460.0,12866.0,97135.0,223907.0,390758.0,670012.0
2013-11-05,243.641668907072,1460.0,12872.0,97426.0,224075.0,390344.0,669911.0
2013-11-06,263.209583987142,1462.0,12856.0,97572.0,224717.0,391351.0,656932.0
2013-11-07,290.124226183518,1452.0,12853.0,97764.0,226091.0,393864.0,662051.0
2013-11-08,333.750656511981,1455.0,12866.0,97568.0,226564.0,394700.0,664605.0
2013-11-09,331.051148451198,1463.0,12790.0,97557.0,226308.0,395415.0,667353.0
2013-11-10,327.558653499708,1466.0,12757.0,97380.0,225718.0,394504.0,668747.0
2013-11-11,342.697692869667,1456.0,12836.0,97612.0,225921.0,387633.0,662229.0
2013-11-12,354.645488310929,1457.0,12802.0,97622.0,226301.0,389378.0,666496.0
2013-11-13,394.50449522443,1452.0,12846.0,97853.0,227037.0,389715.0,668974.0
2013-11-14,416.706303302747,1455.0,12799.0,97986.0,227617.0,392456.0,674230.0
2013-11-15,408.398797334892,1459.0,12860.0,98330.0,228992.0,394872.0,679900.0
2013-11-16,435.798442767387,1454.0,12887.0,98436.0,229507.0,397136.0,685164.0
2013-11-17,485.33657685564,1450.0,12841.0,98527.0,230502.0,398981.0,688258.0
2013-11-18,657.778503874927,1447.0,12895.0,98943.0,232463.0,404037.0,697280.0
2013-11-19,546.878397311514,1450.0,12842.0,99022.0,232837.0,403449.0,699744.0
2013-11-20,595.339099649328,1462.0,12900.0,99061.0,232650.0,406144.0,706200.0
2013-11-21,720.764425260082,1449.0,12945.0,99230.0,233499.0,398983.0,675155.0
2013-11-22,802.916933718294,1434.0,12999.0,99215.0,233621.0,400309.0,677825.0
2013-11-23,834.295339989129,1447.0,12989.0,99227.0,234354.0,403477.0,684465.0
2013-11-24,807.166695499708,1446.0,13041.0,99324.0,234395.0,404221.0,686233.0
2013-11-25,816.243386616014,1447.0,13030.0,99506.0,234833.0,406437.0,692743.0
2013-11-26,916.097160140269,1450.0,12991.0,100011.0,236686.0,410418.0,700687.0
2013-11-27,962.910560911748,1451.0,12955.0,100088.0,237455.0,415265.0,710061.0
2013-11-28,1007.38716364699,1444.0,13025.0,99917.0,239386.0,423120.0,723746.0
2013-11-29,1128.7254880187,1446.0,13038.0,99879.0,240767.0,429575.0,736192.0
2013-11-30,1119.29671478667,1453.0,13001.0,100137.0,243267.0,436805.0,748843.0
2013-12-01,964.485793687902,1453.0,12994.0,100547.0,243869.0,437282.0,749212.0
2013-12-02,1040.80821770894,1451.0,13007.0,100611.0,244188.0,435875.0,755469.0
2013-12-03,1053.62102744828,1454.0,12969.0,100545.0,244345.0,439573.0,765180.0
2013-12-04,1134.93223088837,1453.0,12934.0,100627.0,246045.0,440398.0,769794.0
2013-12-05,1027.411772827,1459.0,12948.0,100588.0,245900.0,443041.0,777116.0
2013-12-06,824.581710337814,1459.0,12942.0,100879.0,245836.0,443424.0,782945.0
2013-12-07,703.748376025716,1474.0,12876.0,100750.0,246153.0,446355.0,789949.0
2013-12-08,783.573348334307,1483.0,12883.0,100362.0,245147.0,446704.0,793617.0
2013-12-09,896.079289888954,1476.0,12895.0,100437.0,246436.0,451529.0,803359.0
2013-12-10,977.165367329047,1476.0,12930.0,100388.0,247094.0,452571.0,808505.0
2013-12-11,875.464034272355,1445.0,12968.0,100356.0,247669.0,454114.0,813767.0
2013-12-12,873.324805987727,1441.0,12965.0,100133.0,247094.0,454335.0,818102.0
2013-12-13,879.156135300994,1442.0,12957.0,99939.0,246850.0,455594.0,823661.0
2013-12-14,852.856120526008,1441.0,12963.0,100126.0,247809.0,453630.0,815456.0
2013-12-15,864.0616578609,1444.0,12976.0,100075.0,248315.0,443023.0,803079.0
2013-12-16,677.894106801286,1448.0,13051.0,100220.0,249069.0,446627.0,803819.0
2013-12-17,682.62677270602,1444.0,13028.0,100120.0,249339.0,447500.0,806762.0
2013-12-18,526.12097632671,1434.0,12960.0,100321.0,250687.0,450947.0,809472.0
2013-12-19,685.525128959673,1430.0,12949.0,100330.0,250916.0,450403.0,813414.0
2013-12-20,600.216954260666,1422.0,12952.0,100547.0,252314.0,453271.0,807345.0
2013-12-21,597.033502548217,1421.0,12970.0,100479.0,252355.0,452518.0,808039.0
2013-12-22,615.013035271771,1418.0,12976.0,100796.0,252964.0,450763.0,803633.0
2013-12-23,657.926634155465,1423.0,12982.0,100865.0,253551.0,450621.0,805628.0
2013-12-24,650.664745178258,1414.0,13031.0,101104.0,254848.0,454341.0,812710.0
2013-12-25,678.290158094681,1426.0,13001.0,101234.0,255647.0,456334.0,816204.0
2013-12-26,749.996594956166,1422.0,12992.0,101788.0,256278.0,458453.0,820246.0
2013-12-27,722.570567492694,1421.0,13008.0,102016.0,257348.0,461563.0,826700.0
2013-12-28,715.852363078901,1421.0,13012.0,102101.0,257468.0,460713.0,823576.0
2013-12-29,727.271215663355,1422.0,13041.0,101691.0,257475.0,461353.0,808014.0
2013-12-30,735.741997077732,1428.0,13067.0,101230.0,256677.0,461913.0,810696.0
2013-12-31,729.557582910579,1429.0,13082.0,101099.0,256573.0,462923.0,814179.0
2014-01-01,752.404549944594,1446.0,13077.0,101267.0,257062.0,464791.0,818327.0
2014-01-02,784.954921314436,1450.0,13062.0,101255.0,258137.0,468456.0,821080.0
2014-01-03,807.222939029807,1438.0,13040.0,101477.0,258264.0,469022.0,823736.0
2014-01-04,828.602062618352,1442.0,12971.0,101526.0,259126.0,470970.0,828392.0
2014-01-05,902.487380263004,1444.0,13012.0,101702.0,258556.0,470710.0,831641.0
2014-01-06,914.459960841613,1444.0,13024.0,101540.0,257786.0,468612.0,829886.0
2014-01-07,803.351796198714,1445.0,13040.0,101679.0,258516.0,471537.0,835591.0
2014-01-08,820.690009503214,1444.0,13037.0,101703.0,258973.0,473565.0,840843.0
2014-01-09,831.334750487434,1445.0,13027.0,101848.0,259838.0,476352.0,848521.0
2014-01-10,853.298854844603,1444.0,13037.0,101840.0,259969.0,477471.0,851740.0
2014-01-11,889.555837119345,1447.0,13053.0,101840.0,259655.0,477287.0,853219.0
2014-01-12,845.191332220924,1443.0,13058.0,102000.0,260323.0,479708.0,858583.0
2014-01-13,822.877012197545,1445.0,13074.0,101968.0,260674.0,481179.0,862027.0
2014-01-14,815.293602711864,1444.0,13095.0,101944.0,260648.0,480676.0,864200.0
2014-01-15,841.089857364115,1445.0,13082.0,101956.0,261280.0,483661.0,871933.0
2014-01-16,815.854800298071,1443.0,13090.0,101889.0,261059.0,483845.0,869504.0
2014-01-17,792.829506475745,1440.0,13105.0,102073.0,261704.0,486636.0,876537.0
2014-01-18,809.783528356386,1438.0,13090.0,102039.0,262317.0,488694.0,881625.0
2014-01-19,838.428474734073,1440.0,13091.0,102313.0,262954.0,490199.0,885678.0
2014-01-20,828.885216592636,1436.0,13131.0,102339.0,262921.0,490204.0,887126.0
2014-01-21,823.817963763881,1440.0,13096.0,102338.0,263859.0,491999.0,891715.0
2014-01-22,818.976386323787,1439.0,13112.0,102392.0,264631.0,494977.0,898872.0
2014-01-23,810.922425195792,1440.0,13112.0,102440.0,264908.0,494953.0,897164.0
2014-01-24,781.042513950906,1422.0,13069.0,102631.0,265950.0,497483.0,904422.0
2014-01-25,804.403240800701,1425.0,13091.0,102624.0,265884.0,496693.0,905896.0
2014-01-26,814.499381373466,1425.0,13078.0,102698.0,266709.0,499370.0,911392.0
2014-01-27,742.701374970777,1419.0,13074.0,102987.0,267943.0,502816.0,918005.0
2014-01-28,790.176401876096,1416.0,13100.0,102892.0,267635.0,503698.0,922081.0
2014-01-29,793.38442490941,1423.0,13094.0,102892.0,267839.0,506040.0,929034.0
2014-01-30,799.474479836353,1424.0,13114.0,103059.0,268196.0,506643.0,932727.0
2014-01-31,803.237598784921,1427.0,13118.0,103092.0,268958.0,509157.0,938858.0
2014-02-01,813.219549216833,1423.0,13099.0,103205.0,269654.0,512355.0,945699.0
2014-02-02,814.490870426651,1421.0,13086.0,103400.0,270382.0,513421.0,947675.0
2014-02-03,806.997428372531,1424.0,13084.0,103483.0,270665.0,513310.0,949735.0
2014-02-04,800.078231893629,1420.0,13086.0,103601.0,271212.0,514212.0,954112.0
2014-02-05,784.473692777791,1432.0,13097.0,103683.0,272212.0,516277.0,958348.0
2014-02-06,763.569382232612,1431.0,13116.0,103765.0,273096.0,518507.0,964530.0
2014-02-07,711.571273419053,1426.0,13148.0,103946.0,273654.0,518462.0,967607.0
2014-02-08,677.682300941379,1431.0,13140.0,104163.0,274544.0,519910.0,972510.0
2014-02-09,687.406054576271,1429.0,13189.0,104052.0,274631.0,521092.0,975087.0
2014-02-10,685.457498836938,1430.0,13155.0,104442.0,275936.0,524518.0,981941.0
2014-02-11,671.89969169024,1441.0,13138.0,104075.0,275672.0,524423.0,986287.0
2014-02-12,653.765780911747,1441.0,13141.0,104382.0,276715.0,512384.0,925418.0
2014-02-13,612.918414962011,1440.0,13141.0,104343.0,277497.0,513888.0,917416.0
2014-02-14,668.788602659264,1437.0,13128.0,104401.0,278307.0,513675.0,911370.0
2014-02-15,654.377060198714,1431.0,13172.0,104450.0,278636.0,514161.0,911862.0
2014-02-16,623.250321948568,1429.0,13164.0,104672.0,279495.0,515676.0,913528.0
2014-02-17,631.334596306254,1427.0,13133.0,104679.0,279816.0,517453.0,906154.0
2014-02-18,627.271761415484,1426.0,13119.0,104635.0,279913.0,519694.0,907902.0
2014-02-19,623.54013694623,1430.0,13133.0,104675.0,279889.0,520199.0,910414.0
2014-02-20,563.768561098773,1429.0,13132.0,104748.0,280238.0,521830.0,916237.0
2014-02-21,580.324315973115,1427.0,13139.0,104737.0,281736.0,524352.0,920718.0
2014-02-22,607.12463333723,1428.0,13146.0,104748.0,281146.0,524640.0,923037.0
2014-02-23,610.082323746347,1430.0,13163.0,104776.0,281078.0,525792.0,926217.0
2014-02-24,542.266650753945,1423.0,13215.0,105034.0,281874.0,528185.0,930723.0
2014-02-25,533.707644436002,1436.0,13216.0,105204.0,283762.0,532083.0,936476.0
2014-02-26,587.57858829924,1424.0,13207.0,104952.0,285661.0,534002.0,938704.0
2014-02-27,585.393925650058,1427.0,13230.0,105025.0,285019.0,534815.0,942766.0
2014-02-28,551.29477030976,1426.0,13230.0,105145.0,286392.0,537922.0,937491.0
2014-03-01,567.534235441262,1429.0,13237.0,105422.0,286563.0,538765.0,940895.0
2014-03-02,558.527707156633,1426.0,13247.0,105597.0,287294.0,539515.0,942768.0
2014-03-03,676.505732781999,1436.0,13286.0,105683.0,287831.0,542353.0,951309.0
2014-03-04,674.51139943308,1417.0,13331.0,105763.0,288643.0,543384.0,957629.0
2014-03-05,670.338851099514,1418.0,13333.0,105882.0,288057.0,542852.0,957670.0
2014-03-06,667.712834003507,1422.0,13317.0,106026.0,288335.0,542616.0,960992.0
2014-03-07,631.770295213326,1478.0,13587.0,106782.0,289590.0,544982.0,966319.0
2014-03-08,621.524114496201,1419.0,13785.0,109972.0,294970.0,551411.0,975193.0
2014-03-09,640.578889322034,1423.0,13451.0,112111.0,300119.0,557792.0,982888.0
2014-03-10,628.151241165985,1439.0,13483.0,110976.0,296927.0,555990.0,978115.0
2014-03-11,633.73383823495,1438.0,13428.0,111308.0,295971.0,555510.0,975250.0
2014-03-12,634.646823717125,1442.0,13516.0,110918.0,294759.0,553711.0,971758.0
2014-03-13,643.432100859147,1443.0,13521.0,110727.0,294535.0,553254.0,974810.0
2014-03-14,628.308590005845,1460.0,13652.0,109317.0,293038.0,549145.0,950350.0
2014-03-15,636.218650061368,1513.0,14529.0,107653.0,291528.0,548656.0,951219.0
2014-03-16,634.168900970894,1509.0,14596.0,107832.0,291979.0,550270.0,954049.0
2014-03-17,622.760208649912,1506.0,14610.0,107925.0,292157.0,551060.0,955810.0
2014-03-18,614.309513717125,1502.0,14647.0,108111.0,293202.0,554224.0,962065.0
2014-03-19,610.511203474576,1505.0,14648.0,108345.0,293530.0,555699.0,968722.0
2014-03-20,586.607595710111,1510.0,14621.0,108435.0,293849.0,555674.0,969818.0
2014-03-21,569.694517995324,1519.0,14639.0,108495.0,294156.0,556349.0,970586.0
2014-03-22,564.700026703682,1517.0,14637.0,108528.0,294005.0,554499.0,967876.0
2014-03-23,558.958861691408,1514.0,14631.0,108648.0,294671.0,556804.0,972789.0
2014-03-24,585.023250518995,1513.0,14656.0,108735.0,295426.0,557328.0,975734.0
2014-03-25,583.771189094097,1513.0,14658.0,108847.0,295635.0,557982.0,979962.0
2014-03-26,579.243850400994,1511.0,14657.0,108991.0,296155.0,558930.0,982922.0
2014-03-27,483.164012612507,1520.0,14643.0,108902.0,296570.0,560022.0,987348.0
2014-03-28,498.661328949153,1511.0,14656.0,108929.0,297103.0,560681.0,988172.0
2014-03-29,489.517023547633,1514.0,14656.0,109006.0,297212.0,562298.0,991980.0
2014-03-30,458.966328275862,1511.0,14638.0,109163.0,297970.0,564225.0,996114.0
2014-03-31,455.355354056108,1506.0,14607.0,109171.0,297962.0,565081.0,999217.0
2014-04-01,479.008465867913,1509.0,14596.0,109241.0,298434.0,566907.0,1004059.0
2014-04-02,439.011492524839,1506.0,14590.0,109290.0,298931.0,568377.0,1008394.0
2014-04-03,449.441151519579,1513.0,14609.0,109351.0,299671.0,563939.0,1005984.0
2014-04-04,449.719869736996,1512.0,14592.0,109488.0,300069.0,564687.0,1008276.0
2014-04-05,461.675331482174,1511.0,14595.0,109652.0,300501.0,566153.0,1011989.0
2014-04-06,458.633480544535,1511.0,14597.0,109671.0,300639.0,567764.0,1017125.0
2014-04-07,448.655275066394,1508.0,14581.0,109785.0,301598.0,569370.0,1021268.0
2014-04-08,452.803098796026,1510.0,14585.0,109751.0,301839.0,569755.0,1024391.0
2014-04-09,442.837984932203,1515.0,14581.0,109794.0,301896.0,568684.0,1025303.0
2014-04-10,366.911866063413,1521.0,14565.0,109746.0,302326.0,569415.0,1026894.0
2014-04-11,421.943528071303,1520.0,14542.0,109608.0,302228.0,570310.0,1030037.0
2014-04-12,424.274212647575,1518.0,14558.0,109613.0,302337.0,571137.0,1031789.0
2014-04-13,416.362321654004,1517.0,14556.0,109749.0,303004.0,573241.0,1035931.0
2014-04-14,461.108246586649,1513.0,14559.0,109784.0,302889.0,573041.0,1037283.0
2014-04-15,521.615299606078,1515.0,14568.0,109865.0,303391.0,567732.0,1024810.0
2014-04-16,531.481846731999,1515.0,14566.0,109868.0,303301.0,566880.0,1020683.0
2014-04-17,499.837551544721,1511.0,14559.0,109992.0,304051.0,567136.0,1021589.0
2014-04-18,483.020013533606,1509.0,14565.0,110125.0,304722.0,569018.0,1024716.0
2014-04-19,504.365595178488,1509.0,14576.0,110187.0,304740.0,569346.0,1024308.0
2014-04-20,501.55718444916,1508.0,14599.0,110257.0,304870.0,569818.0,1027248.0
2014-04-21,498.084530300994,1509.0,14584.0,110286.0,305236.0,570975.0,1029991.0
2014-04-22,489.503510029223,1511.0,14582.0,110394.0,305498.0,572679.0,1035292.0
2014-04-23,490.63296754332,1511.0,14593.0,110493.0,305797.0,574741.0,1040069.0
2014-04-24,503.291801028638,1511.0,14603.0,110612.0,306264.0,574920.0,1039923.0
2014-04-25,466.426171344243,1512.0,14589.0,110557.0,305976.0,575178.0,1042052.0
2014-04-26,459.22670981882,1512.0,14589.0,110573.0,306226.0,576665.0,1045778.0
2014-04-27,438.709363717287,1511.0,14603.0,110642.0,306649.0,576541.0,1044271.0
2014-04-28,441.547805468089,1517.0,14586.0,110696.0,306945.0,578397.0,1049676.0
2014-04-29,447.709930772047,1515.0,14611.0,110815.0,307008.0,578903.0,1049961.0
2014-04-30,448.875715514009,1518.0,14615.0,110968.0,307571.0,580187.0,1053404.0
2014-05-01,460.194698255991,1514.0,14610.0,111030.0,307712.0,581286.0,1056760.0
2014-05-02,452.239779761701,1518.0,14608.0,111154.0,308234.0,582571.0,1060491.0
2014-05-03,438.978588005844,1518.0,14622.0,111166.0,308098.0,582648.0,1062661.0
2014-05-04,436.675398644705,1520.0,14644.0,111243.0,308379.0,582865.0,1063950.0
2014-05-05,432.338179035394,1520.0,14618.0,111327.0,309253.0,586263.0,1070534.0
2014-05-06,430.128205394506,1518.0,14634.0,111419.0,309494.0,587521.0,1073135.0
2014-05-07,442.18287609585,1522.0,14622.0,111315.0,309557.0,588846.0,1076767.0
2014-05-08,440.402762711864,1526.0,14635.0,111368.0,309428.0,588422.0,1079135.0
2014-05-09,452.697999723553,1527.0,14644.0,111428.0,309716.0,588290.0,1081304.0
2014-05-10,456.75584628872,1524.0,14639.0,111505.0,310199.0,589745.0,1085508.0
2014-05-11,439.114476037405,1524.0,14657.0,111558.0,310301.0,590587.0,1087835.0
2014-05-12,441.280955581531,1526.0,14656.0,111683.0,311080.0,592727.0,1092370.0
2014-05-13,439.005774985389,1526.0,14656.0,111704.0,311240.0,592595.0,1093955.0
2014-05-14,444.848205727645,1522.0,14685.0,111766.0,311542.0,592441.0,1095738.0
2014-05-15,446.96155873758,1524.0,14680.0,111727.0,311522.0,591818.0,1094484.0
2014-05-16,448.74215371128,1523.0,14672.0,111769.0,311583.0,591891.0,1096895.0
2014-05-17,449.2222893045,1522.0,14667.0,111958.0,311904.0,592654.0,1101357.0
2014-05-18,446.962641437756,1523.0,14664.0,111911.0,312028.0,593883.0,1102921.0
2014-05-19,447.404856808884,1527.0,14685.0,111976.0,312109.0,591155.0,1090516.0
2014-05-20,490.335648158971,1525.0,14668.0,112041.0,312286.0,591276.0,1089514.0
2014-05-21,493.933491817651,1525.0,14652.0,112156.0,312482.0,591274.0,1091034.0
2014-05-22,526.81428842782,1526.0,14645.0,112322.0,312535.0,591106.0,1092401.0
2014-05-23,523.699320280538,1530.0,14676.0,112421.0,312952.0,591969.0,1095503.0
2014-05-24,527.691243132671,1513.0,14649.0,112536.0,312932.0,591775.0,1097835.0
2014-05-25,573.312458796026,1512.0,14646.0,112584.0,312829.0,592364.0,1100960.0
2014-05-26,584.847974868498,1516.0,14644.0,112601.0,313044.0,592064.0,1102789.0
2014-05-27,573.928269245471,1521.0,14637.0,112642.0,313113.0,592336.0,1104819.0
2014-05-28,579.189318819404,1524.0,14645.0,112685.0,313165.0,591749.0,1104287.0
2014-05-29,570.349310929281,1524.0,14652.0,112707.0,313096.0,592302.0,1106879.0
2014-05-30,620.846360607832,1525.0,14662.0,112878.0,313829.0,593467.0,1110288.0
2014-05-31,627.892420689655,1520.0,14674.0,112871.0,313731.0,592690.0,1111042.0
2014-06-01,630.074953535944,1521.0,14661.0,112980.0,314174.0,592702.0,1113376.0
2014-06-02,663.505723845704,1523.0,14655.0,113027.0,314528.0,593211.0,1114960.0
2014-06-03,672.387897136178,1520.0,14656.0,112942.0,314526.0,592586.0,1117850.0
2014-06-04,643.887368790181,1519.0,14660.0,113033.0,314917.0,594314.0,1123493.0
2014-06-05,661.503558153127,1523.0,14670.0,113099.0,315140.0,594629.0,1125157.0
2014-06-06,650.133315897136,1524.0,14672.0,113068.0,314995.0,592281.0,1123112.0
2014-06-07,656.800271770894,1517.0,14664.0,113206.0,315482.0,593899.0,1127019.0
2014-06-08,657.819974868498,1521.0,14681.0,113111.0,315165.0,592646.0,1127059.0
2014-06-09,648.336322326125,1521.0,14682.0,113317.0,315833.0,591740.0,1129794.0
2014-06-10,650.936609585038,1517.0,14668.0,113181.0,315683.0,590977.0,1130744.0
2014-06-11,631.489022209235,1515.0,14691.0,113238.0,316632.0,591884.0,1133702.0
2014-06-12,591.975077147867,1517.0,14712.0,113373.0,317285.0,592797.0,1131546.0
2014-06-13,597.044999707773,1518.0,14711.0,113273.0,316558.0,589569.0,1131982.0
2014-06-14,575.559461718293,1521.0,14704.0,113328.0,316635.0,589492.0,1132650.0
2014-06-15,589.724646405611,1519.0,14703.0,113406.0,316915.0,590567.0,1134095.0
2014-06-16,590.567482174167,1520.0,14685.0,113372.0,316840.0,590325.0,1134180.0
2014-06-17,609.080002922268,1523.0,14685.0,113467.0,317135.0,591677.0,1139040.0
2014-06-18,607.629796025716,1518.0,14693.0,113552.0,317559.0,593133.0,1142099.0
2014-06-19,595.751476914085,1519.0,14687.0,113387.0,317417.0,591882.0,1141779.0
2014-06-20,591.531522793688,1518.0,14690.0,113416.0,317735.0,592305.0,1144073.0
2014-06-21,592.764349503215,1520.0,14685.0,113497.0,317995.0,591746.0,1144047.0
2014-06-22,599.634633547633,1518.0,14684.0,113581.0,318395.0,593295.0,1146578.0
2014-06-23,589.552299824664,1521.0,14726.0,113761.0,318849.0,593945.0,1147970.0
2014-06-24,579.973718585622,1525.0,14787.0,113925.0,319025.0,593804.0,1148090.0
2014-06-25,562.236779953244,1524.0,14809.0,113958.0,319405.0,595841.0,1151515.0
2014-06-26,580.749230274693,1527.0,14839.0,114055.0,319786.0,596789.0,1154302.0
2014-06-27,600.638305376973,1526.0,14865.0,114077.0,320119.0,596829.0,1154421.0
2014-06-28,594.390304208065,1529.0,14868.0,114137.0,320214.0,596399.0,1153025.0
2014-06-29,600.840518410286,1533.0,14853.0,114023.0,320076.0,596838.0,1154906.0
2014-06-30,638.94611396844,1527.0,14855.0,114193.0,320580.0,597608.0,1156472.0
2014-07-01,642.95659672706,1523.0,14866.0,114119.0,320256.0,597822.0,1157883.0
2014-07-02,651.298347749854,1524.0,14857.0,114287.0,320398.0,598798.0,1157804.0
2014-07-03,646.413389130333,1530.0,14863.0,114309.0,320200.0,598695.0,1157898.0
2014-07-04,630.635502922268,1526.0,14870.0,114312.0,320407.0,599194.0,1160528.0
2014-07-05,630.468341905318,1527.0,14869.0,114341.0,320664.0,599927.0,1163266.0
2014-07-06,634.67267445938,1528.0,14876.0,114403.0,320883.0,600874.0,1166669.0
2014-07-07,622.854978959673,1528.0,14875.0,114438.0,321341.0,602709.0,1170093.0
2014-07-08,624.894331092928,1527.0,14883.0,114394.0,321426.0,601632.0,1168275.0
2014-07-09,621.939091759205,1529.0,14877.0,114589.0,321683.0,601004.0,1170180.0
2014-07-10,616.522849795441,1530.0,14864.0,114546.0,322007.0,601265.0,1172089.0
2014-07-11,634.494378141438,1527.0,14901.0,114639.0,322377.0,601037.0,1173844.0
2014-07-12,636.923957934541,1526.0,14924.0,114740.0,322674.0,601882.0,1175993.0
2014-07-13,629.87575043834,1527.0,14921.0,114720.0,322573.0,601259.0,1176578.0
2014-07-14,619.197459088252,1526.0,14908.0,114776.0,323204.0,603617.0,1179471.0
2014-07-15,621.934601402689,1529.0,14918.0,114815.0,323535.0,605541.0,1184008.0
2014-07-16,616.351882232612,1536.0,14918.0,114774.0,323588.0,606622.0,1187941.0
2014-07-17,624.259274985389,1539.0,14914.0,114961.0,323870.0,607297.0,1187745.0
2014-07-18,630.750140268849,1537.0,14943.0,114919.0,323983.0,605847.0,1182988.0
2014-07-19,629.17336440678,1542.0,14934.0,114879.0,323718.0,605975.0,1184710.0
2014-07-20,625.248676212741,1540.0,14930.0,115076.0,324247.0,608474.0,1189548.0
2014-07-21,621.305331385155,1541.0,14956.0,115200.0,324597.0,607559.0,1187997.0
2014-07-22,619.823264465225,1539.0,14947.0,115062.0,324201.0,607076.0,1188886.0
2014-07-23,619.772816773817,1543.0,14956.0,114973.0,324155.0,608170.0,1192243.0
2014-07-24,602.87964552893,1542.0,14963.0,115181.0,324379.0,604856.0,1190351.0
2014-07-25,601.578514319112,1543.0,14970.0,115138.0,324263.0,604991.0,1191172.0
2014-07-26,594.702607247224,1541.0,14986.0,115191.0,324471.0,605823.0,1192968.0
2014-07-27,591.575444184687,1545.0,14988.0,115229.0,324553.0,606446.0,1194646.0
2014-07-28,587.493004967855,1541.0,15023.0,115361.0,325120.0,607527.0,1195568.0
2014-07-29,584.11239333723,1549.0,15038.0,115388.0,325123.0,608492.0,1197691.0
2014-07-30,562.914625073057,1545.0,15019.0,115479.0,325365.0,610000.0,1199761.0
2014-07-31,581.975561952075,1547.0,15042.0,115361.0,325422.0,607824.0,1194226.0
2014-08-01,596.506759205143,1549.0,15057.0,115321.0,325252.0,608290.0,1196193.0
2014-08-02,589.757261542957,1549.0,15049.0,115335.0,325435.0,608873.0,1197921.0
2014-08-03,586.753736703682,1551.0,15047.0,115403.0,325840.0,610400.0,1201324.0
2014-08-04,587.60833547633,1558.0,15012.0,115302.0,325475.0,610736.0,1190657.0
2014-08-05,581.881988603156,1542.0,15187.0,115502.0,325677.0,611643.0,1194886.0
2014-08-06,582.248371420222,1547.0,15185.0,115433.0,325051.0,610895.0,1195437.0
2014-08-07,586.046633547633,1548.0,15175.0,115356.0,325013.0,607962.0,1193093.0
2014-08-08,589.024412624196,1548.0,15178.0,115448.0,325351.0,607332.0,1192933.0
2014-08-09,588.978521332554,1548.0,15184.0,115524.0,325539.0,608401.0,1194772.0
2014-08-10,589.373502045587,1551.0,15193.0,115497.0,325781.0,609574.0,1193098.0
2014-08-11,573.441483927528,1551.0,15183.0,115456.0,326196.0,611301.0,1196523.0
2014-08-12,568.307520163647,1550.0,15175.0,115534.0,326198.0,612573.0,1200508.0
2014-08-13,548.370175336061,1551.0,15174.0,115633.0,326191.0,611439.0,1201822.0
2014-08-14,505.107499707773,1556.0,15199.0,115587.0,326224.0,611391.0,1199053.0
2014-08-15,500.323060132671,1559.0,15157.0,115720.0,326357.0,610723.0,1196330.0
2014-08-16,521.7479628872,1556.0,15152.0,115747.0,326496.0,611101.0,1197717.0
2014-08-17,497.764658971362,1563.0,15165.0,115812.0,326925.0,612065.0,1199328.0
2014-08-18,468.957918176505,1560.0,15138.0,116021.0,327181.0,614098.0,1202011.0
2014-08-19,486.794350672122,1561.0,15147.0,116079.0,327825.0,617139.0,1206987.0
2014-08-20,515.120353886616,1559.0,15156.0,116089.0,328357.0,620210.0,1213120.0
2014-08-21,519.307852133255,1556.0,15119.0,116157.0,328636.0,620599.0,1214885.0
2014-08-22,516.159368790181,1556.0,15140.0,116208.0,328945.0,621169.0,1217226.0
2014-08-23,497.12575949737,1560.0,15151.0,116305.0,329059.0,620895.0,1218832.0
2014-08-24,508.430741963764,1559.0,15144.0,116355.0,329153.0,621363.0,1220087.0
2014-08-25,501.610286674459,1553.0,15159.0,116389.0,329295.0,622782.0,1222852.0
2014-08-26,511.852321741672,1550.0,15166.0,116446.0,329490.0,625278.0,1227622.0
2014-08-27,510.162323787259,1552.0,15163.0,116361.0,328689.0,623872.0,1225660.0
2014-08-28,506.285151665693,1551.0,15177.0,116427.0,329135.0,625191.0,1229072.0
2014-08-29,508.866571887785,1559.0,15311.0,114948.0,327675.0,624890.0,1230754.0
2014-08-30,501.275723261251,1547.0,15300.0,115026.0,327924.0,624328.0,1230112.0
2014-08-31,478.511425482174,1548.0,15318.0,115088.0,328220.0,625936.0,1233567.0
2014-09-01,474.541489772063,1553.0,15306.0,115203.0,328765.0,627919.0,1237568.0
2014-09-02,474.430670660433,1550.0,15308.0,115123.0,328939.0,627563.0,1237348.0
2014-09-03,473.95920338983,1550.0,15296.0,115108.0,328963.0,628090.0,1239666.0
2014-09-04,489.555201344243,1548.0,15309.0,115135.0,329211.0,629406.0,1242768.0
2014-09-05,478.749782875511,1550.0,15287.0,115095.0,329103.0,628106.0,1241530.0
2014-09-06,480.64249181765,1547.0,15296.0,115112.0,328933.0,629664.0,1244872.0
2014-09-07,478.36550087668,1547.0,15311.0,115173.0,329011.0,630346.0,1246434.0
2014-09-08,468.975495908825,1545.0,15331.0,115229.0,329630.0,633629.0,1251509.0
2014-09-09,473.51202717709,1544.0,15336.0,115195.0,329425.0,630853.0,1222188.0
2014-09-10,477.778417592051,1541.0,15346.0,115341.0,329701.0,631073.0,1178078.0
2014-09-11,477.270682057276,1541.0,15358.0,115265.0,329949.0,631553.0,1181005.0
2014-09-12,473.997282291058,1539.0,15358.0,115511.0,330619.0,633865.0,1187440.0
2014-09-13,477.960973991818,1539.0,15380.0,115491.0,330588.0,633686.0,1189391.0
2014-09-14,475.648063997662,1538.0,15392.0,115562.0,331030.0,632768.0,1190465.0
2014-09-15,472.655629748685,1537.0,15377.0,115620.0,331171.0,632306.0,1191974.0
2014-09-16,464.177754529515,1535.0,15371.0,115622.0,331356.0,633060.0,1196283.0
2014-09-17,456.339891291642,1537.0,15359.0,115681.0,331184.0,633989.0,1199978.0
2014-09-18,426.880106954997,1533.0,15350.0,115711.0,331494.0,635959.0,1204578.0
2014-09-19,393.893890707189,1536.0,15353.0,115644.0,331377.0,637751.0,1208832.0
2014-09-20,411.041342781999,1535.0,15388.0,115639.0,331659.0,635842.0,1208196.0
2014-09-21,400.404530683811,1535.0,15363.0,115621.0,331931.0,636623.0,1212108.0
2014-09-22,400.881622150789,1539.0,15362.0,115605.0,332099.0,638331.0,1215425.0
2014-09-23,438.491800993571,1540.0,15383.0,115672.0,332643.0,636525.0,1211746.0
2014-09-24,423.700091759205,1539.0,15394.0,115707.0,333120.0,638539.0,1215222.0
2014-09-25,409.537749853887,1538.0,15405.0,115792.0,332894.0,638965.0,1213051.0
2014-09-26,405.298251899474,1538.0,15409.0,115818.0,333108.0,640597.0,1216731.0
2014-09-27,400.599334599649,1540.0,15409.0,115737.0,332955.0,638736.0,1212297.0
2014-09-28,375.549989772063,1540.0,15418.0,115827.0,333266.0,640781.0,1217988.0
2014-09-29,373.0645578609,1543.0,15418.0,115764.0,333234.0,641134.0,1220941.0
2014-09-30,389.264040411455,1545.0,15411.0,115733.0,333310.0,639308.0,1222985.0
2014-10-01,382.909365867914,1541.0,15435.0,115804.0,333752.0,641693.0,1229872.0
2014-10-02,372.525699006429,1537.0,15432.0,115831.0,334343.0,643040.0,1233938.0
2014-10-03,357.665713617767,1542.0,15425.0,115953.0,334356.0,641831.0,1237634.0
2014-10-04,328.826113091759,1540.0,15440.0,115796.0,334182.0,639620.0,1237942.0
2014-10-05,322.826261542957,1539.0,15427.0,115749.0,334210.0,641462.0,1243854.0
2014-10-06,326.803532729398,1534.0,15365.0,115673.0,334476.0,643659.0,1250917.0
2014-10-07,333.570194915254,1530.0,15379.0,115756.0,335375.0,645064.0,1254299.0
2014-10-08,354.407334307423,1536.0,15384.0,115824.0,335536.0,647484.0,1260295.0
2014-10-09,361.716424897721,1533.0,15399.0,115878.0,335931.0,649147.0,1266718.0
2014-10-10,358.890390810053,1528.0,15395.0,115902.0,336437.0,650183.0,1271476.0
2014-10-11,361.908376972531,1525.0,15379.0,115907.0,336257.0,650980.0,1274290.0
2014-10-12,377.871243717124,1523.0,15380.0,116000.0,336331.0,650693.0,1268865.0
2014-10-13,391.994208942139,1530.0,15407.0,116040.0,336509.0,651335.0,1274456.0
2014-10-14,400.880592054354,1534.0,15383.0,116160.0,337067.0,650536.0,1266251.0
2014-10-15,394.625879894798,1532.0,15391.0,116321.0,337394.0,652157.0,1270292.0
2014-10-16,382.321476329632,1529.0,15417.0,116324.0,337575.0,653283.0,1273579.0
2014-10-17,382.200789596727,1529.0,15425.0,116420.0,337874.0,653307.0,1277064.0
2014-10-18,391.293177089421,1532.0,15423.0,116470.0,337943.0,652771.0,1279219.0
2014-10-19,388.684497954413,1534.0,15418.0,116456.0,338173.0,653708.0,1283328.0
2014-10-20,381.190858562244,1535.0,15425.0,116637.0,338615.0,653279.0,1283159.0
2014-10-21,385.204633541204,1535.0,15424.0,116652.0,338982.0,649132.0,1282227.0
2014-10-22,380.778763296318,1529.0,15452.0,116833.0,339312.0,649320.0,1283016.0
2014-10-23,357.344793103448,1532.0,15425.0,116955.0,339840.0,650285.0,1278926.0
2014-10-24,357.48843395675,1533.0,15400.0,117015.0,339563.0,649293.0,1279466.0
2014-10-25,345.811246639392,1536.0,15421.0,117123.0,340012.0,650887.0,1281222.0
2014-10-26,353.081956165985,1534.0,15437.0,117195.0,340291.0,648945.0,1280104.0
2014-10-27,350.015711864407,1533.0,15449.0,117278.0,340581.0,650138.0,1284566.0
2014-10-28,354.653805084746,1533.0,15456.0,117322.0,341224.0,652794.0,1288470.0
2014-10-29,333.599350087668,1531.0,15462.0,117579.0,341780.0,654735.0,1293669.0
2014-10-30,344.609382232613,1532.0,15455.0,117647.0,342141.0,653939.0,1295775.0
2014-10-31,337.182912624196,1531.0,15446.0,117823.0,342599.0,653019.0,1292653.0
2014-11-01,324.371315020456,1534.0,15474.0,117944.0,342908.0,655115.0,1289078.0
2014-11-02,324.248566627703,1537.0,15485.0,117960.0,343195.0,656950.0,1284955.0
2014-11-03,325.361865575687,1540.0,15477.0,117944.0,343845.0,660374.0,1291258.0
2014-11-04,329.657703974284,1539.0,15451.0,118027.0,343916.0,660634.0,1293585.0
2014-11-05,338.805765341905,1539.0,15453.0,118033.0,344480.0,661860.0,1298404.0
2014-11-06,349.689911747516,1542.0,15467.0,118268.0,344105.0,660480.0,1284498.0
2014-11-07,342.133288135593,1548.0,15496.0,118246.0,344332.0,661632.0,1258426.0
2014-11-08,345.716332554062,1548.0,15499.0,118239.0,344439.0,661821.0,1250661.0
2014-11-09,363.610051724138,1547.0,15506.0,118244.0,344197.0,661628.0,1251005.0
2014-11-10,365.502253945061,1553.0,15499.0,118327.0,344709.0,664378.0,1256643.0
2014-11-11,367.825466978375,1560.0,15497.0,118358.0,344885.0,665095.0,1258982.0
2014-11-12,422.591419637639,1554.0,15514.0,118490.0,345006.0,665982.0,1263889.0
2014-11-13,421.914471654004,1549.0,15512.0,118474.0,344563.0,667021.0,1268346.0
2014-11-14,398.388882817066,1551.0,15509.0,118575.0,344785.0,669800.0,1273998.0
2014-11-15,377.993840736411,1552.0,15535.0,118571.0,345021.0,669776.0,1275494.0
2014-11-16,390.205823495032,1554.0,15484.0,118143.0,344248.0,669904.0,1278219.0
2014-11-17,387.501031560491,1571.0,15427.0,118066.0,344243.0,667612.0,1276172.0
2014-11-18,373.864564582116,1562.0,15418.0,118281.0,344766.0,670763.0,1282403.0
2014-11-19,377.613398012858,1562.0,15393.0,118315.0,345218.0,673343.0,1287207.0
2014-11-20,356.181265341905,1564.0,15385.0,118229.0,345777.0,669506.0,1287104.0
2014-11-21,350.748858854471,1567.0,15390.0,118302.0,345973.0,670911.0,1288591.0
2014-11-22,352.455514611338,1568.0,15403.0,118450.0,345928.0,672080.0,1290777.0
2014-11-23,367.773242255991,1568.0,15413.0,118479.0,346108.0,673412.0,1294395.0
2014-11-24,376.994223845704,1572.0,15402.0,118460.0,345919.0,673553.0,1293718.0
2014-11-25,376.755630040912,1572.0,15414.0,118477.0,346136.0,670958.0,1292985.0
2014-11-26,367.530208065459,1570.0,15446.0,118563.0,346359.0,672681.0,1298020.0
2014-11-27,369.530227352425,1568.0,15459.0,118614.0,346308.0,672638.0,1298677.0
2014-11-28,377.896931911163,1563.0,15422.0,118827.0,346692.0,675493.0,1303950.0
2014-11-29,376.07633547633,1560.0,15435.0,118595.0,346077.0,673943.0,1303299.0
2014-11-30,378.690397136178,1562.0,15432.0,118671.0,346413.0,670640.0,1302494.0
2014-12-01,379.111978959673,1556.0,15444.0,118678.0,347249.0,673579.0,1308206.0
2014-12-02,382.946796317943,1553.0,15422.0,118538.0,346184.0,672597.0,1303865.0
2014-12-03,375.916019286967,1558.0,15420.0,118514.0,345920.0,673365.0,1303744.0
2014-12-04,368.845568088837,1544.0,15401.0,118676.0,346317.0,669676.0,1301297.0
2014-12-05,378.428329631794,1539.0,15389.0,118586.0,346412.0,671729.0,1305736.0
2014-12-06,375.13795119813,1534.0,15376.0,118580.0,346149.0,670724.0,1306874.0
2014-12-07,376.639793103448,1532.0,15379.0,118762.0,346075.0,671403.0,1311541.0
2014-12-08,363.215676797195,1532.0,15391.0,118776.0,346102.0,671357.0,1310410.0
2014-12-09,351.106837814144,1522.0,15386.0,118717.0,345921.0,673548.0,1313505.0
2014-12-10,347.881393921683,1524.0,15412.0,118791.0,346384.0,675747.0,1313975.0
2014-12-11,348.593006136762,1525.0,15427.0,118896.0,346600.0,675529.0,1314437.0
2014-12-12,353.190612507306,1523.0,15427.0,119085.0,347178.0,676157.0,1317576.0
2014-12-13,349.242945061368,1524.0,15459.0,119022.0,347423.0,676156.0,1319554.0
2014-12-14,356.07972150789,1525.0,15457.0,119122.0,347578.0,676482.0,1322531.0
2014-12-15,347.095181472823,1530.0,15433.0,119293.0,347894.0,677369.0,1325169.0
2014-12-16,328.613320280538,1532.0,15438.0,119343.0,348438.0,679185.0,1329055.0
2014-12-17,320.297613383986,1532.0,15446.0,119276.0,348681.0,680572.0,1331831.0
2014-12-18,313.511651179427,1534.0,15464.0,119222.0,348897.0,678224.0,1327710.0
2014-12-19,318.242888661601,1544.0,15479.0,119261.0,349380.0,679291.0,1327745.0
2014-12-20,330.065758328463,1544.0,15479.0,119410.0,349619.0,679534.0,1328567.0
2014-12-21,320.992670075979,1557.0,15468.0,119437.0,350095.0,680923.0,1328550.0
2014-12-22,331.842584453536,1558.0,15474.0,119430.0,349854.0,682262.0,1315421.0
2014-12-23,336.084128579778,1564.0,15449.0,119407.0,349686.0,680659.0,1305764.0
2014-12-24,323.032297779077,1554.0,15427.0,119413.0,350158.0,681340.0,1307746.0
2014-12-25,318.996144360023,1552.0,15443.0,119399.0,350125.0,681478.0,1305578.0
2014-12-26,329.210341905319,1554.0,15437.0,119452.0,350519.0,683390.0,1309262.0
2014-12-27,315.968443892461,1552.0,15442.0,119505.0,350564.0,682973.0,1307878.0
2014-12-28,317.010480420807,1554.0,15453.0,119573.0,350796.0,684569.0,1310728.0
2014-12-29,313.065531560491,1554.0,15475.0,119616.0,351107.0,685119.0,1310036.0
2014-12-30,310.442004091175,1540.0,15435.0,119570.0,351373.0,686681.0,1313323.0
2014-12-31,320.662287258913,1531.0,15431.0,119697.0,351816.0,688128.0,1316063.0
2015-01-01,314.77647194623,1531.0,15444.0,119636.0,352159.0,688299.0,1318270.0
2015-01-02,315.942731735827,1533.0,15456.0,119745.0,351846.0,688709.0,1320179.0
2015-01-03,285.647309760374,1538.0,15470.0,119761.0,351541.0,688067.0,1319432.0
2015-01-04,263.334574810053,1537.0,15440.0,119572.0,351231.0,687898.0,1320372.0
2015-01-05,275.003851548802,1529.0,15439.0,119595.0,351571.0,690147.0,1322009.0
2015-01-06,287.549521040327,1529.0,15481.0,119657.0,351171.0,691140.0,1323500.0
2015-01-07,297.535565166569,1532.0,15517.0,119731.0,351615.0,693459.0,1328776.0
2015-01-08,284.342391876096,1539.0,15556.0,119695.0,351614.0,695134.0,1334024.0
2015-01-09,292.501114552893,1549.0,15567.0,119960.0,352591.0,696441.0,1336480.0
2015-01-10,276.230532144944,1545.0,15590.0,120121.0,353025.0,698069.0,1338238.0
2015-01-11,268.755515488019,1544.0,15601.0,120261.0,352822.0,698325.0,1338836.0
2015-01-12,268.617232028054,1542.0,15526.0,120210.0,353538.0,700097.0,1341263.0
2015-01-13,224.108117767388,1533.0,15526.0,120295.0,353681.0,697704.0,1340076.0
2015-01-14,175.637640561075,1538.0,15508.0,119946.0,353682.0,700641.0,1343217.0
2015-01-15,212.341011396844,1535.0,15486.0,120020.0,353989.0,703085.0,1345989.0
2015-01-16,207.595204850964,1533.0,15551.0,120063.0,354945.0,702420.0,1348136.0
2015-01-17,199.824836645237,1530.0,15562.0,120144.0,355172.0,704683.0,1351597.0
2015-01-18,211.132518410286,1532.0,15547.0,120198.0,354786.0,705765.0,1355183.0
2015-01-19,216.894694915254,1528.0,15545.0,120299.0,355017.0,703683.0,1354891.0
2015-01-20,211.919853886616,1535.0,15526.0,120333.0,355780.0,706792.0,1359356.0
2015-01-21,227.904210403273,1545.0,15456.0,120180.0,355547.0,706800.0,1360510.0
2015-01-22,233.647382817066,1529.0,15480.0,120233.0,355534.0,709363.0,1364709.0
2015-01-23,233.132852425482,1525.0,15459.0,120272.0,356325.0,711231.0,1368105.0
2015-01-24,249.08212390415,1531.0,15487.0,120315.0,356452.0,705727.0,1364241.0
2015-01-25,254.51794126242,1532.0,15528.0,120448.0,356406.0,704354.0,1362074.0
2015-01-26,273.952244886032,1533.0,15514.0,120476.0,356456.0,706214.0,1367227.0
2015-01-27,264.753804500292,1542.0,15488.0,120516.0,356457.0,708215.0,1371428.0
2015-01-28,235.735840444185,1537.0,15540.0,120568.0,356309.0,708177.0,1370908.0
2015-01-29,233.957373465809,1533.0,15577.0,120633.0,356782.0,710356.0,1375781.0
2015-01-30,228.896189947399,1533.0,15570.0,120766.0,357246.0,712503.0,1379673.0
2015-01-31,217.332156049094,1543.0,15557.0,120741.0,357245.0,713706.0,1382264.0
2015-02-01,227.111301285798,1549.0,15560.0,120814.0,357555.0,712911.0,1383246.0
2015-02-02,240.092419929866,1551.0,15578.0,120876.0,357766.0,714913.0,1386420.0
2015-02-03,227.775695791935,1548.0,15590.0,121007.0,358016.0,713715.0,1388188.0
2015-02-04,226.781134132087,1549.0,15673.0,120896.0,358122.0,716352.0,1393415.0
2015-02-05,217.011151081239,1549.0,15681.0,121169.0,358708.0,713496.0,1389448.0
2015-02-06,222.724969316189,1551.0,15690.0,121251.0,358863.0,715991.0,1392274.0
2015-02-07,228.647127410871,1546.0,15717.0,121216.0,358651.0,716810.0,1388906.0
2015-02-08,224.035988895383,1546.0,15723.0,121291.0,358798.0,717830.0,1391972.0
2015-02-09,220.768493863238,1552.0,15739.0,121360.0,359143.0,721000.0,1398700.0
2015-02-10,220.888154295734,1551.0,15751.0,121359.0,359426.0,721403.0,1399632.0
2015-02-11,219.495859731151,1546.0,15750.0,121473.0,359928.0,715912.0,1396880.0
2015-02-12,222.583227936879,1548.0,15760.0,121585.0,360838.0,717553.0,1399420.0
2015-02-13,236.555363822326,1543.0,15772.0,121581.0,360200.0,717602.0,1401382.0
2015-02-14,257.627695791935,1547.0,15769.0,121548.0,359976.0,715176.0,1398342.0
2015-02-15,234.445803039158,1544.0,15770.0,121479.0,360021.0,711989.0,1392873.0
2015-02-16,235.086126826417,1545.0,15775.0,121551.0,360287.0,715436.0,1398626.0
2015-02-17,243.905794272355,1544.0,15810.0,121548.0,360676.0,719543.0,1406104.0
2015-02-18,235.995232320281,1542.0,15789.0,121626.0,360852.0,721965.0,1410152.0
2015-02-19,241.872253945061,1535.0,15806.0,121648.0,361330.0,724086.0,1414574.0
2015-02-20,245.530775277615,1535.0,15816.0,121704.0,361126.0,719290.0,1409811.0
2015-02-21,245.596002630041,1533.0,15807.0,121830.0,361545.0,721854.0,1414283.0
2015-02-22,236.690668322618,1533.0,15835.0,121855.0,361562.0,721139.0,1416000.0
2015-02-23,239.066017825833,1543.0,15816.0,121630.0,361662.0,722058.0,1419289.0
2015-02-24,239.869262127411,1546.0,15774.0,121696.0,361988.0,725667.0,1424135.0
2015-02-25,238.236111046172,1548.0,15788.0,121787.0,362262.0,727239.0,1427906.0
2015-02-26,237.044402396259,1549.0,15805.0,121824.0,362488.0,730051.0,1431919.0
2015-02-27,255.116774400935,1547.0,15783.0,121806.0,362381.0,732557.0,1436889.0
2015-02-28,254.948448568089,1546.0,15791.0,121800.0,362229.0,728998.0,1435483.0
2015-03-01,260.651330800701,1545.0,15816.0,121949.0,362238.0,727258.0,1433574.0
2015-03-02,276.322613676213,1547.0,15822.0,121880.0,362431.0,728018.0,1431232.0
2015-03-03,282.705900935126,1548.0,15836.0,122016.0,362875.0,729835.0,1428557.0
2015-03-04,273.447536528346,1552.0,15826.0,122001.0,362838.0,730779.0,1431187.0
2015-03-05,276.268809175921,1547.0,15829.0,122091.0,362834.0,730793.0,1433492.0
2015-03-06,273.31811484512,1545.0,15853.0,122167.0,363177.0,730898.0,1432651.0
2015-03-07,276.403357393337,1561.0,15871.0,122279.0,363364.0,732670.0,1434735.0
2015-03-08,275.338033898305,1685.0,16006.0,122322.0,363596.0,731408.0,1433259.0
2015-03-09,290.130059029807,1690.0,15991.0,122286.0,363683.0,732979.0,1436738.0
2015-03-10,292.320383109293,1688.0,16014.0,122341.0,363783.0,735078.0,1441090.0
2015-03-11,296.693329339568,1698.0,16024.0,122369.0,364208.0,737718.0,1447816.0
2015-03-12,295.800344827586,1705.0,16051.0,122330.0,364341.0,738583.0,1446634.0
2015-03-13,285.911026300409,1702.0,16074.0,122320.0,364715.0,734061.0,1442643.0
2015-03-14,283.608306253653,1712.0,16071.0,122388.0,365140.0,735951.0,1444909.0
2015-03-15,287.270142022209,1714.0,16052.0,122501.0,365060.0,735931.0,1445205.0
2015-03-16,291.392118059614,1720.0,16037.0,122521.0,365737.0,739544.0,1450892.0
2015-03-17,285.248396551724,1713.0,16045.0,122568.0,366780.0,745512.0,1459707.0
2015-03-18,257.286160140269,1707.0,16103.0,122514.0,365600.0,739780.0,1450883.0
2015-03-19,262.092947983635,1700.0,16076.0,122918.0,366619.0,739676.0,1427126.0
2015-03-20,262.966492109877,1696.0,16082.0,123010.0,366740.0,742002.0,1431945.0
2015-03-21,261.18429748685,1698.0,16090.0,123075.0,366879.0,744288.0,1435653.0
2015-03-22,268.899415838691,1697.0,16105.0,123017.0,366863.0,744705.0,1439061.0
2015-03-23,266.777992986558,1688.0,16083.0,122722.0,366953.0,745329.0,1442250.0
2015-03-24,246.835082992402,1689.0,16136.0,122815.0,367535.0,747672.0,1445471.0
2015-03-25,246.719136762127,1696.0,16147.0,122825.0,367913.0,750141.0,1449584.0
2015-03-26,249.532993571011,1686.0,16107.0,122836.0,368107.0,749958.0,1448692.0
2015-03-27,247.378898305085,1683.0,16124.0,122973.0,368567.0,752037.0,1453382.0
2015-03-28,253.23161396844,1681.0,16113.0,123008.0,368864.0,753145.0,1457556.0
2015-03-29,242.967614260666,1680.0,16119.0,123048.0,368866.0,752942.0,1458170.0
2015-03-30,248.336934541204,1685.0,16107.0,123071.0,369725.0,751171.0,1455549.0
2015-03-31,244.712485680888,1684.0,16134.0,123124.0,370149.0,754883.0,1458775.0
2015-04-01,247.185819403857,1689.0,16120.0,123417.0,370523.0,756146.0,1462802.0
2015-04-02,253.630070426651,1705.0,16143.0,123390.0,370436.0,757478.0,1466247.0
2015-04-03,254.83316364699,1703.0,16126.0,123370.0,370741.0,759881.0,1470661.0
2015-04-04,253.945848626534,1706.0,16125.0,123367.0,370973.0,761539.0,1473341.0
2015-04-05,261.112136177674,1704.0,16129.0,123406.0,370849.0,760050.0,1473474.0
2015-04-06,256.367386908241,1701.0,16145.0,123557.0,370744.0,758112.0,1471368.0
2015-04-07,254.831898012858,1700.0,16148.0,123481.0,370829.0,759215.0,1473383.0
2015-04-08,245.825210403273,1697.0,16161.0,123632.0,371393.0,761338.0,1477938.0
2015-04-09,243.860636177674,1700.0,16173.0,123644.0,371899.0,762428.0,1480448.0
2015-04-10,235.871900642899,1700.0,16186.0,123631.0,371860.0,764837.0,1484252.0
2015-04-11,237.40906779661,1702.0,16141.0,123632.0,371461.0,765567.0,1488273.0
2015-04-12,237.141042372881,1702.0,16121.0,123617.0,371701.0,766470.0,1492195.0
2015-04-13,225.505635885447,1700.0,16156.0,123765.0,371858.0,766389.0,1493789.0
2015-04-14,219.757236703682,1693.0,16118.0,123840.0,371853.0,766022.0,1492152.0
2015-04-15,223.313907948568,1687.0,16121.0,123891.0,372458.0,768768.0,1497131.0
2015-04-16,228.493815312683,1685.0,16117.0,123960.0,373007.0,771653.0,1503209.0
2015-04-17,222.785060198714,1683.0,16136.0,123899.0,373548.0,773479.0,1507279.0
2015-04-18,223.398044126242,1684.0,16138.0,123930.0,373520.0,775227.0,1512315.0
2015-04-19,223.284135300994,1684.0,16133.0,124011.0,373897.0,776364.0,1514722.0
2015-04-20,224.894903565167,1682.0,16135.0,124094.0,374556.0,779298.0,1520166.0
2015-04-21,234.939356516657,1681.0,16119.0,124142.0,375430.0,781357.0,1523920.0
2015-04-22,233.822418760958,1679.0,16113.0,124185.0,375880.0,784486.0,1528514.0
2015-04-23,235.933293687902,1679.0,16113.0,124293.0,374940.0,781725.0,1528456.0
2015-04-24,231.458592343659,1679.0,16118.0,124293.0,374797.0,777137.0,1519420.0
2015-04-25,226.445992986558,1679.0,16146.0,124426.0,375017.0,779225.0,1524286.0
2015-04-26,220.503406779661,1677.0,16129.0,124533.0,375424.0,780526.0,1527736.0
2015-04-27,227.325990356517,1672.0,16139.0,124522.0,376042.0,783106.0,1533004.0
2015-04-28,225.549368790181,1671.0,16136.0,124543.0,376397.0,785022.0,1535983.0
2015-04-29,225.66928842782,1673.0,16139.0,124490.0,376374.0,785449.0,1538641.0
2015-04-30,236.327976037405,1667.0,16139.0,124442.0,376062.0,787880.0,1543566.0
2015-05-01,232.746582700175,1665.0,16158.0,124469.0,376387.0,789211.0,1547396.0
2015-05-02,235.540077147867,1666.0,16154.0,124530.0,376769.0,790260.0,1550812.0
2015-05-03,240.464248977206,1663.0,16155.0,124463.0,376289.0,790512.0,1554385.0
2015-05-04,238.976661309176,1662.0,16160.0,124485.0,377343.0,793001.0,1558330.0
2015-05-05,236.02338340152,1661.0,16146.0,124638.0,378799.0,795435.0,1562236.0
2015-05-06,229.481219300429,1660.0,16178.0,124629.0,379328.0,797693.0,1567886.0
2015-05-07,237.130687317358,1659.0,16162.0,124747.0,379335.0,799767.0,1574306.0
2015-05-08,244.383472822911,1659.0,16157.0,124732.0,379506.0,800991.0,1579475.0
2015-05-09,242.705950029223,1660.0,16154.0,124635.0,379833.0,799534.0,1580259.0
2015-05-10,240.731483927528,1656.0,16182.0,124726.0,378294.0,788585.0,1569985.0
2015-05-11,242.24983722969,1654.0,16201.0,124761.0,378414.0,788387.0,1572574.0
2015-05-12,242.209092051432,1652.0,16193.0,124835.0,379121.0,788916.0,1573860.0
2015-05-13,236.550265926359,1651.0,16182.0,124868.0,379106.0,792038.0,1579947.0
2015-05-14,236.948916715371,1650.0,16195.0,125066.0,379891.0,792891.0,1582469.0
2015-05-15,237.484502337814,1647.0,16206.0,125117.0,380000.0,793758.0,1585332.0
2015-05-16,235.812134424313,1653.0,16207.0,125105.0,379956.0,794648.0,1588666.0
2015-05-17,236.963682933957,1653.0,16211.0,125129.0,379543.0,791964.0,1587403.0
2015-05-18,232.88384961543,1651.0,16208.0,125024.0,380215.0,795661.0,1593303.0
2015-05-19,231.974446814728,1643.0,16207.0,125275.0,381082.0,797646.0,1595854.0
2015-05-20,234.190306253653,1650.0,16200.0,125247.0,381309.0,799227.0,1598585.0
2015-05-21,235.553821741672,1651.0,16201.0,125252.0,381845.0,801124.0,1602140.0
2015-05-22,240.323203682057,1658.0,16233.0,125253.0,382272.0,802988.0,1603984.0
2015-05-23,238.963281706604,1658.0,16236.0,125262.0,382287.0,802084.0,1605528.0
2015-05-24,240.711758328463,1661.0,16262.0,125283.0,381931.0,800921.0,1605579.0
2015-05-25,237.003543249562,1659.0,16266.0,125340.0,382060.0,802983.0,1608332.0
2015-05-26,236.796261250731,1657.0,16258.0,125365.0,382483.0,803406.0,1608655.0
2015-05-27,237.203596434833,1658.0,16294.0,125372.0,382564.0,805643.0,1612106.0
2015-05-28,236.956881940386,1659.0,16290.0,125455.0,382883.0,807464.0,1616629.0
2015-05-29,236.646526592636,1658.0,16284.0,125517.0,382975.0,807640.0,1621883.0
2015-05-30,232.788770017534,1667.0,16321.0,125594.0,383052.0,809150.0,1626683.0
2015-05-31,229.45054792519,1671.0,16339.0,125531.0,382489.0,807086.0,1625516.0
2015-06-01,223.282701928697,1666.0,16355.0,125588.0,382923.0,808449.0,1629035.0
2015-06-02,225.320800993571,1667.0,16368.0,125684.0,383126.0,807338.0,1628102.0
2015-06-03,225.213063413209,1668.0,16370.0,125742.0,383040.0,809745.0,1634109.0
2015-06-04,223.54007685564,1670.0,16384.0,125726.0,383271.0,810742.0,1637410.0
2015-06-05,224.731071887785,1670.0,16373.0,125818.0,383872.0,811828.0,1640771.0
2015-06-06,225.160513150205,1669.0,16380.0,125861.0,384244.0,813427.0,1645346.0
2015-06-07,223.411685856225,1667.0,16385.0,125985.0,384417.0,815206.0,1647399.0
2015-06-08,228.774291350088,1668.0,16382.0,125987.0,384307.0,813900.0,1649860.0
2015-06-09,229.370529514904,1665.0,16364.0,126122.0,385287.0,817394.0,1654198.0
2015-06-10,228.588487434249,1663.0,16387.0,126161.0,385916.0,817364.0,1621486.0
2015-06-11,229.584411747516,1664.0,16373.0,126136.0,386097.0,817191.0,1621709.0
2015-06-12,229.811218510228,1662.0,16387.0,126224.0,385737.0,816983.0,1621293.0
2015-06-13,233.015344535359,1665.0,16406.0,126140.0,385614.0,814387.0,1619216.0
2015-06-14,232.507108708358,1664.0,16398.0,126205.0,385487.0,813114.0,1618404.0
2015-06-15,236.7909628872,1662.0,16366.0,126225.0,386007.0,815802.0,1623601.0
2015-06-16,251.432676797195,1669.0,16374.0,126061.0,386524.0,819049.0,1627439.0
2015-06-17,247.969317650497,1676.0,16330.0,126000.0,385302.0,810681.0,1617375.0
2015-06-18,249.012479544126,1679.0,16332.0,125988.0,385276.0,806102.0,1611259.0
2015-06-19,244.803484219755,1670.0,16271.0,126011.0,385411.0,803980.0,1612338.0
2015-06-20,245.582513150205,1679.0,16277.0,125938.0,385307.0,804294.0,1614082.0
2015-06-21,244.300260081824,1674.0,16288.0,125979.0,385374.0,804560.0,1617404.0
2015-06-22,247.017892460549,1673.0,16282.0,126147.0,386282.0,805069.0,1618848.0
2015-06-23,244.184763296318,1679.0,16263.0,126184.0,386072.0,806371.0,1622279.0
2015-06-24,240.451545295149,1680.0,16314.0,126105.0,386497.0,808480.0,1627042.0
2015-06-25,242.347857685564,1675.0,16340.0,126234.0,386423.0,804771.0,1625058.0
2015-06-26,242.967997369959,1685.0,16333.0,126269.0,386398.0,804575.0,1626171.0
2015-06-27,251.529326709527,1692.0,16329.0,126237.0,386343.0,805254.0,1628160.0
2015-06-28,249.058285797779,1689.0,16330.0,126108.0,386770.0,806527.0,1633213.0
2015-06-29,256.65022238457,1692.0,16333.0,126197.0,386676.0,806758.0,1633202.0
2015-06-30,263.854356864991,1690.0,16340.0,126230.0,387808.0,800186.0,1631327.0
2015-07-01,258.042647574518,1689.0,16340.0,126290.0,387864.0,801005.0,1630717.0
2015-07-02,254.747113383986,1685.0,16355.0,126464.0,387876.0,801630.0,1633594.0
2015-07-03,256.087042833431,1690.0,16361.0,126493.0,387571.0,800375.0,1633389.0
2015-07-04,260.50923962595,1690.0,16356.0,126509.0,387732.0,799583.0,1634098.0
2015-07-05,271.302458211572,1690.0,16351.0,126450.0,388066.0,800811.0,1637150.0
2015-07-06,269.137940093513,1683.0,16346.0,126262.0,388400.0,803187.0,1641489.0
2015-07-07,266.469919053185,1685.0,16344.0,126358.0,389583.0,808737.0,1653897.0
2015-07-08,270.576142898889,1689.0,16358.0,126479.0,390633.0,812306.0,1663594.0
2015-07-09,269.680304792519,1691.0,16348.0,126426.0,390594.0,807719.0,1658242.0
2015-07-10,285.558780829924,1690.0,16332.0,126325.0,390868.0,807972.0,1655438.0
2015-07-11,293.917453828171,1694.0,16339.0,126397.0,390190.0,808797.0,1654537.0
2015-07-12,311.481879894798,1725.0,16364.0,126374.0,389988.0,806233.0,1650797.0
2015-07-13,292.649223845704,1726.0,16371.0,126476.0,390483.0,809031.0,1654019.0
2015-07-14,287.740951490357,1731.0,16349.0,126398.0,390552.0,809180.0,1653998.0
2015-07-15,285.922885447107,1730.0,16360.0,126452.0,390701.0,810983.0,1660207.0
2015-07-16,278.532749269433,1732.0,16382.0,126338.0,390370.0,808721.0,1656849.0
2015-07-17,280.064724722385,1722.0,16387.0,126393.0,390234.0,808370.0,1655178.0
2015-07-18,277.354635300994,1721.0,16401.0,126367.0,390078.0,809754.0,1658229.0
2015-07-19,275.281989479836,1724.0,16412.0,126335.0,389697.0,809290.0,1657392.0
2015-07-20,279.114393045003,1723.0,16433.0,126564.0,390064.0,811139.0,1661038.0
2015-07-21,276.652412624196,1714.0,16427.0,126669.0,390341.0,811105.0,1663213.0
2015-07-22,277.764369082408,1715.0,16413.0,126615.0,389693.0,809941.0,1664356.0
2015-07-23,276.811628579778,1720.0,16438.0,126732.0,389779.0,809867.0,1665802.0
2015-07-24,289.305976329632,1718.0,16434.0,126807.0,390221.0,808158.0,1664649.0
2015-07-25,289.507639976622,1728.0,16427.0,126764.0,390475.0,808796.0,1664477.0
2015-07-26,293.314842781999,1735.0,16419.0,126704.0,389792.0,808460.0,1663282.0
2015-07-27,294.426761835184,1724.0,16389.0,126691.0,390162.0,810668.0,1667562.0
2015-07-28,295.410125268849,1716.0,16375.0,126691.0,390353.0,810505.0,1665629.0
2015-07-29,289.85583635301,1712.0,16396.0,126892.0,390521.0,811373.0,1670444.0
2015-07-30,288.236260666277,1713.0,16389.0,126985.0,391040.0,813053.0,1674702.0
2015-07-31,284.597324371712,1715.0,16398.0,126933.0,390383.0,808849.0,1670404.0
2015-08-01,281.66884628872,1713.0,16397.0,126861.0,391606.0,810719.0,1673395.0
2015-08-02,282.423006428989,1711.0,16402.0,126953.0,391632.0,810973.0,1673469.0
2015-08-03,282.185052308591,1713.0,16437.0,127056.0,391230.0,811369.0,1673972.0
2015-08-04,285.286617475161,1712.0,16449.0,127240.0,392565.0,817120.0,1688899.0
2015-08-05,282.338886908241,1708.0,16472.0,127332.0,392200.0,817477.0,1689235.0
2015-08-06,278.99574868498,1715.0,16508.0,127374.0,392537.0,817924.0,1692384.0
2015-08-07,279.488715078901,1714.0,16541.0,127490.0,392661.0,815769.0,1691104.0
2015-08-08,261.450275569842,1727.0,16544.0,127485.0,392969.0,818729.0,1696675.0
2015-08-09,266.342020455874,1734.0,16410.0,127306.0,392854.0,818044.0,1695122.0
2015-08-10,264.928825248393,1718.0,16450.0,127468.0,393004.0,818014.0,1694521.0
2015-08-11,271.421736119229,1717.0,16447.0,127466.0,393536.0,819408.0,1697749.0
2015-08-12,268.143868497954,1710.0,16433.0,127625.0,394455.0,822068.0,1702136.0
2015-08-13,264.691627995324,1706.0,16460.0,127616.0,394734.0,821837.0,1703034.0
2015-08-14,266.355941554646,1704.0,16453.0,127898.0,395390.0,821826.0,1703143.0
2015-08-15,261.936836645237,1713.0,16430.0,127876.0,395863.0,823881.0,1706266.0
2015-08-16,258.930817389831,1714.0,16456.0,127903.0,396120.0,825285.0,1704174.0
2015-08-17,258.009398305085,1712.0,16473.0,127992.0,396597.0,828851.0,1710175.0
2015-08-18,217.885883116937,1709.0,16504.0,128080.0,396394.0,826029.0,1708602.0
2015-08-19,227.218251899474,1708.0,16509.0,128255.0,396903.0,829271.0,1712400.0
2015-08-20,235.523883109293,1710.0,16485.0,128320.0,397766.0,830399.0,1715879.0
2015-08-21,232.80061783986,1705.0,16517.0,128406.0,398116.0,831875.0,1718942.0
2015-08-22,230.639173290473,1706.0,16536.0,128377.0,399075.0,835042.0,1724568.0
2015-08-23,228.673073933372,1707.0,16541.0,128575.0,399133.0,835250.0,1728269.0
2015-08-24,211.955917592051,1710.0,16562.0,128739.0,400258.0,835316.0,1728264.0
2015-08-25,222.655039450614,1712.0,16578.0,128784.0,401514.0,840182.0,1733961.0
2015-08-26,226.116700175336,1715.0,16561.0,128777.0,402198.0,844763.0,1741339.0
2015-08-27,224.939877264757,1714.0,16560.0,128976.0,402372.0,848508.0,1751518.0
2015-08-28,232.17080829924,1715.0,16562.0,129125.0,402618.0,847045.0,1750393.0
2015-08-29,229.826200175336,1714.0,16573.0,129213.0,403047.0,848748.0,1755175.0
2015-08-30,229.019572472238,1714.0,16556.0,129314.0,403289.0,850217.0,1756876.0
2015-08-31,230.689466101695,1714.0,16550.0,129255.0,403496.0,850336.0,1758651.0
2015-09-01,227.955570426651,1720.0,16552.0,129370.0,404013.0,850892.0,1759085.0
2015-09-02,229.502180709527,1728.0,16553.0,129560.0,405399.0,856828.0,1764611.0
2015-09-03,227.107121566335,1722.0,16565.0,129622.0,405275.0,857157.0,1764696.0
2015-09-04,231.177563413209,1722.0,16576.0,129745.0,405696.0,857855.0,1765481.0
2015-09-05,235.903006136762,1718.0,16563.0,129715.0,405813.0,858981.0,1768644.0
2015-09-06,240.805472238457,1718.0,16580.0,129808.0,406521.0,860512.0,1772955.0
2015-09-07,240.6336157218,1724.0,16576.0,129871.0,406193.0,859754.0,1776652.0
2015-09-08,244.174952659264,1737.0,16603.0,130031.0,406292.0,862681.0,1782199.0
2015-09-09,238.722463179427,1741.0,16650.0,130129.0,406357.0,863997.0,1783451.0
2015-09-10,238.750477206312,1749.0,16666.0,130177.0,406252.0,866012.0,1787548.0
2015-09-11,240.845008116891,1754.0,16678.0,130290.0,406917.0,869556.0,1794369.0
2015-09-12,236.351832176505,1750.0,16671.0,130286.0,407280.0,870245.0,1797906.0
2015-09-13,230.548837317358,1752.0,16688.0,130161.0,406753.0,869358.0,1799392.0
2015-09-14,230.948793980129,1749.0,16697.0,130424.0,407067.0,868363.0,1798553.0
2015-09-15,230.398590005845,1748.0,16700.0,130581.0,407450.0,869137.0,1801968.0
2015-09-16,229.043285797779,1747.0,16721.0,130746.0,408214.0,870651.0,1805253.0
2015-09-17,233.202697837522,1749.0,16719.0,130955.0,409732.0,874597.0,1812112.0
2015-09-18,233.175130917592,1747.0,16747.0,130911.0,409290.0,874091.0,1812484.0
2015-09-19,232.241568088837,1746.0,16740.0,131087.0,410410.0,876721.0,1817478.0
2015-09-20,231.362323787259,1744.0,16742.0,131105.0,410118.0,877446.0,1821318.0
2015-09-21,226.773447983635,1745.0,16757.0,131011.0,409999.0,874926.0,1817834.0
2015-09-22,230.626304792519,1738.0,16761.0,131141.0,410554.0,878279.0,1824775.0
2015-09-23,230.132437755698,1737.0,16732.0,131233.0,411134.0,880587.0,1828695.0
2015-09-24,234.319868497954,1728.0,16714.0,131341.0,411672.0,881924.0,1831733.0
2015-09-25,235.538221800117,1737.0,16748.0,131524.0,411614.0,882082.0,1835235.0
2015-09-26,234.591814436002,1736.0,16747.0,131755.0,411738.0,866148.0,1822133.0
2015-09-27,233.243309760374,1736.0,16744.0,131755.0,411569.0,864726.0,1800457.0
2015-09-28,240.017265341905,1728.0,16747.0,131879.0,412836.0,866922.0,1799364.0
2015-09-29,237.336233781414,1725.0,16764.0,132001.0,413409.0,869170.0,1776460.0
2015-09-30,236.739848042081,1724.0,16751.0,131680.0,413515.0,870554.0,1777833.0
2015-10-01,238.229813851549,1717.0,16749.0,131684.0,414234.0,873659.0,1784432.0
2015-10-02,237.937007305669,1720.0,16754.0,131826.0,413906.0,869209.0,1780461.0
2015-10-03,239.735897720631,1727.0,16769.0,131964.0,414597.0,872480.0,1788491.0
2015-10-04,239.516924897721,1745.0,16779.0,131825.0,414585.0,872989.0,1791913.0
2015-10-05,240.961213833431,1740.0,16759.0,131974.0,415605.0,875115.0,1796743.0
2015-10-06,246.940498246639,1749.0,16746.0,131965.0,416256.0,875801.0,1796662.0
2015-10-07,243.734486849795,1747.0,16810.0,132115.0,416356.0,874404.0,1798473.0
2015-10-08,243.029632963179,1748.0,16799.0,132186.0,417088.0,876428.0,1803136.0
2015-10-09,244.448887492694,1749.0,16815.0,132402.0,418039.0,878846.0,1808343.0
2015-10-10,245.955924313267,1752.0,16827.0,132485.0,418124.0,881415.0,1815615.0
2015-10-11,248.528165400351,1760.0,16818.0,132434.0,418085.0,880302.0,1818604.0
2015-10-12,246.093637346581,1759.0,16819.0,132613.0,418389.0,880048.0,1818000.0
2015-10-13,250.471300701344,1761.0,16793.0,132514.0,418316.0,881807.0,1820157.0
2015-10-14,253.142325540619,1761.0,16783.0,132504.0,419152.0,883683.0,1825385.0
2015-10-15,254.693015002922,1777.0,16747.0,132251.0,418143.0,882864.0,1827456.0
2015-10-16,262.737363237873,1779.0,16744.0,132275.0,417079.0,881784.0,1822788.0
2015-10-17,271.930938924605,1781.0,16732.0,132465.0,417219.0,880968.0,1821575.0
2015-10-18,263.481677381648,1786.0,16756.0,132335.0,417069.0,879500.0,1822839.0
2015-10-19,264.362728229106,1788.0,16763.0,132616.0,417660.0,878559.0,1821674.0
2015-10-20,270.832211864407,1783.0,16769.0,132817.0,418809.0,881796.0,1825417.0
2015-10-21,268.040217708942,1801.0,16849.0,132966.0,419045.0,882871.0,1827897.0
2015-10-22,275.414956458212,1793.0,16821.0,133181.0,420083.0,885862.0,1833989.0
2015-10-23,278.612778026885,1789.0,16793.0,133444.0,421187.0,888467.0,1839226.0
2015-10-24,283.61114289889,1781.0,16783.0,133899.0,422361.0,891476.0,1847977.0
2015-10-25,286.04969345412,1774.0,16782.0,134093.0,421938.0,887106.0,1839771.0
2015-10-26,286.703382817066,1774.0,16798.0,134680.0,423002.0,886797.0,1840025.0
2015-10-27,295.562913793104,1768.0,16764.0,134872.0,423957.0,891578.0,1852242.0
2015-10-28,304.442097019287,1781.0,16847.0,134615.0,424269.0,892827.0,1858351.0
2015-10-29,314.879462302747,1773.0,16794.0,135096.0,425631.0,893164.0,1858878.0
2015-10-30,328.492321157218,1793.0,16830.0,134849.0,426010.0,895746.0,1863537.0
2015-10-31,314.119508182349,1789.0,16838.0,134458.0,426584.0,897586.0,1870179.0
2015-11-01,329.854227644652,1787.0,16821.0,134467.0,425416.0,893768.0,1862705.0
2015-11-02,364.616627995324,1781.0,16887.0,134836.0,426461.0,896065.0,1865452.0
2015-11-03,400.923105201637,1771.0,16865.0,134562.0,426940.0,897700.0,1870544.0
2015-11-04,405.481681472823,1791.0,16832.0,134616.0,426914.0,896270.0,1867395.0
2015-11-05,384.341222969024,1818.0,16787.0,134694.0,425825.0,894257.0,1864906.0
2015-11-06,372.975417884278,1814.0,16778.0,134821.0,425863.0,894833.0,1865667.0
2015-11-07,386.504550847458,1807.0,16761.0,135819.0,427596.0,898549.0,1874100.0
2015-11-08,372.400129748685,1810.0,16781.0,136267.0,427900.0,899784.0,1880947.0
2015-11-09,380.495644360023,1811.0,16789.0,136925.0,429084.0,901599.0,1878892.0
2015-11-10,337.830502337814,1826.0,16807.0,136141.0,429675.0,904611.0,1874263.0
2015-11-11,308.922185856225,1816.0,16780.0,135317.0,427967.0,905679.0,1878769.0
2015-11-12,337.522988603156,1816.0,16811.0,135967.0,429394.0,910168.0,1887459.0
2015-11-13,337.278958211572,1819.0,16808.0,136784.0,431540.0,914194.0,1897588.0
2015-11-14,333.047117475161,1797.0,16822.0,137548.0,433342.0,918657.0,1908213.0
2015-11-15,319.928021624781,1782.0,16810.0,138127.0,434050.0,919571.0,1912109.0
2015-11-16,331.132725014611,1770.0,16747.0,137791.0,433631.0,917897.0,1909609.0
2015-11-17,335.849786090006,1769.0,16741.0,136492.0,432277.0,919507.0,1915774.0
2015-11-18,335.744504967855,1794.0,16780.0,136709.0,432006.0,918996.0,1921173.0
2015-11-19,326.232145528931,1792.0,16761.0,137220.0,432872.0,920428.0,1928087.0
2015-11-20,321.940475452951,1784.0,16742.0,137615.0,434202.0,924171.0,1935789.0
2015-11-21,325.905231151373,1785.0,16765.0,137912.0,434544.0,926154.0,1941875.0
2015-11-22,323.716966101695,1784.0,16758.0,138190.0,434678.0,922044.0,1938806.0
2015-11-23,323.012556341321,1779.0,16774.0,138447.0,435282.0,924905.0,1944958.0
2015-11-24,319.961356527177,1768.0,16759.0,138738.0,436313.0,928391.0,1951779.0
2015-11-25,328.960457334892,1760.0,16729.0,138964.0,437265.0,929567.0,1956100.0
2015-11-26,356.255292518995,1750.0,16730.0,138703.0,436501.0,926995.0,1956071.0
2015-11-27,359.268824371712,1787.0,16779.0,136807.0,434248.0,926496.0,1959603.0
2015-11-28,356.567322618352,1797.0,16775.0,137383.0,435664.0,929624.0,1967056.0
2015-11-29,371.707612507306,1795.0,16757.0,137714.0,437434.0,932645.0,1970613.0
2015-11-30,377.389839859731,1795.0,16716.0,138079.0,437304.0,931455.0,1966940.0
2015-12-01,362.532375803624,1770.0,16710.0,138824.0,439214.0,935972.0,1977656.0
2015-12-02,359.22240414962,1756.0,16689.0,138818.0,438666.0,936393.0,1983079.0
2015-12-03,361.210068088837,1769.0,16766.0,138019.0,437356.0,933554.0,1981285.0
2015-12-04,363.241631794272,1764.0,16727.0,138562.0,440121.0,937743.0,1981826.0
2015-12-05,389.362958796026,1733.0,16674.0,140517.0,443283.0,943646.0,1991831.0
2015-12-06,393.319129748685,1716.0,16630.0,142015.0,445390.0,946352.0,2001588.0
2015-12-07,395.346588252484,1704.0,16642.0,142606.0,446506.0,947698.0,2002086.0
2015-12-08,413.798660432496,1730.0,16645.0,141882.0,443647.0,945347.0,2004004.0
2015-12-09,417.632671244886,1716.0,16624.0,142178.0,447454.0,955848.0,2017471.0
2015-12-10,415.729924313267,1713.0,16621.0,142178.0,450837.0,966810.0,2032815.0
2015-12-11,453.86148012858,1708.0,16562.0,141429.0,456522.0,989236.0,2061292.0
2015-12-12,435.85572238457,1711.0,16544.0,141534.0,461637.0,1004981.0,2068292.0
2015-12-13,434.403466393922,1710.0,16519.0,141784.0,468215.0,1021551.0,2087937.0
2015-12-14,442.991689655173,1707.0,16510.0,141938.0,473731.0,1035473.0,2102932.0
2015-12-15,464.617871712449,1710.0,16538.0,141253.0,474465.0,1048665.0,2125021.0
2015-12-16,454.142492402104,1719.0,16575.0,140539.0,475490.0,1056611.0,2140818.0
2015-12-17,456.240134611338,1731.0,16601.0,140198.0,477964.0,1068476.0,2158077.0
2015-12-18,463.175769725307,1727.0,16585.0,140411.0,483875.0,1083372.0,2178364.0
2015-12-19,461.399907948568,1743.0,16615.0,140403.0,487430.0,1095762.0,2200378.0
2015-12-20,442.15399006429,1743.0,16589.0,140636.0,492075.0,1109133.0,2220813.0
2015-12-21,437.640129456458,1742.0,16633.0,141087.0,498435.0,1126956.0,2244139.0
2015-12-22,435.268379018118,1743.0,16617.0,140464.0,498706.0,1139336.0,2266647.0
2015-12-23,442.665727060199,1741.0,16590.0,140565.0,506234.0,1162750.0,2289920.0
2015-12-24,455.878713033314,1732.0,16556.0,140461.0,513607.0,1186849.0,2320716.0
2015-12-25,455.718825832846,1728.0,16532.0,140272.0,520176.0,1208716.0,2352377.0
2015-12-26,418.221531560491,1723.0,16590.0,139879.0,519268.0,1214243.0,2364274.0
2015-12-27,422.705894506137,1724.0,16615.0,139911.0,519192.0,1219357.0,2373832.0
2015-12-28,421.052879602572,1732.0,16623.0,139873.0,514372.0,1214861.0,2373067.0
2015-12-29,431.340021332554,1730.0,16624.0,139996.0,515810.0,1220895.0,2379262.0
2015-12-30,426.043646990064,1734.0,16643.0,139910.0,515362.0,1220043.0,2386570.0
2015-12-31,429.677153419053,1731.0,16581.0,139972.0,517316.0,1224514.0,2394395.0
2016-01-01,434.678006428989,1732.0,16590.0,139903.0,517264.0,1225244.0,2394963.0
2016-01-02,434.439877264757,1734.0,16615.0,139894.0,517695.0,1228858.0,2371750.0
2016-01-03,430.136180011689,1732.0,16606.0,139808.0,517907.0,1231463.0,2377238.0
2016-01-04,433.44897106955,1734.0,16608.0,139858.0,518351.0,1235290.0,2385673.0
2016-01-05,432.669502630041,1738.0,16693.0,139810.0,517618.0,1234723.0,2384753.0
2016-01-06,430.677869666862,1753.0,16688.0,139587.0,518120.0,1237175.0,2393027.0
2016-01-07,459.208940093513,1735.0,16715.0,139742.0,519695.0,1240510.0,2402476.0
2016-01-08,454.134423728814,1738.0,16744.0,139812.0,518845.0,1238029.0,2402538.0
2016-01-09,449.845216247808,1735.0,16764.0,139853.0,519001.0,1236006.0,2406295.0
2016-01-10,448.580216247808,1739.0,16796.0,139994.0,519388.0,1237056.0,2409732.0
2016-01-11,449.033059029807,1739.0,16828.0,139811.0,519670.0,1237765.0,2413264.0
2016-01-12,441.768157218001,1738.0,16817.0,139554.0,519865.0,1240198.0,2420344.0
2016-01-13,432.310645236704,1742.0,16818.0,139499.0,519986.0,1240681.0,2424459.0
2016-01-14,429.823224722385,1745.0,16837.0,139760.0,521652.0,1244146.0,2430888.0
2016-01-15,367.823199883109,1743.0,16832.0,139523.0,521241.0,1246514.0,2439357.0
2016-01-16,388.071204558738,1739.0,16817.0,139482.0,520549.0,1242664.0,2436228.0
2016-01-17,382.482086499123,1742.0,16833.0,139040.0,520455.0,1247889.0,2445242.0
2016-01-18,384.865166569258,1734.0,16823.0,139040.0,524801.0,1256966.0,2456316.0
2016-01-19,378.161725014611,1738.0,16865.0,138448.0,524682.0,1258459.0,2459577.0
2016-01-20,420.622924168323,1740.0,16808.0,138601.0,526003.0,1259490.0,2461983.0
2016-01-21,409.298459672706,1738.0,16823.0,138512.0,525588.0,1262597.0,2461850.0
2016-01-22,381.046459380479,1756.0,16829.0,137656.0,525139.0,1266287.0,2460620.0
2016-01-23,386.370602571596,1754.0,16849.0,138002.0,526767.0,1267201.0,2463027.0
2016-01-24,403.446926651081,1753.0,16842.0,136780.0,528998.0,1270203.0,2473387.0
2016-01-25,391.986097311514,1755.0,16864.0,134356.0,525789.0,1274225.0,2481259.0
2016-01-26,391.142935125657,1753.0,16909.0,134642.0,523939.0,1280457.0,2493838.0
2016-01-27,394.62753037405,1763.0,16987.0,134091.0,516681.0,1278201.0,2497920.0
2016-01-28,378.900995616599,1760.0,16965.0,134453.0,508929.0,1273955.0,2498544.0
2016-01-29,378.99999482291,1777.0,16967.0,135456.0,473401.0,1241640.0,2467392.0
2016-01-30,377.262779076564,1771.0,17006.0,136175.0,466840.0,1238065.0,2465869.0
2016-01-31,366.341687609585,1776.0,17051.0,136465.0,460142.0,1231335.0,2464163.0
2016-02-01,371.22343509059,1774.0,17162.0,137588.0,460066.0,1137157.0,2370598.0
2016-02-02,372.927631209819,1775.0,17187.0,138489.0,465650.0,1036346.0,2271732.0
2016-02-03,368.098206604325,1773.0,17157.0,139187.0,467283.0,1040027.0,2183983.0
2016-02-04,389.723081239042,1766.0,17134.0,139058.0,470132.0,1050170.0,2203220.0
2016-02-05,384.398413983051,1791.0,17060.0,138463.0,472449.0,1060291.0,2218978.0
2016-02-06,374.631555523086,1790.0,17086.0,138512.0,474836.0,1071590.0,2246916.0
2016-02-07,375.153917592051,1789.0,17031.0,139046.0,478896.0,1090819.0,2284403.0
2016-02-08,370.814350327294,1794.0,17042.0,138930.0,480709.0,1096514.0,2298644.0
2016-02-09,373.5116128609,1787.0,17045.0,138295.0,481057.0,1100206.0,2311141.0
2016-02-10,379.082611630625,1792.0,17107.0,138311.0,481445.0,1102943.0,2316540.0
2016-02-11,377.639165108124,1787.0,17082.0,138192.0,484063.0,1117548.0,2346021.0
2016-02-12,382.294456458212,1783.0,17079.0,138604.0,487661.0,1131620.0,2372220.0
2016-02-13,389.598432472238,1779.0,17064.0,138477.0,489717.0,1141476.0,2394033.0
2016-02-14,406.150669491525,1782.0,17048.0,138570.0,491146.0,1147063.0,2406754.0
2016-02-15,399.26761864699,1782.0,17031.0,138540.0,493032.0,1158011.0,2429130.0
2016-02-16,407.035309468147,1781.0,17079.0,138558.0,496889.0,1174409.0,2459638.0
2016-02-17,415.324113383986,1804.0,17053.0,138462.0,498781.0,1185176.0,2481184.0
2016-02-18,421.289662981882,1800.0,17059.0,138522.0,501103.0,1192011.0,2498735.0
2016-02-19,419.626528541204,1801.0,17046.0,138397.0,503839.0,1205659.0,2503311.0
2016-02-20,440.195760081823,1799.0,17036.0,138051.0,504376.0,1214641.0,2521515.0
2016-02-21,438.718612681473,1801.0,16992.0,138005.0,506488.0,1224876.0,2539442.0
2016-02-22,437.535295094097,1802.0,17005.0,138034.0,509296.0,1236383.0,2565050.0
2016-02-23,420.032592609585,1802.0,17026.0,137891.0,510453.0,1244994.0,2576232.0
2016-02-24,423.995112507306,1802.0,17041.0,138062.0,511300.0,1248533.0,2587143.0
2016-02-25,424.090870251315,1789.0,17040.0,137206.0,510485.0,1244937.0,2583259.0
2016-02-26,431.762241963764,1791.0,17018.0,137041.0,510206.0,1244732.0,2587720.0
2016-02-27,432.947845996493,1810.0,16999.0,136966.0,509482.0,1244791.0,2586317.0
2016-02-28,433.102262711864,1812.0,16933.0,136506.0,516786.0,1271014.0,2636445.0
2016-02-29,437.775872589129,1796.0,16922.0,137257.0,525577.0,1290981.0,2668355.0
2016-03-01,432.807867153711,1779.0,16946.0,137636.0,527867.0,1296465.0,2684639.0
2016-03-02,423.079789392168,1777.0,16940.0,137585.0,523256.0,1290950.0,2686968.0
2016-03-03,419.268821332554,1784.0,16958.0,137049.0,508945.0,1271877.0,2665659.0
2016-03-04,407.990154295734,1780.0,17054.0,135907.0,504641.0,1264398.0,2645260.0
2016-03-05,397.314453945061,1784.0,17002.0,135863.0,476122.0,1230931.0,2614705.0
2016-03-06,403.705187463472,1781.0,17012.0,135491.0,475388.0,1227450.0,2607428.0
2016-03-07,413.22936616014,1805.0,17060.0,135680.0,475819.0,1230963.0,2615925.0
2016-03-08,411.425953243717,1819.0,17049.0,135746.0,476543.0,1235546.0,2620413.0
2016-03-09,412.540703506721,1822.0,17045.0,135752.0,476012.0,1233849.0,2576461.0
2016-03-10,416.340928696669,1820.0,17040.0,135510.0,474878.0,1235595.0,2585253.0
2016-03-11,419.511934248977,1850.0,17064.0,135068.0,472266.0,1235686.0,2595545.0
2016-03-12,410.264163296318,1850.0,17067.0,135051.0,472225.0,1237491.0,2604521.0
2016-03-13,411.805882466394,1854.0,17077.0,135045.0,469625.0,1232593.0,2605540.0
2016-03-14,415.026957276446,1852.0,17097.0,135136.0,468751.0,1231978.0,2612190.0
2016-03-15,415.266400292227,1850.0,17109.0,135162.0,469851.0,1234966.0,2625756.0
2016-03-16,417.024118468732,1861.0,17154.0,135045.0,469463.0,1240716.0,2643003.0
2016-03-17,418.605363822326,1855.0,17171.0,135056.0,469638.0,1241787.0,2650937.0
2016-03-18,408.901587405026,1866.0,17177.0,134942.0,468979.0,1243530.0,2665422.0
2016-03-19,409.124429865576,1865.0,17161.0,135079.0,469866.0,1246109.0,2677432.0
2016-03-20,412.056953828171,1861.0,17172.0,135247.0,470185.0,1248081.0,2689328.0
2016-03-21,411.601774050263,1859.0,17181.0,135350.0,470515.0,1251340.0,2698370.0
2016-03-22,416.581653828171,1849.0,17210.0,135393.0,471400.0,1254406.0,2710804.0
2016-03-23,417.378299532437,1844.0,17156.0,135073.0,470082.0,1254414.0,2720926.0
2016-03-24,413.560239918177,1844.0,16953.0,134232.0,467302.0,1250033.0,2721076.0
2016-03-25,416.373243834015,1839.0,16940.0,134178.0,466932.0,1251337.0,2730926.0
2016-03-26,416.823096668615,1848.0,16920.0,134172.0,446970.0,1177972.0,2663859.0
2016-03-27,425.454959848042,1848.0,16930.0,134039.0,446753.0,1152129.0,2641236.0
2016-03-28,422.917446814728,1846.0,17003.0,134001.0,447102.0,1077000.0,2571038.0
2016-03-29,415.863828755114,1869.0,17091.0,134228.0,448474.0,1035413.0,2374799.0
2016-03-30,412.777697779076,1874.0,17101.0,134465.0,448728.0,1037579.0,2337892.0
2016-03-31,415.956811221508,1873.0,17116.0,134569.0,449671.0,1040697.0,2341113.0
2016-04-01,417.20066025716,1877.0,17113.0,134620.0,449795.0,1041863.0,2337540.0
2016-04-02,419.763056691993,1872.0,17124.0,134687.0,450587.0,1043772.0,2344843.0
2016-04-03,420.073578901227,1873.0,17121.0,134840.0,450761.0,1044747.0,2351369.0
2016-04-04,419.540727878434,1875.0,17153.0,135200.0,451950.0,1044637.0,2356013.0
2016-04-05,422.50136440678,1873.0,17178.0,135052.0,451463.0,1044497.0,2362864.0
2016-04-06,421.907191233197,1882.0,17206.0,135167.0,452319.0,1047859.0,2372073.0
2016-04-07,421.467220046756,1843.0,17204.0,135386.0,452713.0,1052902.0,2388556.0
2016-04-08,418.643460549386,1846.0,17201.0,135383.0,454112.0,1058183.0,2404808.0
2016-04-09,418.758635359439,1852.0,17232.0,135376.0,454214.0,1058224.0,2414899.0
2016-04-10,421.954488544711,1835.0,17192.0,135456.0,454486.0,1061068.0,2430203.0
2016-04-11,423.273044009351,1836.0,17196.0,135569.0,454782.0,1063063.0,2434822.0
2016-04-12,427.427664582116,1846.0,17191.0,135324.0,454344.0,1061884.0,2438982.0
2016-04-13,424.87251811806,1835.0,17210.0,135370.0,454243.0,1064816.0,2444942.0
2016-04-14,425.8565949737,1842.0,17193.0,135508.0,454622.0,1068374.0,2457043.0
2016-04-15,430.724418760959,1851.0,17223.0,135552.0,454623.0,1072226.0,2470890.0
2016-04-16,432.216313033314,1869.0,17231.0,135687.0,455252.0,1074101.0,2477976.0
2016-04-17,429.339968731736,1868.0,17232.0,135691.0,455436.0,1074195.0,2476781.0
2016-04-18,429.656933664524,1859.0,17247.0,135899.0,457420.0,1077880.0,2485270.0
2016-04-19,437.568726183518,1866.0,17255.0,136008.0,457344.0,1080025.0,2497568.0
2016-04-20,442.661653302163,1865.0,17260.0,135920.0,457794.0,1082539.0,2499623.0
2016-04-21,452.164702805377,1873.0,17292.0,136169.0,458286.0,1084152.0,2508135.0
2016-04-22,448.134421332554,1869.0,17291.0,136175.0,459580.0,1084864.0,2516776.0
2016-04-23,453.914722969024,1867.0,17323.0,136126.0,459323.0,1087592.0,2527590.0
2016-04-24,463.382871420222,1861.0,17318.0,136423.0,459795.0,1087266.0,2526196.0
2016-04-25,465.31600666277,1869.0,17356.0,136565.0,460351.0,1091849.0,2534016.0
2016-04-26,469.60876452367,1870.0,17324.0,136604.0,461480.0,1096663.0,2547020.0
2016-04-27,445.741113091759,1862.0,17352.0,136654.0,461878.0,1098580.0,2557104.0
2016-04-28,451.060061776739,1866.0,17383.0,136836.0,462143.0,1101433.0,2567661.0
2016-04-29,457.009965225015,1870.0,17393.0,136964.0,462788.0,1104603.0,2576466.0
2016-04-30,449.900484511981,1871.0,17384.0,137019.0,462780.0,1106480.0,2585094.0
2016-05-01,455.010731151374,1871.0,17399.0,137108.0,462958.0,1108035.0,2593901.0
2016-05-02,444.933061192285,1874.0,17413.0,137174.0,463974.0,1108391.0,2594512.0
2016-05-03,451.628850379895,1873.0,17435.0,137141.0,465129.0,1111837.0,2602259.0
2016-05-04,448.367967562829,1862.0,17318.0,136274.0,462344.0,1108831.0,2588928.0
2016-05-05,449.336072472238,1855.0,17383.0,136589.0,463498.0,1111494.0,2593126.0
2016-05-06,461.693862361192,1881.0,17438.0,136959.0,464770.0,1116138.0,2600026.0
2016-05-07,461.361842489772,1881.0,17438.0,136952.0,464636.0,1117544.0,2604886.0
2016-05-08,461.378872296902,1883.0,17448.0,137068.0,464730.0,1116848.0,2604575.0
2016-05-09,463.462231677382,1889.0,17400.0,137132.0,465816.0,1121441.0,2618559.0
2016-05-10,451.079668322618,1887.0,17459.0,137230.0,467027.0,1123687.0,2621268.0
2016-05-11,453.896305260082,1887.0,17467.0,137457.0,467229.0,1126836.0,2623206.0
2016-05-12,455.607255932203,1887.0,17458.0,137394.0,467206.0,1128476.0,2630753.0
2016-05-13,457.241902688486,1886.0,17476.0,137477.0,466734.0,1126225.0,2637283.0
2016-05-14,458.119524839275,1888.0,17489.0,137311.0,466612.0,1126167.0,2638822.0
2016-05-15,460.85772063121,1882.0,17497.0,137480.0,467042.0,1126850.0,2644034.0
2016-05-16,455.224077323203,1889.0,17524.0,137516.0,467921.0,1133535.0,2657463.0
2016-05-17,453.545777030976,1893.0,17533.0,137559.0,468638.0,1137218.0,2666552.0
2016-05-18,454.486184102864,1890.0,17537.0,137611.0,469587.0,1141370.0,2672617.0
2016-05-19,437.724187142022,1889.0,17511.0,137716.0,470582.0,1144326.0,2682585.0
2016-05-20,442.396799240211,1897.0,17458.0,137696.0,470400.0,1147622.0,2688329.0
2016-05-21,444.078207188778,1891.0,17434.0,137608.0,470998.0,1152770.0,2635404.0
2016-05-22,440.558668848627,1897.0,17446.0,137679.0,471103.0,1149818.0,2626252.0
2016-05-23,444.205057276447,1897.0,17426.0,137693.0,472389.0,1153690.0,2628023.0
2016-05-24,445.674454938632,1893.0,17443.0,138033.0,472997.0,1157789.0,2628800.0
2016-05-25,450.54952717709,1876.0,17415.0,137987.0,472890.0,1159258.0,2629233.0
2016-05-26,454.43372238457,1866.0,17396.0,137671.0,472337.0,1159748.0,2628417.0
2016-05-27,471.820117299825,1846.0,17262.0,137848.0,472921.0,1161739.0,2637689.0
2016-05-28,530.910597895967,1833.0,17230.0,138567.0,475582.0,1163495.0,2642675.0
2016-05-29,527.54971244886,1823.0,17189.0,137950.0,477419.0,1165249.0,2648669.0
2016-05-30,533.493149035652,1822.0,17143.0,137048.0,472104.0,1155570.0,2611854.0
2016-05-31,530.943692811221,1821.0,17142.0,136984.0,472441.0,1160490.0,2622418.0
2016-06-01,537.613678842782,1820.0,17114.0,137022.0,472872.0,1161587.0,2630232.0
2016-06-02,538.771243191116,1829.0,17143.0,137029.0,473713.0,1167964.0,2642471.0
2016-06-03,570.175988252484,1823.0,17118.0,137172.0,473095.0,1164183.0,2650301.0
2016-06-04,574.26620163647,1819.0,17159.0,137241.0,473865.0,1167845.0,2660868.0
2016-06-05,575.137638047925,1824.0,17184.0,138343.0,477344.0,1169730.0,2662237.0
2016-06-06,585.857149035652,1828.0,17176.0,138891.0,479791.0,1174146.0,2670635.0
2016-06-07,578.469240677966,1827.0,17160.0,139326.0,482557.0,1180807.0,2689788.0
2016-06-08,583.097585330216,1834.0,17170.0,139763.0,484767.0,1187537.0,2710090.0
2016-06-09,577.101699707773,1839.0,17125.0,138242.0,481585.0,1188662.0,2723996.0
2016-06-10,579.814993571011,1841.0,17142.0,139141.0,484534.0,1193808.0,2734725.0
2016-06-11,605.44955698422,1839.0,17188.0,139873.0,487636.0,1190897.0,2740362.0
2016-06-12,670.39237434249,1828.0,17223.0,140362.0,490093.0,1191751.0,2729227.0
2016-06-13,704.321778141438,1843.0,17213.0,140508.0,490920.0,1190350.0,2714898.0
2016-06-14,684.948319403857,1843.0,17157.0,140269.0,491896.0,1199018.0,2721014.0
2016-06-15,695.001468439509,1863.0,17116.0,139562.0,488307.0,1196658.0,2702118.0
2016-06-16,767.420031268264,1872.0,17200.0,138906.0,486134.0,1194070.0,2707278.0
2016-06-17,750.014633927528,1885.0,17169.0,138759.0,485773.0,1194289.0,2697115.0
2016-06-18,758.28878012858,1887.0,17159.0,138717.0,486024.0,1194869.0,2699473.0
2016-06-19,766.767132670952,1887.0,17180.0,138797.0,486156.0,1193898.0,2699197.0
2016-06-20,722.497452367037,1887.0,17205.0,138790.0,487282.0,1196672.0,2707637.0
2016-06-21,669.604204675628,1877.0,17088.0,138945.0,488024.0,1200597.0,2702928.0
2016-06-22,594.832974634716,1884.0,17104.0,137840.0,485189.0,1203156.0,2680121.0
2016-06-23,627.677855639977,1884.0,17131.0,137820.0,486663.0,1204356.0,2687790.0
2016-06-24,664.126985680889,1883.0,17207.0,138014.0,487700.0,1211875.0,2697490.0
2016-06-25,668.872684102864,1897.0,17115.0,138104.0,487915.0,1215657.0,2696311.0
2016-06-26,630.4342421391,1896.0,17108.0,138436.0,489279.0,1217808.0,2701391.0
2016-06-27,652.244807714787,1897.0,17149.0,138636.0,490691.0,1220554.0,2703604.0
2016-06-28,647.218768381064,1889.0,17140.0,138767.0,491734.0,1225739.0,2695619.0
2016-06-29,638.586345645821,1895.0,17154.0,138568.0,492742.0,1229117.0,2703853.0
2016-06-30,674.284814728229,1893.0,17223.0,138707.0,492450.0,1226915.0,2705857.0
2016-07-01,677.512385739334,1891.0,17225.0,138996.0,493200.0,1224846.0,2691967.0
2016-07-02,702.739316773817,1893.0,17207.0,139374.0,495181.0,1227319.0,2697659.0
2016-07-03,662.55008591467,1885.0,17234.0,139752.0,497539.0,1230969.0,2704295.0
2016-07-04,679.842453360608,1887.0,17210.0,139920.0,498992.0,1236733.0,2712166.0
2016-07-05,668.165981297487,1877.0,17215.0,140038.0,500202.0,1242231.0,2718047.0
2016-07-06,677.651333138515,1891.0,17208.0,139338.0,496326.0,1240857.0,2723273.0
2016-07-07,640.053236119229,1885.0,17181.0,139465.0,496514.0,1239489.0,2723421.0
2016-07-08,665.051708357685,1875.0,17104.0,139091.0,496609.0,1242575.0,2727507.0
2016-07-09,651.941914026885,1882.0,17131.0,139095.0,496633.0,1244175.0,2738754.0
2016-07-10,649.959340970193,1883.0,17122.0,139233.0,497126.0,1246986.0,2747728.0
2016-07-11,650.272594681473,1886.0,17165.0,139323.0,496895.0,1250019.0,2754864.0
2016-07-12,670.023127995324,1886.0,17157.0,139450.0,497132.0,1252568.0,2763512.0
2016-07-13,658.333613383986,1883.0,17147.0,139115.0,496520.0,1253825.0,2775278.0
2016-07-14,660.905960198714,1883.0,17163.0,139140.0,496031.0,1251288.0,2768083.0
2016-07-15,666.758671127995,1884.0,17144.0,139187.0,497475.0,1256249.0,2775712.0
2016-07-16,665.275622150789,1880.0,17153.0,139508.0,499420.0,1258111.0,2773323.0
2016-07-17,681.089601987142,1887.0,17211.0,139905.0,500445.0,1257500.0,2774834.0
2016-07-18,675.118579193454,1891.0,17181.0,139417.0,500340.0,1258961.0,2774373.0
2016-07-19,674.660360315605,1887.0,17199.0,139484.0,500282.0,1262228.0,2779338.0
2016-07-20,667.305364874343,1888.0,17209.0,138582.0,499889.0,1265730.0,2783766.0
2016-07-21,666.851739333723,1893.0,17197.0,138687.0,500270.0,1269787.0,2794753.0
2016-07-22,650.562911630625,1890.0,17192.0,138609.0,499694.0,1270868.0,2799496.0
2016-07-23,657.377942957335,1888.0,17193.0,138588.0,499233.0,1269331.0,2799834.0
2016-07-24,661.393979836353,1887.0,17197.0,138737.0,499820.0,1271100.0,2797181.0
2016-07-25,655.119577849211,1887.0,17204.0,138745.0,499342.0,1274360.0,2801403.0
2016-07-26,654.626339158387,1887.0,17201.0,138839.0,499391.0,1276792.0,2810035.0
2016-07-27,656.275146873174,1888.0,17204.0,138704.0,499782.0,1281623.0,2822033.0
2016-07-28,656.196453360608,1887.0,17231.0,138668.0,499148.0,1282147.0,2827468.0
2016-07-29,657.557567504383,1886.0,17292.0,138830.0,498730.0,1277899.0,2824018.0
2016-07-30,655.361730157803,1887.0,17291.0,138964.0,499260.0,1280993.0,2835315.0
2016-07-31,624.804487142022,1887.0,17296.0,139258.0,500190.0,1282020.0,2834509.0
2016-08-01,606.50924792519,1890.0,17261.0,139162.0,500652.0,1284925.0,2839949.0
2016-08-02,526.981148334307,1892.0,17241.0,138654.0,499087.0,1283572.0,2835739.0
2016-08-03,570.347040911748,1891.0,17270.0,138975.0,499585.0,1287852.0,2840908.0
2016-08-04,583.542158036236,1893.0,17291.0,139173.0,500651.0,1284715.0,2846049.0
2016-08-05,581.279805669199,1889.0,17316.0,139478.0,502229.0,1290228.0,2858767.0
2016-08-06,590.795402980713,1886.0,17334.0,139713.0,503796.0,1296447.0,2874879.0
2016-08-07,594.73232402104,1873.0,17290.0,139555.0,502139.0,1290919.0,2859652.0
2016-08-08,591.629283869083,1868.0,17304.0,139523.0,502859.0,1293449.0,2860042.0
2016-08-09,587.932138223261,1873.0,17304.0,139651.0,503574.0,1294079.0,2870312.0
2016-08-10,589.968758328463,1883.0,17375.0,140128.0,505764.0,1295388.0,2868699.0
2016-08-11,589.585884687317,1886.0,17435.0,140469.0,505686.0,1296168.0,2875813.0
2016-08-12,587.19164956166,1882.0,17463.0,140649.0,506593.0,1300169.0,2880411.0
2016-08-13,585.363581648159,1881.0,17457.0,140846.0,507019.0,1302002.0,2890695.0
2016-08-14,571.387062536528,1876.0,17497.0,140968.0,506028.0,1299522.0,2891363.0
2016-08-15,566.564441320865,1871.0,17479.0,140965.0,506777.0,1298937.0,2876576.0
2016-08-16,578.414924137931,1883.0,17451.0,140905.0,506633.0,1303112.0,2887420.0
2016-08-17,573.663744418469,1885.0,17440.0,140832.0,506150.0,1304748.0,2888945.0
2016-08-18,573.263191992987,1890.0,17512.0,140766.0,505644.0,1304683.0,2880799.0
2016-08-19,573.958457919345,1887.0,17498.0,140683.0,505550.0,1309324.0,2898114.0
2016-08-20,581.797070134424,1893.0,17501.0,140891.0,506646.0,1312966.0,2907486.0
2016-08-21,580.79219257744,1891.0,17525.0,140935.0,506913.0,1314677.0,2917305.0
2016-08-22,584.971897720631,1896.0,17509.0,140925.0,506820.0,1316576.0,2916362.0
2016-08-23,582.627747399182,1893.0,17548.0,141129.0,506992.0,1313934.0,2910123.0
2016-08-24,578.701831677382,1880.0,17518.0,141165.0,506328.0,1315675.0,2914671.0
2016-08-25,576.033436586791,1882.0,17570.0,141114.0,506975.0,1317495.0,2926316.0
2016-08-26,578.874653419053,1877.0,17568.0,141172.0,506567.0,1318963.0,2934379.0
2016-08-27,570.200993746347,1882.0,17605.0,141218.0,506915.0,1321449.0,2943168.0
2016-08-28,575.105232554062,1885.0,17612.0,141231.0,507716.0,1322325.0,2940472.0
2016-08-29,573.429267562829,1879.0,17644.0,141194.0,509032.0,1323413.0,2928927.0
2016-08-30,575.695698421976,1888.0,17675.0,141362.0,509607.0,1325953.0,2932859.0
2016-08-31,572.272758328463,1892.0,17678.0,141477.0,509667.0,1327902.0,2936040.0
2016-09-01,572.221702045587,1892.0,17668.0,141222.0,508825.0,1328269.0,2938145.0
2016-09-02,576.846767387493,1888.0,17697.0,141272.0,508653.0,1330396.0,2949830.0
2016-09-03,600.374406779661,1887.0,17705.0,141205.0,508408.0,1330653.0,2952398.0
2016-09-04,610.538913325541,1890.0,17677.0,141203.0,507694.0,1327025.0,2955604.0
2016-09-05,607.526964172998,1891.0,17651.0,141087.0,507163.0,1326071.0,2946047.0
2016-09-06,612.995458270017,1882.0,17712.0,141248.0,507557.0,1326621.0,2954852.0
2016-09-07,615.659819111631,1884.0,17712.0,141148.0,504333.0,1323261.0,2943486.0
2016-09-08,630.550172004676,1877.0,17731.0,141304.0,504308.0,1325935.0,2953053.0
2016-09-09,622.977884044418,1880.0,17700.0,141364.0,504535.0,1322112.0,2950950.0
2016-09-10,624.752640444185,1878.0,17729.0,141448.0,504674.0,1322831.0,2958267.0
2016-09-11,608.246675920514,1883.0,17737.0,141407.0,504640.0,1324406.0,2964025.0
2016-09-12,607.70737270602,1874.0,17739.0,141391.0,505193.0,1327555.0,2970819.0
2016-09-13,608.694296317943,1868.0,17756.0,141473.0,505928.0,1329187.0,2969443.0
2016-09-14,609.41308766803,1865.0,17827.0,141785.0,506052.0,1328913.0,2975962.0
2016-09-15,607.070262594974,1856.0,17841.0,141754.0,506045.0,1333418.0,2993110.0
2016-09-16,607.806438047925,1854.0,17826.0,141882.0,506693.0,1339896.0,3015194.0
2016-09-17,607.381449678551,1858.0,17845.0,141730.0,506197.0,1338343.0,3023041.0
2016-09-18,611.533460315605,1854.0,17835.0,141861.0,506299.0,1340936.0,3022490.0
2016-09-19,608.871306312098,1855.0,17824.0,141895.0,507008.0,1342494.0,3028913.0
2016-09-20,608.371748626534,1854.0,17801.0,141947.0,506818.0,1343739.0,3040443.0
2016-09-21,596.945756633548,1851.0,17821.0,142247.0,507573.0,1346271.0,3054269.0
2016-09-22,595.564716540035,1843.0,17832.0,142370.0,508432.0,1347764.0,3061008.0
2016-09-23,602.378784921099,1846.0,17847.0,142391.0,508157.0,1349654.0,3073725.0
2016-09-24,602.687359731151,1849.0,17821.0,142320.0,509114.0,1353397.0,3081524.0
2016-09-25,600.610054880187,1850.0,17817.0,142429.0,509759.0,1356397.0,3091529.0
2016-09-26,606.778810637055,1847.0,17815.0,142471.0,510142.0,1358075.0,3094333.0
2016-09-27,605.151613734658,1843.0,17877.0,142462.0,510348.0,1358916.0,3093963.0
2016-09-28,604.686494389246,1840.0,17878.0,142609.0,510099.0,1361498.0,3095503.0
2016-09-29,605.202561952075,1837.0,17891.0,142703.0,510700.0,1364317.0,3110080.0
2016-09-30,608.865840736412,1842.0,17879.0,142769.0,511908.0,1370069.0,3122775.0
2016-10-01,615.408478842782,1844.0,17866.0,142854.0,512109.0,1370749.0,3134549.0
2016-10-02,611.748578316774,1842.0,17881.0,142958.0,512375.0,1370959.0,3140167.0
2016-10-03,612.590347399182,1839.0,17845.0,143091.0,513295.0,1367879.0,3141015.0
2016-10-04,610.007881355932,1840.0,17856.0,142925.0,511936.0,1368034.0,3147342.0
2016-10-05,612.147780946815,1842.0,17803.0,142977.0,512309.0,1371132.0,3164602.0
2016-10-06,611.76086277031,1841.0,17802.0,143222.0,513945.0,1375090.0,3172020.0
2016-10-07,617.905705143191,1844.0,17790.0,143146.0,514777.0,1380979.0,3188656.0
2016-10-08,619.301001753361,1851.0,17785.0,143137.0,514879.0,1385582.0,3202737.0
2016-10-09,617.101041320865,1850.0,17782.0,143446.0,514584.0,1390539.0,3212179.0
2016-10-10,618.0852,1842.0,17776.0,143452.0,517421.0,1397297.0,3220507.0
2016-10-11,642.981387258913,1819.0,17860.0,143434.0,517705.0,1388410.0,3209497.0
2016-10-12,636.59793220339,1827.0,17854.0,143358.0,517189.0,1387672.0,3205850.0
2016-10-13,635.444095324372,1821.0,17876.0,143561.0,518104.0,1391320.0,3184764.0
2016-10-14,639.586090298071,1831.0,17844.0,143695.0,519176.0,1394945.0,3196883.0
2016-10-15,637.283759322034,1826.0,17857.0,143886.0,518829.0,1394143.0,3203983.0
2016-10-16,642.913042548217,1826.0,17875.0,143864.0,518641.0,1393118.0,3206639.0
2016-10-17,639.137536469901,1828.0,17857.0,143968.0,520310.0,1398478.0,3207883.0
2016-10-18,635.576508591467,1825.0,17896.0,144026.0,520281.0,1397555.0,3205917.0
2016-10-19,629.640708036236,1825.0,17891.0,144229.0,521154.0,1402023.0,3224428.0
2016-10-20,628.598901110462,1823.0,17851.0,144407.0,521408.0,1404300.0,3234236.0
2016-10-21,630.90620338983,1825.0,17878.0,144383.0,522118.0,1405810.0,3241756.0
2016-10-22,654.508630976037,1824.0,17887.0,144347.0,522440.0,1407966.0,3243901.0
2016-10-23,651.961956750438,1821.0,17895.0,144344.0,522649.0,1408529.0,3250924.0
2016-10-24,650.027167153711,1821.0,17922.0,144349.0,523230.0,1410622.0,3253152.0
2016-10-25,655.792505084746,1821.0,18023.0,144502.0,524459.0,1417923.0,3267054.0
2016-10-26,675.109869316189,1814.0,18019.0,144557.0,525726.0,1430482.0,3298185.0
2016-10-27,686.523327060199,1808.0,17972.0,144567.0,524658.0,1418584.0,3287493.0
2016-10-28,690.390654938632,1811.0,17989.0,144528.0,524908.0,1421799.0,3301611.0
2016-10-29,715.445469316189,1811.0,17995.0,144687.0,524787.0,1421824.0,3309299.0
2016-10-30,699.333410987726,1813.0,17980.0,144697.0,525227.0,1423444.0,3318046.0
2016-10-31,698.897727995325,1820.0,17932.0,144574.0,525911.0,1422629.0,3325028.0
2016-11-01,730.578480011689,1816.0,17919.0,144382.0,526271.0,1419636.0,3297437.0
2016-11-02,740.367055523086,1808.0,17891.0,144541.0,527005.0,1422113.0,3310911.0
2016-11-03,689.939206954997,1804.0,17950.0,144493.0,527791.0,1425029.0,3327880.0
2016-11-04,705.432016656926,1800.0,17953.0,144682.0,528426.0,1430978.0,3345729.0
2016-11-05,706.819325569842,1806.0,17993.0,144761.0,528258.0,1432998.0,3361192.0
2016-11-06,715.896879777908,1805.0,17936.0,144793.0,529288.0,1439527.0,3378338.0
2016-11-07,706.181216773816,1809.0,17995.0,144752.0,530189.0,1441350.0,3384528.0
2016-11-08,711.835846580947,1808.0,17959.0,144738.0,530421.0,1441556.0,3390944.0
2016-11-09,721.50150993571,1812.0,17967.0,144781.0,530006.0,1440977.0,3392211.0
2016-11-10,713.407615604909,1812.0,17916.0,144930.0,529693.0,1441458.0,3401926.0
2016-11-11,715.703310637055,1811.0,17943.0,145066.0,530657.0,1445574.0,3417566.0
2016-11-12,703.847551139685,1817.0,17925.0,144963.0,530405.0,1443523.0,3416652.0
2016-11-13,703.626435300994,1811.0,17929.0,145038.0,530578.0,1447031.0,3424410.0
2016-11-14,705.643584161309,1810.0,17986.0,145020.0,531147.0,1449689.0,3431019.0
2016-11-15,712.3471528346,1813.0,17940.0,145333.0,532017.0,1455452.0,3445002.0
2016-11-16,742.050117592051,1801.0,17935.0,145220.0,530916.0,1457078.0,3455391.0
2016-11-17,735.318080537697,1795.0,17960.0,145075.0,531147.0,1457791.0,3461266.0
2016-11-18,749.57872729398,1787.0,18016.0,145109.0,530891.0,1461258.0,3478880.0
2016-11-19,751.213819403858,1789.0,18035.0,145167.0,531056.0,1465979.0,3500152.0
2016-11-20,730.350813617767,1791.0,18068.0,145258.0,531169.0,1467212.0,3509119.0
2016-11-21,736.506983927528,1795.0,18091.0,145276.0,533246.0,1478897.0,3537690.0
2016-11-22,747.997677966102,1795.0,18057.0,145357.0,535121.0,1491561.0,3563005.0
2016-11-23,741.240317942724,1794.0,18085.0,145465.0,535295.0,1498743.0,3570255.0
2016-11-24,737.35497597896,1803.0,18066.0,145443.0,534476.0,1497640.0,3573022.0
2016-11-25,739.685200175336,1797.0,18110.0,145665.0,534738.0,1492983.0,3572129.0
2016-11-26,734.652925891292,1798.0,18117.0,145713.0,533469.0,1486157.0,3558966.0
2016-11-27,727.741115838691,1800.0,18090.0,145680.0,533422.0,1484339.0,3559920.0
2016-11-28,730.082483752192,1800.0,18068.0,145763.0,534691.0,1484436.0,3564259.0
2016-11-29,731.646435710111,1795.0,18108.0,145721.0,534768.0,1487913.0,3564991.0
2016-11-30,742.20445131502,1795.0,18069.0,145644.0,535777.0,1493283.0,3584339.0
2016-12-01,753.674910111046,1796.0,18055.0,145680.0,536561.0,1496540.0,3587504.0
2016-12-02,772.302382729398,1788.0,18087.0,146229.0,538897.0,1508193.0,3630631.0
2016-12-03,766.110468147283,1786.0,18104.0,146086.0,537834.0,1501761.0,3619104.0
2016-12-04,766.380139099942,1788.0,18110.0,146291.0,537972.0,1491280.0,3567796.0
2016-12-05,752.670726241964,1782.0,18122.0,146770.0,539709.0,1498328.0,3581501.0
2016-12-06,759.117325774401,1781.0,18147.0,146952.0,539893.0,1501509.0,3594219.0
2016-12-07,764.987650087668,1787.0,18172.0,146796.0,539782.0,1500694.0,3565962.0
2016-12-08,767.659224634717,1783.0,18153.0,146883.0,538675.0,1501000.0,3567928.0
2016-12-09,771.902321098773,1786.0,18135.0,146953.0,539897.0,1505508.0,3580935.0
2016-12-10,775.474561309176,1788.0,18131.0,147069.0,540360.0,1507640.0,3589434.0
2016-12-11,770.496150496786,1787.0,18126.0,147152.0,539927.0,1508508.0,3598997.0
2016-12-12,778.506599064874,1788.0,18131.0,147148.0,541112.0,1510580.0,3603454.0
2016-12-13,778.930694564582,1781.0,18152.0,147193.0,541985.0,1514800.0,3614494.0
2016-12-14,776.963961484512,1774.0,18143.0,147474.0,543626.0,1521357.0,3640669.0
2016-12-15,776.176781998831,1766.0,18146.0,147562.0,544587.0,1526778.0,3659727.0
2016-12-16,782.230215897136,1763.0,18144.0,147760.0,544659.0,1528884.0,3666250.0
2016-12-17,789.60293220339,1760.0,18118.0,147744.0,544706.0,1532579.0,3690573.0
2016-12-18,790.632966526008,1760.0,18144.0,147794.0,543693.0,1528412.0,3683557.0
2016-12-19,790.279031677382,1758.0,18178.0,147937.0,544928.0,1532662.0,3691652.0
2016-12-20,799.777520748101,1762.0,18156.0,147863.0,544626.0,1532334.0,3700793.0
2016-12-21,828.4836792519,1760.0,18204.0,147919.0,544159.0,1529468.0,3697095.0
2016-12-22,858.50143395675,1757.0,18242.0,148005.0,544555.0,1527506.0,3698792.0
2016-12-23,915.562438340152,1746.0,18223.0,148183.0,545404.0,1531194.0,3709862.0
2016-12-24,891.155272063121,1745.0,18240.0,148220.0,545557.0,1531339.0,3717942.0
2016-12-25,896.003279310345,1736.0,18213.0,148132.0,544965.0,1526897.0,3714610.0
2016-12-26,903.201246639392,1737.0,18254.0,148016.0,545452.0,1523177.0,3705582.0
2016-12-27,925.950810461719,1742.0,18259.0,147740.0,544877.0,1523992.0,3717702.0
2016-12-28,979.960973991818,1732.0,18271.0,147829.0,545958.0,1527895.0,3730739.0
2016-12-29,973.462559438925,1727.0,18253.0,147935.0,547170.0,1531794.0,3744296.0
2016-12-30,961.182658153127,1739.0,18235.0,147996.0,548261.0,1535668.0,3755326.0
2016-12-31,968.970597019287,1742.0,18251.0,147811.0,548308.0,1536951.0,3767857.0
2017-01-01,997.257357977791,1740.0,18258.0,147877.0,548895.0,1539437.0,3773175.0
2017-01-02,1017.07788609001,1738.0,18253.0,147680.0,546393.0,1529263.0,3757099.0
2017-01-03,1032.60905318527,1727.0,18328.0,147550.0,544676.0,1528011.0,3766660.0
2017-01-04,1134.49644535359,1735.0,18257.0,147581.0,544967.0,1527463.0,3774377.0
2017-01-05,1000.49812893045,1720.0,18296.0,148115.0,546811.0,1532571.0,3788135.0
2017-01-06,892.463955639977,1726.0,18407.0,148042.0,545512.0,1532681.0,3800265.0
2017-01-07,903.453283635301,1728.0,18425.0,147807.0,544530.0,1531467.0,3801884.0
2017-01-08,912.484997077732,1723.0,18311.0,147788.0,543127.0,1523496.0,3789115.0
2017-01-09,903.508666803039,1723.0,18285.0,148006.0,545688.0,1532669.0,3802728.0
2017-01-10,906.498947399182,1732.0,18318.0,147926.0,546442.0,1532883.0,3805007.0
2017-01-11,788.314655990649,1721.0,18387.0,148306.0,547079.0,1533500.0,3814428.0
2017-01-12,807.109833547633,1719.0,18389.0,148375.0,548346.0,1536574.0,3824166.0
2017-01-13,826.746927410871,1720.0,18376.0,148301.0,549616.0,1547303.0,3854890.0
2017-01-14,820.045157276447,1724.0,18386.0,148301.0,549640.0,1548692.0,3862468.0
2017-01-15,824.547065166569,1721.0,18434.0,148508.0,549992.0,1548093.0,3868165.0
2017-01-16,830.838035067212,1723.0,18404.0,148502.0,551466.0,1551631.0,3869992.0
2017-01-17,906.026828112215,1723.0,18408.0,148748.0,553787.0,1554524.0,3874596.0
2017-01-18,881.259815371128,1723.0,18418.0,148892.0,554570.0,1557474.0,3881499.0
2017-01-19,902.263869959088,1727.0,18420.0,149073.0,555523.0,1555020.0,3876025.0
2017-01-20,895.174516189363,1723.0,18454.0,149085.0,555945.0,1558381.0,3888877.0
2017-01-21,924.46825949737,1728.0,18445.0,148974.0,555257.0,1558393.0,3879619.0
2017-01-22,922.467077381648,1733.0,18448.0,148939.0,554111.0,1556398.0,3878876.0
2017-01-23,919.115744126242,1727.0,18460.0,149101.0,555751.0,1561003.0,3867048.0
2017-01-24,887.743193804792,1722.0,18447.0,149564.0,556941.0,1569074.0,3886067.0
2017-01-25,895.690033255406,1729.0,18443.0,149407.0,557398.0,1570611.0,3877523.0
2017-01-26,916.6674685564,1725.0,18478.0,149211.0,555416.0,1565950.0,3864069.0
2017-01-27,920.454463471654,1726.0,18476.0,149228.0,554986.0,1563972.0,3863055.0
2017-01-28,922.774948568089,1726.0,18451.0,149205.0,554975.0,1568471.0,3882057.0
2017-01-29,915.63202314436,1725.0,18460.0,149329.0,554902.0,1567820.0,3882391.0
2017-01-30,920.313260783168,1722.0,18473.0,149355.0,556570.0,1572241.0,3885375.0
2017-01-31,968.499105669199,1722.0,18462.0,149442.0,558024.0,1578934.0,3899352.0
2017-02-01,987.532590414962,1712.0,18463.0,149413.0,558730.0,1581678.0,3893205.0
2017-02-02,1007.7043659848,1713.0,18443.0,149604.0,559709.0,1585207.0,3891373.0
2017-02-03,1015.30203945061,1717.0,18380.0,149842.0,561536.0,1593790.0,3921267.0
2017-02-04,1033.78597299825,1716.0,18408.0,149645.0,559966.0,1595510.0,3927625.0
2017-02-05,1014.56787574518,1723.0,18412.0,149415.0,558288.0,1592261.0,3919480.0
2017-02-06,1023.3174811806,1713.0,18396.0,149725.0,559471.0,1583702.0,3876225.0
2017-02-07,1053.62445902981,1711.0,18416.0,149782.0,560952.0,1590320.0,3895875.0
2017-02-08,1052.36764535359,1713.0,18385.0,149887.0,562357.0,1593127.0,3903698.0
2017-02-09,982.751939450614,1717.0,18428.0,149715.0,561405.0,1590991.0,3903841.0
2017-02-10,996.650153126827,1719.0,18418.0,149697.0,560492.0,1589810.0,3909535.0
2017-02-11,1011.37532220923,1716.0,18426.0,149803.0,560202.0,1585194.0,3904852.0
2017-02-12,1006.29646487434,1717.0,18455.0,149752.0,559767.0,1582245.0,3897535.0
2017-02-13,999.953184979545,1717.0,18489.0,149637.0,559712.0,1582934.0,3896954.0
2017-02-14,1012.2134635301,1715.0,18475.0,149958.0,560824.0,1586080.0,3909205.0
2017-02-15,1013.90384050263,1717.0,18482.0,150003.0,561935.0,1591179.0,3925250.0
2017-02-16,1036.80686475745,1719.0,18455.0,149860.0,562734.0,1593256.0,3934006.0
2017-02-17,1058.66992033898,1714.0,18454.0,149935.0,564102.0,1602992.0,3961182.0
2017-02-18,1060.66880488019,1707.0,18464.0,149814.0,563644.0,1601989.0,3957388.0
2017-02-19,1058.78640035067,1728.0,18482.0,149986.0,562726.0,1602438.0,3961248.0
2017-02-20,1088.68842922268,1725.0,18470.0,150164.0,563054.0,1604592.0,3954478.0
2017-02-21,1128.85529316189,1735.0,18477.0,150201.0,564544.0,1604323.0,3951992.0
2017-02-22,1129.70179064874,1726.0,18499.0,150280.0,566012.0,1610277.0,3966289.0
2017-02-23,1188.86178550555,1734.0,18524.0,150405.0,567109.0,1614872.0,3987573.0
2017-02-24,1185.48889158387,1743.0,18513.0,150243.0,566809.0,1615330.0,3988284.0
2017-02-25,1151.60473687902,1748.0,18533.0,150168.0,566144.0,1611418.0,3979349.0
2017-02-26,1181.71086586791,1752.0,18544.0,150165.0,565169.0,1602154.0,3960069.0
2017-02-27,1194.15245014611,1758.0,18533.0,150008.0,565962.0,1604590.0,3974696.0
2017-02-28,1188.39994073641,1752.0,18526.0,149988.0,566782.0,1611261.0,3998679.0
2017-03-01,1228.45965061368,1753.0,18530.0,150039.0,567934.0,1617195.0,4017692.0
2017-03-02,1262.93146738749,1742.0,18522.0,150214.0,569157.0,1621406.0,4024930.0
2017-03-03,1289.36319111631,1746.0,18469.0,150034.0,568831.0,1625485.0,4046700.0
2017-03-04,1268.94066440678,1741.0,18465.0,149939.0,569851.0,1630358.0,4058475.0
2017-03-05,1276.27368293396,1740.0,18471.0,149955.0,567812.0,1623431.0,4047095.0
2017-03-06,1282.25465663355,1739.0,18414.0,150156.0,569601.0,1632018.0,4066663.0
2017-03-07,1234.47646206897,1758.0,18350.0,149971.0,570564.0,1628334.0,4073673.0
2017-03-08,1152.13938924606,1761.0,18360.0,149888.0,570853.0,1628809.0,4069736.0
2017-03-09,1193.45552659264,1756.0,18338.0,149935.0,571374.0,1629337.0,4074661.0
2017-03-10,1098.53014903565,1761.0,18345.0,150060.0,570963.0,1624983.0,4064375.0
2017-03-11,1176.822921391,1760.0,18361.0,150042.0,570341.0,1621461.0,4054520.0
2017-03-12,1231.74835663355,1765.0,18356.0,149885.0,568486.0,1613431.0,4038907.0
2017-03-13,1239.39629631794,1765.0,18375.0,149593.0,570003.0,1620546.0,4050717.0
2017-03-14,1246.53656487434,1766.0,18369.0,149668.0,569453.0,1623054.0,4042356.0
2017-03-15,1258.65138147282,1759.0,18391.0,149801.0,570836.0,1628103.0,4048690.0
2017-03-16,1178.02075037989,1760.0,18324.0,150096.0,571883.0,1632999.0,4066897.0
2017-03-17,1072.08253816482,1760.0,18302.0,149448.0,568901.0,1625454.0,4047439.0
2017-03-18,962.569056165985,1750.0,18235.0,149220.0,567324.0,1623947.0,4044625.0
2017-03-19,1020.22025353594,1755.0,18235.0,148898.0,566763.0,1623270.0,4044441.0
2017-03-20,1037.7563458796,1765.0,18271.0,148664.0,567512.0,1630513.0,4061087.0
2017-03-21,1111.81826358854,1767.0,18250.0,148896.0,568602.0,1632816.0,4070989.0
2017-03-22,1037.30257013442,1766.0,18289.0,148654.0,568627.0,1627063.0,4057070.0
2017-03-23,1028.17285628288,1759.0,18314.0,148688.0,569760.0,1630582.0,4062875.0
2017-03-24,935.063496201052,1769.0,18304.0,148702.0,571331.0,1630584.0,4057597.0
2017-03-25,968.543329281122,1784.0,18258.0,148501.0,568980.0,1630834.0,4071642.0
2017-03-26,962.95805458796,1781.0,18249.0,148486.0,569829.0,1632401.0,4078760.0
2017-03-27,1042.91919777908,1769.0,18278.0,148591.0,572487.0,1646682.0,4100005.0
2017-03-28,1045.16293161894,1768.0,18225.0,148690.0,571766.0,1645340.0,4097438.0
2017-03-29,1039.68861578025,1771.0,18276.0,148717.0,572867.0,1649875.0,4113647.0
2017-03-30,1037.98766142607,1786.0,18315.0,148527.0,570778.0,1645042.0,4095873.0
2017-03-31,1081.74353109293,1780.0,18242.0,148433.0,570669.0,1648826.0,4115268.0
2017-04-01,1089.52477182934,1781.0,18228.0,148411.0,570610.0,1647465.0,4117085.0
2017-04-02,1105.56295575687,1780.0,18234.0,148511.0,570971.0,1648541.0,4113401.0
2017-04-03,1144.6647710111,1791.0,18238.0,148574.0,572278.0,1653272.0,4119924.0
2017-04-04,1141.92191870251,1793.0,18207.0,148335.0,571482.0,1655658.0,4133070.0
2017-04-05,1135.81164377557,1785.0,18262.0,148159.0,570189.0,1653899.0,4134043.0
2017-04-06,1194.59645938048,1786.0,18251.0,148235.0,570588.0,1651596.0,4135240.0
2017-04-07,1191.73145108124,1787.0,18210.0,148267.0,570354.0,1650031.0,4110995.0
2017-04-08,1184.41772033898,1794.0,18194.0,148175.0,570223.0,1648182.0,4118274.0
2017-04-09,1213.63413980129,1793.0,18238.0,148145.0,568883.0,1640066.0,4090523.0
2017-04-10,1211.64987621274,1797.0,18219.0,148353.0,569607.0,1649532.0,4113622.0
2017-04-11,1229.78493290473,1801.0,18206.0,148286.0,571014.0,1651946.0,4117832.0
2017-04-12,1216.11436785506,1791.0,18193.0,148325.0,571053.0,1657332.0,4136987.0
2017-04-13,1172.5583396844,1794.0,18192.0,148500.0,573038.0,1667753.0,4156493.0
2017-04-14,1174.33323354763,1792.0,18205.0,148590.0,573771.0,1672662.0,4173123.0
2017-04-15,1175.56218901227,1793.0,18184.0,148429.0,572928.0,1667276.0,4169709.0
2017-04-16,1173.6913798948,1795.0,18190.0,148498.0,573421.0,1657544.0,4142481.0
2017-04-17,1191.90120146113,1798.0,18193.0,148674.0,574583.0,1664018.0,4164137.0
2017-04-18,1202.13145803624,1795.0,18246.0,148715.0,575231.0,1672444.0,4181779.0
2017-04-19,1209.56090888369,1800.0,18227.0,148637.0,574925.0,1677260.0,4199908.0
2017-04-20,1235.80307451783,1800.0,18208.0,148726.0,576435.0,1681785.0,4211563.0
2017-04-21,1247.33607025132,1799.0,18199.0,148674.0,576196.0,1677150.0,4206480.0
2017-04-22,1243.55039257744,1800.0,18160.0,148658.0,574399.0,1675838.0,4209363.0
2017-04-23,1250.00148322618,1799.0,18200.0,148591.0,574961.0,1669797.0,4203222.0
2017-04-24,1257.23944225599,1811.0,18195.0,148536.0,576074.0,1680454.0,4219324.0
2017-04-25,1279.86471741672,1797.0,18262.0,148894.0,578452.0,1691942.0,4245709.0
2017-04-26,1296.48545745178,1793.0,18302.0,149086.0,578731.0,1696872.0,4260669.0
2017-04-27,1345.8899556692,1790.0,18288.0,149216.0,579266.0,1696682.0,4261450.0
2017-04-28,1347.98515552309,1783.0,18292.0,149178.0,580121.0,1703938.0,4294004.0
2017-04-29,1357.71525341905,1785.0,18286.0,149011.0,578556.0,1698997.0,4287362.0
2017-04-30,1381.9563722969,1785.0,18273.0,148974.0,577838.0,1696526.0,4269747.0
2017-05-01,1436.9414880187,1786.0,18226.0,149387.0,578530.0,1697618.0,4276749.0
2017-05-02,1463.81906846873,1786.0,18276.0,149350.0,580733.0,1705698.0,4289151.0
2017-05-03,1519.40894447691,1786.0,18233.0,149278.0,582552.0,1708366.0,4312722.0
2017-05-04,1539.8300515488,1772.0,18217.0,149296.0,582330.0,1710824.0,4330395.0
2017-05-05,1529.85044301578,1774.0,18257.0,149173.0,583551.0,1723940.0,4362605.0
2017-05-06,1573.28550961426,1773.0,18237.0,149091.0,584223.0,1727549.0,4373962.0
2017-05-07,1526.26777171245,1774.0,18225.0,148931.0,582720.0,1717879.0,4336800.0
2017-05-08,1685.08649631794,1779.0,18227.0,148825.0,585627.0,1721062.0,4345850.0
2017-05-09,1719.22801355932,1782.0,18195.0,148823.0,587789.0,1729126.0,4359014.0
2017-05-10,1782.499,1771.0,18246.0,148883.0,588092.0,1735569.0,4375557.0
2017-05-11,1835.48754821742,1776.0,18149.0,148840.0,590703.0,1747140.0,4405641.0
2017-05-12,1704.66164108708,1776.0,18129.0,148881.0,591379.0,1753303.0,4434554.0
2017-05-13,1779.84025669199,1780.0,18144.0,148837.0,591065.0,1753924.0,4439047.0
2017-05-14,1794.59355055523,1774.0,18122.0,148861.0,591570.0,1758756.0,4446402.0
2017-05-15,1736.88284611338,1752.0,18218.0,149001.0,593519.0,1762650.0,4450075.0
2017-05-16,1757.02694856809,1753.0,18194.0,149155.0,595554.0,1769231.0,4460847.0
2017-05-17,1808.74606469901,1748.0,18178.0,149197.0,596862.0,1775834.0,4475417.0
2017-05-18,1894.24726455289,1739.0,18180.0,149339.0,599613.0,1781075.0,4471960.0
2017-05-19,1967.54554769141,1746.0,18174.0,148943.0,596773.0,1785062.0,4481210.0
2017-05-20,2048.11767799532,1748.0,18182.0,148829.0,596339.0,1781550.0,4481177.0
2017-05-21,2045.22249316189,1745.0,18142.0,148923.0,596758.0,1788061.0,4490027.0
2017-05-22,2078.94350002922,1738.0,18115.0,149272.0,599208.0,1795780.0,4514474.0
2017-05-23,2257.28836382233,1743.0,18134.0,148854.0,599464.0,1801610.0,4530975.0
2017-05-24,2415.00722665108,1742.0,18085.0,148887.0,601928.0,1817492.0,4559739.0
2017-05-25,2319.60137866745,1733.0,18035.0,148617.0,602084.0,1830825.0,4589427.0
2017-05-26,2279.4185836353,1718.0,18033.0,148702.0,603392.0,1841953.0,4619954.0
2017-05-27,2044.30049982466,1726.0,18008.0,148409.0,600324.0,1832699.0,4597071.0
2017-05-28,2225.7008666277,1726.0,17995.0,148249.0,598227.0,1830545.0,4561456.0
2017-05-29,2284.71579748685,1728.0,18050.0,148344.0,598336.0,1831598.0,4575623.0
2017-05-30,2167.26447790766,1729.0,18080.0,148197.0,597322.0,1822443.0,4576302.0
2017-05-31,2299.43261025716,1741.0,18081.0,148211.0,598186.0,1823732.0,4577123.0
2017-06-01,2399.88763194039,1734.0,18068.0,148235.0,600400.0,1817861.0,4567114.0
2017-06-02,2479.4238943308,1723.0,18107.0,148354.0,600361.0,1822904.0,4567523.0
2017-06-03,2549.55195151958,1736.0,18079.0,148225.0,597572.0,1818784.0,4556270.0
2017-06-04,2524.99383354763,1733.0,18086.0,148552.0,597879.0,1817083.0,4552473.0
2017-06-05,2685.31891671537,1725.0,18121.0,148798.0,599275.0,1820329.0,4552374.0
2017-06-06,2871.34167735243,1722.0,18148.0,148494.0,598610.0,1822469.0,4579606.0
2017-06-07,2706.76000885447,1729.0,18123.0,148492.0,597562.0,1817674.0,4567285.0
2017-06-08,2802.56354681473,1729.0,18117.0,148503.0,596114.0,1809133.0,4552201.0
2017-06-09,2804.87226691993,1738.0,18122.0,148613.0,596863.0,1812180.0,4563696.0
2017-06-10,2916.3278597896,1746.0,18103.0,147932.0,595781.0,1814812.0,4561160.0
2017-06-11,2974.21455920514,1741.0,18092.0,147885.0,594156.0,1806769.0,4546369.0
2017-06-12,2665.43326995909,1730.0,18102.0,147819.0,596695.0,1817725.0,4561774.0
2017-06-13,2707.13782402104,1735.0,18121.0,147981.0,598228.0,1823052.0,4600315.0
2017-06-14,2443.82445137347,1731.0,18077.0,148178.0,599883.0,1830105.0,4609217.0
2017-06-15,2409.886764173,1737.0,18060.0,148148.0,600379.0,1827886.0,4596986.0
2017-06-16,2476.35909538282,1748.0,18074.0,148024.0,599915.0,1826084.0,4604850.0
2017-06-17,2652.75536335476,1752.0,18033.0,147734.0,598972.0,1820825.0,4592431.0
2017-06-18,2508.21420742256,1748.0,17999.0,147328.0,597241.0,1813339.0,4567151.0
2017-06-19,2589.64221338399,1766.0,17994.0,147511.0,598625.0,1811934.0,4552592.0
2017-06-20,2733.22655628288,1750.0,18030.0,147645.0,599678.0,1821956.0,4597820.0
2017-06-21,2639.26131420222,1747.0,18021.0,147589.0,600395.0,1826369.0,4598660.0
2017-06-22,2686.64751431911,1757.0,17959.0,147503.0,599789.0,1827340.0,4576531.0
2017-06-23,2685.87047101111,1756.0,17956.0,147495.0,599418.0,1825367.0,4571210.0
2017-06-24,2562.18914874342,1759.0,17963.0,147664.0,598990.0,1822600.0,4558442.0
2017-06-25,2497.72894137931,1759.0,17926.0,147615.0,598332.0,1818719.0,4551193.0
2017-06-26,2426.36505119813,1757.0,17936.0,147611.0,598608.0,1821352.0,4548006.0
2017-06-27,2530.34553600234,1757.0,17966.0,147305.0,598674.0,1828369.0,4584125.0
2017-06-28,2562.79226420222,1765.0,18009.0,147328.0,599151.0,1827671.0,4575701.0
2017-06-29,2540.44303161894,1767.0,18014.0,147572.0,598667.0,1821557.0,4575968.0
2017-06-30,2452.71206428989,1771.0,18067.0,147489.0,598420.0,1817759.0,4573108.0
2017-07-01,2412.3662131502,1773.0,18055.0,147565.0,599454.0,1818349.0,4560316.0
2017-07-02,2518.8721873758,1773.0,18038.0,147652.0,599888.0,1813795.0,4551428.0
2017-07-03,2551.92743173583,1781.0,18065.0,147819.0,601013.0,1814424.0,4553665.0
2017-07-04,2599.74474991233,1773.0,18077.0,147873.0,602180.0,1821066.0,4580758.0
2017-07-05,2608.10489117475,1764.0,18132.0,147647.0,600990.0,1805147.0,4574666.0
2017-07-06,2603.19547369959,1761.0,18117.0,147672.0,602335.0,1804234.0,4582156.0
2017-07-07,2495.78092220923,1757.0,18083.0,147824.0,602040.0,1798926.0,4571956.0
2017-07-08,2553.4941581239,1763.0,18113.0,147434.0,599857.0,1789351.0,4551728.0
2017-07-09,2506.17321355932,1756.0,18124.0,147572.0,600662.0,1790116.0,4550737.0
2017-07-10,2319.36689736996,1761.0,18083.0,147587.0,602924.0,1793616.0,4556869.0
2017-07-11,2319.16744061952,1765.0,18088.0,147452.0,603211.0,1799165.0,4564843.0
2017-07-12,2374.88626645237,1771.0,18073.0,147308.0,603617.0,1800612.0,4541277.0
2017-07-13,2343.73834824664,1776.0,18060.0,147486.0,604682.0,1807435.0,4551650.0
2017-07-14,2214.82523728814,1771.0,18103.0,147482.0,604527.0,1809342.0,4554070.0
2017-07-15,1989.63319023963,1769.0,18090.0,147618.0,604347.0,1806336.0,4550477.0
2017-07-16,1910.74954161309,1783.0,18078.0,147590.0,602983.0,1800351.0,4526879.0
2017-07-17,2215.74629614261,1788.0,18086.0,147608.0,601236.0,1794711.0,4500976.0
2017-07-18,2303.7611458796,1786.0,18099.0,147707.0,601608.0,1800071.0,4498183.0
2017-07-19,2257.06523588545,1788.0,18090.0,147694.0,602381.0,1802382.0,4499704.0
2017-07-20,2823.89792635885,1783.0,18075.0,148196.0,604849.0,1802589.0,4500662.0
2017-07-21,2666.1397182934,1783.0,18065.0,147838.0,604233.0,1795321.0,4488787.0
2017-07-22,2829.75405496786,1781.0,18083.0,147991.0,604446.0,1791344.0,4460112.0
2017-07-23,2753.24386493279,1775.0,18086.0,148173.0,604561.0,1789396.0,4442657.0
2017-07-24,2755.1595242256,1769.0,18138.0,148222.0,605297.0,1789239.0,4424251.0
2017-07-25,2558.69299894798,1771.0,18161.0,148493.0,608771.0,1797216.0,4449288.0
2017-07-26,2522.32464628872,1793.0,18207.0,148779.0,611032.0,1799081.0,4443710.0
2017-07-27,2665.14754649328,1795.0,18216.0,149040.0,613883.0,1801563.0,4417971.0
2017-07-28,2793.83348486265,1775.0,18238.0,149288.0,615523.0,1807409.0,4420445.0
2017-07-29,2706.4507654588,1788.0,18277.0,149581.0,614383.0,1804599.0,4391775.0
2017-07-30,2749.3845277031,1785.0,18289.0,149384.0,626751.0,1815113.0,4394729.0
2017-07-31,2862.61129088252,1782.0,18483.0,149359.0,615857.0,1801141.0,4365044.0
2017-08-01,2727.38918199883,1800.0,18291.0,149091.0,610917.0,1788618.0,4359490.0
2017-08-02,2690.14567197545,1825.0,18313.0,148796.0,608775.0,1783159.0,4352158.0
2017-08-03,2789.74631244886,1802.0,18337.0,148931.0,608369.0,1782678.0,4352454.0
2017-08-04,2860.27284324956,1796.0,18393.0,148866.0,607319.0,1778655.0,4326134.0
2017-08-05,3237.42336329632,1807.0,18383.0,148642.0,605742.0,1769976.0,4302152.0
2017-08-06,3230.11670894214,1799.0,18384.0,148417.0,604638.0,1767178.0,4305385.0
2017-08-07,3392.56241864407,1798.0,18431.0,148072.0,602704.0,1767063.0,4304611.0
2017-08-08,3425.67661659848,1800.0,18418.0,148007.0,603056.0,1770071.0,4312670.0
2017-08-09,3347.21543161894,1805.0,18376.0,148257.0,604618.0,1777986.0,4328290.0
2017-08-10,3437.03215546464,1791.0,18336.0,148904.0,608619.0,1792508.0,4351114.0
2017-08-11,3660.52053728813,1789.0,18395.0,148599.0,611926.0,1804746.0,4364065.0
2017-08-12,3871.08240619521,1789.0,18386.0,148374.0,613243.0,1805938.0,4364383.0
2017-08-13,4063.80105271771,1788.0,18380.0,148254.0,612976.0,1801455.0,4349103.0
2017-08-14,4304.60393120982,1782.0,18386.0,148501.0,616696.0,1817469.0,4384071.0
2017-08-15,4160.0305458796,1786.0,18381.0,148068.0,616084.0,1822368.0,4411678.0
2017-08-16,4364.67857463472,1793.0,18387.0,148271.0,618440.0,1830591.0,4434979.0
2017-08-17,4308.51686142607,1790.0,18391.0,148284.0,617694.0,1832410.0,4421023.0
2017-08-18,4108.50716218586,1788.0,18331.0,148081.0,618141.0,1838830.0,4444568.0
2017-08-19,4160.33245686733,1794.0,18303.0,148011.0,619245.0,1835588.0,4432342.0
2017-08-20,4085.8103943308,1792.0,18287.0,148108.0,619940.0,1832561.0,4422276.0
2017-08-21,3992.62603524255,1794.0,18299.0,148151.0,623114.0,1840992.0,4449729.0
2017-08-22,4074.33046125073,1784.0,18309.0,148330.0,621273.0,1849096.0,4481903.0
2017-08-23,4146.9153452367,1778.0,18343.0,148164.0,621621.0,1849231.0,4478277.0
2017-08-24,4325.81642799532,1782.0,18336.0,148332.0,614618.0,1849023.0,4493744.0
2017-08-25,4353.13177255991,1776.0,18330.0,148367.0,616665.0,1862525.0,4547525.0
2017-08-26,4341.97871677382,1777.0,18341.0,148204.0,614146.0,1864051.0,4554706.0
2017-08-27,4344.90344476914,1779.0,18353.0,148154.0,612049.0,1850198.0,4515416.0
2017-08-28,4379.76392068966,1779.0,18341.0,148355.0,613660.0,1855263.0,4530034.0
2017-08-29,4600.45683097604,1776.0,18296.0,148509.0,615047.0,1860070.0,4533122.0
2017-08-30,4586.63273670368,1770.0,18289.0,148824.0,615154.0,1856454.0,4518660.0
2017-08-31,4740.35621770894,1762.0,18317.0,149000.0,615424.0,1859686.0,4524120.0
2017-09-01,4918.16624488603,1760.0,18313.0,148894.0,617239.0,1862808.0,4529441.0
2017-09-02,4595.02001782583,1748.0,18347.0,148689.0,615957.0,1859736.0,4544055.0
2017-09-03,4625.296314436,1754.0,18404.0,148600.0,613195.0,1856309.0,4540327.0
2017-09-04,4374.75349649328,1745.0,18384.0,148496.0,616300.0,1864677.0,4546785.0
2017-09-05,4454.05253769725,1745.0,18393.0,148539.0,618727.0,1874755.0,4568031.0
2017-09-06,4607.51652980713,1742.0,18387.0,148749.0,621211.0,1875139.0,4581651.0
2017-09-07,4635.11187580362,1755.0,18341.0,148707.0,622786.0,1875836.0,4570332.0
2017-09-08,4345.45765634132,1758.0,18336.0,148994.0,623449.0,1869960.0,4558186.0
2017-09-09,4335.593449737,1751.0,18348.0,149311.0,620035.0,1864120.0,4558924.0
2017-09-10,4261.84352104033,1751.0,18385.0,149585.0,617056.0,1860380.0,4556350.0
2017-09-11,4212.54757334892,1754.0,18373.0,149755.0,618827.0,1863544.0,4545822.0
2017-09-12,4164.31943424898,1753.0,18334.0,149886.0,621006.0,1869046.0,4558611.0
2017-09-13,3887.11858679135,1751.0,18341.0,150070.0,622151.0,1875175.0,4566689.0
2017-09-14,3247.4687390415,1742.0,18340.0,150356.0,624279.0,1885476.0,4581739.0
2017-09-15,3699.22294389246,1745.0,18336.0,150360.0,627937.0,1893751.0,4612249.0
2017-09-16,3711.23435067212,1748.0,18341.0,150366.0,625915.0,1885499.0,4611896.0
2017-09-17,3711.85620397428,1742.0,18325.0,150201.0,624872.0,1886641.0,4615937.0
2017-09-18,4080.42844301578,1746.0,18331.0,150588.0,628199.0,1900536.0,4643172.0
2017-09-19,3925.73619023963,1743.0,18341.0,150647.0,629312.0,1900067.0,4631474.0
2017-09-20,3895.777078609,1736.0,18363.0,150627.0,629797.0,1907142.0,4653202.0
2017-09-21,3617.24346580947,1738.0,18389.0,150725.0,629773.0,1905543.0,4654469.0
2017-09-22,3619.2137182934,1735.0,18365.0,150837.0,630633.0,1912441.0,4683098.0
2017-09-23,3775.60059409702,1740.0,18341.0,150784.0,631413.0,1915713.0,4691485.0
2017-09-24,3676.89694418469,1741.0,18334.0,150830.0,632498.0,1918319.0,4695861.0
2017-09-25,3918.73807130333,1734.0,18334.0,151019.0,633101.0,1926161.0,4709945.0
2017-09-26,3890.09093687902,1735.0,18370.0,151019.0,633004.0,1925555.0,4708914.0
2017-09-27,4207.78748538866,1734.0,18369.0,151297.0,635151.0,1934562.0,4732552.0
2017-09-28,4187.76979631794,1742.0,18347.0,151502.0,635022.0,1926556.0,4722638.0
2017-09-29,4155.01011981298,1734.0,18340.0,151558.0,634857.0,1915457.0,4731990.0
2017-09-30,4334.54461250731,1734.0,18330.0,151562.0,634920.0,1917679.0,4740929.0
2017-10-01,4382.08689801286,1730.0,18341.0,151633.0,635313.0,1920029.0,4749809.0
2017-10-02,4386.8757150789,1730.0,18302.0,151610.0,636587.0,1926619.0,4763120.0
2017-10-03,4306.56464202221,1735.0,18274.0,151674.0,637718.0,1932569.0,4777919.0
2017-10-04,4216.68482144944,1730.0,18307.0,151756.0,638764.0,1939356.0,4803502.0
2017-10-05,4319.42091583869,1732.0,18286.0,151929.0,639826.0,1942480.0,4810853.0
2017-10-06,4365.91571040327,1734.0,18303.0,151978.0,639697.0,1942857.0,4824033.0
2017-10-07,4438.85593308007,1729.0,18264.0,151998.0,640328.0,1942153.0,4822201.0
2017-10-08,4600.73979661017,1723.0,18271.0,152117.0,640182.0,1938662.0,4802493.0
2017-10-09,4777.53465692577,1720.0,18287.0,152114.0,641948.0,1941640.0,4810227.0
2017-10-10,4741.07791496201,1727.0,18277.0,152021.0,641982.0,1945156.0,4815426.0
2017-10-11,4814.96711805962,1724.0,18300.0,151978.0,642528.0,1950922.0,4832926.0
2017-10-12,5393.66898275862,1721.0,18280.0,152042.0,643005.0,1953797.0,4843218.0
2017-10-13,5614.07751461134,1720.0,18277.0,151966.0,645325.0,1966427.0,4891019.0
2017-10-14,5785.73831502046,1719.0,18273.0,152053.0,644532.0,1968058.0,4892851.0
2017-10-15,5689.86505961426,1721.0,18270.0,152138.0,643426.0,1961128.0,4878169.0
2017-10-16,5756.14881180596,1725.0,18255.0,151886.0,644795.0,1968067.0,4894609.0
2017-10-17,5590.41632437171,1722.0,18259.0,152065.0,647326.0,1978481.0,4918686.0
2017-10-18,5583.8704257744,1725.0,18170.0,152204.0,648691.0,1988439.0,4951159.0
2017-10-19,5708.31299094097,1721.0,18115.0,152040.0,649142.0,1992983.0,4959421.0
2017-10-20,6000.88313033314,1722.0,18099.0,152111.0,650312.0,1999558.0,4990840.0
2017-10-21,6030.20789275278,1717.0,18082.0,152204.0,651278.0,2004153.0,4995792.0
2017-10-22,5996.59813880772,1712.0,18058.0,152381.0,652199.0,2001731.0,4978848.0
2017-10-23,5888.25001665693,1710.0,18033.0,152432.0,654865.0,2008688.0,4985584.0
2017-10-24,5517.77535330216,1713.0,18048.0,152328.0,656196.0,2017216.0,5002103.0
2017-10-25,5736.01780157802,1723.0,18051.0,152288.0,655892.0,2016641.0,4996182.0
2017-10-26,5900.31772910579,1728.0,18034.0,152183.0,656287.0,2021490.0,5019376.0
2017-10-27,5771.94504617183,1728.0,18046.0,152469.0,657909.0,2032668.0,5072875.0
2017-10-28,5762.38857685564,1723.0,18046.0,152505.0,659044.0,2039233.0,5101896.0
2017-10-29,6174.72884482758,1727.0,18030.0,152494.0,657983.0,2032693.0,5087186.0
2017-10-30,6119.25638398597,1731.0,18063.0,152338.0,657957.0,2036215.0,5095625.0
2017-10-31,6428.51463705435,1728.0,18021.0,152525.0,658250.0,2041533.0,5116960.0
2017-11-01,6726.41183459965,1735.0,18015.0,152272.0,659782.0,2053988.0,5144530.0
2017-11-02,7043.77793892461,1734.0,18036.0,151752.0,660890.0,2064442.0,5179641.0
2017-11-03,7198.63211075394,1734.0,18042.0,151868.0,661191.0,2075201.0,5238163.0
2017-11-04,7420.498078609,1725.0,18010.0,151838.0,660755.0,2074862.0,5235049.0
2017-11-05,7371.13902980713,1732.0,17997.0,151716.0,659990.0,2070430.0,5215350.0
2017-11-06,6985.26384395091,1739.0,18004.0,151708.0,660470.0,2073189.0,5234201.0
2017-11-07,7118.20254383402,1740.0,18010.0,151736.0,660743.0,2073840.0,5243394.0
2017-11-08,7451.21278667446,1736.0,17992.0,151549.0,662461.0,2080291.0,5265541.0
2017-11-09,7117.73804967855,1721.0,17993.0,151694.0,664410.0,2086144.0,5290848.0
2017-11-10,6620.56733635301,1717.0,18043.0,151482.0,663788.0,2097062.0,5326108.0
2017-11-11,6346.72144915254,1713.0,18058.0,151545.0,664034.0,2101009.0,5356871.0
2017-11-12,5829.09782758621,1714.0,18022.0,151789.0,665022.0,2110933.0,5390320.0
2017-11-13,6519.44517212157,1708.0,18022.0,151840.0,665679.0,2114514.0,5412007.0
2017-11-14,6592.37439713618,1716.0,18007.0,151547.0,665495.0,2125480.0,5440858.0
2017-11-15,7257.37321215664,1716.0,18042.0,151690.0,666243.0,2128453.0,5453882.0
2017-11-16,7833.7044333723,1717.0,18007.0,151736.0,667678.0,2132137.0,5461057.0
2017-11-17,7729.03327001753,1708.0,18113.0,151724.0,666861.0,2128257.0,5469943.0
2017-11-18,7796.15424108708,1701.0,18091.0,151657.0,667353.0,2125629.0,5462541.0
2017-11-19,8018.32068848626,1700.0,18096.0,151890.0,668465.0,2125959.0,5456514.0
2017-11-20,8269.87425745178,1700.0,18117.0,152245.0,670407.0,2131809.0,5470720.0
2017-11-21,8091.99808357686,1693.0,18142.0,152558.0,673170.0,2142114.0,5496222.0
2017-11-22,8249.59733021625,1698.0,18137.0,152642.0,676484.0,2151463.0,5527664.0
2017-11-23,8071.66982144945,1700.0,18122.0,152624.0,678852.0,2157444.0,5548590.0
2017-11-24,8232.42233313851,1701.0,18116.0,152574.0,679451.0,2161293.0,5572417.0
2017-11-25,8760.1654421391,1700.0,18106.0,152725.0,677132.0,2163606.0,5573940.0
2017-11-26,9319.90331472823,1700.0,18131.0,152723.0,676255.0,2173276.0,5598187.0
2017-11-27,9730.72857948568,1693.0,18116.0,152680.0,678343.0,2187769.0,5640135.0
2017-11-28,9932.19418001169,1679.0,18123.0,152793.0,681659.0,2208969.0,5701501.0
2017-11-29,9800.02755172414,1681.0,18077.0,152569.0,683526.0,2234331.0,5769682.0
2017-11-30,9996.71497194623,1677.0,18039.0,152146.0,681252.0,2246098.0,5810089.0
2017-12-01,10808.9583325541,1681.0,18014.0,152298.0,682823.0,2254699.0,5851713.0
2017-12-02,10934.8599856809,1692.0,17968.0,152260.0,684582.0,2264217.0,5861666.0
2017-12-03,11213.9426554646,1688.0,17966.0,152598.0,685916.0,2268560.0,5867421.0
2017-12-04,11562.1285669199,1681.0,17972.0,152357.0,688446.0,2287903.0,5923200.0
2017-12-05,11736.7540672122,1676.0,17955.0,152272.0,690904.0,2311630.0,6002552.0
2017-12-06,13992.1323372297,1672.0,17930.0,152539.0,693969.0,2338434.0,6097574.0
2017-12-07,17032.2933763881,1671.0,17930.0,152333.0,696885.0,2374761.0,6186338.0
2017-12-08,16298.4873386908,1673.0,17939.0,152328.0,696949.0,2395452.0,6263066.0
2017-12-09,15050.0219541204,1673.0,17972.0,151942.0,697095.0,2390066.0,6269340.0
2017-12-10,15474.9995432496,1675.0,17992.0,151707.0,694698.0,2337610.0,6235647.0
2017-12-11,16873.4977849211,1681.0,17932.0,151822.0,697460.0,2335933.0,6253703.0
2017-12-12,17433.9307381648,1676.0,17855.0,152173.0,701514.0,2361391.0,6320963.0
2017-12-13,16515.15257218,1664.0,17812.0,151408.0,703277.0,2379336.0,6364116.0
2017-12-14,16602.8928033314,1663.0,17778.0,151306.0,706736.0,2416133.0,6474907.0
2017-12-15,17702.0021721216,1653.0,17785.0,151149.0,709408.0,2432962.0,6513214.0
2017-12-16,19640.5138834015,1656.0,17746.0,151094.0,710872.0,2427597.0,6499700.0
2017-12-17,19250.467650789,1652.0,17678.0,150735.0,710005.0,2429700.0,6486209.0
2017-12-18,18982.0250242548,1651.0,17660.0,150643.0,711265.0,2445688.0,6532387.0
2017-12-19,17653.3260894214,1653.0,17630.0,150530.0,712795.0,2479755.0,6654876.0
2017-12-20,16453.6272603741,1657.0,17603.0,150622.0,716077.0,2513874.0,6759185.0
2017-12-21,15633.8336504968,1660.0,17586.0,150720.0,717205.0,2552123.0,6872896.0
2017-12-22,14305.7183436587,1656.0,17575.0,150617.0,718184.0,2571671.0,6946288.0
2017-12-23,14910.8581049094,1658.0,17563.0,150593.0,720693.0,2573023.0,6966949.0
2017-12-24,14026.3468661601,1655.0,17582.0,150546.0,717995.0,2543952.0,6888166.0
2017-12-25,14080.9422600818,1662.0,17557.0,150223.0,715629.0,2522223.0,6816236.0
2017-12-26,15727.1454792519,1652.0,17560.0,150231.0,714222.0,2508176.0,6775281.0
2017-12-27,15389.0005739334,1654.0,17595.0,150447.0,710797.0,2501489.0,6773917.0
2017-12-28,14289.4522095266,1657.0,17545.0,150788.0,708190.0,2483844.0,6768641.0
2017-12-29,14571.7460821157,1642.0,17569.0,150935.0,708671.0,2488220.0,6806023.0
2017-12-30,12948.7158828171,1635.0,17517.0,150975.0,706036.0,2498305.0,6859657.0
2017-12-31,13921.4806414378,1639.0,17429.0,150083.0,699589.0,2485895.0,6818110.0
2018-01-01,13464.6536116306,1643.0,17428.0,150011.0,695973.0,2466213.0,6738893.0
2018-01-02,14754.322204851,1642.0,17397.0,149858.0,698873.0,2474753.0,6773228.0
2018-01-03,15010.2861595558,1636.0,17389.0,149749.0,700921.0,2505683.0,6893306.0
2018-01-04,15070.3007986558,1631.0,17344.0,149845.0,707011.0,2560170.0,7060519.0
2018-01-05,16997.2274079486,1623.0,17351.0,149781.0,711873.0,2594842.0,7188360.0
2018-01-06,17103.589279661,1622.0,17451.0,149782.0,708860.0,2594268.0,7216607.0
2018-01-07,16231.6949994155,1619.0,17350.0,149797.0,709754.0,2606890.0,7286866.0
2018-01-08,14937.4150894214,1623.0,17356.0,149355.0,700961.0,2602421.0,7336702.0
2018-01-09,14378.5862174167,1622.0,17391.0,149484.0,702192.0,2614941.0,7432628.0
2018-01-10,14669.0882656341,1618.0,17372.0,149515.0,702698.0,2612469.0,7489938.0
2018-01-11,13186.7549427236,1626.0,17389.0,149486.0,700239.0,2591582.0,7426418.0
2018-01-12,13789.4436639392,1630.0,17379.0,149410.0,700584.0,2571947.0,7343531.0
2018-01-13,14231.2250645821,1628.0,17386.0,149516.0,700471.0,2558403.0,7299020.0
2018-01-14,13681.0654611338,1631.0,17372.0,149479.0,699207.0,2529090.0,7194672.0
2018-01-15,13591.6961966686,1624.0,17380.0,149340.0,699014.0,2528219.0,7204875.0
2018-01-16,11431.0401052016,1614.0,17418.0,149790.0,701593.0,2534945.0,7241546.0
2018-01-17,11159.6085905903,1611.0,17446.0,149565.0,701250.0,2537286.0,7217661.0
2018-01-18,11246.0397302747,1616.0,17417.0,149515.0,700764.0,2532266.0,7198264.0
2018-01-19,11440.2555616598,1617.0,17382.0,149456.0,700845.0,2516247.0,7059316.0
2018-01-20,12768.4045856224,1620.0,17324.0,149470.0,697863.0,2484201.0,6968815.0
2018-01-21,11422.3942589129,1622.0,17291.0,149336.0,692942.0,2446290.0,6827506.0
2018-01-22,10737.3505774401,1620.0,17308.0,149422.0,694010.0,2426825.0,6756581.0
2018-01-23,10849.3918793103,1622.0,17359.0,149567.0,693242.0,2422501.0,6733944.0
2018-01-24,11225.8961747516,1621.0,17377.0,149542.0,693680.0,2420620.0,6708134.0
2018-01-25,11130.4649473992,1620.0,17372.0,149411.0,691782.0,2409285.0,6677996.0
2018-01-26,11035.5546098773,1621.0,17373.0,149297.0,692575.0,2413956.0,6689001.0
2018-01-27,11320.9701852718,1623.0,17340.0,149395.0,691960.0,2402974.0,6647046.0
2018-01-28,11615.95871128,1633.0,17356.0,149415.0,694373.0,2406569.0,6657316.0
2018-01-29,11132.5543138515,1631.0,17371.0,149723.0,694037.0,2412088.0,6655159.0
2018-01-30,9959.54671537113,1628.0,17382.0,150032.0,696041.0,2415022.0,6637044.0
2018-01-31,10050.0957971946,1628.0,17385.0,149923.0,695156.0,2420022.0,6657207.0
2018-02-01,9039.86507510228,1640.0,17419.0,149733.0,694508.0,2416881.0,6643456.0
2018-02-02,8786.0773798948,1632.0,17447.0,149660.0,693155.0,2397472.0,6596015.0
2018-02-03,9132.10032232613,1634.0,17446.0,149467.0,691920.0,2384790.0,6558334.0
2018-02-04,8250.52689596727,1643.0,17473.0,149482.0,690186.0,2364708.0,6468656.0
2018-02-05,6849.54255932203,1631.0,17444.0,149431.0,690467.0,2359505.0,6396199.0
2018-02-06,7738.64395967271,1637.0,17459.0,149412.0,687310.0,2351016.0,6385553.0
2018-02-07,7624.59538953828,1636.0,17418.0,149234.0,688006.0,2348015.0,6372306.0
2018-02-08,8218.58085184103,1642.0,17448.0,149270.0,689059.0,2351173.0,6361627.0
2018-02-09,8660.45346785505,1643.0,17388.0,148703.0,689145.0,2355236.0,6361810.0
2018-02-10,8530.29280479252,1646.0,17379.0,148817.0,688559.0,2359499.0,6352627.0
2018-02-11,8096.72848129749,1645.0,17404.0,148870.0,689876.0,2360071.0,6350123.0
2018-02-12,8907.67017913501,1644.0,17367.0,148888.0,690130.0,2363121.0,6340267.0
2018-02-13,8523.96693191116,1644.0,17383.0,148888.0,690382.0,2369940.0,6352725.0
2018-02-14,9467.3010327294,1652.0,17368.0,148844.0,690979.0,2376352.0,6364505.0
2018-02-15,10106.7330835769,1662.0,17403.0,149029.0,693353.0,2382232.0,6377217.0
2018-02-16,10189.3164833431,1658.0,17438.0,149078.0,694970.0,2387621.0,6387841.0
2018-02-17,11085.5984143776,1646.0,17445.0,149188.0,694847.0,2391531.0,6402996.0
2018-02-18,10452.0919772063,1639.0,17460.0,149371.0,696615.0,2393486.0,6408787.0
2018-02-19,11139.3557305669,1642.0,17449.0,149637.0,696268.0,2394327.0,6413709.0
2018-02-20,11245.9323179427,1647.0,17443.0,149587.0,697160.0,2393378.0,6405098.0
2018-02-21,10458.8650888369,1650.0,17429.0,149665.0,698413.0,2393426.0,6398993.0
2018-02-22,9878.15894272355,1644.0,17401.0,149608.0,698287.0,2395274.0,6397897.0
2018-02-23,10159.0656125073,1641.0,17373.0,148862.0,690615.0,2362617.0,6320576.0
2018-02-24,9686.60177995325,1644.0,17346.0,148541.0,686555.0,2331188.0,6232563.0
2018-02-25,9603.22747749854,1643.0,17365.0,148610.0,686821.0,2330524.0,6233631.0
2018-02-26,10312.3657130333,1639.0,17372.0,148780.0,688619.0,2336380.0,6248496.0
2018-02-27,10654.1072948568,1644.0,17362.0,148744.0,689196.0,2336866.0,6254313.0
2018-02-28,10307.0249663939,1650.0,17365.0,148768.0,687631.0,2336536.0,6258126.0
2018-03-01,10923.6308617767,1657.0,17365.0,148868.0,687255.0,2329466.0,6210231.0
2018-03-02,11014.0584672706,1655.0,17353.0,148601.0,687364.0,2329355.0,6203766.0
2018-03-03,11425.6805654588,1659.0,17356.0,148721.0,689188.0,2331991.0,6211068.0
2018-03-04,11462.5831975453,1659.0,17343.0,148730.0,690715.0,2337151.0,6220080.0
2018-03-05,11540.6623205728,1663.0,17374.0,148782.0,690280.0,2342129.0,6225356.0
2018-03-06,10677.0352308591,1662.0,17372.0,148836.0,691396.0,2340850.0,6221918.0
2018-03-07,9903.0850490941,1660.0,17388.0,148927.0,693761.0,2334724.0,6212209.0
2018-03-08,9330.47545295149,1661.0,17411.0,148952.0,694130.0,2338788.0,6215849.0
2018-03-09,9278.13918439509,1666.0,17409.0,148974.0,693830.0,2342642.0,6226882.0
2018-03-10,8786.56042314436,1668.0,17405.0,148717.0,689407.0,2321924.0,6193642.0
2018-03-11,9513.53539976622,1663.0,17391.0,148647.0,687945.0,2318431.0,6165058.0
2018-03-12,9147.89018059615,1671.0,17385.0,148805.0,688602.0,2319817.0,6163236.0
2018-03-13,9160.54293278784,1665.0,17383.0,148953.0,688842.0,2319478.0,6157979.0
2018-03-14,8222.12723904149,1669.0,17382.0,148796.0,688425.0,2322782.0,6164932.0
2018-03-15,8268.58912244302,1669.0,17399.0,148894.0,691508.0,2326793.0,6163238.0
2018-03-16,8376.90449824664,1671.0,17366.0,149088.0,692316.0,2332671.0,6175508.0
2018-03-17,7881.66192051432,1676.0,17342.0,148902.0,691661.0,2335586.0,6183567.0
2018-03-18,8189.01671917008,1675.0,17340.0,148876.0,691782.0,2339486.0,6180203.0
2018-03-19,8537.0156233197,1669.0,17352.0,148890.0,692014.0,2342522.0,6173869.0
2018-03-20,8895.54717913501,1670.0,17348.0,149031.0,691649.0,2346851.0,6178243.0
2018-03-21,8879.5942565751,1664.0,17338.0,148891.0,691853.0,2348396.0,6177157.0
2018-03-22,8710.66493512566,1660.0,17331.0,148897.0,692858.0,2351471.0,6167856.0
2018-03-23,8771.74632349503,1655.0,17345.0,148709.0,691985.0,2341643.0,6150716.0
2018-03-24,8610.9885163647,1654.0,17363.0,148780.0,692787.0,2346077.0,6160111.0
2018-03-25,8440.61092255991,1647.0,17367.0,148770.0,693321.0,2348466.0,6171016.0
2018-03-26,8171.18435447107,1652.0,17385.0,148897.0,694461.0,2353413.0,6172932.0
2018-03-27,7837.26531940386,1663.0,17380.0,148975.0,694970.0,2350788.0,6159047.0
2018-03-28,7933.64272969024,1660.0,17375.0,149045.0,695466.0,2352439.0,6164467.0
2018-03-29,7108.5708132671,1663.0,17408.0,148959.0,695220.0,2351103.0,6165042.0
2018-03-30,6832.14906633548,1666.0,17411.0,149003.0,695661.0,2354575.0,6173889.0
2018-03-31,6922.2812969024,1667.0,17389.0,148909.0,696056.0,2356538.0,6181499.0
2018-04-01,6804.52487931035,1667.0,17379.0,148912.0,696102.0,2356749.0,6182032.0
2018-04-02,7033.25960958504,1660.0,17388.0,149073.0,696933.0,2361647.0,6192993.0
2018-04-03,7420.80051548802,1664.0,17357.0,149022.0,697836.0,2366734.0,6201963.0
2018-04-04,6780.54360140269,1666.0,17373.0,149075.0,698906.0,2369693.0,6213467.0
2018-04-05,6798.42261659848,1667.0,17360.0,149142.0,698931.0,2369074.0,6212347.0
2018-04-06,6610.49234979544,1669.0,17348.0,149140.0,699980.0,2371633.0,6189619.0
2018-04-07,6886.46947194623,1665.0,17377.0,149020.0,699646.0,2369631.0,6186195.0
2018-04-08,7009.99610432496,1659.0,17369.0,149063.0,700462.0,2372514.0,6198639.0
2018-04-09,6736.89282378726,1658.0,17379.0,148937.0,700845.0,2375509.0,6209223.0
2018-04-10,6816.71861542957,1654.0,17391.0,148911.0,701261.0,2377463.0,6213053.0
2018-04-11,6944.78585710111,1658.0,17387.0,148848.0,701808.0,2379427.0,6212774.0
2018-04-12,7904.33027527762,1657.0,17389.0,148862.0,701377.0,2377155.0,6200846.0
2018-04-13,7919.06469462303,1651.0,17410.0,148870.0,702010.0,2378903.0,6210882.0
2018-04-14,8006.41794330801,1651.0,17426.0,148938.0,702314.0,2382636.0,6216772.0
2018-04-15,8342.27110140269,1649.0,17431.0,148926.0,702509.0,2384578.0,6219622.0
2018-04-16,8046.98213354763,1649.0,17450.0,149020.0,703692.0,2388075.0,6214633.0
2018-04-17,7887.73795791935,1654.0,17428.0,149098.0,704196.0,2387159.0,6207920.0
2018-04-18,8162.83486177674,1655.0,17461.0,149089.0,704249.0,2389039.0,6206450.0
2018-04-19,8272.96731589714,1654.0,17464.0,149162.0,705052.0,2394290.0,6222924.0
2018-04-20,8839.5011320865,1649.0,17488.0,149226.0,706089.0,2398961.0,6242274.0
2018-04-21,8863.54082904734,1649.0,17493.0,149297.0,706187.0,2399652.0,6239410.0
2018-04-22,8800.95908708358,1650.0,17492.0,149230.0,706469.0,2404229.0,6253379.0
2018-04-23,8930.78463354763,1640.0,17510.0,149383.0,707341.0,2406598.0,6261487.0
2018-04-24,9652.21378872005,1638.0,17525.0,149165.0,705084.0,2391944.0,6237110.0
2018-04-25,8855.50893658679,1648.0,17484.0,148852.0,701870.0,2370666.0,6198213.0
2018-04-26,9264.72742694331,1646.0,17470.0,148936.0,702638.0,2371210.0,6201159.0
2018-04-27,8981.33079018118,1646.0,17464.0,148962.0,703308.0,2374587.0,6206198.0
2018-04-28,9341.82468468732,1658.0,17491.0,149050.0,703734.0,2375204.0,6213086.0
2018-04-29,9396.99762974869,1655.0,17485.0,149174.0,704288.0,2378509.0,6220490.0
2018-04-30,9228.7264836353,1652.0,17493.0,149199.0,704551.0,2381186.0,6220594.0
2018-05-01,9072.16875745178,1649.0,17492.0,149386.0,705450.0,2385023.0,6226542.0
2018-05-02,9204.12764056108,1661.0,17402.0,149039.0,705316.0,2386265.0,6227208.0
2018-05-03,9750.70014640561,1660.0,17415.0,149103.0,705673.0,2390287.0,6230507.0
2018-05-04,9696.64290999416,1656.0,17392.0,149146.0,706604.0,2392514.0,6232232.0
2018-05-05,9795.92577206312,1656.0,17421.0,149298.0,707358.0,2392653.0,6219959.0
2018-05-06,9595.08681940386,1654.0,17420.0,149375.0,707608.0,2392226.0,6213676.0
2018-05-07,9339.5108471654,1654.0,17429.0,149475.0,708733.0,2395659.0,6202223.0
2018-05-08,9212.36963471654,1661.0,17398.0,149223.0,709186.0,2399750.0,6198542.0
2018-05-09,9293.04227352425,1654.0,17429.0,149352.0,710475.0,2404850.0,6198192.0
2018-05-10,9037.53050905903,1654.0,17423.0,149605.0,711777.0,2410215.0,6206394.0
2018-05-11,8419.75858737581,1654.0,17454.0,149419.0,711723.0,2411926.0,6204451.0
2018-05-12,8485.77526680304,1652.0,17472.0,149590.0,710444.0,2406071.0,6190917.0
2018-05-13,8695.83309380479,1649.0,17476.0,149580.0,711241.0,2410285.0,6197029.0
2018-05-14,8671.07417475161,1644.0,17494.0,149752.0,712103.0,2416206.0,6205557.0
2018-05-15,8488.463421391,1641.0,17462.0,149823.0,713236.0,2422367.0,6218928.0
2018-05-16,8327.75620134424,1647.0,17467.0,149855.0,713786.0,2426521.0,6223626.0
2018-05-17,8050.51623933372,1646.0,17464.0,149619.0,709919.0,2410281.0,6189258.0
2018-05-18,8233.08645528931,1650.0,17443.0,149636.0,707581.0,2395417.0,6164405.0
2018-05-19,8229.48293571011,1651.0,17452.0,149641.0,707106.0,2396105.0,6171522.0
2018-05-20,8511.44883021625,1648.0,17461.0,149655.0,708090.0,2402935.0,6187553.0
2018-05-21,8398.62312653419,1647.0,17470.0,149645.0,708165.0,2405270.0,6184187.0
2018-05-22,8007.52653214495,1646.0,17454.0,149661.0,707463.0,2398454.0,6185068.0
2018-05-23,7520.86767913501,1648.0,17476.0,149638.0,707023.0,2395160.0,6180934.0
2018-05-24,7575.62448597312,1650.0,17446.0,149743.0,706960.0,2395722.0,6189632.0
2018-05-25,7425.37567445938,1656.0,17402.0,149451.0,707214.0,2396923.0,6195258.0
2018-05-26,7326.30318644068,1656.0,17393.0,149632.0,707546.0,2399182.0,6207722.0
2018-05-27,7338.19304441847,1657.0,17408.0,149640.0,708257.0,2401326.0,6218076.0
2018-05-28,7110.82388164816,1654.0,17383.0,149527.0,706860.0,2395526.0,6211099.0
2018-05-29,7453.63372501461,1652.0,17399.0,149368.0,706302.0,2395317.0,6212109.0
2018-05-30,7374.6690490941,1658.0,17391.0,149452.0,706776.0,2397339.0,6221398.0
2018-05-31,7478.74186703682,1656.0,17352.0,149761.0,707736.0,2401038.0,6236451.0
2018-06-01,7519.83573728814,1666.0,17363.0,148658.0,707289.0,2404692.0,6254117.0
2018-06-02,7637.44825306838,1661.0,17367.0,148676.0,707985.0,2406176.0,6262870.0
2018-06-03,7702.15793308007,1665.0,17368.0,148660.0,708729.0,2409986.0,6273687.0
2018-06-04,7486.65319959088,1658.0,17395.0,148795.0,709653.0,2406673.0,6267466.0
2018-06-05,7611.14985271771,1652.0,17441.0,148790.0,710164.0,2408022.0,6275992.0
2018-06-06,7650.77580713033,1655.0,17430.0,148769.0,709874.0,2401813.0,6275459.0
2018-06-07,7665.9478962595,1658.0,17436.0,148862.0,710636.0,2405098.0,6282733.0
2018-06-08,7622.60233021625,1654.0,17437.0,148786.0,711152.0,2408091.0,6287812.0
2018-06-09,7556.17169783752,1657.0,17430.0,148831.0,711200.0,2409733.0,6293242.0
2018-06-10,6744.73580099357,1656.0,17401.0,148552.0,710843.0,2410697.0,6297054.0
2018-06-11,6849.45268731736,1654.0,17399.0,148764.0,712104.0,2416529.0,6306299.0
2018-06-12,6526.69968001169,1655.0,17413.0,148912.0,713460.0,2421800.0,6315708.0
2018-06-13,6306.51316803039,1652.0,17438.0,148749.0,711109.0,2408264.0,6287358.0
2018-06-14,6629.77012419638,1649.0,17429.0,148849.0,711215.0,2409596.0,6288966.0
2018-06-15,6399.67404646406,1653.0,17449.0,148802.0,710695.0,2408135.0,6282380.0
2018-06-16,6495.31530917592,1653.0,17444.0,148851.0,710153.0,2409410.0,6284154.0
2018-06-17,6450.69397282291,1652.0,17422.0,148899.0,710162.0,2408057.0,6283759.0
2018-06-18,6703.81258971362,1647.0,17418.0,149010.0,711126.0,2411026.0,6286700.0
2018-06-19,6732.50880917592,1646.0,17407.0,149043.0,711280.0,2411308.0,6271060.0
2018-06-20,6753.20682583285,1643.0,17425.0,149108.0,710921.0,2408361.0,6256217.0
2018-06-21,6720.37323436587,1642.0,17446.0,149097.0,711044.0,2408410.0,6251204.0
2018-06-22,6059.5758591467,1638.0,17418.0,149178.0,711724.0,2409871.0,6255826.0
2018-06-23,6174.22577936879,1640.0,17402.0,149235.0,712282.0,2409116.0,6257569.0
2018-06-24,6146.48719491526,1638.0,17398.0,149061.0,711914.0,2408804.0,6259113.0
2018-06-25,6243.53544097019,1639.0,17429.0,149043.0,712592.0,2409944.0,6258008.0
2018-06-26,6096.12876621859,1642.0,17410.0,149034.0,712920.0,2413169.0,6266879.0
2018-06-27,6139.18968322618,1643.0,17409.0,149029.0,713138.0,2413449.0,6265852.0
2018-06-28,5858.63577819988,1643.0,17426.0,149056.0,713568.0,2414536.0,6262968.0
2018-06-29,6220.9137150789,1647.0,17412.0,148993.0,713670.0,2415219.0,6270016.0
2018-06-30,6375.5412314436,1643.0,17419.0,148846.0,712952.0,2412869.0,6263557.0
2018-07-01,6361.40253886616,1645.0,17417.0,148914.0,713258.0,2414767.0,6270905.0
2018-07-02,6608.367157218,1639.0,17437.0,148779.0,712652.0,2415408.0,6274610.0
2018-07-03,6498.3078591467,1643.0,17435.0,148814.0,713026.0,2412640.0,6273188.0
2018-07-04,6579.33337638808,1640.0,17435.0,148863.0,713090.0,2411670.0,6271314.0
2018-07-05,6535.29840268849,1640.0,17428.0,148984.0,713419.0,2411903.0,6275822.0
2018-07-06,6598.45909585038,1645.0,17433.0,148990.0,713771.0,2413896.0,6288335.0
2018-07-07,6737.85608036236,1645.0,17459.0,149018.0,713911.0,2415787.0,6297489.0
2018-07-08,6704.91998012858,1652.0,17467.0,149721.0,715183.0,2417480.0,6300859.0
2018-07-09,6664.02409351257,1652.0,17470.0,149656.0,715709.0,2416667.0,6298073.0
2018-07-10,6309.08400409118,1649.0,17511.0,149657.0,715863.0,2417013.0,6283933.0
2018-07-11,6377.97651139684,1657.0,17506.0,149348.0,716285.0,2414681.0,6285095.0
2018-07-12,6159.46667621274,1657.0,17488.0,149406.0,716194.0,2414459.0,6284636.0
2018-07-13,6208.98557188779,1659.0,17495.0,149226.0,715856.0,2416936.0,6301156.0
2018-07-14,6255.11247866744,1658.0,17485.0,149237.0,715881.0,2418742.0,6307896.0
2018-07-15,6347.60427381648,1656.0,17487.0,149383.0,716155.0,2419542.0,6304310.0
2018-07-16,6710.80743746347,1658.0,17463.0,149363.0,716651.0,2421751.0,6304392.0
2018-07-17,7320.59482787843,1656.0,17439.0,149402.0,716735.0,2419054.0,6296700.0
2018-07-18,7376.03833927528,1658.0,17448.0,149620.0,717102.0,2419244.0,6276959.0
2018-07-19,7467.0342980713,1661.0,17448.0,149685.0,717083.0,2419726.0,6277846.0
2018-07-20,7327.25668293396,1655.0,17443.0,149578.0,716914.0,2420949.0,6283484.0
2018-07-21,7410.56562039743,1653.0,17443.0,149511.0,716972.0,2422167.0,6290356.0
2018-07-22,7399.48374693162,1650.0,17448.0,149539.0,717351.0,2423856.0,6299935.0
2018-07-23,7716.15862741087,1651.0,17456.0,149653.0,717421.0,2423355.0,6282403.0
2018-07-24,8397.61652162478,1646.0,17481.0,149773.0,717926.0,2424776.0,6293230.0
2018-07-25,8202.72039538282,1650.0,17463.0,149704.0,717807.0,2423143.0,6301009.0
2018-07-26,7913.93077819989,1649.0,17482.0,149687.0,718464.0,2425108.0,6308737.0
2018-07-27,8173.7746113384,1646.0,17509.0,149751.0,718713.0,2427106.0,6319601.0
2018-07-28,8190.36005669199,1648.0,17503.0,149724.0,718637.0,2426217.0,6318430.0
2018-07-29,8229.60583869083,1656.0,17460.0,149515.0,718927.0,2428627.0,6327256.0
2018-07-30,8171.83951928697,1654.0,17495.0,149568.0,718940.0,2428650.0,6326353.0
2018-07-31,7725.13303594389,1651.0,17457.0,149620.0,719393.0,2431180.0,6331022.0
2018-08-01,7596.6980119813,1647.0,17450.0,149746.0,720466.0,2435617.0,6338824.0
2018-08-02,7542.69466189363,1647.0,17439.0,149613.0,719731.0,2431501.0,6327515.0
2018-08-03,7411.34425014611,1648.0,17366.0,149506.0,719985.0,2432529.0,6327485.0
2018-08-04,7002.2086528346,1645.0,17374.0,149601.0,720345.0,2433966.0,6330288.0
2018-08-05,7031.58775102279,1647.0,17380.0,149701.0,721059.0,2436498.0,6337579.0
2018-08-06,6929.99089421391,1646.0,17383.0,149682.0,721446.0,2439732.0,6344301.0
2018-08-07,6722.57843278784,1651.0,17392.0,149692.0,721900.0,2440429.0,6343556.0
2018-08-08,6267.3886735827,1655.0,17405.0,149826.0,722515.0,2442268.0,6342667.0
2018-08-09,6558.09690794857,1653.0,17382.0,149485.0,722538.0,2444361.0,6341451.0
2018-08-10,6135.75185856224,1658.0,17396.0,149497.0,722866.0,2447100.0,6336489.0
2018-08-11,6313.74931180596,1659.0,17383.0,149512.0,723245.0,2447930.0,6331319.0
2018-08-12,6314.69165575687,1658.0,17388.0,149634.0,723898.0,2450632.0,6330243.0
2018-08-13,6265.84804383402,1658.0,17393.0,149805.0,724546.0,2453298.0,6329028.0
2018-08-14,6184.82908562244,1650.0,17373.0,149849.0,724744.0,2455327.0,6334552.0
2018-08-15,6270.21479865576,1651.0,17359.0,149709.0,724707.0,2456941.0,6346603.0
2018-08-16,6290.7504552893,1649.0,17301.0,149516.0,724844.0,2458675.0,6356978.0
2018-08-17,6563.07828872005,1648.0,17256.0,149464.0,725085.0,2459699.0,6366088.0
2018-08-18,6399.28744681473,1648.0,17262.0,149489.0,725098.0,2459323.0,6369795.0
2018-08-19,6490.71612711865,1653.0,17219.0,149532.0,725398.0,2461607.0,6379735.0
2018-08-20,6272.95272881356,1653.0,17190.0,149574.0,725954.0,2462015.0,6384533.0
2018-08-21,6473.07603945061,1653.0,17099.0,149327.0,725209.0,2459333.0,6383043.0
2018-08-22,6365.00983167738,1652.0,17059.0,149243.0,724880.0,2456813.0,6378152.0
2018-08-23,6516.40902542373,1650.0,16982.0,149280.0,725208.0,2456331.0,6382088.0
2018-08-24,6697.73187872589,1651.0,16973.0,149294.0,725242.0,2456973.0,6388162.0
2018-08-25,6745.43893921683,1654.0,16894.0,149197.0,725328.0,2458227.0,6398157.0
2018-08-26,6689.86933313852,1652.0,16835.0,149140.0,725099.0,2457468.0,6398582.0
2018-08-27,6839.15895236704,1651.0,16716.0,149121.0,725308.0,2457934.0,6391490.0
2018-08-28,7092.97380829924,1650.0,16686.0,149072.0,725899.0,2460275.0,6392503.0
2018-08-29,7033.42806808884,1652.0,16603.0,149044.0,725975.0,2460865.0,6403383.0
2018-08-30,6966.96374371713,1647.0,16526.0,149014.0,725878.0,2461136.0,6395418.0
2018-08-31,7025.14078024547,1648.0,16536.0,149017.0,726223.0,2462766.0,6397804.0
2018-09-01,7192.35254734074,1647.0,16539.0,149028.0,726341.0,2461865.0,6395150.0
2018-09-02,7286.66779105786,1646.0,16549.0,149014.0,726479.0,2463651.0,6401202.0
2018-09-03,7257.47021391,1641.0,16517.0,148947.0,726453.0,2464998.0,6401660.0
2018-09-04,7358.81147895967,1641.0,16551.0,148929.0,726665.0,2466262.0,6391912.0
2018-09-05,6790.89732846289,1643.0,16525.0,149022.0,726556.0,2463859.0,6373278.0
2018-09-06,6488.07593687902,1640.0,16500.0,148981.0,727181.0,2465479.0,6362702.0
2018-09-07,6408.65362244301,1637.0,16477.0,149002.0,728160.0,2469653.0,6358043.0
2018-09-08,6187.79050233781,1639.0,16470.0,149026.0,728801.0,2472525.0,6368487.0
2018-09-09,6249.24631034483,1642.0,16482.0,149050.0,728965.0,2473223.0,6374914.0
2018-09-10,6295.3886025716,1651.0,16494.0,148612.0,728443.0,2473315.0,6367404.0
2018-09-11,6278.42463968439,1649.0,16496.0,148680.0,728629.0,2473857.0,6353261.0
2018-09-12,6327.53636323787,1652.0,16486.0,148660.0,728459.0,2473270.0,6355606.0
2018-09-13,6490.91231648159,1652.0,16492.0,148781.0,728626.0,2472583.0,6355518.0
2018-09-14,6494.69547895967,1650.0,16476.0,148735.0,728903.0,2473548.0,6365742.0
2018-09-15,6524.16566744594,1654.0,16482.0,148730.0,728826.0,2473763.0,6369579.0
2018-09-16,6497.40470134424,1652.0,16474.0,148806.0,729235.0,2475789.0,6380247.0
2018-09-17,6258.59487492694,1657.0,16464.0,148878.0,729471.0,2475251.0,6385120.0
2018-09-18,6340.34779018118,1659.0,16462.0,148957.0,729442.0,2475077.0,6394679.0
2018-09-19,6383.95187580362,1656.0,16484.0,148976.0,729599.0,2474365.0,6389284.0
2018-09-20,6498.60711104617,1657.0,16487.0,149036.0,729860.0,2475512.0,6393590.0
2018-09-21,6741.14289888954,1652.0,16441.0,148987.0,729992.0,2474467.0,6389992.0
2018-09-22,6705.47605113969,1654.0,16406.0,148854.0,729933.0,2475754.0,6398102.0
2018-09-23,6703.13684950321,1657.0,16402.0,148780.0,730049.0,2476907.0,6404675.0
2018-09-24,6576.5450032145,1653.0,16402.0,148835.0,730293.0,2478609.0,6412886.0
2018-09-25,6416.44402162478,1656.0,16406.0,148787.0,730308.0,2479383.0,6415678.0
2018-09-26,6463.25040356517,1659.0,16398.0,148786.0,729768.0,2477867.0,6407594.0
2018-09-27,6677.90048860316,1659.0,16422.0,148408.0,729716.0,2479129.0,6401627.0
2018-09-28,6623.12615984804,1657.0,16437.0,148421.0,728947.0,2479505.0,6403317.0
2018-09-29,6584.49914757452,1656.0,16442.0,148455.0,728627.0,2480546.0,6409895.0
2018-09-30,6604.485028346,1661.0,16456.0,148507.0,728093.0,2481749.0,6414614.0
2018-10-01,6561.81383226184,1653.0,16464.0,148592.0,728372.0,2484761.0,6404522.0
2018-10-02,6508.72093863238,1671.0,16478.0,148146.0,728465.0,2481278.0,6387015.0
2018-10-03,6464.45684365868,1683.0,16473.0,147723.0,727837.0,2481489.0,6393880.0
2018-10-04,6545.28566773816,1685.0,16490.0,147780.0,727608.0,2481970.0,6400465.0
2018-10-05,6585.14957977791,1689.0,16505.0,147623.0,727708.0,2483587.0,6409285.0
2018-10-06,6550.47831589714,1692.0,16508.0,147487.0,727377.0,2484124.0,6404834.0
2018-10-07,6564.56826008182,1691.0,16512.0,147600.0,727213.0,2485494.0,6404821.0
2018-10-08,6604.68527410871,1691.0,16532.0,147698.0,726935.0,2485362.0,6401145.0
2018-10-09,6590.42862215079,1693.0,16527.0,147716.0,726587.0,2485516.0,6399530.0
2018-10-10,6529.10243600234,1700.0,16505.0,147937.0,726890.0,2487480.0,6410341.0
2018-10-11,6159.25164260666,1694.0,16522.0,148028.0,726761.0,2487844.0,6405698.0
2018-10-12,6191.67722326125,1708.0,16542.0,148091.0,726708.0,2486236.0,6396586.0
2018-10-13,6197.68569637639,1705.0,16542.0,148457.0,724508.0,2484445.0,6394008.0
2018-10-14,6182.87934424313,1711.0,16541.0,148759.0,723383.0,2484418.0,6399052.0
2018-10-15,6442.71541408533,1710.0,16580.0,149348.0,722612.0,2482794.0,6390589.0
2018-10-16,6461.93715926359,1712.0,16588.0,149379.0,721324.0,2481197.0,6387615.0
2018-10-17,6442.73070017534,1712.0,16604.0,149622.0,720354.0,2481542.0,6383459.0
2018-10-18,6396.47981209819,1718.0,16538.0,149142.0,718188.0,2479989.0,6385261.0
2018-10-19,6383.07784015196,1722.0,16541.0,149312.0,716658.0,2477493.0,6383179.0
2018-10-20,6408.25274634717,1723.0,16549.0,149481.0,715229.0,2478301.0,6388579.0
2018-10-21,6415.34050292227,1725.0,16549.0,149500.0,715037.0,2479813.0,6393747.0
2018-10-22,6408.03363559322,1738.0,16553.0,149591.0,715060.0,2480872.0,6392540.0
2018-10-23,6395.98766686149,1745.0,16563.0,149608.0,715041.0,2481788.0,6385297.0
2018-10-24,6413.80364114553,1746.0,16577.0,149568.0,714825.0,2482086.0,6382111.0
2018-10-25,6402.3248591467,1751.0,16557.0,149453.0,714373.0,2481933.0,6370515.0
2018-10-26,6404.10855230859,1760.0,16543.0,149456.0,714444.0,2482475.0,6354768.0
2018-10-27,6409.40532758621,1758.0,16565.0,149533.0,714360.0,2483372.0,6352450.0
2018-10-28,6406.63325306838,1759.0,16570.0,149604.0,714479.0,2485311.0,6354116.0
2018-10-29,6263.0417346581,1751.0,16587.0,149520.0,714653.0,2488104.0,6336551.0
2018-10-30,6272.16772822911,1756.0,16565.0,149589.0,714694.0,2488402.0,6333523.0
2018-10-31,6306.31693132671,1761.0,16572.0,149608.0,714582.0,2490624.0,6337898.0
2018-11-01,6342.97750058445,1766.0,16576.0,149511.0,714439.0,2490431.0,6340175.0
2018-11-02,6348.16858270018,1763.0,16601.0,149418.0,713977.0,2490439.0,6340135.0
2018-11-03,6332.43413296318,1761.0,16609.0,149394.0,713774.0,2491038.0,6344073.0
2018-11-04,6420.42200029223,1762.0,16611.0,149432.0,714048.0,2492415.0,6338461.0
2018-11-05,6402.94683898305,1765.0,16624.0,149640.0,713158.0,2496112.0,6348861.0
2018-11-06,6441.14521887785,1761.0,16649.0,149316.0,713617.0,2498121.0,6360087.0
2018-11-07,6500.86980508475,1762.0,16620.0,149253.0,713482.0,2495965.0,6360162.0
2018-11-08,6406.75293746347,1767.0,16594.0,149103.0,713315.0,2493855.0,6362559.0
2018-11-09,6331.37876709527,1768.0,16603.0,148998.0,711453.0,2495603.0,6371572.0
2018-11-10,6353.11273407364,1773.0,16602.0,148953.0,710698.0,2495362.0,6380420.0
2018-11-11,6335.41420397428,1771.0,16612.0,148941.0,710342.0,2495490.0,6388911.0
2018-11-12,6320.65605376972,1774.0,16578.0,148721.0,709878.0,2494966.0,6392578.0
2018-11-13,6267.9379912332,1773.0,16587.0,148645.0,709862.0,2495247.0,6399173.0
2018-11-14,5574.25834891876,1773.0,16611.0,148571.0,710943.0,2502505.0,6412645.0
2018-11-15,5538.56060783168,1781.0,16599.0,148617.0,708922.0,2496204.0,6398759.0
2018-11-16,5496.01623115137,1784.0,16633.0,148534.0,707877.0,2494428.0,6389731.0
2018-11-17,5501.09234044418,1777.0,16629.0,148439.0,707223.0,2495451.0,6391754.0
2018-11-18,5555.3763383986,1778.0,16646.0,148466.0,706606.0,2497365.0,6395792.0
2018-11-19,4792.20002367037,1776.0,16638.0,148574.0,707299.0,2499262.0,6405270.0
2018-11-20,4317.53067007598,1781.0,16634.0,148211.0,704562.0,2494527.0,6401386.0
2018-11-21,4549.32200993571,1781.0,16670.0,148196.0,702951.0,2493292.0,6403675.0
2018-11-22,4303.61554850964,1783.0,16673.0,148304.0,701914.0,2490447.0,6398168.0
2018-11-23,4289.89285330216,1783.0,16632.0,148278.0,701345.0,2490622.0,6401268.0
2018-11-24,3806.31692489772,1780.0,16645.0,148374.0,700736.0,2488104.0,6396727.0
2018-11-25,3946.85087434249,1779.0,16629.0,148089.0,699057.0,2486053.0,6393988.0
2018-11-26,3700.28599269433,1780.0,16623.0,148167.0,698445.0,2487248.0,6396698.0
2018-11-27,3776.55590531853,1789.0,16563.0,148131.0,697709.0,2488669.0,6405651.0
2018-11-28,4208.47526914085,1790.0,16509.0,147398.0,698221.0,2493900.0,6420587.0
2018-11-29,4239.03948831093,1794.0,16498.0,147318.0,696462.0,2493199.0,6428019.0
2018-11-30,3973.33405230859,1807.0,16507.0,147500.0,696246.0,2494591.0,6441654.0
2018-12-01,4148.07372559906,1809.0,16502.0,147511.0,695448.0,2493869.0,6443683.0
2018-12-02,4098.74676388077,1809.0,16496.0,147517.0,695123.0,2496080.0,6453042.0
2018-12-03,3843.9766659848,1820.0,16526.0,147574.0,696032.0,2499204.0,6463986.0
2018-12-04,3892.95164699006,1848.0,16552.0,147832.0,696222.0,2491318.0,6443502.0
2018-12-05,3709.52085827002,1861.0,16576.0,148783.0,698043.0,2495299.0,6446474.0
2018-12-06,3511.96898158971,1866.0,16592.0,147917.0,697991.0,2495846.0,6450110.0
2018-12-07,3372.99569257744,1860.0,16601.0,147802.0,697603.0,2494738.0,6448995.0
2018-12-08,3407.95119462303,1859.0,16623.0,147801.0,697771.0,2495979.0,6454985.0
2018-12-09,3540.43957597896,1858.0,16608.0,147832.0,697837.0,2497723.0,6457555.0
2018-12-10,3413.59258416131,1855.0,16631.0,148013.0,698630.0,2498080.0,6449944.0
2018-12-11,3352.56420017534,1859.0,16636.0,148126.0,699258.0,2501738.0,6457204.0
2018-12-12,3423.01291788428,1859.0,16637.0,148090.0,699313.0,2503618.0,6463233.0
2018-12-13,3260.34158240795,1857.0,16628.0,148169.0,699906.0,2508890.0,6477225.0
2018-12-14,3198.94747369959,1857.0,16673.0,148255.0,700042.0,2508211.0,6453330.0
2018-12-15,3185.07404383402,1852.0,16676.0,148325.0,700420.0,2513173.0,6446642.0
2018-12-16,3195.41455523086,1850.0,16655.0,148324.0,700894.0,2517638.0,6437908.0
2018-12-17,3499.15648188194,1854.0,16652.0,148386.0,701165.0,2518768.0,6418675.0
2018-12-18,3659.52737931035,1852.0,16669.0,148230.0,701366.0,2521125.0,6420956.0
2018-12-19,3697.72530333139,1852.0,16653.0,148925.0,702185.0,2522643.0,6415056.0
2018-12-20,4067.73770777323,1859.0,16610.0,148411.0,703185.0,2524271.0,6415177.0
2018-12-21,3839.08510841613,1856.0,16598.0,148597.0,702256.0,2521468.0,6415524.0
2018-12-22,3964.94611630625,1855.0,16618.0,148723.0,702271.0,2524089.0,6411997.0
2018-12-23,3942.66699590883,1859.0,16638.0,148732.0,701825.0,2526538.0,6412973.0
2018-12-24,4040.04578959673,1863.0,16634.0,149050.0,701605.0,2525671.0,6414153.0
2018-12-25,3761.58401081239,1861.0,16618.0,148957.0,701517.0,2528046.0,6420598.0
2018-12-26,3807.65745353594,1860.0,16620.0,149086.0,701374.0,2530072.0,6422646.0
2018-12-27,3585.46053594389,1859.0,16605.0,148934.0,700623.0,2530654.0,6424657.0
2018-12-28,3881.05488486265,1856.0,16611.0,149057.0,701096.0,2533346.0,6433907.0
2018-12-29,3823.13832612507,1854.0,16595.0,149292.0,701816.0,2536356.0,6446186.0
2018-12-30,3825.4074628872,1852.0,16615.0,149208.0,702007.0,2537518.0,6458634.0
2018-12-31,3687.19994009351,1847.0,16627.0,149352.0,702707.0,2538735.0,6461570.0
2019-01-01,3808.11783167738,1849.0,16624.0,149465.0,703022.0,2539913.0,6457314.0
2019-01-02,3898.1974880187,1845.0,16615.0,149315.0,703844.0,2542244.0,6459922.0
2019-01-03,3784.38863471654,1845.0,16614.0,149728.0,705030.0,2543329.0,6460417.0
2019-01-04,3827.52459438925,1844.0,16629.0,149699.0,705193.0,2544208.0,6464908.0
2019-01-05,3798.61395499708,1842.0,16623.0,149767.0,705268.0,2545788.0,6475710.0
2019-01-06,4045.99377498539,1840.0,16631.0,149833.0,705641.0,2546926.0,6482475.0
2019-01-07,4001.01827819988,1845.0,16650.0,149857.0,706067.0,2547227.0,6481895.0
2019-01-08,3992.6227893045,1844.0,16654.0,149945.0,706210.0,2545372.0,6481578.0
2019-01-09,4004.25903565167,1853.0,16619.0,149531.0,705740.0,2547111.0,6482204.0
2019-01-10,3627.90345002922,1850.0,16614.0,149720.0,706772.0,2549330.0,6479959.0
2019-01-11,3624.16142109877,1843.0,16594.0,149726.0,706767.0,2551184.0,6487067.0
2019-01-12,3617.02207831677,1842.0,16578.0,149737.0,706924.0,2552016.0,6499511.0
2019-01-13,3508.6701081239,1844.0,16576.0,149825.0,707528.0,2554393.0,6511306.0
2019-01-14,3666.94519374635,1841.0,16581.0,149846.0,708052.0,2555157.0,6519542.0
2019-01-15,3581.29301548802,1842.0,16600.0,149817.0,707827.0,2554354.0,6525865.0
2019-01-16,3606.98657568673,1838.0,16582.0,149764.0,708352.0,2557909.0,6539544.0
2019-01-17,3640.12913062536,1837.0,16565.0,149938.0,708851.0,2558797.0,6545250.0
2019-01-18,3609.42673611923,1838.0,16561.0,149830.0,709345.0,2559370.0,6557350.0
2019-01-19,3687.30196113384,1838.0,16547.0,149826.0,709658.0,2558854.0,6561908.0
2019-01-20,3538.31372296903,1837.0,16560.0,149992.0,710578.0,2560595.0,6571964.0
2019-01-21,3535.623393045,1838.0,16553.0,150081.0,711153.0,2561384.0,6571725.0
2019-01-22,3577.30834979544,1838.0,16548.0,150139.0,711509.0,2561119.0,6577869.0
2019-01-23,3551.89382115722,1838.0,16549.0,150203.0,712074.0,2564442.0,6591788.0
2019-01-24,3567.58893366452,1839.0,16565.0,150193.0,711801.0,2562470.0,6585718.0
2019-01-25,3561.35049795441,1839.0,16548.0,149950.0,712168.0,2564285.0,6600692.0
2019-01-26,3557.03991525424,1840.0,16540.0,150071.0,712728.0,2562759.0,6618456.0
2019-01-27,3537.61413062536,1837.0,16533.0,150092.0,713644.0,2564091.0,6630364.0
2019-01-28,3435.05251402689,1840.0,16531.0,149920.0,713337.0,2564483.0,6630899.0
2019-01-29,3395.82376329632,1841.0,16526.0,150130.0,713335.0,2564172.0,6634429.0
2019-01-30,3437.89586616014,1840.0,16558.0,151175.0,714776.0,2568279.0,6643486.0
2019-01-31,3410.13161601403,1842.0,16566.0,150344.0,714615.0,2569938.0,6652809.0
2019-02-01,3445.04989129164,1842.0,16530.0,150308.0,714982.0,2568557.0,6649345.0
2019-02-02,3461.93511747516,1843.0,16528.0,150284.0,715421.0,2571485.0,6663124.0
2019-02-03,3413.02161630625,1844.0,16518.0,150304.0,715871.0,2573145.0,6672297.0
2019-02-04,3411.38796171829,1841.0,16525.0,150379.0,716481.0,2573770.0,6668857.0
2019-02-05,3426.46501139684,1837.0,16527.0,150319.0,716985.0,2582514.0,6691428.0
2019-02-06,3367.50636499123,1841.0,16541.0,150276.0,716495.0,2580090.0,6677591.0
2019-02-07,3358.87359906487,1836.0,16527.0,150385.0,717376.0,2580423.0,6671177.0
2019-02-08,3612.47961922852,1838.0,16520.0,150433.0,718105.0,2582978.0,6677321.0
2019-02-09,3621.26812098188,1843.0,16513.0,150437.0,718100.0,2582520.0,6682274.0
2019-02-10,3642.0223591467,1841.0,16526.0,150443.0,718165.0,2583552.0,6691825.0
2019-02-11,3590.6184836353,1847.0,16562.0,150362.0,718121.0,2582076.0,6689019.0
2019-02-12,3587.90246580947,1842.0,16529.0,150518.0,719070.0,2583822.0,6684445.0
2019-02-13,3576.08537258913,1836.0,16517.0,150460.0,719148.0,2577845.0,6663185.0
2019-02-14,3561.91638340152,1830.0,16506.0,150500.0,719988.0,2578407.0,6668488.0
2019-02-15,3565.00692372881,1831.0,16497.0,150523.0,720240.0,2579721.0,6679979.0
2019-02-16,3584.73600263004,1833.0,16500.0,150566.0,720570.0,2578664.0,6676870.0
2019-02-17,3622.7574289889,1833.0,16484.0,150614.0,720879.0,2580411.0,6685571.0
2019-02-18,3866.12921712449,1829.0,16531.0,150419.0,720262.0,2578078.0,6688209.0
2019-02-19,3895.43521098773,1824.0,16519.0,150605.0,720820.0,2581095.0,6705722.0
2019-02-20,3931.61382904734,1825.0,16559.0,150768.0,721504.0,2579906.0,6713745.0
2019-02-21,3892.26179427236,1810.0,16599.0,150802.0,722256.0,2579180.0,6723597.0
2019-02-22,3948.30051052016,1812.0,16578.0,150707.0,722014.0,2572772.0,6706579.0
2019-02-23,4110.15112127411,1812.0,16574.0,150793.0,722888.0,2573133.0,6716410.0
2019-02-24,3754.18378988895,1814.0,16583.0,150867.0,723321.0,2575073.0,6722781.0
2019-02-25,3822.01869666861,1818.0,16565.0,150890.0,723504.0,2576630.0,6734789.0
2019-02-26,3796.17506838106,1818.0,16552.0,150845.0,724117.0,2577305.0,6738520.0
2019-02-27,3799.3819924021,1817.0,16546.0,150848.0,724895.0,2579899.0,6750688.0
2019-02-28,3792.94772296902,1883.0,16599.0,150871.0,725361.0,2579572.0,6751197.0
2019-03-01,3810.63269257744,1884.0,16588.0,151008.0,725905.0,2580545.0,6758540.0
2019-03-02,3809.64339099942,1887.0,16552.0,150930.0,725921.0,2582215.0,6782991.0
2019-03-03,3782.38187025132,1891.0,16542.0,150891.0,726690.0,2583281.0,6783926.0
2019-03-04,3698.16185505552,1884.0,16561.0,151164.0,727046.0,2585110.0,6788498.0
2019-03-05,3840.1280490941,1879.0,16544.0,151333.0,727767.0,2587522.0,6795314.0
2019-03-06,3851.99842548218,1883.0,16557.0,151225.0,727693.0,2590565.0,6801065.0
2019-03-07,3855.92316832262,1882.0,16532.0,151282.0,728285.0,2587082.0,6803230.0
2019-03-08,3839.23355289304,1885.0,16492.0,151337.0,728661.0,2588040.0,6805580.0
2019-03-09,3910.36116656926,1883.0,16497.0,151251.0,728724.0,2588811.0,6829716.0
2019-03-10,3903.9119509059,1885.0,16508.0,151231.0,729127.0,2589994.0,6830918.0
2019-03-11,3851.56892168323,1880.0,16536.0,151376.0,728282.0,2591244.0,6835759.0
2019-03-12,3858.91482378726,1878.0,16516.0,151269.0,728830.0,2593553.0,6853047.0
2019-03-13,3851.95746639392,1881.0,16499.0,151319.0,729320.0,2590548.0,6847437.0
2019-03-14,3853.78326504968,1882.0,16523.0,151308.0,729292.0,2590162.0,6847048.0
2019-03-15,3901.91420689655,1884.0,16505.0,151263.0,728834.0,2591716.0,6854077.0
2019-03-16,3989.79607685564,1962.0,16495.0,151294.0,728727.0,2591887.0,6858100.0
2019-03-17,3967.14349444769,1962.0,16503.0,151412.0,728454.0,2593189.0,6869589.0
2019-03-18,3969.44014582116,1963.0,16509.0,151446.0,728948.0,2593496.0,6867309.0
2019-03-19,3996.16790356517,1964.0,16520.0,151437.0,729441.0,2599312.0,6860411.0
2019-03-20,4030.65527586207,1959.0,16534.0,151459.0,729895.0,2598801.0,6858958.0
2019-03-21,3976.27385008767,1963.0,16508.0,151284.0,728800.0,2597270.0,6859532.0
2019-03-22,3983.88764582116,1963.0,16509.0,151262.0,728387.0,2596800.0,6865868.0
2019-03-23,3981.77603302163,1963.0,16507.0,151311.0,728706.0,2599049.0,6878293.0
2019-03-24,3970.6669880187,1961.0,16519.0,151325.0,728623.0,2601196.0,6882699.0
2019-03-25,3908.23883869082,1958.0,16530.0,151513.0,729470.0,2604802.0,6881749.0
2019-03-26,3917.76340210403,1956.0,16515.0,151317.0,730043.0,2607984.0,6899636.0
2019-03-27,4027.00791788428,1962.0,16514.0,151353.0,729574.0,2608153.0,6912489.0
2019-03-28,4010.93746201052,1967.0,16485.0,151268.0,729293.0,2613487.0,6933663.0
2019-03-29,4089.46104003507,1975.0,16499.0,150880.0,726357.0,2606288.0,6939212.0
2019-03-30,4091.89103834015,1976.0,16497.0,150981.0,726045.0,2604334.0,6939918.0
2019-03-31,4094.31781472823,1978.0,16541.0,150884.0,726069.0,2601792.0,6940810.0
2019-04-01,4138.41780771479,1978.0,16546.0,151032.0,727209.0,2607514.0,6957366.0
2019-04-02,4903.71946206897,1982.0,16542.0,151307.0,727878.0,2613102.0,6956585.0
2019-04-03,4960.22760274693,1981.0,16559.0,151205.0,724459.0,2610120.0,6963057.0
2019-04-04,4911.26970245471,1982.0,16581.0,150899.0,723184.0,2607550.0,6966089.0
2019-04-05,5033.22548369375,1987.0,16580.0,150758.0,721827.0,2597093.0,6936537.0
2019-04-06,5044.35684593805,1984.0,16580.0,150844.0,721898.0,2592476.0,6922556.0
2019-04-07,5189.11195558153,1982.0,16577.0,150851.0,722123.0,2594436.0,6914723.0
2019-04-08,5283.42302483928,1978.0,16559.0,150781.0,722633.0,2596057.0,6917213.0
2019-04-09,5195.57790882525,1980.0,16540.0,151035.0,723320.0,2602350.0,6932578.0
2019-04-10,5311.74160327294,1978.0,16499.0,150958.0,723762.0,2608479.0,6947058.0
2019-04-11,5050.66600859147,1978.0,16476.0,150807.0,722800.0,2606912.0,6976974.0
2019-04-12,5082.86143202805,1975.0,16477.0,150993.0,723026.0,2605815.0,6968132.0
2019-04-13,5074.79069257744,1973.0,16451.0,150817.0,722914.0,2608567.0,6980918.0
2019-04-14,5156.80404061952,1974.0,16384.0,150787.0,723218.0,2607642.0,6978459.0
2019-04-15,5042.89773845704,1977.0,16376.0,150880.0,723670.0,2610361.0,6980086.0
2019-04-16,5205.96295745178,1981.0,16373.0,151070.0,724392.0,2611332.0,6962019.0
2019-04-17,5226.35221519579,1983.0,16330.0,150766.0,723719.0,2611024.0,6959115.0
2019-04-18,5278.5023395675,1982.0,16316.0,150832.0,723906.0,2608157.0,6955469.0
2019-04-19,5289.95121911163,1984.0,16278.0,150682.0,723974.0,2606239.0,6992928.0
2019-04-20,5313.97326212741,1984.0,16284.0,150716.0,723870.0,2606653.0,6991482.0
2019-04-21,5295.73382817066,1984.0,16298.0,150846.0,724507.0,2605256.0,6964515.0
2019-04-22,5383.79997533606,1989.0,16294.0,150855.0,725155.0,2609792.0,6974842.0
2019-04-23,5544.86271186441,1985.0,16279.0,150886.0,726352.0,2620396.0,7009268.0
2019-04-24,5431.94791963764,2004.0,16308.0,150659.0,724396.0,2612343.0,6992401.0
2019-04-25,5127.67316738749,1996.0,16321.0,150796.0,725483.0,2617585.0,7000262.0
2019-04-26,5150.16466066628,1996.0,16322.0,151202.0,726141.0,2612878.0,6994408.0
2019-04-27,5181.80776364699,1994.0,16315.0,151155.0,726646.0,2614099.0,6998608.0
2019-04-28,5148.66961542957,1996.0,16327.0,151200.0,727099.0,2614896.0,7002743.0
2019-04-29,5148.80049327878,2005.0,16348.0,151321.0,727876.0,2621970.0,7016442.0
2019-04-30,5266.61820251315,2015.0,16337.0,151173.0,728374.0,2624828.0,7029987.0
2019-05-01,5315.17532904734,2011.0,16332.0,151208.0,728012.0,2623179.0,7021986.0
2019-05-02,5393.12937638808,2012.0,16342.0,151289.0,728371.0,2624563.0,7033714.0
2019-05-03,5658.43038836938,2012.0,16345.0,151178.0,728009.0,2622399.0,7031239.0
2019-05-04,5774.71242869667,2011.0,16339.0,151187.0,728476.0,2622788.0,7039085.0
2019-05-05,5728.35170222092,2007.0,16344.0,151189.0,728430.0,2620679.0,7043432.0
2019-05-06,5691.68837405026,2009.0,16362.0,151181.0,728424.0,2623418.0,7049485.0
2019-05-07,5825.744893045,2014.0,16377.0,151331.0,729151.0,2628729.0,7067064.0
2019-05-08,5931.8005949737,2015.0,16335.0,151191.0,728920.0,2629969.0,7063818.0
2019-05-09,6150.14044476914,2009.0,16330.0,150978.0,728572.0,2629185.0,7073318.0
2019-05-10,6357.46349357101,1991.0,16338.0,151069.0,730010.0,2633973.0,7103562.0
2019-05-11,7325.08286031561,1994.0,16348.0,151025.0,731217.0,2640304.0,7111381.0
2019-05-12,6942.62317451783,2001.0,16376.0,151027.0,730022.0,2629788.0,7070606.0
2019-05-13,7798.90573600234,1998.0,16374.0,150986.0,729324.0,2629752.0,7057475.0
2019-05-14,7955.5576823495,2004.0,16391.0,151019.0,729973.0,2638459.0,7077299.0
2019-05-15,8215.2068383986,2006.0,16405.0,151239.0,731929.0,2653448.0,7116635.0
2019-05-16,7862.07160233782,2005.0,16396.0,151340.0,733441.0,2665401.0,7131588.0
2019-05-17,7326.92068188194,2002.0,16414.0,151038.0,733315.0,2666758.0,7118976.0
2019-05-18,7277.98756341321,2001.0,16404.0,151048.0,731948.0,2659763.0,7093268.0
2019-05-19,8219.74278696669,2000.0,16411.0,151074.0,732293.0,2660994.0,7092498.0
2019-05-20,7981.13937895967,1995.0,16448.0,151011.0,733098.0,2665645.0,7105288.0
2019-05-21,7983.80847738165,1996.0,16474.0,151043.0,734094.0,2669925.0,7108099.0
2019-05-22,7667.90211484512,2000.0,16431.0,151038.0,734718.0,2672319.0,7103688.0
2019-05-23,7897.4712936879,2005.0,16435.0,151033.0,735400.0,2674549.0,7109269.0
2019-05-24,7987.10036762127,2001.0,16457.0,150647.0,735109.0,2673096.0,7108010.0
2019-05-25,8061.59176072472,1999.0,16453.0,150934.0,736410.0,2676621.0,7112203.0
2019-05-26,8731.52495587376,1999.0,16467.0,150894.0,733511.0,2676265.0,7111020.0
2019-05-27,8816.78670835769,1995.0,16484.0,150961.0,733907.0,2671175.0,7118121.0
2019-05-28,8719.12584833431,2001.0,16476.0,151051.0,734928.0,2680235.0,7136197.0
2019-05-29,8655.48850613676,1996.0,16451.0,150985.0,735347.0,2685481.0,7150484.0
2019-05-30,8271.62196317942,1997.0,16421.0,151134.0,735740.0,2688661.0,7168195.0
2019-05-31,8556.222185564,1996.0,16410.0,151065.0,737071.0,2698225.0,7206176.0
2019-06-01,8554.80732963179,2003.0,16412.0,151040.0,732283.0,2682179.0,7181840.0
2019-06-02,8744.35374547049,2001.0,16422.0,151021.0,731287.0,2667692.0,7170656.0
2019-06-03,8173.40127054354,1999.0,16447.0,151399.0,733127.0,2667332.0,7185489.0
2019-06-04,7649.93933196961,2000.0,16425.0,151229.0,734477.0,2679613.0,7208245.0
2019-06-05,7798.54446639392,2003.0,16402.0,150997.0,731835.0,2673998.0,7205361.0
2019-06-06,7776.71332612507,1999.0,16411.0,150990.0,732111.0,2672122.0,7199447.0
2019-06-07,8023.950093045,2005.0,16417.0,150874.0,732679.0,2666684.0,7170539.0
2019-06-08,7939.80515488019,2006.0,16410.0,150945.0,733436.0,2673290.0,7183234.0
2019-06-09,7634.06575073057,2004.0,16411.0,151006.0,733664.0,2680173.0,7200080.0
2019-06-10,7993.30253857393,2004.0,16401.0,151158.0,734506.0,2686470.0,7211539.0
2019-06-11,7922.48362711864,2001.0,16353.0,151317.0,735611.0,2690883.0,7218687.0
2019-06-12,8146.75612507306,2006.0,16343.0,151443.0,736192.0,2694049.0,7231768.0
2019-06-13,8232.77734137931,1996.0,16350.0,151551.0,736971.0,2698739.0,7243212.0
2019-06-14,8698.00481502046,2000.0,16320.0,151197.0,736169.0,2691230.0,7247283.0
2019-06-15,8850.58481601403,1998.0,16349.0,151241.0,734915.0,2681233.0,7256423.0
2019-06-16,9019.51700672121,1996.0,16347.0,151439.0,735579.0,2686414.0,7271781.0
2019-06-17,9340.57218877849,1991.0,16373.0,151456.0,736638.0,2693578.0,7290612.0
2019-06-18,9047.13274447691,1993.0,16347.0,151537.0,736651.0,2697779.0,7296537.0
2019-06-19,9285.05567656341,1997.0,16176.0,151314.0,737279.0,2698497.0,7288019.0
2019-06-20,9546.71977819988,1996.0,16187.0,151271.0,738609.0,2707408.0,7304271.0
2019-06-21,10083.4863136762,1994.0,16162.0,151255.0,740555.0,2719243.0,7326927.0
2019-06-22,10685.2952327878,1995.0,16182.0,151273.0,740131.0,2719424.0,7336728.0
2019-06-23,10794.4276963764,1992.0,16203.0,151298.0,738293.0,2711942.0,7317516.0
2019-06-24,11004.2069094681,1995.0,16180.0,151322.0,736834.0,2683098.0,7269577.0
2019-06-25,11726.2638308007,1992.0,16184.0,151332.0,737032.0,2688343.0,7288908.0
2019-06-26,12863.4606849795,1985.0,16156.0,151083.0,737639.0,2699795.0,7329003.0
2019-06-27,11109.7978418469,1987.0,16153.0,150507.0,737974.0,2709346.0,7359991.0
2019-06-28,12358.2079582116,1999.0,16146.0,150616.0,737705.0,2713306.0,7376340.0
2019-06-29,11944.3515473407,2000.0,16164.0,150850.0,735863.0,2702768.0,7339356.0
2019-06-30,10842.6167109877,1980.0,16163.0,151095.0,736536.0,2704957.0,7344239.0
2019-07-01,10569.5517282291,1977.0,16165.0,151071.0,736941.0,2707135.0,7359821.0
2019-07-02,10766.0833162186,1976.0,16191.0,151051.0,736425.0,2703657.0,7361894.0
2019-07-03,11952.0248935126,1974.0,16195.0,151176.0,736352.0,2702376.0,7360666.0
2019-07-04,11177.0103787551,1974.0,16190.0,151232.0,736841.0,2701966.0,7353070.0
2019-07-05,10998.3991004676,1978.0,16188.0,151303.0,736732.0,2699634.0,7347677.0
2019-07-06,11208.225600526,1975.0,16188.0,151270.0,736964.0,2701676.0,7378873.0
2019-07-07,11456.1836039158,1975.0,16196.0,151379.0,737136.0,2703740.0,7385982.0
2019-07-08,12319.6228758036,1973.0,16167.0,151392.0,736974.0,2702790.0,7385317.0
2019-07-09,12579.107616014,1970.0,16188.0,151513.0,738365.0,2706832.0,7391730.0
2019-07-10,12106.7829313267,1972.0,16187.0,151541.0,738754.0,2711325.0,7407084.0
2019-07-11,11294.678028346,1974.0,16151.0,151524.0,739093.0,2714766.0,7418480.0
2019-07-12,11813.3237158971,1967.0,16125.0,151625.0,739030.0,2710980.0,7397566.0
2019-07-13,11346.837148159,1969.0,16132.0,151871.0,739876.0,2713092.0,7394480.0
2019-07-14,10283.0757891292,1967.0,16157.0,151955.0,740349.0,2716380.0,7400532.0
2019-07-15,10926.3802741087,1965.0,16161.0,152206.0,741186.0,2720127.0,7411723.0
2019-07-16,9471.14086475745,1967.0,16127.0,152372.0,742625.0,2723883.0,7425194.0
2019-07-17,9674.88246113384,1960.0,16162.0,152419.0,742508.0,2728449.0,7441428.0
2019-07-18,10679.8906896552,1968.0,16135.0,152500.0,743740.0,2737720.0,7467674.0
2019-07-19,10532.2027291058,1970.0,16128.0,152501.0,743402.0,2738432.0,7477420.0
2019-07-20,10862.6485479252,1965.0,16122.0,152654.0,743622.0,2734536.0,7453971.0
2019-07-21,10589.7064907656,1963.0,16116.0,152689.0,744116.0,2736439.0,7454218.0
2019-07-22,10318.5609251899,1968.0,16112.0,152739.0,745311.0,2741995.0,7460435.0
2019-07-23,9866.64894038574,1964.0,16124.0,152962.0,746142.0,2744399.0,7461134.0
2019-07-24,9792.78753652835,1970.0,16094.0,153063.0,746894.0,2748423.0,7448069.0
2019-07-25,9897.18678603156,1969.0,16102.0,152940.0,747344.0,2748837.0,7441089.0
2019-07-26,9836.69678813559,1976.0,16106.0,153124.0,747126.0,2749253.0,7468441.0
2019-07-27,9446.67205207481,1974.0,16115.0,153245.0,747098.0,2752564.0,7482312.0
2019-07-28,9529.78879193454,1974.0,16122.0,153320.0,747543.0,2754841.0,7490754.0
2019-07-29,9504.15891595558,2009.0,16177.0,153453.0,748203.0,2755198.0,7486191.0
2019-07-30,9589.10920601987,2006.0,16195.0,153515.0,749241.0,2756653.0,7484906.0
2019-07-31,10059.0040189947,2007.0,16206.0,153529.0,749953.0,2758011.0,7486169.0
2019-08-01,10400.3070143776,2009.0,16187.0,153547.0,750576.0,2762375.0,7495509.0
2019-08-02,10529.6944544126,2013.0,16187.0,153573.0,750440.0,2758676.0,7483518.0
2019-08-03,10810.4216686148,2012.0,16194.0,153525.0,750935.0,2759247.0,7488026.0
2019-08-04,10986.5089291058,2012.0,16187.0,153426.0,751254.0,2760281.0,7492473.0
2019-08-05,11790.0239375804,2024.0,16201.0,153584.0,751918.0,2762218.0,7495911.0
2019-08-06,11423.4970017534,2051.0,16191.0,153733.0,752900.0,2762962.0,7487827.0
2019-08-07,11967.2735473407,2080.0,16185.0,153695.0,753468.0,2765215.0,7509356.0
2019-08-08,11938.2346108708,2072.0,16182.0,153835.0,754985.0,2764332.0,7502943.0
2019-08-09,11858.3410984804,2073.0,16189.0,153811.0,754709.0,2762960.0,7501001.0
2019-08-10,11303.7305618936,2072.0,16189.0,153801.0,755630.0,2765345.0,7503920.0
2019-08-11,11530.195242256,2071.0,16163.0,153898.0,756332.0,2768574.0,7509364.0
2019-08-12,11384.6962465809,2077.0,16177.0,154084.0,757101.0,2770908.0,7524440.0
2019-08-13,10867.05475827,2080.0,16191.0,154125.0,756892.0,2768563.0,7504920.0
2019-08-14,10024.3795917008,2084.0,16226.0,154130.0,757358.0,2770661.0,7504653.0
2019-08-15,10310.0858696669,2081.0,16205.0,154322.0,758035.0,2772272.0,7510763.0
2019-08-16,10373.3219028054,2081.0,16302.0,154302.0,758264.0,2775167.0,7522067.0
2019-08-17,10207.1555616598,2068.0,16273.0,155705.0,764445.0,2783109.0,7537068.0
2019-08-18,10331.3099760374,2065.0,16264.0,155647.0,766542.0,2787212.0,7546556.0
2019-08-19,10884.6297744009,2064.0,16275.0,155898.0,767004.0,2789264.0,7551030.0
2019-08-20,10771.3923793688,2061.0,16276.0,155984.0,767514.0,2790747.0,7553142.0
2019-08-21,10096.8302238457,2056.0,16288.0,156122.0,768329.0,2794813.0,7570719.0
2019-08-22,10119.7145248393,2061.0,16281.0,156184.0,767629.0,2779877.0,7575373.0
2019-08-23,10414.1441725891,2044.0,16246.0,156153.0,767931.0,2777005.0,7542496.0
2019-08-24,10147.0871548802,2045.0,16233.0,156123.0,768744.0,2777979.0,7467651.0
2019-08-25,10100.3567783752,2049.0,16239.0,156093.0,768726.0,2777277.0,7474120.0
2019-08-26,10362.6434723553,2043.0,16259.0,156026.0,769331.0,2776370.0,7471419.0
2019-08-27,10168.221571654,2048.0,16234.0,156152.0,769122.0,2774880.0,7467425.0
2019-08-28,9724.79997808299,2051.0,16236.0,156281.0,769686.0,2776043.0,7465240.0
2019-08-29,9482.31173495032,2046.0,16229.0,157162.0,771293.0,2780955.0,7475391.0
2019-08-30,9577.67882349503,2048.0,16252.0,157218.0,771115.0,2781946.0,7476680.0
2019-08-31,9605.02446142607,2048.0,16213.0,157263.0,771048.0,2783296.0,7486866.0
2019-09-01,9762.93655689655,2048.0,16235.0,157195.0,770968.0,2785194.0,7491720.0
2019-09-02,10377.3383845704,2051.0,16225.0,157091.0,771001.0,2786682.0,7492159.0
2019-09-03,10618.7815058445,2049.0,16242.0,156905.0,771269.0,2785347.0,7489325.0
2019-09-04,10577.2410839275,2056.0,16207.0,156690.0,771693.0,2786070.0,7483301.0
2019-09-05,10580.1846995909,2050.0,16231.0,156745.0,772396.0,2787912.0,7486896.0
2019-09-06,10330.8497312098,2045.0,16241.0,156684.0,772963.0,2787003.0,7483474.0
2019-09-07,10494.5069649328,2045.0,16249.0,156487.0,773282.0,2788986.0,7493225.0
2019-09-08,10407.2656573933,2045.0,16252.0,156348.0,773581.0,2792149.0,7499185.0
2019-09-09,10332.4644424313,2050.0,16272.0,156255.0,773457.0,2792578.0,7499084.0
2019-09-10,10085.9519243133,2053.0,16261.0,157030.0,775368.0,2795768.0,7510397.0
2019-09-11,10142.1480603741,2057.0,16276.0,156619.0,776127.0,2797977.0,7513154.0
2019-09-12,10403.3599707773,2052.0,16304.0,156332.0,776197.0,2799241.0,7519153.0
2019-09-13,10345.3387469316,2057.0,16286.0,156296.0,776165.0,2798486.0,7509545.0
2019-09-14,10363.4528963179,2060.0,16270.0,156276.0,776471.0,2799499.0,7513944.0
2019-09-15,10306.1696674459,2057.0,16234.0,156361.0,777217.0,2802048.0,7522139.0
2019-09-16,10257.822761543,2050.0,16269.0,157244.0,777930.0,2803015.0,7521853.0
2019-09-17,10195.6111811806,2048.0,16265.0,156914.0,778864.0,2804389.0,7521917.0
2019-09-18,10161.3188664524,2049.0,16296.0,156474.0,778446.0,2804448.0,7514915.0
2019-09-19,10268.3926291642,2056.0,16277.0,156465.0,779064.0,2806931.0,7523087.0
2019-09-20,10170.1251161309,2053.0,16286.0,157276.0,779201.0,2807353.0,7528560.0
2019-09-21,9986.4061081239,2055.0,16286.0,156651.0,780185.0,2809441.0,7539106.0
2019-09-22,10047.0134748685,2055.0,16293.0,156610.0,779903.0,2810754.0,7548760.0
2019-09-23,9692.74104792519,2050.0,16290.0,156765.0,780519.0,2815655.0,7562863.0
2019-09-24,8613.67124850965,2141.0,15986.0,155755.0,779721.0,2815561.0,7558382.0
2019-09-25,8424.15764640561,2159.0,16069.0,154826.0,779636.0,2818669.0,7569957.0
2019-09-26,8091.69529924021,2179.0,16051.0,153917.0,778876.0,2819226.0,7574069.0
2019-09-27,8186.77963927528,2191.0,16063.0,152865.0,778183.0,2820354.0,7584175.0
2019-09-28,8201.97901344243,2185.0,16066.0,153043.0,778855.0,2823038.0,7592676.0
2019-09-29,8064.50806236119,2180.0,16081.0,152989.0,779568.0,2824743.0,7606211.0
2019-09-30,8282.3654541204,2174.0,16071.0,153041.0,780306.0,2829456.0,7615863.0
2019-10-01,8314.55139012273,2173.0,16075.0,153150.0,781301.0,2831328.0,7623621.0
2019-10-02,8362.53073232028,2174.0,16080.0,153243.0,782174.0,2834608.0,7623879.0
2019-10-03,8254.33991028638,2171.0,16076.0,153224.0,782471.0,2835944.0,7635457.0
2019-10-04,8165.68615125658,2172.0,16090.0,153313.0,783014.0,2836693.0,7641760.0
2019-10-05,8141.63371379311,2171.0,16099.0,153316.0,783579.0,2839223.0,7646117.0
2019-10-06,7854.60981297487,2170.0,16100.0,153394.0,783977.0,2840765.0,7656109.0
2019-10-07,8226.02342928112,2168.0,16111.0,153420.0,784545.0,2843249.0,7653187.0
2019-10-08,8190.1151207481,2172.0,16115.0,153351.0,784915.0,2842182.0,7655731.0
2019-10-09,8598.3319207481,2174.0,16092.0,153271.0,784433.0,2842741.0,7658532.0
2019-10-10,8578.09037931034,2173.0,16099.0,153119.0,784843.0,2844314.0,7665189.0
2019-10-11,8289.85402893045,2174.0,16090.0,153149.0,785145.0,2844107.0,7665585.0
2019-10-12,8323.7501440678,2170.0,16093.0,153116.0,785399.0,2844733.0,7675446.0
2019-10-13,8291.25065143191,2172.0,16097.0,153147.0,786104.0,2846257.0,7689182.0
2019-10-14,8346.36843658679,2169.0,16107.0,153386.0,786850.0,2847207.0,7691951.0
2019-10-15,8160.71262752776,2151.0,16103.0,153505.0,787111.0,2848176.0,7695205.0
2019-10-16,8003.85592314436,2146.0,16109.0,153587.0,787593.0,2849235.0,7689479.0
2019-10-17,8072.48938229106,2145.0,16095.0,153495.0,788219.0,2851112.0,7685212.0
2019-10-18,7959.33199357101,2149.0,16088.0,153191.0,787638.0,2849412.0,7688837.0
2019-10-19,7948.47733722969,2149.0,16086.0,153225.0,787759.0,2850011.0,7710936.0
2019-10-20,8213.70903927528,2147.0,16099.0,153292.0,788091.0,2850542.0,7722629.0
2019-10-21,8211.65455873758,2146.0,16086.0,153366.0,788322.0,2851539.0,7719564.0
2019-10-22,8029.20537288136,2149.0,16071.0,153308.0,788526.0,2850693.0,7723190.0
2019-10-23,7458.03585680889,2145.0,16192.0,153175.0,786630.0,2851011.0,7725333.0
2019-10-24,7454.37113816482,2125.0,16271.0,153172.0,786008.0,2851961.0,7717895.0
2019-10-25,8656.65517755699,2133.0,16303.0,153169.0,784791.0,2845415.0,7704686.0
2019-10-26,9249.64676095851,2136.0,16257.0,153198.0,783358.0,2836618.0,7689293.0
2019-10-27,9558.15604400935,2136.0,16225.0,153194.0,782870.0,2830583.0,7690767.0
2019-10-28,9319.17814167154,2139.0,16232.0,153301.0,782405.0,2822142.0,7680503.0
2019-10-29,9431.20712390415,2137.0,16232.0,153392.0,782542.0,2815507.0,7673093.0
2019-10-30,9182.85506516657,2138.0,16183.0,153494.0,782959.0,2812848.0,7668655.0
2019-10-31,9155.27729877265,2136.0,16185.0,153568.0,782992.0,2812433.0,7672451.0
2019-11-01,9251.38129345412,2147.0,16179.0,153653.0,782267.0,2805982.0,7663955.0
2019-11-02,9300.19083752192,2148.0,16196.0,153689.0,782227.0,2803794.0,7670611.0
2019-11-03,9209.63869608416,2148.0,16184.0,153712.0,782582.0,2801837.0,7671049.0
2019-11-04,9418.36013062537,2147.0,16169.0,153751.0,783404.0,2800852.0,7667228.0
2019-11-05,9330.78722296902,2147.0,16176.0,153721.0,783718.0,2800263.0,7668875.0
2019-11-06,9354.93338229106,2148.0,16202.0,153455.0,784123.0,2799910.0,7651776.0
2019-11-07,9210.74822238457,2152.0,16163.0,153424.0,784095.0,2800298.0,7651128.0
2019-11-08,8791.33393495032,2150.0,16191.0,153311.0,784436.0,2800680.0,7654764.0
2019-11-09,8810.78456195208,2149.0,16194.0,153002.0,786229.0,2801533.0,7651680.0
2019-11-10,9042.89072320281,2147.0,16197.0,153041.0,786550.0,2801546.0,7656443.0
2019-11-11,8713.20792957335,2146.0,16203.0,153081.0,786000.0,2801286.0,7654425.0
2019-11-12,8788.95814295734,2154.0,16170.0,153095.0,786152.0,2802192.0,7654658.0
2019-11-13,8766.72943050848,2156.0,16211.0,153040.0,782987.0,2798550.0,7649011.0
2019-11-14,8645.43580362361,2155.0,16205.0,153135.0,783521.0,2800124.0,7648243.0
2019-11-15,8465.87788854471,2160.0,16206.0,153034.0,784478.0,2801370.0,7654888.0
2019-11-16,8477.69024284044,2157.0,16235.0,153070.0,783029.0,2800699.0,7663214.0
2019-11-17,8505.16122326125,2154.0,16237.0,153148.0,783343.0,2800439.0,7668879.0
2019-11-18,8183.53341350088,2154.0,16231.0,153300.0,784437.0,2803427.0,7678158.0
2019-11-19,8116.82067258913,2150.0,16220.0,153252.0,784730.0,2801030.0,7669272.0
2019-11-20,8076.55466008182,2153.0,16210.0,152915.0,782937.0,2799258.0,7660310.0
2019-11-21,7612.2774880187,2151.0,16232.0,152333.0,782817.0,2801510.0,7655949.0
2019-11-22,7277.52427323203,2140.0,16248.0,151892.0,780956.0,2803732.0,7659337.0
2019-11-23,7324.83617855056,2137.0,16268.0,151838.0,781797.0,2801425.0,7667549.0
2019-11-24,6943.38065604909,2137.0,16292.0,151879.0,782450.0,2804407.0,7682742.0
2019-11-25,7139.04468597312,2130.0,16295.0,152106.0,783656.0,2810552.0,7697918.0
2019-11-26,7165.43773027469,2133.0,16306.0,152217.0,784251.0,2812009.0,7699119.0
2019-11-27,7526.86381654004,2121.0,16170.0,152417.0,781962.0,2810749.0,7699699.0
2019-11-28,7436.3363817066,2121.0,16169.0,152371.0,781789.0,2809365.0,7701274.0
2019-11-29,7747.73804208066,2127.0,16193.0,151683.0,779382.0,2810747.0,7714286.0
2019-11-30,7556.19372121567,2124.0,16227.0,151730.0,775735.0,2809036.0,7719162.0
2019-12-01,7417.72720601987,2122.0,16235.0,151787.0,776503.0,2812097.0,7735757.0
2019-12-02,7318.31252180012,2124.0,16254.0,151788.0,776875.0,2813848.0,7736167.0
2019-12-03,7306.44623331385,2124.0,16279.0,152030.0,777522.0,2814357.0,7739415.0
2019-12-04,7215.02034482759,2133.0,16218.0,152175.0,777107.0,2811017.0,7740173.0
2019-12-05,7404.0867949737,2134.0,16187.0,152200.0,777697.0,2813139.0,7741572.0
2019-12-06,7534.2083559322,2136.0,16187.0,152224.0,778030.0,2815326.0,7748140.0
2019-12-07,7512.06140263004,2134.0,16181.0,152195.0,778053.0,2815922.0,7753416.0
2019-12-08,7528.94026943308,2133.0,16177.0,152295.0,778323.0,2815728.0,7761494.0
2019-12-09,7340.22745908825,2136.0,16201.0,152469.0,778697.0,2817016.0,7765494.0
2019-12-10,7232.09178375219,2137.0,16209.0,152434.0,778987.0,2816641.0,7760469.0
2019-12-11,7200.46444599649,2140.0,16219.0,152644.0,779086.0,2815723.0,7759361.0
2019-12-12,7192.84902425482,2140.0,16208.0,152747.0,779879.0,2817851.0,7766128.0
2019-12-13,7244.90372004676,2140.0,16214.0,152544.0,779880.0,2819235.0,7771691.0
2019-12-14,7071.10709029807,2138.0,16203.0,152601.0,780319.0,2819597.0,7778196.0
2019-12-15,7111.28666995909,2140.0,16202.0,152657.0,780626.0,2819956.0,7776039.0
2019-12-16,6882.39579532437,2138.0,16195.0,152591.0,780637.0,2817313.0,7768272.0
2019-12-17,6608.96197983635,2138.0,16203.0,152761.0,781365.0,2820482.0,7774234.0
2019-12-18,7284.6254836353,2133.0,16184.0,152618.0,781303.0,2822865.0,7784920.0
2019-12-19,7146.16763763881,2133.0,16198.0,152650.0,780933.0,2820713.0,7779516.0
2019-12-20,7184.21917206312,2130.0,16200.0,152687.0,781333.0,2821195.0,7789515.0
2019-12-21,7140.29801127995,2131.0,16218.0,152717.0,781495.0,2822519.0,7798071.0
2019-12-22,7479.40240789012,2129.0,16226.0,152758.0,781541.0,2823671.0,7801117.0
2019-12-23,7321.7487238457,2134.0,16235.0,152605.0,780179.0,2821844.0,7798131.0
2019-12-24,7235.62908381064,2132.0,16243.0,152659.0,779722.0,2819687.0,7789937.0
2019-12-25,7191.17416569258,2127.0,16234.0,152723.0,780070.0,2820541.0,7795753.0
2019-12-26,7194.63975832846,2123.0,16235.0,152772.0,780414.0,2822116.0,7801250.0
2019-12-27,7237.15044728229,2122.0,16248.0,152900.0,781044.0,2824148.0,7808862.0
2019-12-28,7306.64330829924,2125.0,16250.0,152986.0,781172.0,2825529.0,7820037.0
2019-12-29,7391.578521391,2123.0,16238.0,152998.0,781422.0,2825212.0,7829057.0
2019-12-30,7229.3971006429,2120.0,16241.0,152893.0,781586.0,2824522.0,7826439.0
2019-12-31,7167.39505464641,2121.0,16215.0,152901.0,781024.0,2821311.0,7816305.0
2020-01-01,7170.63186879018,2119.0,16221.0,152887.0,781578.0,2822972.0,7809142.0
2020-01-02,6946.82526914085,2123.0,16242.0,152873.0,781523.0,2822842.0,7817070.0
2020-01-03,7315.3093603156,2123.0,16246.0,153024.0,781804.0,2823442.0,7818148.0
2020-01-04,7343.16419438925,2122.0,16253.0,153088.0,782124.0,2824514.0,7824494.0
2020-01-05,7345.53069181765,2122.0,16257.0,153114.0,782279.0,2825880.0,7832446.0
2020-01-06,7765.7977346581,2122.0,16276.0,153140.0,782091.0,2824227.0,7822284.0
2020-01-07,8136.08684190532,2118.0,16276.0,153060.0,782409.0,2823844.0,7816512.0
2020-01-08,8059.69952887201,2118.0,16275.0,152969.0,782817.0,2825925.0,7816420.0
2020-01-09,7817.13609322034,2122.0,16309.0,153255.0,782168.0,2818900.0,7777511.0
2020-01-10,8129.81791992987,2116.0,16332.0,153086.0,783331.0,2822510.0,7793548.0
2020-01-11,8032.00549503215,2121.0,16327.0,153226.0,783719.0,2824750.0,7805405.0
2020-01-12,8164.54999316189,2119.0,16319.0,153268.0,783853.0,2825368.0,7815862.0
2020-01-13,8121.92566762127,2114.0,16346.0,153408.0,784085.0,2826122.0,7818350.0
2020-01-14,8830.16787346581,2113.0,16356.0,153317.0,783952.0,2823038.0,7808082.0
2020-01-15,8811.44820251315,2121.0,16349.0,153409.0,783476.0,2822631.0,7809973.0
2020-01-16,8718.68699801286,2122.0,16338.0,153379.0,783680.0,2823428.0,7808020.0
2020-01-17,8912.54190414962,2122.0,16346.0,153242.0,783765.0,2824241.0,7810713.0
2020-01-18,8928.1807565751,2126.0,16303.0,153471.0,784298.0,2826704.0,7822641.0
2020-01-19,8687.35483664524,2124.0,16324.0,153511.0,782545.0,2825901.0,7831103.0
2020-01-20,8636.2587862069,2126.0,16324.0,153534.0,782673.0,2826066.0,7824816.0
2020-01-21,8730.86756019871,2128.0,16328.0,153635.0,782836.0,2827376.0,7812145.0
2020-01-22,8647.90047399182,2133.0,16335.0,153666.0,783785.0,2829926.0,7783388.0
2020-01-23,8366.38461396844,2131.0,16324.0,153678.0,783951.0,2831782.0,7781330.0
2020-01-24,8423.39095815313,2133.0,16304.0,153681.0,783734.0,2831961.0,7780180.0
2020-01-25,8344.77456896552,2134.0,16294.0,153772.0,783989.0,2834169.0,7787247.0
2020-01-26,8573.87480958504,2135.0,16294.0,153784.0,784190.0,2835831.0,7793803.0
2020-01-27,8901.95928486265,2135.0,16300.0,153958.0,784808.0,2838558.0,7798704.0
2020-01-28,9297.3883176505,2129.0,16319.0,153871.0,784716.0,2835595.0,7792479.0
2020-01-29,9311.94754354179,2123.0,16328.0,153920.0,785025.0,2836251.0,7793100.0
2020-01-30,9508.92096493279,2130.0,16310.0,153839.0,784675.0,2836181.0,7796326.0
2020-01-31,9357.28478240795,2137.0,16249.0,153666.0,784689.0,2837162.0,7802303.0
2020-02-01,9381.88602863822,2137.0,16245.0,153674.0,785160.0,2839688.0,7815924.0
2020-02-02,9339.38706312098,2138.0,16229.0,153714.0,785589.0,2841683.0,7829001.0
2020-02-03,9279.81252051432,2137.0,16243.0,153742.0,785496.0,2841527.0,7828261.0
2020-02-04,9161.62719772063,2137.0,16249.0,153821.0,785817.0,2840799.0,7829827.0
2020-02-05,9628.13677586207,2139.0,16287.0,153812.0,784989.0,2840050.0,7824716.0
2020-02-06,9739.2804364699,2136.0,16255.0,154291.0,785915.0,2840387.0,7826356.0
2020-02-07,9800.27939982466,2142.0,16244.0,154168.0,785596.0,2838875.0,7822525.0
2020-02-08,9911.29340841613,2164.0,16264.0,154190.0,786046.0,2838065.0,7817882.0
2020-02-09,10151.0832026885,2165.0,16253.0,154251.0,786167.0,2837625.0,7816342.0
2020-02-10,9872.36187305669,2163.0,16239.0,154219.0,787116.0,2841474.0,7830957.0
2020-02-11,10272.2225558738,2164.0,16244.0,154732.0,787494.0,2839305.0,7818397.0
2020-02-12,10360.1352229106,2157.0,16250.0,154707.0,788213.0,2839976.0,7807613.0
2020-02-13,10235.4973226184,2148.0,16244.0,154506.0,787406.0,2836994.0,7797063.0
2020-02-14,10361.6156901812,2151.0,16262.0,154273.0,786766.0,2838166.0,7810933.0
2020-02-15,9911.72432700175,2156.0,16271.0,154168.0,786267.0,2836607.0,7810899.0
2020-02-16,9952.04661157218,2154.0,16267.0,154184.0,786357.0,2836463.0,7818563.0
2020-02-17,9683.0796277031,2154.0,16241.0,153969.0,787120.0,2838621.0,7820118.0
2020-02-18,10195.3037904734,2155.0,16264.0,154006.0,787887.0,2839632.0,7810560.0
2020-02-19,9636.00229865576,2158.0,16254.0,154268.0,787808.0,2841459.0,7803768.0
2020-02-20,9614.03012244302,2154.0,16259.0,154234.0,788703.0,2845525.0,7811011.0
2020-02-21,9701.79750268849,2156.0,16247.0,154301.0,788195.0,2846259.0,7806470.0
2020-02-22,9675.24905756868,2157.0,16257.0,154328.0,788764.0,2849095.0,7822986.0
2020-02-23,9972.84242308591,2157.0,16248.0,154446.0,789133.0,2850555.0,7831130.0
2020-02-24,9648.00788310929,2155.0,16247.0,154476.0,788808.0,2849271.0,7831084.0
2020-02-25,9344.28714009351,2153.0,16258.0,154448.0,789097.0,2852146.0,7845672.0
2020-02-26,8798.88894856809,2155.0,16256.0,154417.0,789235.0,2854563.0,7854925.0
2020-02-27,8779.02948188194,2148.0,16257.0,154625.0,790338.0,2858103.0,7847903.0
2020-02-28,8750.59344599649,2146.0,16272.0,154574.0,790482.0,2860313.0,7852186.0
2020-02-29,8582.09029964933,2143.0,16272.0,154566.0,791051.0,2864378.0,7866691.0
2020-03-01,8541.77389392169,2147.0,16260.0,154584.0,791210.0,2865170.0,7873051.0
2020-03-02,8906.21475645821,2148.0,16267.0,154649.0,791388.0,2865644.0,7879485.0
2020-03-03,8768.81061420222,2145.0,16260.0,154518.0,792098.0,2868363.0,7884761.0
2020-03-04,8756.36957218001,2152.0,16269.0,154558.0,792725.0,2871791.0,7894725.0
2020-03-05,9062.61580274693,2159.0,16257.0,154675.0,793315.0,2874009.0,7900950.0
2020-03-06,9147.08505897136,2163.0,16241.0,155411.0,793428.0,2872800.0,7891006.0
2020-03-07,8898.30695675044,2163.0,16241.0,155182.0,794055.0,2872953.0,7903804.0
2020-03-08,8109.61454114553,2162.0,16223.0,154980.0,794319.0,2877385.0,7920414.0
2020-03-09,7896.38531987142,2155.0,16206.0,155213.0,794513.0,2880862.0,7923593.0
2020-03-10,7909.92787545295,2154.0,16224.0,155112.0,795210.0,2886489.0,7939746.0
2020-03-11,7939.34133477499,2151.0,16195.0,154231.0,794949.0,2890262.0,7956398.0
2020-03-12,4959.31341437756,2159.0,16249.0,153569.0,790583.0,2890234.0,7962696.0
2020-03-13,5627.69238836938,2141.0,16331.0,153493.0,790764.0,2897983.0,7978771.0
2020-03-14,5145.17250642899,2142.0,16323.0,153320.0,790239.0,2898982.0,7979637.0
2020-03-15,5358.61066335476,2142.0,16347.0,153547.0,789602.0,2901517.0,7993308.0
2020-03-16,5012.92738778492,2146.0,16345.0,153498.0,790393.0,2904827.0,8005503.0
2020-03-17,5416.7547106955,2137.0,16291.0,153486.0,791903.0,2911973.0,8013209.0
2020-03-18,5392.48783594389,2153.0,16209.0,153533.0,793048.0,2919236.0,8039152.0
2020-03-19,6203.5516320865,2144.0,16162.0,153635.0,794695.0,2925462.0,8061807.0
2020-03-20,6174.14947603741,2143.0,16110.0,153397.0,794449.0,2927785.0,8085977.0
2020-03-21,6175.83102220924,2142.0,16105.0,153486.0,794559.0,2924599.0,8086518.0
2020-03-22,5830.56097960257,2145.0,16102.0,153597.0,795190.0,2925336.0,8101790.0
2020-03-23,6486.40865733489,2132.0,16062.0,153481.0,795386.0,2928977.0,8113224.0
2020-03-24,6775.05761893629,2140.0,16049.0,153201.0,795161.0,2930234.0,8119960.0
2020-03-25,6689.96901285798,2135.0,16043.0,153284.0,796628.0,2938316.0,8152896.0
2020-03-26,6754.46033606078,2132.0,16053.0,153228.0,796519.0,2936688.0,8118436.0
2020-03-27,6490.79541502046,2135.0,16066.0,153299.0,797314.0,2938694.0,8106478.0
2020-03-28,6231.81989023963,2135.0,16054.0,153374.0,797462.0,2945703.0,8132026.0
2020-03-29,5904.85758679135,2132.0,16049.0,153431.0,798094.0,2947339.0,8143307.0
2020-03-30,6436.90570017534,2134.0,16051.0,153430.0,798625.0,2952612.0,8152561.0
2020-03-31,6432.3832421391,2132.0,16050.0,153650.0,799667.0,2955735.0,8152887.0
2020-04-01,6643.11000870836,2132.0,16042.0,153687.0,800488.0,2959655.0,8161512.0
2020-04-02,6792.74222209234,2125.0,16076.0,153446.0,800085.0,2962308.0,8161274.0
2020-04-03,6751.90255178258,2135.0,16061.0,153567.0,800506.0,2964782.0,8171908.0
2020-04-04,6859.98916867329,2132.0,16054.0,153666.0,801064.0,2968384.0,8191858.0
2020-04-05,6790.81247264758,2130.0,16053.0,153629.0,801399.0,2971902.0,8213420.0
2020-04-06,7298.17374517826,2125.0,16097.0,153637.0,801073.0,2970480.0,8221016.0
2020-04-07,7187.59333664524,2129.0,16086.0,153660.0,801808.0,2971090.0,8231036.0
2020-04-08,7372.19476399766,2128.0,16073.0,153720.0,802240.0,2968613.0,8215427.0
2020-04-09,7299.57918790181,2121.0,16046.0,153755.0,802573.0,2970203.0,8227193.0
2020-04-10,6859.82267475161,2116.0,16070.0,154017.0,803113.0,2973435.0,8236309.0
2020-04-11,6883.18222895967,2116.0,16053.0,154083.0,803352.0,2974996.0,8251880.0
2020-04-12,6978.66628661601,2119.0,16054.0,154144.0,803791.0,2977233.0,8263744.0
2020-04-13,6863.57553319696,2123.0,16058.0,154156.0,803969.0,2977905.0,8271914.0
2020-04-14,6875.53850344828,2123.0,16052.0,154217.0,804526.0,2978728.0,8266703.0
2020-04-15,6625.47577510228,2125.0,16055.0,154283.0,805574.0,2983945.0,8277772.0
2020-04-16,7127.79228223261,2109.0,16051.0,154208.0,805875.0,2981544.0,8290224.0
2020-04-17,7081.39519842197,2108.0,16063.0,154177.0,805502.0,2981340.0,8302299.0
2020-04-18,7262.79234360023,2106.0,16059.0,154250.0,805734.0,2980834.0,8239637.0
2020-04-19,7150.2442154588,2106.0,16063.0,154216.0,805777.0,2983534.0,8259167.0
2020-04-20,6853.27341478667,2106.0,16047.0,154354.0,806865.0,2988933.0,8262700.0
2020-04-21,6870.42369865576,2106.0,16051.0,154262.0,807420.0,2994050.0,8267078.0
2020-04-22,7123.65691992987,2100.0,16075.0,154344.0,808888.0,3002663.0,8302821.0
2020-04-23,7488.60516528346,2105.0,16058.0,154399.0,809678.0,3005569.0,8298174.0
2020-04-24,7506.44331648159,2106.0,16082.0,154336.0,809995.0,3007343.0,8311196.0
2020-04-25,7537.73820911748,2105.0,16089.0,154474.0,810202.0,3007116.0,8310859.0
2020-04-26,7684.06852168322,2105.0,16083.0,154500.0,810740.0,3009851.0,8320789.0
2020-04-27,7777.49151858562,2109.0,16069.0,154453.0,811347.0,3014789.0,8335008.0
2020-04-28,7769.89969842197,2111.0,16076.0,154701.0,812186.0,3004786.0,8304552.0
2020-04-29,8761.83716954997,2105.0,16078.0,154760.0,813653.0,3013529.0,8339202.0
2020-04-30,8652.4109912332,2107.0,16115.0,154643.0,813106.0,3014432.0,8354981.0
2020-05-01,8855.53525827002,2113.0,16113.0,154348.0,812102.0,3013340.0,8363065.0
2020-05-02,8977.28170537697,2112.0,16127.0,154489.0,812568.0,3012574.0,8321717.0
2020-05-03,8896.7956383986,2116.0,16126.0,154523.0,812733.0,3003733.0,8275223.0
2020-05-04,8881.95430450029,2105.0,16140.0,154648.0,813528.0,3008879.0,8285732.0
2020-05-05,8985.8795993571,2106.0,16102.0,154640.0,814108.0,3011549.0,8292289.0
2020-05-06,9266.8130730567,2110.0,16099.0,154410.0,813871.0,3011338.0,8298257.0
2020-05-07,9993.75317685564,2120.0,16090.0,154388.0,813197.0,3013755.0,8289375.0
2020-05-08,9859.32360461718,2119.0,16017.0,154282.0,812568.0,3011501.0,8286841.0
2020-05-09,9577.33892238457,2123.0,16018.0,154687.0,810314.0,3007265.0,8291129.0
2020-05-10,8715.03329322034,2123.0,16033.0,154629.0,810836.0,3002745.0,8269408.0
2020-05-11,8591.65288433665,2130.0,16067.0,154779.0,811774.0,3009058.0,8282390.0
2020-05-12,8817.25068112215,2137.0,16035.0,154746.0,812347.0,3014895.0,8299414.0
2020-05-13,9322.99720204559,2143.0,16012.0,154703.0,812757.0,3019038.0,8314306.0
2020-05-14,9801.26948772647,2148.0,16000.0,154719.0,813872.0,3028628.0,8349799.0
2020-05-15,9326.87585891292,2145.0,16017.0,154649.0,813879.0,3030969.0,8370415.0
2020-05-16,9395.4753893045,2144.0,16005.0,154323.0,813773.0,3031377.0,8360065.0
2020-05-17,9682.5324811806,2145.0,16002.0,154378.0,813879.0,3034352.0,8366645.0
2020-05-18,9726.85002209235,2145.0,16014.0,154264.0,814438.0,3040441.0,8392069.0
2020-05-19,9754.20146201052,2137.0,16038.0,154332.0,815296.0,3048886.0,8423170.0
2020-05-20,9515.702550263,2136.0,16039.0,154396.0,815950.0,3051640.0,8438517.0
2020-05-21,9068.80122933957,2137.0,16065.0,154378.0,816246.0,3052457.0,8442944.0
2020-05-22,9161.81503389831,2137.0,16065.0,154474.0,815798.0,3049645.0,8466298.0
2020-05-23,9183.66212507305,2135.0,16061.0,154467.0,815972.0,3051004.0,8476955.0
2020-05-24,8806.23065715956,2134.0,16068.0,154515.0,815601.0,3045051.0,8422024.0
2020-05-25,8909.19258153127,2136.0,16085.0,154466.0,816070.0,3044127.0,8421276.0
2020-05-26,8835.13725336061,2132.0,16082.0,154603.0,817030.0,3050066.0,8444994.0
2020-05-27,9169.05743921683,2133.0,16067.0,154496.0,817546.0,3048792.0,8437164.0
2020-05-28,9568.26185300994,2133.0,16079.0,154643.0,817998.0,3049070.0,8440591.0
2020-05-29,9432.41333343074,2132.0,16075.0,154536.0,817633.0,3050016.0,8439695.0
2020-05-30,9691.68049117475,2136.0,16084.0,154736.0,817264.0,3047484.0,8400563.0
2020-05-31,9433.94384663939,2137.0,16090.0,154968.0,816599.0,3045842.0,8394904.0
2020-06-01,10199.1350542373,2135.0,16055.0,154844.0,815614.0,3042769.0,8389119.0
2020-06-02,9512.34653302163,2139.0,16024.0,154495.0,814925.0,3042118.0,8393038.0
2020-06-03,9642.27340035067,2141.0,16015.0,154585.0,815602.0,3044728.0,8390403.0
2020-06-04,9813.36067913501,2144.0,16023.0,154430.0,815883.0,3042469.0,8384209.0
2020-06-05,9641.8916225599,2144.0,16030.0,154326.0,816120.0,3042509.0,8379198.0
2020-06-06,9668.67053857393,2142.0,16050.0,154387.0,816439.0,3041431.0,8392728.0
2020-06-07,9747.58011104617,2143.0,16062.0,154375.0,816869.0,3040401.0,8391871.0
2020-06-08,9769.34236148451,2144.0,16059.0,154482.0,817095.0,3045456.0,8394392.0
2020-06-09,9779.42216566335,2147.0,16063.0,154374.0,816825.0,3045961.0,8392895.0
2020-06-10,9888.44417469316,2145.0,16078.0,154226.0,817000.0,3049992.0,8395060.0
2020-06-11,9277.45116931619,2148.0,16089.0,154132.0,816405.0,3048026.0,8386926.0
2020-06-12,9456.16153331385,2150.0,16071.0,154201.0,817055.0,3053186.0,8394274.0
2020-06-13,9461.33379865576,2152.0,16061.0,154184.0,817450.0,3053929.0,8391145.0
2020-06-14,9342.955635301,2152.0,16079.0,154131.0,817408.0,3056581.0,8404116.0
2020-06-15,9441.38321127995,2155.0,16094.0,154163.0,818295.0,3063141.0,8408698.0
2020-06-16,9520.09194827586,2153.0,16104.0,154028.0,818072.0,3064057.0,8411195.0
2020-06-17,9448.69356060783,2149.0,16090.0,154027.0,818588.0,3068578.0,8427511.0
2020-06-18,9389.99076639392,2147.0,16078.0,154030.0,818938.0,3071430.0,8437246.0
2020-06-19,9285.99158293396,2156.0,16099.0,154146.0,818679.0,3072285.0,8444054.0
2020-06-20,9357.29246446522,2158.0,16091.0,154028.0,818525.0,3071702.0,8449486.0
2020-06-21,9284.76937182934,2158.0,16093.0,154012.0,818462.0,3071941.0,8440983.0
2020-06-22,9684.62018474576,2162.0,16115.0,153960.0,818586.0,3076107.0,8459536.0
2020-06-23,9611.72599824664,2162.0,16070.0,154073.0,816984.0,3071436.0,8429375.0
2020-06-24,9292.94354354179,2159.0,16069.0,154151.0,817789.0,3073904.0,8433185.0
2020-06-25,9247.12143249561,2154.0,16039.0,154942.0,819490.0,3076947.0,8438866.0
2020-06-26,9159.43777206312,2153.0,16059.0,154974.0,820081.0,3079171.0,8432508.0
2020-06-27,9002.16561718293,2154.0,16069.0,154934.0,819658.0,3079299.0,8441189.0
2020-06-28,9108.06567457627,2153.0,16065.0,154880.0,820059.0,3080445.0,8458398.0
2020-06-29,9184.24736627703,2150.0,16076.0,155033.0,820037.0,3083281.0,8453593.0
2020-06-30,9143.96758530099,2151.0,16073.0,154953.0,821023.0,3089585.0,8464274.0
2020-07-01,9241.33961239041,2152.0,16108.0,154563.0,820227.0,3089777.0,8460478.0
2020-07-02,9094.38728679135,2148.0,16122.0,154075.0,819385.0,3090898.0,8460111.0
2020-07-03,9066.69069661017,2155.0,16115.0,154009.0,818952.0,3090611.0,8462197.0
2020-07-04,9126.21955493863,2154.0,16108.0,154167.0,818926.0,3088650.0,8452928.0
2020-07-05,9079.61401808884,2155.0,16110.0,154114.0,819132.0,3091514.0,8455889.0
2020-07-06,9338.94259117475,2158.0,16093.0,154133.0,819264.0,3095679.0,8459843.0
2020-07-07,9252.15873261251,2156.0,16089.0,154096.0,819547.0,3100987.0,8484069.0
2020-07-08,9434.56795645821,2164.0,16059.0,154059.0,819330.0,3101117.0,8487759.0
2020-07-09,9231.50234751607,2161.0,16068.0,153984.0,819688.0,3101359.0,8483074.0
2020-07-10,9285.22101542957,2156.0,16074.0,154075.0,820246.0,3103725.0,8486453.0
2020-07-11,9237.17100818235,2155.0,16073.0,154132.0,820430.0,3104062.0,8481128.0
2020-07-12,9289.09797691408,2156.0,16067.0,154212.0,820732.0,3100710.0,8482057.0
2020-07-13,9236.62250116891,2153.0,16075.0,154281.0,820911.0,3103155.0,8495098.0
2020-07-14,9260.3569868498,2155.0,16092.0,154157.0,821025.0,3110814.0,8518805.0
2020-07-15,9196.72555897136,2158.0,16088.0,154320.0,821725.0,3117250.0,8536867.0
2020-07-16,9132.59231209818,2159.0,16079.0,154221.0,821787.0,3121005.0,8558336.0
2020-07-17,9156.46870976037,2162.0,16094.0,154294.0,822728.0,3130334.0,8585473.0
2020-07-18,9175.90530859147,2164.0,16080.0,154263.0,822087.0,3125289.0,8589358.0
2020-07-19,9218.84231081239,2161.0,16073.0,154413.0,822123.0,3118765.0,8546627.0
2020-07-20,9167.19056750439,2161.0,16076.0,154475.0,822209.0,3119311.0,8540613.0
2020-07-21,9388.57434979544,2162.0,16065.0,154457.0,822858.0,3131312.0,8581011.0
2020-07-22,9531.2574301578,2163.0,16069.0,154277.0,821957.0,3130463.0,8596239.0
2020-07-23,9609.16671537113,2166.0,16053.0,154084.0,821125.0,3130329.0,8604500.0
2020-07-24,9548.1007270602,2168.0,16065.0,154012.0,821105.0,3130015.0,8606238.0
2020-07-25,9702.45279047341,2172.0,16076.0,153962.0,819725.0,3119116.0,8579027.0
2020-07-26,9933.90655423729,2171.0,16073.0,154101.0,819595.0,3112688.0,8515835.0
2020-07-27,11046.5083295149,2161.0,16059.0,153841.0,819790.0,3114222.0,8518575.0
2020-07-28,10944.6129789012,2166.0,16025.0,153694.0,818883.0,3111731.0,8515867.0
2020-07-29,11115.7712819988,2170.0,16040.0,153556.0,818022.0,3111801.0,8533246.0
2020-07-30,11135.3907261835,2171.0,16010.0,153591.0,817725.0,3109196.0,8539098.0
2020-07-31,11338.1973407949,2172.0,16012.0,153631.0,817854.0,3108243.0,8548055.0
2020-08-01,11797.5821265342,2176.0,16002.0,153644.0,818109.0,3101828.0,8526213.0
2020-08-02,11094.0206841321,2179.0,15992.0,153699.0,818322.0,3101078.0,8510250.0
2020-08-03,11236.0956805377,2179.0,16002.0,153741.0,819251.0,3101551.0,8498638.0
2020-08-04,11202.651909059,2179.0,16021.0,153760.0,819744.0,3103748.0,8504952.0
2020-08-05,11721.4384715956,2177.0,16024.0,153770.0,820461.0,3109295.0,8501309.0
2020-08-06,11769.3091081239,2178.0,15996.0,153612.0,819508.0,3107412.0,8506602.0
2020-08-07,11598.9690585038,2196.0,16012.0,153534.0,819020.0,3100313.0,8491398.0
2020-08-08,11743.0086350088,2194.0,16004.0,153563.0,818975.0,3096654.0,8477444.0
2020-08-09,11680.5173661601,2194.0,15994.0,153566.0,819506.0,3096885.0,8463753.0
2020-08-10,11870.3695447107,2198.0,15985.0,153425.0,819555.0,3097924.0,8469692.0
2020-08-11,11392.6440884278,2195.0,15980.0,153309.0,819485.0,3101968.0,8479874.0
2020-08-12,11575.5124736996,2197.0,15993.0,153420.0,820112.0,3102467.0,8471226.0
2020-08-13,11773.4481155465,2198.0,15994.0,153467.0,820352.0,3103323.0,8490254.0
2020-08-14,11774.4082518995,2193.0,16002.0,153392.0,820438.0,3103985.0,8489877.0
2020-08-15,11866.9103613092,2197.0,16018.0,153321.0,819761.0,3101528.0,8464356.0
2020-08-16,11899.6427535944,2195.0,15991.0,153418.0,820129.0,3103996.0,8471723.0
2020-08-17,12315.7624166569,2201.0,15992.0,153456.0,821688.0,3113498.0,8506521.0
2020-08-18,11992.6959962595,2188.0,16004.0,153383.0,821092.0,3114407.0,8512508.0
2020-08-19,11736.8490645237,2193.0,16003.0,153504.0,821648.0,3118600.0,8538151.0
2020-08-20,11867.5203439509,2194.0,16004.0,153433.0,821742.0,3120322.0,8537372.0
2020-08-21,11524.6989491525,2191.0,16026.0,153455.0,821477.0,3116048.0,8496245.0
2020-08-22,11682.2891503799,2191.0,16028.0,153357.0,819790.0,3110930.0,8499197.0
2020-08-23,11665.6092735243,2190.0,16049.0,153410.0,819486.0,3107716.0,8463053.0
2020-08-24,11771.4080537405,2191.0,16042.0,153556.0,820041.0,3110870.0,8476044.0
2020-08-25,11358.4543202805,2189.0,16024.0,153586.0,820931.0,3120206.0,8490792.0
2020-08-26,11472.0491204559,2190.0,16036.0,153525.0,820686.0,3125686.0,8509117.0
2020-08-27,11314.6737410286,2188.0,16043.0,153706.0,821209.0,3131171.0,8547152.0
2020-08-28,11527.8830322326,2198.0,16006.0,153489.0,820273.0,3124707.0,8524277.0
2020-08-29,11490.7623477499,2197.0,16035.0,153713.0,820561.0,3117535.0,8482750.0
2020-08-30,11698.9758329632,2196.0,16020.0,153735.0,820856.0,3117810.0,8486628.0
2020-08-31,11678.3482268849,2202.0,16022.0,153846.0,821340.0,3124642.0,8517453.0
2020-09-01,11970.364856166,2201.0,16022.0,153674.0,821226.0,3128205.0,8544536.0
2020-09-02,11414.5209336645,2208.0,16035.0,153749.0,821498.0,3129103.0,8548113.0
2020-09-03,10261.4944095266,2210.0,16022.0,153773.0,822318.0,3132433.0,8555083.0
2020-09-04,10471.9664133255,2204.0,16005.0,153892.0,822989.0,3139250.0,8587663.0
2020-09-05,10128.64358609,2199.0,15983.0,153780.0,822487.0,3135431.0,8596649.0
2020-09-06,10253.2998980129,2197.0,15995.0,153469.0,822211.0,3124479.0,8521975.0
2020-09-07,10367.8783543542,2194.0,16012.0,153365.0,822658.0,3125940.0,8496694.0
2020-09-08,10108.6354501461,2188.0,15991.0,153198.0,823078.0,3130422.0,8500891.0
2020-09-09,10223.1114091175,2191.0,15987.0,153146.0,823691.0,3134552.0,8517883.0
2020-09-10,10334.6307302162,2198.0,15960.0,153088.0,822828.0,3132125.0,8499785.0
2020-09-11,10387.0207419638,2204.0,15985.0,153284.0,823243.0,3134043.0,8509998.0
2020-09-12,10436.9778322618,2199.0,15983.0,153282.0,823173.0,3131205.0,8495852.0
2020-09-13,10322.5236148451,2201.0,15986.0,153318.0,823141.0,3133261.0,8493714.0
2020-09-14,10662.719912332,2203.0,15989.0,153109.0,823517.0,3136514.0,8505680.0
2020-09-15,10779.3810249562,2203.0,16014.0,152989.0,823796.0,3142855.0,8536208.0
2020-09-16,10968.3205465809,2199.0,15979.0,153112.0,823998.0,3143725.0,8525067.0
2020-09-17,10936.2927505552,2195.0,15984.0,153117.0,823232.0,3144415.0,8509680.0
2020-09-18,10920.1128439509,2195.0,15984.0,152984.0,822160.0,3141175.0,8511979.0
2020-09-19,11073.7795478083,2194.0,16066.0,152828.0,811701.0,3125407.0,8497519.0
2020-09-20,10921.2180998247,2197.0,16064.0,152827.0,810475.0,3126958.0,8493986.0
2020-09-21,10455.3799623027,2191.0,16076.0,152785.0,811637.0,3133287.0,8522784.0
2020-09-22,10519.8391641146,2192.0,16121.0,153033.0,811759.0,3140443.0,8542411.0
2020-09-23,10233.2995687317,2194.0,16139.0,153267.0,810119.0,3138583.0,8564141.0
2020-09-24,10739.0427094097,2189.0,16142.0,153311.0,810071.0,3142487.0,8570040.0
2020-09-25,10683.6305806546,2188.0,16120.0,153465.0,809114.0,3127580.0,8513946.0
2020-09-26,10742.0304202221,2193.0,16106.0,153505.0,808269.0,3126291.0,8500941.0
2020-09-27,10758.8242899474,2189.0,16117.0,153668.0,807666.0,3126396.0,8503935.0
2020-09-28,10727.3750541204,2189.0,16123.0,153742.0,806976.0,3125665.0,8522627.0
2020-09-29,10841.1427444769,2196.0,16107.0,153918.0,807759.0,3134263.0,8550211.0
2020-09-30,10772.351766803,2195.0,16093.0,153887.0,808351.0,3135303.0,8544428.0
2020-10-01,10606.6173325541,2195.0,16089.0,153671.0,808964.0,3142952.0,8575685.0
2020-10-02,10570.1056777908,2181.0,16094.0,153485.0,809953.0,3147707.0,8602410.0
2020-10-03,10555.7054339567,2183.0,16071.0,153529.0,810183.0,3143113.0,8569587.0
2020-10-04,10665.618622443,2185.0,16071.0,153703.0,810680.0,3140449.0,8542142.0
2020-10-05,10772.6355995909,2184.0,16055.0,153671.0,811758.0,3147222.0,8549423.0
2020-10-06,10596.3735493863,2184.0,16039.0,153541.0,812212.0,3152861.0,8568576.0
2020-10-07,10667.1943941555,2185.0,16067.0,153585.0,812499.0,3149245.0,8571297.0
2020-10-08,10902.5293637054,2187.0,16064.0,153596.0,813351.0,3151966.0,8560687.0
2020-10-09,11074.1036797779,2178.0,16065.0,153654.0,812734.0,3151478.0,8564088.0
2020-10-10,11302.8542864407,2177.0,16058.0,153721.0,812490.0,3147238.0,8550319.0
2020-10-11,11378.2625284629,2175.0,16059.0,153723.0,812521.0,3147663.0,8555384.0
2020-10-12,11548.401556692,2181.0,16032.0,153723.0,812909.0,3148194.0,8555037.0
2020-10-13,11434.9687849211,2179.0,16077.0,153747.0,813455.0,3151140.0,8555655.0
2020-10-14,11417.10811391,2177.0,16088.0,153580.0,813671.0,3152091.0,8564475.0
2020-10-15,11502.5812390415,2173.0,16118.0,153739.0,814560.0,3154261.0,8572868.0
2020-10-16,11338.9871765634,2177.0,16120.0,153685.0,814870.0,3153996.0,8580442.0
2020-10-17,11362.8022174167,2179.0,16108.0,153731.0,815254.0,3154949.0,8587118.0
2020-10-18,11489.6225650497,2179.0,16098.0,153666.0,815837.0,3157606.0,8598096.0
2020-10-19,11745.8119675628,2184.0,16166.0,153549.0,816824.0,3162354.0,8628008.0
2020-10-20,11929.4572507306,2179.0,16168.0,153654.0,817619.0,3166509.0,8648160.0
2020-10-21,12848.4906177674,2186.0,16106.0,153642.0,818058.0,3168643.0,8642054.0
2020-10-22,12997.4993417884,2200.0,16098.0,153720.0,818186.0,3166753.0,8664505.0
2020-10-23,12953.4296969608,2230.0,16106.0,153471.0,817395.0,3165280.0,8672201.0
2020-10-24,13113.8669231444,2229.0,16100.0,153606.0,817701.0,3158961.0,8604846.0
2020-10-25,13041.6410374635,2232.0,16081.0,153563.0,818264.0,3161199.0,8582439.0
2020-10-26,13080.6561698422,2222.0,16091.0,153625.0,819298.0,3167576.0,8598218.0
2020-10-27,13675.5239275278,2224.0,16105.0,153566.0,819902.0,3177205.0,8639531.0
2020-10-28,13290.3288497954,2218.0,16107.0,153757.0,821122.0,3184413.0,8668898.0
2020-10-29,13475.2173007013,2226.0,16073.0,153699.0,821435.0,3185895.0,8697233.0
2020-10-30,13603.2960908825,2225.0,16071.0,153868.0,821945.0,3174635.0,8705281.0
2020-10-31,13807.2336110462,2219.0,16065.0,153912.0,822352.0,3175354.0,8715201.0
2020-11-01,13736.89941128,2217.0,16083.0,153757.0,821811.0,3171963.0,8715335.0
2020-11-02,13595.5647603741,2228.0,16093.0,153737.0,822891.0,3179754.0,8743132.0
2020-11-03,13996.915398597312,2224.0,16203.0,153986.0,823887.0,3180585.0,8753063.0
2020-11-04,14129.148195499703,2217.0,16257.0,154369.0,825282.0,3181225.0,8688589.0
2020-11-05,15606.46683372297,2225.0,16240.0,154115.0,824395.0,3173966.0,8690455.0
2020-11-06,15618.972471361778,2227.0,16266.0,153927.0,823013.0,3169546.0,8676481.0
2020-11-07,14866.356304500296,2235.0,16257.0,153947.0,822821.0,3163959.0,8637314.0
2020-11-08,15500.000707188785,2234.0,16277.0,154109.0,823149.0,3159023.0,8624463.0
2020-11-09,15319.819972530682,2228.0,16245.0,154119.0,823328.0,3151154.0,8580190.0
2020-11-10,15319.27567621274,2235.0,16162.0,154180.0,823787.0,3153591.0,8584973.0
2020-11-11,15731.241105786092,2232.0,16192.0,154340.0,822960.0,3150413.0,8585425.0
2020-11-12,16289.814897720637,2231.0,16221.0,154468.0,822036.0,3145775.0,8571672.0
2020-11-13,16330.06276797195,2235.0,16172.0,154541.0,822641.0,3147620.0,8586633.0
2020-11-14,16102.010016949156,2237.0,16210.0,154546.0,819589.0,3135501.0,8576016.0
2020-11-15,15986.7549905903,2238.0,16240.0,154503.0,819021.0,3126386.0,8571414.0
2020-11-16,16743.05393980129,2238.0,16275.0,154349.0,818650.0,3124438.0,8564577.0
2020-11-17,17682.16918702513,2233.0,16237.0,154246.0,819195.0,3126949.0,8553195.0
2020-11-18,17804.690023962594,2229.0,16241.0,154265.0,818981.0,3123039.0,8532582.0
2020-11-19,17818.668662185857,2230.0,16198.0,154447.0,819308.0,3124878.0,8542168.0
2020-11-20,18663.78185312683,2250.0,16209.0,154427.0,819157.0,3123700.0,8540305.0
2020-11-21,18706.58933541788,2257.0,16186.0,154448.0,819127.0,3121851.0,8529509.0
2020-11-22,18482.692631735823,2257.0,16153.0,154485.0,819761.0,3121562.0,8529407.0
2020-11-23,18373.2577597896,2261.0,16160.0,154618.0,820308.0,3128005.0,8536586.0
2020-11-24,19150.251048509646,2275.0,16148.0,154625.0,820531.0,3131778.0,8557063.0
2020-11-25,18748.393713033314,2275.0,16139.0,154624.0,820844.0,3130485.0,8570283.0
2020-11-26,17113.716871420223,2267.0,16120.0,154877.0,820937.0,3123015.0,8535945.0
2020-11-27,17101.603018059614,2264.0,16088.0,154569.0,820039.0,3120669.0,8515080.0
2020-11-28,17745.377312448858,2263.0,16081.0,154605.0,820203.0,3117556.0,8481541.0
2020-11-29,18190.866880420806,2263.0,16104.0,154487.0,819657.0,3110907.0,8467864.0
2020-11-30,19664.407606662764,2262.0,16149.0,154584.0,821172.0,3116937.0,8499522.0
2020-12-01,18820.60778959673,2260.0,16129.0,154383.0,820790.0,3114555.0,8524813.0
2020-12-02,19214.872229047334,2261.0,16093.0,154296.0,821391.0,3117216.0,8548720.0
2020-12-03,19470.31120806546,2264.0,16095.0,154443.0,821916.0,3119323.0,8536023.0
2020-12-04,18732.967090999413,2270.0,16107.0,154377.0,822278.0,3118564.0,8535945.0
2020-12-05,19114.633130917588,2270.0,16084.0,154279.0,822641.0,3117782.0,8519511.0
2020-12-06,19356.3136767972,2269.0,16096.0,154294.0,822765.0,3114872.0,8503891.0
2020-12-07,19182.176832846293,2267.0,16106.0,154099.0,823349.0,3117455.0,8515198.0
2020-12-08,18340.97813769725,2270.0,16118.0,153996.0,823612.0,3121983.0,8527660.0
2020-12-09,18574.69673524255,2264.0,16134.0,154002.0,824253.0,3124570.0,8531425.0
2020-12-10,18294.84695149036,2271.0,16124.0,154183.0,825078.0,3128372.0,8541686.0
2020-12-11,18061.760025716,2269.0,16119.0,154281.0,825630.0,3131570.0,8553036.0
2020-12-12,18813.2837685564,2273.0,16113.0,154306.0,826071.0,3130764.0,8542997.0
2020-12-13,19156.0825055523,2275.0,16099.0,154362.0,826466.0,3129470.0,8529852.0
2020-12-14,19286.7512992402,2281.0,16082.0,154428.0,827133.0,3131837.0,8535704.0
2020-12-15,19432.5884640561,2276.0,16077.0,154354.0,827756.0,3136574.0,8540746.0
2020-12-16,21370.7203186441,2281.0,16107.0,154275.0,828730.0,3139499.0,8555610.0
2020-12-17,22789.2674160725,2293.0,16126.0,154271.0,829396.0,3142838.0,8593964.0
2020-12-18,23048.7645610754,2307.0,16144.0,154164.0,828928.0,3135558.0,8590842.0
2020-12-19,23856.7735192285,2303.0,16122.0,154034.0,828155.0,3131680.0,8546407.0
2020-12-20,23528.5506135593,2276.0,16100.0,154002.0,827893.0,3128023.0,8519807.0
2020-12-21,22937.4183435418,2267.0,16080.0,153681.0,828843.0,3133173.0,8550429.0
2020-12-22,23756.8887685564,2253.0,16135.0,153794.0,829743.0,3138575.0,8549768.0
2020-12-23,23307.2709018118,2248.0,16118.0,153730.0,828604.0,3132500.0,8544310.0
2020-12-24,23707.6330440678,2233.0,16088.0,153656.0,829250.0,3134348.0,8544687.0
2020-12-25,24669.1643220339,2229.0,16067.0,153600.0,828999.0,3130430.0,8512751.0
2020-12-26,26478.0681052016,2222.0,16103.0,153586.0,826749.0,3122344.0,8489748.0
2020-12-27,26430.8565971946,2226.0,16037.0,153311.0,825465.0,3120101.0,8470069.0
2020-12-28,27039.3490199883,2226.0,16196.0,153696.0,825458.0,3121365.0,8472173.0
2020-12-29,27231.2034552893,2258.0,16226.0,153530.0,825904.0,3119578.0,8479907.0
2020-12-30,28844.6136781999,2269.0,16232.0,153581.0,826623.0,3123028.0,8491497.0
2020-12-31,29022.6714126242,2269.0,16211.0,153716.0,827477.0,3123808.0,8492868.0
2021-01-01,29380.6937327878,2275.0,16332.0,153607.0,828070.0,3125054.0,8467039.0
2021-01-02,32022.6810578609,2274.0,16234.0,153424.0,828073.0,3126266.0,8471871.0
2021-01-03,33277.8353050848,2283.0,16220.0,152783.0,827623.0,3124484.0,8469052.0
2021-01-04,31802.1467136178,2282.0,16214.0,152633.0,827135.0,3123581.0,8462891.0
2021-01-05,34013.1741724138,2312.0,16204.0,152550.0,827362.0,3128546.0,8484464.0
2021-01-06,36643.2777223846,2335.0,16219.0,152786.0,827746.0,3127167.0,8481525.0
2021-01-07,39215.6511490356,2362.0,16211.0,152260.0,827791.0,3131410.0,8507444.0
2021-01-08,40775.4045634132,2380.0,16239.0,152053.0,828353.0,3138211.0,8535823.0
2021-01-09,40370.6823495032,2398.0,16252.0,151990.0,828349.0,3140311.0,8547203.0
2021-01-10,38329.3401665693,2408.0,16273.0,152069.0,828356.0,3140730.0,8540592.0
2021-01-11,35269.5137177089,2414.0,16270.0,151784.0,826772.0,3136683.0,8535839.0
2021-01-12,33712.4685452952,2413.0,16277.0,151641.0,825689.0,3130141.0,8533646.0
2021-01-13,37296.5475277615,2413.0,16270.0,151664.0,826223.0,3131601.0,8540407.0
2021-01-14,39045.518340152,2423.0,16266.0,151458.0,825999.0,3135753.0,8548755.0
2021-01-15,36710.3174248977,2425.0,16240.0,151457.0,826099.0,3138037.0,8556768.0
2021-01-16,36177.2610970193,2425.0,16232.0,151474.0,826691.0,3141333.0,8563783.0
2021-01-17,36069.939466803,2422.0,16216.0,151351.0,826744.0,3141186.0,8558544.0
2021-01-18,36594.2964018118,2417.0,16215.0,151328.0,826926.0,3142478.0,8554875.0
2021-01-19,36250.1461893629,2439.0,16227.0,151538.0,826960.0,3142522.0,8553212.0
2021-01-20,35515.480012858,2445.0,16226.0,151252.0,826969.0,3146984.0,8575030.0
2021-01-21,31022.9510280538,2445.0,16225.0,151180.0,827276.0,3149004.0,8590704.0
2021-01-22,32986.4357568673,2447.0,16223.0,151209.0,827072.0,3152271.0,8601020.0
2021-01-23,32036.2822723553,2444.0,16227.0,151173.0,827613.0,3154740.0,8588335.0
2021-01-24,32216.1042904734,2444.0,16214.0,151127.0,826687.0,3147070.0,8553086.0
2021-01-25,32419.7059462303,2447.0,16225.0,150887.0,825774.0,3148847.0,8562457.0
2021-01-26,32640.6391426067,2447.0,16237.0,150869.0,824754.0,3145834.0,8556054.0
2021-01-27,30358.9347235535,2449.0,16253.0,150759.0,824906.0,3148257.0,8567809.0
2021-01-28,33511.287595149,2462.0,16234.0,150693.0,825353.0,3153558.0,8582510.0
2021-01-29,34166.1494259497,2464.0,16239.0,150976.0,826135.0,3157727.0,8608169.0
2021-01-30,34349.9170952659,2458.0,16225.0,150806.0,826062.0,3157041.0,8610196.0
2021-01-31,33157.8325745178,2470.0,16230.0,150828.0,826400.0,3158797.0,8612551.0
2021-02-01,33570.2718468732,2468.0,16220.0,150877.0,827322.0,3165529.0,8639325.0
2021-02-02,35596.1489094097,2467.0,16228.0,150796.0,827811.0,3170307.0,8655296.0
2021-02-03,37578.3732068966,2470.0,16207.0,150629.0,828426.0,3174281.0,8666497.0
2021-02-04,37129.2029376972,2482.0,16214.0,150569.0,828107.0,3167594.0,8665238.0
2021-02-05,38045.4136084161,2488.0,16221.0,150486.0,828357.0,3170230.0,8649432.0
2021-02-06,39341.727081239,2487.0,16197.0,150404.0,827855.0,3170604.0,8642868.0
2021-02-07,39003.0121817651,2489.0,16206.0,150290.0,828081.0,3170815.0,8632401.0
2021-02-08,46121.9340724722,2489.0,16215.0,150305.0,828077.0,3167324.0,8637158.0
2021-02-09,46548.1619912332,2476.0,16171.0,149584.0,826759.0,3170116.0,8672653.0
2021-02-10,45078.128350263,2452.0,16187.0,149610.0,827139.0,3172291.0,8675176.0
2021-02-11,47892.8409181765,2445.0,16210.0,149723.0,827944.0,3177133.0,8696554.0
2021-02-12,47525.2091431911,2450.0,16214.0,149652.0,828577.0,3179151.0,8723406.0
2021-02-13,47208.6250270602,2457.0,16212.0,149691.0,828802.0,3182778.0,8716148.0
2021-02-14,48829.8275096435,2458.0,16201.0,149638.0,829088.0,3183186.0,8700328.0
2021-02-15,48110.2417334892,2457.0,16214.0,149519.0,829579.0,3184423.0,8701431.0
2021-02-16,49140.3826578024,2462.0,16204.0,149567.0,829944.0,3187321.0,8721692.0
2021-02-17,52224.9391139684,2457.0,16196.0,149377.0,830054.0,3190270.0,8740432.0
2021-02-18,51650.0699485681,2443.0,16197.0,149325.0,830168.0,3190702.0,8756578.0
2021-02-19,55820.5044038574,2436.0,16171.0,149234.0,830257.0,3194222.0,8775246.0
2021-02-20,55861.8205670953,2420.0,16179.0,149246.0,830517.0,3196114.0,8778533.0
2021-02-21,57500.7161102864,2419.0,16168.0,149256.0,820596.0,3165923.0,8736609.0
2021-02-22,53952.1533386324,2413.0,16192.0,149023.0,820814.0,3170626.0,8757972.0
2021-02-23,48560.4890350672,2375.0,16237.0,149026.0,821084.0,3171408.0,8780476.0
2021-02-24,49567.3456890707,2366.0,16325.0,149263.0,821415.0,3174588.0,8796234.0
2021-02-25,47568.131170076,2382.0,16210.0,148695.0,820897.0,3175155.0,8805080.0
2021-02-26,46231.7675784921,2389.0,16203.0,148675.0,820917.0,3176022.0,8818121.0
2021-02-27,45834.5133611923,2387.0,16203.0,148620.0,821120.0,3177765.0,8811165.0
2021-02-28,45359.4641642314,2386.0,16207.0,148604.0,821064.0,3177020.0,8802398.0
2021-03-01,49634.4471092928,2375.0,16193.0,148502.0,821790.0,3183184.0,8834880.0
2021-03-02,48304.7054879018,2375.0,16211.0,148573.0,822253.0,3186338.0,8844222.0
2021-03-03,50690.4671835184,2373.0,16185.0,148465.0,822363.0,3188047.0,8860430.0
2021-03-04,48472.7954751607,2373.0,16167.0,148605.0,823149.0,3192881.0,8876388.0
2021-03-05,48800.8173594389,2369.0,16163.0,148476.0,823172.0,3197031.0,8883844.0
2021-03-06,48970.5244868498,2368.0,16171.0,148498.0,823406.0,3198448.0,8869411.0
2021-03-07,51086.4681794272,2371.0,16169.0,148678.0,823758.0,3201341.0,8861259.0
2021-03-08,52088.475131502,2369.0,16176.0,148565.0,823644.0,3203446.0,8866209.0
2021-03-09,54739.1352542373,2372.0,16169.0,148516.0,823497.0,3206720.0,8881257.0
2021-03-10,56116.040912332,2370.0,16139.0,148431.0,823578.0,3207444.0,8885839.0
2021-03-11,57847.2549357101,2335.0,16183.0,148428.0,823768.0,3208747.0,8892193.0
2021-03-12,57334.641534775,2324.0,16202.0,148369.0,824386.0,3210901.0,8897739.0
2021-03-13,61288.7941276447,2325.0,16222.0,148496.0,818153.0,3191877.0,8864350.0
2021-03-14,59905.6184704851,2327.0,16204.0,148313.0,818065.0,3192647.0,8855764.0
2021-03-15,56121.121924021,2328.0,16199.0,148249.0,818243.0,3196519.0,8873698.0
2021-03-16,56500.4460257159,2284.0,16238.0,148258.0,818660.0,3200011.0,8884781.0
2021-03-17,58683.0659824664,2276.0,16247.0,148327.0,819151.0,3204286.0,8911183.0
2021-03-18,57731.4798410871,2277.0,16239.0,148241.0,819544.0,3204422.0,8913508.0
2021-03-19,58168.1219222677,2279.0,16229.0,148280.0,818442.0,3204252.0,8916177.0
2021-03-20,58247.8847066043,2271.0,16228.0,148184.0,818640.0,3202381.0,8908106.0
2021-03-21,57447.9330198714,2266.0,16199.0,148002.0,818751.0,3202466.0,8892536.0
2021-03-22,54453.1373508475,2263.0,16226.0,148101.0,819165.0,3205531.0,8900792.0
2021-03-23,54563.6119458211,2268.0,16232.0,147996.0,819378.0,3208488.0,8907139.0
2021-03-24,52595.4113237873,2264.0,16224.0,148039.0,819663.0,3211673.0,8919773.0
2021-03-25,51547.1248953828,2268.0,16248.0,148125.0,820425.0,3214486.0,8922756.0
2021-03-26,54817.8571122151,2263.0,16232.0,148021.0,820440.0,3217696.0,8940561.0
2021-03-27,56019.8373055523,2242.0,16265.0,148073.0,821028.0,3220930.0,8938289.0
2021-03-28,55713.0381396844,2242.0,16253.0,148131.0,821580.0,3222376.0,8927367.0
2021-03-29,57571.2333477498,2238.0,16254.0,148384.0,821982.0,3225577.0,8941051.0
2021-03-30,58684.5483921683,2238.0,16255.0,148209.0,821176.0,3223594.0,8942143.0
2021-03-31,58792.1948275862,2233.0,16236.0,148307.0,820395.0,3219603.0,8939358.0
2021-04-01,58818.9770985973,2241.0,16243.0,148302.0,820992.0,3221644.0,8952668.0
2021-04-02,59031.5340192285,2240.0,16244.0,148280.0,821201.0,3223398.0,8961468.0
2021-04-03,57282.3896247808,2238.0,16234.0,148295.0,821306.0,3225364.0,8959595.0
2021-04-04,58202.199391993,2243.0,16238.0,148138.0,821115.0,3227083.0,8947454.0
2021-04-05,58755.8525295149,2241.0,16233.0,148173.0,820894.0,3228187.0,8953381.0
2021-04-06,58084.0664231444,2247.0,16233.0,148133.0,820778.0,3231749.0,8971654.0
2021-04-07,56266.8346762127,2247.0,16247.0,148138.0,821297.0,3234042.0,8966753.0
2021-04-08,57963.3445994155,2245.0,16261.0,148127.0,820779.0,3234638.0,8977809.0
2021-04-09,58051.7625563998,2242.0,16240.0,148108.0,820799.0,3235484.0,8980402.0
2021-04-10,59651.5589877265,2241.0,16233.0,148024.0,820592.0,3235127.0,8968331.0
2021-04-11,59932.9306469901,2245.0,16234.0,148046.0,820887.0,3236755.0,8964614.0
2021-04-12,59905.9363744594,2241.0,16210.0,147920.0,819196.0,3234832.0,8978147.0
2021-04-13,63445.638314436,2241.0,16198.0,147887.0,819279.0,3238608.0,8993977.0
2021-04-14,62869.4955873758,2229.0,16194.0,147796.0,819457.0,3240213.0,9006629.0
2021-04-15,63231.162987142,2232.0,16168.0,147618.0,818206.0,3236779.0,9000716.0
2021-04-16,61571.1100905903,2233.0,16189.0,147699.0,818862.0,3242591.0,9041833.0
2021-04-17,60280.8761758036,2236.0,16172.0,147723.0,819254.0,3247135.0,9062865.0
2021-04-18,56389.5579812975,2242.0,16149.0,147576.0,818886.0,3245703.0,9068831.0
2021-04-19,55798.1370771479,2242.0,16164.0,147662.0,819353.0,3251467.0,9099796.0
2021-04-20,56474.3737586207,2245.0,16160.0,147556.0,818990.0,3251582.0,9123287.0
2021-04-21,54025.7995745178,2245.0,16164.0,147672.0,819397.0,3255400.0,9148694.0
2021-04-22,51882.0598106371,2240.0,16138.0,147582.0,818992.0,3257322.0,9147518.0
2021-04-23,50954.9100607832,2241.0,16153.0,147543.0,818078.0,3254790.0,9160579.0
2021-04-24,50279.9484464056,2240.0,16166.0,147496.0,818080.0,3253842.0,9149604.0
2021-04-25,48946.9407428404,2243.0,16142.0,147282.0,816404.0,3247655.0,9122988.0
2021-04-26,53943.3499783752,2242.0,16138.0,147251.0,816551.0,3251194.0,9143501.0
2021-04-27,55027.0309848042,2240.0,16118.0,147088.0,816084.0,3251950.0,9146692.0
2021-04-28,54787.3787071888,2239.0,16136.0,147133.0,816566.0,3253902.0,9158623.0
2021-04-29,53567.0811938048,2238.0,16126.0,147074.0,816054.0,3252759.0,9155752.0
2021-04-30,57741.44441654,2229.0,16137.0,147240.0,815293.0,3241601.0,9135737.0
2021-05-01,57863.5903927528,2231.0,16128.0,147278.0,815440.0,3242315.0,9120438.0
2021-05-02,56572.5968410286,2231.0,16130.0,147202.0,815964.0,3241958.0,9091490.0
2021-05-03,57243.0416054939,2227.0,16138.0,147189.0,816653.0,3246195.0,9082263.0
2021-05-04,53724.10892519,2236.0,16136.0,147113.0,815964.0,3238147.0,9058698.0
2021-05-05,57342.0256616014,2235.0,16126.0,147105.0,815857.0,3241229.0,9069620.0
2021-05-06,56527.3529789597,2234.0,16145.0,147057.0,815091.0,3238545.0,9071344.0
2021-05-07,57341.0684549386,2196.0,16191.0,147097.0,814985.0,3236606.0,9057349.0
2021-05-08,58736.1258950906,2186.0,16204.0,147047.0,814042.0,3222493.0,9021297.0
2021-05-09,58288.4256303916,2184.0,16189.0,147084.0,814135.0,3209621.0,8971081.0
2021-05-10,55902.9277399182,2179.0,16181.0,146963.0,813980.0,3211697.0,8976130.0
2021-05-11,56612.1026487434,2182.0,16173.0,146925.0,814043.0,3213363.0,8984188.0
2021-05-12,50972.355081239,2168.0,16136.0,146800.0,812847.0,3211893.0,8981845.0
2021-05-13,49368.6144739918,2167.0,16154.0,146879.0,812766.0,3213606.0,8970251.0
2021-05-14,49997.3959011105,2168.0,16146.0,146848.0,812460.0,3211849.0,8968722.0
2021-05-15,47047.9633331385,2165.0,16123.0,146832.0,812319.0,3212425.0,8962371.0
2021-05-16,46022.5037090006,2159.0,16127.0,146891.0,812161.0,3211657.0,8948621.0
2021-05-17,43492.3954833431,2151.0,16135.0,146844.0,811647.0,3213496.0,8965931.0
2021-05-18,42789.8093921683,2148.0,16142.0,147107.0,812251.0,3217466.0,8987668.0
2021-05-19,37642.5200017534,2156.0,16144.0,147004.0,812401.0,3217404.0,9016281.0
2021-05-20,40799.4021475745,2161.0,16116.0,146791.0,811158.0,3213405.0,9036600.0
2021-05-21,37174.3311014027,2168.0,16069.0,146497.0,811550.0,3216018.0,9058504.0
2021-05-22,37643.4197983635,2174.0,16044.0,146579.0,810818.0,3215259.0,9037815.0
2021-05-23,34774.207221917,2176.0,16064.0,146319.0,808884.0,3212008.0,9028749.0
2021-05-24,38630.4091186441,2177.0,16097.0,146307.0,809737.0,3215282.0,9032871.0
2021-05-25,38269.7710747516,2170.0,16065.0,146248.0,809624.0,3217038.0,9044766.0
2021-05-26,39194.8588980129,2163.0,16039.0,146435.0,810033.0,3218587.0,9054738.0
2021-05-27,38510.8570417884,2170.0,16029.0,146485.0,810438.0,3220455.0,9051095.0
2021-05-28,35596.7179510228,2168.0,16029.0,146449.0,810497.0,3222446.0,9061887.0
2021-05-29,34681.8183670368,2162.0,16017.0,146459.0,810373.0,3217467.0,9036596.0
2021-05-30,35652.1687703098,2158.0,16031.0,146469.0,810268.0,3217855.0,9013683.0
2021-05-31,37312.9748970193,2164.0,16052.0,146342.0,810484.0,3218163.0,8991217.0
2021-06-01,36661.3781184687,2156.0,16056.0,146523.0,810557.0,3219485.0,8985661.0
2021-06-02,37639.4556732905,2157.0,16067.0,146529.0,810438.0,3213646.0,8962135.0
2021-06-03,39160.1504132086,2164.0,16054.0,146320.0,809627.0,3196067.0,8945152.0
2021-06-04,36884.3735551724,2158.0,16060.0,146429.0,809055.0,3183573.0,8937456.0
2021-06-05,35409.5672366452,2166.0,16050.0,146289.0,808494.0,3173704.0,8928556.0
2021-06-06,35720.6043546464,2180.0,16055.0,146258.0,808037.0,3166260.0,8919426.0
2021-06-07,33724.9077517826,2183.0,16072.0,146175.0,804609.0,3163492.0,8923500.0
2021-06-08,33475.0489234366,2177.0,16074.0,146152.0,804392.0,3166317.0,8941377.0
2021-06-09,37372.9888953828,2174.0,16096.0,146357.0,805599.0,3173593.0,8970254.0
2021-06-10,36826.0022185856,2170.0,16091.0,146393.0,805120.0,3170899.0,8973054.0
2021-06-11,37185.3931268264,2163.0,16081.0,146331.0,805084.0,3170688.0,8982298.0
2021-06-12,35669.1712817066,2165.0,16074.0,146719.0,804756.0,3152119.0,8914085.0
2021-06-13,38925.4194289889,2164.0,16074.0,146840.0,805113.0,3153102.0,8905746.0
2021-06-14,40455.5959833431,2172.0,16059.0,146564.0,798887.0,3148904.0,8906701.0
2021-06-15,40254.6514679135,2175.0,16033.0,146134.0,792510.0,3143423.0,8912265.0
2021-06-16,38265.5437726476,2172.0,16044.0,146214.0,792903.0,3144743.0,8915351.0
2021-06-17,38018.6432346581,2168.0,16058.0,146164.0,792886.0,3147928.0,8926294.0
2021-06-18,35714.3120787259,2164.0,16063.0,146145.0,792825.0,3149510.0,8933371.0
2021-06-19,35555.9763966686,2169.0,16051.0,146211.0,793087.0,3151451.0,8942085.0
2021-06-20,35599.9418784337,2164.0,16064.0,146137.0,793180.0,3150135.0,8942157.0
2021-06-21,31715.1598624196,2158.0,16065.0,146162.0,793225.0,3154784.0,8962352.0
2021-06-22,32394.5555949737,2149.0,16074.0,146345.0,793855.0,3159480.0,8987029.0
2021-06-23,33610.4968129749,2150.0,16058.0,146207.0,793133.0,3159513.0,8992241.0
2021-06-24,34658.972875979,2155.0,16063.0,146251.0,793243.0,3159306.0,8986818.0
2021-06-25,31683.5032004676,2148.0,16075.0,146414.0,793383.0,3157723.0,8974730.0
2021-06-26,31890.6764465225,2151.0,16047.0,146509.0,793897.0,3160101.0,8982350.0
2021-06-27,34506.4911975453,2144.0,16061.0,146452.0,794409.0,3161968.0,8991782.0
2021-06-28,34376.188538983,2144.0,16071.0,146574.0,795033.0,3167490.0,9022355.0
2021-06-29,35933.7782178843,2145.0,16047.0,146329.0,795140.0,3170821.0,9035021.0
2021-06-30,35065.4661533606,2138.0,16047.0,146337.0,794925.0,3172380.0,9049274.0
2021-07-01,33505.0804935126,2143.0,16039.0,146370.0,795143.0,3174796.0,9067510.0
2021-07-02,33782.9459464641,2153.0,16044.0,146401.0,795773.0,3177671.0,9092032.0
2021-07-03,34588.2242916423,2151.0,16054.0,146610.0,796414.0,3173988.0,9053012.0
2021-07-04,35355.6078883694,2151.0,16046.0,146596.0,796241.0,3168620.0,9026901.0
2021-07-05,33911.7538404442,2150.0,16062.0,146553.0,796013.0,3163951.0,9012450.0
2021-07-06,34123.9815680888,2148.0,16084.0,146605.0,796515.0,3165796.0,9011083.0
2021-07-07,33931.6186382233,2149.0,16084.0,146622.0,796806.0,3166393.0,9014494.0
2021-07-08,32819.6595312098,2150.0,16096.0,146690.0,797083.0,3168479.0,9025781.0
2021-07-09,33914.8810742256,2150.0,16097.0,146761.0,797265.0,3168950.0,9021260.0
2021-07-10,33610.9458386908,2148.0,16093.0,146727.0,797660.0,3169129.0,9010047.0
2021-07-11,34258.4413898305,2150.0,16075.0,146722.0,797863.0,3169480.0,8987102.0
2021-07-12,33135.2359117475,2153.0,16072.0,146835.0,799080.0,3170717.0,8989379.0
2021-07-13,32641.9759610169,2151.0,16063.0,146904.0,799246.0,3172351.0,8993375.0
2021-07-14,32798.2845189947,2148.0,16063.0,146868.0,799356.0,3174245.0,8999419.0
2021-07-15,31707.6900368206,2150.0,16064.0,146925.0,799365.0,3174427.0,8997379.0
2021-07-16,31455.7175818819,2147.0,16054.0,146900.0,799574.0,3175369.0,9002267.0
2021-07-17,31547.9511990064,2152.0,16043.0,147144.0,799688.0,3176511.0,9009814.0
2021-07-18,31707.7038527177,2154.0,16041.0,147042.0,799793.0,3176995.0,9006208.0
2021-07-19,30883.4697462303,2157.0,16024.0,146984.0,799482.0,3176993.0,9005120.0
2021-07-20,29766.6577182934,2160.0,16028.0,146909.0,799480.0,3177580.0,9012346.0
2021-07-21,32119.6572258328,2157.0,16060.0,146946.0,799770.0,3179467.0,9014947.0
2021-07-22,32306.9614285798,2163.0,16036.0,146868.0,799709.0,3179682.0,9016281.0
2021-07-23,33439.5957028638,2159.0,16037.0,146890.0,800186.0,3179935.0,9017380.0
2021-07-24,34166.914654588,2159.0,16030.0,146973.0,800276.0,3180651.0,9022063.0
2021-07-25,35119.9374360023,2164.0,16016.0,146828.0,800450.0,3181043.0,9019808.0
2021-07-26,37444.7825102279,2159.0,16031.0,146985.0,801074.0,3183914.0,9021254.0
2021-07-27,39126.5402881356,2170.0,16039.0,146802.0,801129.0,3177746.0,9001535.0
2021-07-28,39939.1940432495,2161.0,16015.0,146777.0,801320.0,3179346.0,9008196.0
2021-07-29,40086.1643950906,2155.0,15980.0,147066.0,801555.0,3180758.0,9012232.0
2021-07-30,41789.6670981882,2157.0,15977.0,147085.0,801696.0,3182395.0,9021597.0
2021-07-31,41793.3137481005,2156.0,15967.0,147100.0,802324.0,3184268.0,9027495.0
2021-08-01,39968.9689544126,2153.0,15983.0,147144.0,802767.0,3187727.0,9039193.0
2021-08-02,39304.1862835769,2154.0,15972.0,147046.0,802731.0,3189895.0,9039144.0
2021-08-03,38288.8253975453,2160.0,15968.0,147246.0,803348.0,3192617.0,9044606.0
2021-08-04,39773.9113489188,2157.0,15978.0,147123.0,803016.0,3191714.0,9040484.0
2021-08-05,40941.650434249,2157.0,15991.0,147083.0,803488.0,3193705.0,9044636.0
2021-08-06,42790.3573284629,2155.0,15988.0,147201.0,803360.0,3193682.0,9044561.0
2021-08-07,44484.9005862069,2155.0,15979.0,147185.0,803478.0,3196121.0,9049867.0
2021-08-08,43972.3010181181,2156.0,15976.0,147096.0,803401.0,3197018.0,9047201.0
2021-08-09,46265.6424564582,2165.0,16002.0,147190.0,803611.0,3199172.0,9046904.0
2021-08-10,45488.7912624196,2161.0,15996.0,147219.0,803565.0,3200415.0,9050672.0
2021-08-11,45676.3263611923,2155.0,15995.0,147112.0,803654.0,3203103.0,9057007.0
2021-08-12,44405.7483483343,2156.0,15990.0,147267.0,803977.0,3205565.0,9060355.0
2021-08-13,47717.4853559322,2157.0,15993.0,147316.0,803927.0,3205850.0,9061459.0
2021-08-14,47124.2050736411,2159.0,15982.0,147147.0,804195.0,3207110.0,9075131.0
2021-08-15,47074.370710111,2160.0,15980.0,147197.0,804857.0,3208174.0,9060423.0
2021-08-16,45984.7199070719,2154.0,15977.0,147213.0,804816.0,3209756.0,9063283.0
2021-08-17,44714.0967982466,2151.0,15973.0,147293.0,805159.0,3211665.0,9066968.0
2021-08-18,44954.3637469316,2150.0,15975.0,147267.0,805584.0,3213096.0,9067613.0
2021-08-19,46646.8615049679,2147.0,15986.0,147236.0,805851.0,3215065.0,9073833.0
2021-08-20,49240.8356049094,2153.0,15980.0,147127.0,806081.0,3216366.0,9073751.0
2021-08-21,49070.2409701929,2150.0,15978.0,147166.0,806141.0,3216328.0,9071385.0
2021-08-22,49363.3160952659,2150.0,15989.0,147177.0,806470.0,3216922.0,9070410.0
2021-08-23,49590.8763676213,2145.0,16001.0,147176.0,806383.0,3218219.0,9071551.0
2021-08-24,47925.8622127411,2144.0,16004.0,147077.0,806365.0,3219953.0,9076503.0
2021-08-25,49002.3166049094,2149.0,16006.0,147162.0,807002.0,3222621.0,9085238.0
2021-08-26,47190.3449929866,2152.0,15997.0,147230.0,807329.0,3224186.0,9092104.0
2021-08-27,49048.4755891292,2151.0,16007.0,147293.0,807759.0,3227057.0,9100314.0
2021-08-28,48852.4687995324,2152.0,15989.0,147321.0,807946.0,3228709.0,9103931.0
2021-08-29,48948.3479579193,2151.0,15997.0,147446.0,808207.0,3229540.0,9107455.0
2021-08-30,47125.7685189947,2150.0,16003.0,147551.0,807454.0,3231160.0,9110914.0
2021-08-31,47219.2443424898,2150.0,15992.0,147325.0,806950.0,3226379.0,9109801.0
2021-09-01,48688.5375572764,2146.0,15980.0,147405.0,807084.0,3226510.0,9111251.0
2021-09-02,49369.5862746932,2141.0,15986.0,147369.0,807284.0,3225940.0,9104627.0
2021-09-03,49860.5341635301,2141.0,15975.0,147121.0,806776.0,3224453.0,9097241.0
2021-09-04,49919.577563647,2141.0,15962.0,147114.0,806842.0,3225590.0,9098262.0
2021-09-05,51747.6438565167,2141.0,15946.0,147070.0,807233.0,3226134.0,9097813.0
2021-09-06,52640.5883740503,2144.0,15968.0,147009.0,807009.0,3225804.0,9094261.0
2021-09-07,46854.4006028638,2144.0,15968.0,147071.0,807440.0,3228417.0,9106697.0
2021-09-08,46187.9757306254,2144.0,15948.0,147146.0,807551.0,3230260.0,9116484.0
2021-09-09,46448.7748290473,2132.0,15907.0,147273.0,808051.0,3231451.0,9124675.0
2021-09-10,44765.2755762712,2127.0,15889.0,146819.0,807789.0,3231258.0,9123523.0
2021-09-11,45098.5916447691,2128.0,15879.0,146823.0,807905.0,3232065.0,9122503.0
2021-09-12,46180.6124563998,2129.0,15872.0,146794.0,808189.0,3233443.0,9128291.0
2021-09-13,44991.5221277031,2123.0,15883.0,146923.0,808247.0,3234913.0,9133543.0
2021-09-14,47022.6177597896,2137.0,15914.0,146917.0,808630.0,3237011.0,9142536.0
2021-09-15,48167.1893676213,2143.0,15934.0,146890.0,808617.0,3237549.0,9139915.0
2021-09-16,47797.3283237873,2143.0,15936.0,147067.0,808780.0,3236788.0,9127986.0
2021-09-17,47213.7941294565,2142.0,15945.0,147038.0,808591.0,3235023.0,9123419.0
2021-09-18,48204.0136519579,2144.0,15930.0,146927.0,808763.0,3236522.0,9129660.0
2021-09-19,47218.4739964933,2143.0,15929.0,146964.0,808973.0,3237497.0,9136592.0
2021-09-20,42855.5103448276,2141.0,15920.0,147011.0,809075.0,3239360.0,9135486.0
2021-09-21,40526.4893760958,2139.0,15912.0,147089.0,809702.0,3241726.0,9143422.0
2021-09-22,43577.5724821742,2139.0,15911.0,147079.0,809215.0,3241584.0,9141850.0
2021-09-23,44861.2980329047,2140.0,15913.0,147105.0,809278.0,3241750.0,9144650.0
2021-09-24,42803.307701052,2148.0,15908.0,147047.0,809336.0,3243834.0,9144680.0
2021-09-25,42735.2658240795,2146.0,15912.0,147045.0,809640.0,3245570.0,9155389.0
2021-09-26,43131.2941773816,2181.0,15980.0,147206.0,810279.0,3247577.0,9162685.0
2021-09-27,42496.7852250146,2183.0,15984.0,147310.0,811048.0,3249935.0,9165519.0
2021-09-28,41223.7862743425,2179.0,15997.0,147358.0,811515.0,3252504.0,9168661.0
2021-09-29,41453.9470131502,2173.0,16003.0,147373.0,811856.0,3254891.0,9174195.0
2021-09-30,43781.546015488,2178.0,16000.0,147445.0,811687.0,3251828.0,9157956.0
2021-10-01,48078.1315543542,2176.0,16021.0,147525.0,811855.0,3253279.0,9170585.0
2021-10-02,47792.4391943308,2176.0,16019.0,147374.0,811801.0,3252704.0,9161782.0
2021-10-03,48202.6229177089,2173.0,16025.0,147406.0,812166.0,3254286.0,9169525.0
2021-10-04,49288.5013106371,2173.0,16053.0,147516.0,812887.0,3257354.0,9174513.0
2021-10-05,51558.0493319112,2173.0,16070.0,147290.0,812346.0,3254697.0,9157448.0
2021-10-06,55419.800411163,2146.0,16077.0,147499.0,813056.0,3257970.0,9171123.0
2021-10-07,53805.1569125658,2149.0,16097.0,147427.0,812437.0,3254023.0,9159397.0
2021-10-08,53933.5275908825,2147.0,16121.0,147427.0,812585.0,3254392.0,9161662.0
2021-10-09,55010.9224751607,2150.0,16126.0,147502.0,812869.0,3254891.0,9151382.0
2021-10-10,54701.2797022209,2147.0,16115.0,147481.0,813067.0,3253711.0,9151066.0
2021-10-11,57289.1864570426,2154.0,16127.0,147468.0,812896.0,3251017.0,9141905.0
2021-10-12,56196.1812597896,2152.0,16091.0,147354.0,813236.0,3252769.0,9150078.0
2021-10-13,57348.8928769725,2148.0,16125.0,147460.0,813321.0,3252897.0,9151948.0
2021-10-14,57384.0369146698,2149.0,16121.0,147494.0,813298.0,3252473.0,9148408.0
2021-10-15,61446.0840073057,2149.0,16157.0,147578.0,813485.0,3252131.0,9155547.0
2021-10-16,60932.0632119228,2148.0,16148.0,147527.0,813419.0,3250397.0,9147613.0
2021-10-17,61462.2223722969,2152.0,16140.0,147495.0,813382.0,3251666.0,9147449.0
2021-10-18,61977.0575514319,2161.0,16126.0,147349.0,812103.0,3246932.0,9142511.0
2021-10-19,64290.8977574518,2155.0,16107.0,147426.0,812090.0,3246330.0,9141705.0
2021-10-20,66061.7965639977,2166.0,16099.0,147466.0,812368.0,3247102.0,9149778.0
2021-10-21,62373.8856206897,2171.0,16103.0,147535.0,811469.0,3244485.0,9136937.0
2021-10-22,60750.9673718293,2166.0,16116.0,147373.0,811575.0,3245310.0,9139457.0
2021-10-23,61250.082628872,2163.0,16135.0,147517.0,811840.0,3244934.0,9140314.0
2021-10-24,60865.4470523086,2165.0,16173.0,147253.0,811075.0,3244772.0,9144352.0
2021-10-25,63031.6729015196,2164.0,16223.0,147186.0,809065.0,3244020.0,9141286.0
2021-10-26,60393.9802738165,2161.0,16245.0,147214.0,807072.0,3242467.0,9143292.0
2021-10-27,58563.3359899766,2154.0,16213.0,147290.0,807140.0,3243209.0,9149149.0
2021-10-28,60564.5721122151,2155.0,16156.0,147204.0,807199.0,3243829.0,9151141.0
2021-10-29,62230.8055689655,2154.0,16164.0,147320.0,807444.0,3244759.0,9155447.0
2021-10-30,61742.9165321449,2156.0,16173.0,147318.0,807472.0,3246435.0,9163704.0
2021-10-31,61432.9700628287,2151.0,16176.0,147238.0,807311.0,3246335.0,9160769.0
2021-11-01,61092.0950592051,2159.0,16194.0,147464.0,807940.0,3248795.0,9169970.0
2021-11-02,63024.7472296902,2148.0,16210.0,147522.0,807979.0,3249621.0,9171882.0
2021-11-03,62955.9817630041,2158.0,16187.0,147527.0,808305.0,3251730.0,9177944.0
2021-11-04,61393.8899780246,2158.0,16172.0,147476.0,808639.0,3252740.0,9178979.0
2021-11-05,61005.840833723,2158.0,16135.0,147658.0,808608.0,3251542.0,9175703.0
2021-11-06,61455.0536268849,2154.0,16141.0,147706.0,808706.0,3252773.0,9182582.0
2021-11-07,63043.8290590298,2151.0,16137.0,147644.0,808762.0,3253648.0,9184717.0
2021-11-08,67541.7555081824,2150.0,16128.0,147780.0,809233.0,3254527.0,9193332.0
2021-11-09,67095.5856706605,2151.0,16135.0,147584.0,808013.0,3250504.0,9178455.0
2021-11-10,64756.0779689071,2152.0,16118.0,147629.0,807888.0,3250440.0,9178095.0
2021-11-11,64962.9312939801,2154.0,16112.0,147649.0,807754.0,3250927.0,9177857.0
2021-11-12,64078.968037405,2155.0,16128.0,147676.0,807734.0,3251698.0,9182823.0
2021-11-13,64397.7912063121,2155.0,16098.0,147698.0,807939.0,3253039.0,9190520.0
2021-11-14,65032.2256548217,2154.0,16096.0,147758.0,808210.0,3254441.0,9200023.0
2021-11-15,63753.5031592636,2158.0,16081.0,147580.0,808171.0,3254651.0,9201433.0
2021-11-16,60322.4978530099,2156.0,16118.0,147553.0,808107.0,3254791.0,9203156.0
2021-11-17,60154.3083661601,2158.0,16118.0,147654.0,808417.0,3256917.0,9209090.0
2021-11-18,56794.1556271186,2168.0,16139.0,147843.0,808420.0,3257307.0,9215572.0
2021-11-19,58014.0729888954,2171.0,16128.0,147814.0,808346.0,3259021.0,9225398.0
2021-11-20,59749.4738229106,2172.0,16138.0,147780.0,808482.0,3260177.0,9231706.0
2021-11-21,59032.6241017534,2169.0,16139.0,147823.0,808759.0,3261509.0,9238219.0
2021-11-22,56383.5658760958,2168.0,16139.0,147846.0,809130.0,3262639.0,9245781.0
2021-11-23,57642.2657980713,2170.0,16150.0,148028.0,809816.0,3267203.0,9266150.0
2021-11-24,57141.8303784337,2171.0,16152.0,148060.0,810347.0,3272097.0,9282691.0
2021-11-25,59008.6554792519,2170.0,16149.0,148223.0,811058.0,3275805.0,9297386.0
2021-11-26,53800.6178389831,2176.0,16167.0,148396.0,811918.0,3280278.0,9310557.0
2021-11-27,54635.8824628872,2175.0,16153.0,148426.0,812396.0,3283964.0,9326818.0
2021-11-28,57248.5696963764,2174.0,16169.0,148421.0,812758.0,3287124.0,9336379.0
2021-11-29,57920.7107299825,2176.0,16166.0,148631.0,813389.0,3289615.0,9343228.0
2021-11-30,57097.0127942724,2174.0,16157.0,148530.0,813925.0,3294712.0,9363148.0
2021-12-01,57180.6098439509,2163.0,16149.0,148634.0,813301.0,3290267.0,9345408.0
2021-12-02,56582.8937691408,2156.0,16130.0,148357.0,810985.0,3279588.0,9308186.0
2021-12-03,53671.6160680888,2156.0,16134.0,148433.0,811597.0,3279215.0,9313680.0
2021-12-04,49159.7357983635,2158.0,16165.0,148531.0,812459.0,3284781.0,9330869.0
2021-12-05,49327.0935999416,2164.0,16161.0,148644.0,812915.0,3288404.0,9345999.0
2021-12-06,50535.4252232612,2154.0,16153.0,148842.0,813481.0,3291008.0,9348369.0
2021-12-07,50574.4728344828,2159.0,16175.0,148747.0,813919.0,3295330.0,9364037.0
2021-12-08,50500.6543513735,2153.0,16162.0,148724.0,813234.0,3293407.0,9366719.0
2021-12-09,47937.8228458212,2150.0,16106.0,148339.0,810916.0,3282990.0,9322428.0
2021-12-10,47437.2289725307,2147.0,16098.0,148513.0,811728.0,3284671.0,9338392.0
2021-12-11,49321.7693252484,2144.0,16115.0,148609.0,812339.0,3288597.0,9351878.0
2021-12-12,50136.5722568673,2144.0,16112.0,148556.0,812866.0,3291375.0,9367831.0
2021-12-13,46785.3278410286,2152.0,16129.0,148640.0,813927.0,3296434.0,9384142.0
2021-12-14,48292.6822501461,2150.0,16102.0,148598.0,814858.0,3301510.0,9395881.0
2021-12-15,48830.6223860316,2150.0,16099.0,148293.0,815194.0,3304085.0,9397951.0
2021-12-16,47663.4691077148,2156.0,16099.0,148306.0,815810.0,3307584.0,9411675.0
2021-12-17,46334.4837489772,2152.0,16113.0,147923.0,814071.0,3298936.0,9384588.0
2021-12-18,46904.8736753361,2147.0,16082.0,147678.0,812997.0,3293806.0,9367930.0
2021-12-19,46876.426924021,2148.0,16084.0,147733.0,813445.0,3296649.0,9382524.0
2021-12-20,46954.7634783168,2150.0,16096.0,147859.0,814125.0,3300133.0,9391659.0
2021-12-21,49082.0624666277,2157.0,16125.0,148046.0,814591.0,3302065.0,9391425.0
2021-12-22,48692.0987391584,2160.0,16134.0,147904.0,814914.0,3303144.0,9395646.0
2021-12-23,50712.9707682642,2168.0,16137.0,147988.0,815475.0,3306154.0,9404635.0
2021-12-24,50783.8344210988,2161.0,16111.0,147811.0,814479.0,3301398.0,9390886.0
2021-12-25,50590.4508976622,2159.0,16074.0,147539.0,812556.0,3290662.0,9344938.0
2021-12-26,50798.3065859147,2160.0,16079.0,147480.0,812825.0,3291562.0,9349442.0
2021-12-27,50796.3776735827,2158.0,16094.0,147497.0,812883.0,3293130.0,9340523.0
2021-12-28,47673.0440452367,2160.0,16087.0,147331.0,812796.0,3294683.0,9348872.0
2021-12-29,46470.3215751023,2145.0,16089.0,147488.0,813297.0,3296442.0,9351984.0
2021-12-30,47102.4630037989,2153.0,16072.0,147388.0,813809.0,3300130.0,9372456.0
2021-12-31,46355.1173302747,2149.0,16088.0,147600.0,814392.0,3295184.0,9356714.0
2022-01-01,47560.0093816482,2152.0,16078.0,147355.0,814341.0,3296200.0,9362103.0
2022-01-02,47352.5577565751,2153.0,16074.0,147544.0,814683.0,3297671.0,9368527.0
2022-01-03,46453.432351841,2148.0,16075.0,147621.0,815096.0,3300538.0,9379022.0
2022-01-04,45905.9611221508,2154.0,16070.0,147630.0,814930.0,3301108.0,9382710.0
2022-01-05,43530.9440388662,2151.0,16081.0,147624.0,815008.0,3302112.0,9386108.0
2022-01-06,43144.9652928112,2147.0,16075.0,147432.0,814849.0,3301610.0,9385283.0
2022-01-07,41512.7845808299,2146.0,16054.0,147597.0,814620.0,3300956.0,9383984.0
2022-01-08,41799.8128848627,2143.0,16060.0,147584.0,814637.0,3300901.0,9387699.0
2022-01-09,41886.4985569842,2146.0,16053.0,147571.0,814594.0,3301503.0,9395413.0
2022-01-10,41816.9510561075,2146.0,16053.0,147490.0,814641.0,3302588.0,9396502.0
2022-01-11,42768.1786116306,2149.0,16042.0,147449.0,814379.0,3302919.0,9400233.0
2022-01-12,43961.0265441262,2152.0,16031.0,147559.0,814920.0,3304943.0,9403272.0
2022-01-13,42626.8653924605,2153.0,16019.0,147550.0,815042.0,3306323.0,9408270.0
2022-01-14,43102.6476180596,2150.0,16017.0,147509.0,815403.0,3307696.0,9415524.0
2022-01-15,43206.6744812975,2149.0,16017.0,147567.0,815611.0,3309660.0,9426665.0
2022-01-16,43168.8596671537,2147.0,16033.0,147570.0,815812.0,3310286.0,9432471.0
2022-01-17,42211.270399474,2150.0,16016.0,147553.0,815914.0,3310485.0,9429666.0
2022-01-18,42431.2319670368,2145.0,16007.0,147583.0,815562.0,3311108.0,9435735.0
2022-01-19,41787.722012858,2151.0,16002.0,147522.0,816044.0,3312829.0,9436875.0
2022-01-20,40756.1261630625,2156.0,15996.0,147361.0,815748.0,3313340.0,9440148.0
2022-01-21,36492.2872241379,2154.0,15978.0,147600.0,815974.0,3313368.0,9446277.0
2022-01-22,34996.390965225,2147.0,15980.0,147426.0,815146.0,3310140.0,9441120.0
2022-01-23,36271.0502650497,2145.0,15977.0,147307.0,814955.0,3310718.0,9449841.0
2022-01-24,36659.7252206312,2142.0,15961.0,147358.0,814649.0,3311471.0,9452893.0
2022-01-25,36952.586773232,2149.0,15957.0,147299.0,814479.0,3313700.0,9464557.0
2022-01-26,36825.8245993571,2147.0,15961.0,147265.0,814691.0,3315335.0,9472937.0
2022-01-27,37021.9371332554,2154.0,15966.0,147380.0,814899.0,3317528.0,9479718.0
2022-01-28,37768.8474836353,2154.0,15961.0,147223.0,814830.0,3317022.0,9479303.0
2022-01-29,38088.2912279953,2146.0,15924.0,147126.0,813518.0,3312525.0,9475852.0
2022-01-30,37983.5063845704,2139.0,15869.0,146782.0,810877.0,3303252.0,9461794.0
2022-01-31,38462.6724029807,2138.0,15864.0,146752.0,811031.0,3303114.0,9460536.0
2022-02-01,38787.9640824079,2128.0,15715.0,145631.0,809753.0,3301846.0,9456877.0
2022-02-02,36942.3307493279,2126.0,15706.0,145776.0,810063.0,3303459.0,9457460.0
2022-02-03,37057.6521879018,2123.0,15692.0,145772.0,810459.0,3305094.0,9461399.0
2022-02-04,41079.9060881356,2119.0,15709.0,145684.0,810625.0,3307537.0,9473211.0
2022-02-05,41508.5816925774,2120.0,15700.0,145661.0,810479.0,3307305.0,9474873.0
2022-02-06,42358.2251732905,2119.0,15697.0,145604.0,810452.0,3307131.0,9467184.0
2022-02-07,43888.980119813,2128.0,15688.0,145551.0,810795.0,3310343.0,9477358.0
2022-02-08,44167.4447945646,2130.0,15698.0,145570.0,810674.0,3308801.0,9465207.0
2022-02-09,44405.0732042665,2129.0,15697.0,145485.0,811156.0,3310707.0,9463388.0
2022-02-10,43614.3426960842,2128.0,15698.0,145537.0,811205.0,3311758.0,9464307.0
2022-02-11,42357.3217416715,2129.0,15690.0,145630.0,812255.0,3312783.0,9451427.0
2022-02-12,42173.4593962595,2128.0,15693.0,145594.0,812017.0,3312554.0,9433678.0
2022-02-13,42195.5947451782,2126.0,15701.0,145558.0,812060.0,3314030.0,9439028.0
2022-02-14,42646.1618590883,2127.0,15713.0,145543.0,812216.0,3316433.0,9444295.0
2022-02-15,44511.9084880187,2124.0,15716.0,145550.0,812333.0,3317332.0,9446015.0
2022-02-16,44065.7092673875,2125.0,15711.0,145629.0,812401.0,3318091.0,9452318.0
2022-02-17,40610.024261543,2122.0,15710.0,145537.0,812254.0,3319465.0,9455406.0
2022-02-18,40044.2204856809,2125.0,15712.0,145442.0,812769.0,3321645.0,9467095.0
2022-02-19,40095.887329398,2120.0,15724.0,145598.0,813527.0,3323720.0,9471628.0
2022-02-20,38551.6224967855,2115.0,15716.0,145633.0,813743.0,3326300.0,9480434.0
2022-02-21,37098.0360081824,2124.0,15723.0,145651.0,814000.0,3328792.0,9487384.0
2022-02-22,38202.5940818235,2123.0,15730.0,145748.0,814570.0,3332497.0,9496695.0
2022-02-23,37308.2687344243,2127.0,15723.0,145657.0,814952.0,3334785.0,9508782.0
2022-02-24,38283.790402104,2119.0,15751.0,145811.0,815785.0,3338088.0,9517334.0
2022-02-25,39323.7702158387,2127.0,15767.0,145888.0,816308.0,3340782.0,9526357.0
2022-02-26,39056.5781523086,2128.0,15767.0,145875.0,816714.0,3342301.0,9529109.0
2022-02-27,37664.7792828755,2128.0,15759.0,145850.0,817264.0,3346827.0,9546025.0
2022-02-28,43179.2545140269,2266.0,15964.0,146119.0,818218.0,3352934.0,9562227.0
2022-03-01,44334.457582408,2264.0,15959.0,146147.0,819272.0,3358155.0,9577905.0
2022-03-02,43984.584926768,2266.0,15947.0,146105.0,819387.0,3358812.0,9569952.0
2022-03-03,42492.7744552893,2266.0,15959.0,146149.0,820044.0,3361134.0,9574516.0
2022-03-04,39106.4052159556,2265.0,15971.0,146223.0,820435.0,3363448.0,9579613.0
2022-03-05,39383.8848433665,2266.0,15962.0,146123.0,820753.0,3366209.0,9588067.0
2022-03-06,38399.3426268264,2264.0,15952.0,146289.0,821116.0,3367461.0,9594820.0
2022-03-07,38146.734273232,2263.0,15939.0,146252.0,821429.0,3370927.0,9605360.0
2022-03-08,38725.477261543,2270.0,15948.0,146331.0,821973.0,3374938.0,9610249.0
2022-03-09,41989.4028179427,2271.0,15963.0,146387.0,822756.0,3378438.0,9621665.0
2022-03-10,39482.2584672706,2269.0,15952.0,146574.0,823235.0,3380584.0,9629469.0
2022-03-11,38825.3644214494,2280.0,15958.0,146418.0,823754.0,3384186.0,9642882.0
2022-03-12,38951.1300157802,2279.0,15956.0,146333.0,823961.0,3385344.0,9647555.0
2022-03-13,37808.3174004091,2278.0,15961.0,146410.0,824431.0,3386928.0,9652148.0
2022-03-14,39649.0453243717,2275.0,15953.0,146506.0,824633.0,3389240.0,9663033.0
2022-03-15,39356.8139000584,2276.0,15941.0,146367.0,824786.0,3390096.0,9668966.0
2022-03-16,41101.768579135,2290.0,15961.0,146442.0,824805.0,3390824.0,9672825.0
2022-03-17,40966.4169324956,2288.0,15952.0,146402.0,824676.0,3390494.0,9670015.0
2022-03-18,41826.1160710111,2295.0,15957.0,146348.0,824944.0,3391302.0,9678756.0
2022-03-19,42193.1615362361,2294.0,15949.0,146373.0,824976.0,3390848.0,9676731.0
2022-03-20,41294.7235129164,2292.0,15948.0,146400.0,825180.0,3391588.0,9682806.0
2022-03-21,41064.429648159,2299.0,15946.0,146361.0,825329.0,3392702.0,9687874.0
2022-03-22,42383.169518761,2293.0,15946.0,146423.0,825653.0,3394364.0,9696103.0
2022-03-23,42734.2000355932,2293.0,15949.0,146412.0,826073.0,3395838.0,9694389.0
2022-03-24,43974.5935882525,2289.0,15958.0,146493.0,826392.0,3396185.0,9697723.0
2022-03-25,44347.034279661,2275.0,15958.0,146445.0,826595.0,3396686.0,9700872.0
2022-03-26,44519.9268641145,2278.0,15954.0,146475.0,826779.0,3397598.0,9703210.0
2022-03-27,46777.2056265342,2278.0,15966.0,146403.0,826870.0,3398342.0,9707547.0
2022-03-28,47223.6528860316,2278.0,15980.0,146617.0,827320.0,3399914.0,9710982.0
2022-03-29,47463.7096770894,2274.0,15966.0,147246.0,828157.0,3402002.0,9718384.0
2022-03-30,47123.2971478667,2267.0,15970.0,147289.0,828840.0,3404300.0,9728087.0
2022-03-31,45562.2106665693,2264.0,15972.0,147136.0,829689.0,3407248.0,9742175.0
2022-04-01,46250.3362878434,2265.0,15975.0,147060.0,830349.0,3410397.0,9755383.0
2022-04-02,45939.8973489188,2264.0,15978.0,146930.0,831104.0,3411791.0,9755404.0
2022-04-03,46440.5438538866,2262.0,15975.0,146782.0,832452.0,3414595.0,9762551.0
2022-04-04,46663.0041770894,2257.0,15971.0,146637.0,833117.0,3417843.0,9773632.0
2022-04-05,45693.0350619521,2254.0,15977.0,146653.0,833224.0,3419528.0,9784740.0
2022-04-06,43304.9371990064,2255.0,15977.0,146689.0,833146.0,3420785.0,9792816.0
2022-04-07,43569.0471697837,2255.0,15968.0,146645.0,833212.0,3422652.0,9799699.0
2022-04-08,42222.0689772063,2254.0,15983.0,146809.0,833698.0,3425079.0,9811883.0
2022-04-09,42680.9947355932,2256.0,15970.0,146895.0,833354.0,3425258.0,9812904.0
2022-04-10,42264.4633909994,2256.0,15964.0,146912.0,833287.0,3424796.0,9812654.0
2022-04-11,39544.0251835184,2258.0,15954.0,146916.0,833440.0,3426352.0,9815588.0
2022-04-12,40096.3669748685,2259.0,15954.0,146966.0,833573.0,3428485.0,9823816.0
2022-04-13,41152.7554517826,2260.0,15962.0,146837.0,833482.0,3429877.0,9831069.0
2022-04-14,39916.4963842782,2273.0,15984.0,146943.0,833628.0,3431987.0,9843940.0
2022-04-15,40527.3319567504,2270.0,15985.0,146980.0,833945.0,3432131.0,9843202.0
2022-04-16,40439.5881209819,2271.0,15979.0,146973.0,834181.0,3433204.0,9849185.0
2022-04-17,39704.7839798364,2270.0,15975.0,147049.0,834448.0,3435386.0,9852700.0
2022-04-18,40818.8786025716,2286.0,15971.0,147087.0,834709.0,3437115.0,9859854.0
2022-04-19,41489.6638011689,2280.0,15975.0,147060.0,834993.0,3439337.0,9868117.0
2022-04-20,41395.64458346,2278.0,15964.0,147006.0,834670.0,3440619.0,9873820.0
2022-04-21,40457.4959418469,2274.0,15961.0,146990.0,835145.0,3442333.0,9877563.0
2022-04-22,39737.9735040912,2275.0,15959.0,147016.0,835148.0,3444506.0,9891412.0
2022-04-23,39582.4548720047,2276.0,15948.0,147013.0,835122.0,3445262.0,9892684.0
2022-04-24,39511.6456928697,2278.0,15951.0,146789.0,835101.0,3446123.0,9898679.0
2022-04-25,40473.7483176505,2277.0,15955.0,146980.0,834536.0,3443866.0,9889047.0
2022-04-26,38072.800873758,2280.0,15952.0,147043.0,834672.0,3444967.0,9895987.0
2022-04-27,39218.5376174752,2273.0,15966.0,147110.0,834547.0,3447213.0,9905166.0
2022-04-28,39747.9894270018,2276.0,15959.0,147024.0,834709.0,3449896.0,9916397.0
2022-04-29,38609.5059070719,2280.0,15961.0,147011.0,835010.0,3451474.0,9922033.0
2022-04-30,37714.0949804208,2278.0,15972.0,146991.0,835158.0,3453181.0,9923407.0
2022-05-01,38459.226979135,2281.0,15980.0,147022.0,835362.0,3456191.0,9934805.0
2022-05-02,38566.0628877849,2281.0,16003.0,147167.0,835692.0,3460743.0,9945970.0
2022-05-03,37704.4053153127,2274.0,16000.0,147529.0,836378.0,3464608.0,9960237.0
2022-05-04,39641.852176505,2264.0,15995.0,147125.0,836239.0,3467017.0,9973866.0
2022-05-05,36502.0245601403,2260.0,15994.0,147031.0,836052.0,3466519.0,9972420.0
2022-05-06,36042.9995584453,2256.0,15994.0,147238.0,836383.0,3468083.0,9974923.0
2022-05-07,35508.7110227937,2254.0,15991.0,146823.0,835895.0,3467467.0,9972382.0
2022-05-08,34058.9066861484,2254.0,15987.0,146945.0,836045.0,3468869.0,9976955.0
2022-05-09,30457.9218194039,2246.0,16001.0,147047.0,836528.0,3470490.0,9985631.0
2022-05-10,30990.7351659848,2248.0,16025.0,146903.0,836867.0,3475218.0,10005009.0
2022-05-11,28796.5568217417,2244.0,16019.0,147441.0,838582.0,3484273.0,10035009.0
2022-05-12,29030.7070417884,2233.0,16019.0,147064.0,839067.0,3490156.0,10060131.0
2022-05-13,29285.9346718293,2219.0,15983.0,147483.0,840299.0,3491754.0,10069673.0
2022-05-14,30051.935755114,2232.0,15982.0,147136.0,839852.0,3485322.0,10044678.0
2022-05-15,31182.6212460549,2231.0,15990.0,147120.0,840963.0,3489725.0,10021072.0
2022-05-16,29889.6124757452,2224.0,15990.0,147343.0,842102.0,3495975.0,10026814.0
2022-05-17,30438.1944476914,2225.0,15980.0,147457.0,843094.0,3499590.0,10021305.0
2022-05-18,28771.2204786675,2223.0,15974.0,147161.0,843541.0,3503473.0,10032887.0
2022-05-19,30257.8852483928,2225.0,15993.0,147387.0,844240.0,3504759.0,10034792.0
2022-05-20,29224.245998422,2215.0,16002.0,147479.0,844654.0,3506420.0,10042586.0
2022-05-21,29420.0782857978,2213.0,16007.0,147219.0,844736.0,3508550.0,10047146.0
2022-05-22,30331.87514173,2215.0,16014.0,147299.0,845188.0,3510530.0,10047953.0
2022-05-23,29088.2515419638,2216.0,16003.0,147345.0,845906.0,3512592.0,10049442.0
2022-05-24,29643.6837556984,2210.0,15962.0,147284.0,846155.0,3514555.0,10060529.0
2022-05-25,29577.259880187,2207.0,15950.0,147250.0,846387.0,3516750.0,10051792.0
2022-05-26,29332.4860467563,2214.0,15955.0,147273.0,846035.0,3517610.0,10052426.0
2022-05-27,28612.0413103448,2220.0,15981.0,147037.0,846072.0,3519920.0,10062384.0
2022-05-28,29045.5206344243,2218.0,15982.0,147075.0,846573.0,3522081.0,10068993.0
2022-05-29,29430.0689800117,2217.0,15986.0,147223.0,847091.0,3524306.0,10068642.0
2022-05-30,31735.9549719462,2217.0,15983.0,147118.0,847264.0,3524621.0,10063812.0
2022-05-31,31831.4095251315,2216.0,16002.0,147036.0,847535.0,3527049.0,10074748.0
2022-06-01,29825.9221992987,2218.0,16002.0,147073.0,847849.0,3529283.0,10088041.0
2022-06-02,30504.2679997078,2220.0,15999.0,147123.0,848117.0,3529514.0,10082626.0
2022-06-03,29662.6709708942,2231.0,15997.0,146994.0,848307.0,3531034.0,10084621.0
2022-06-04,29792.4076779077,2232.0,15992.0,147146.0,848677.0,3533011.0,10088419.0
2022-06-05,29915.4093009936,2229.0,15988.0,147129.0,848754.0,3533471.0,10091915.0
2022-06-06,31333.6770197545,2241.0,15995.0,147100.0,848967.0,3533499.0,10089763.0
2022-06-07,31175.0324289889,2237.0,15984.0,147116.0,849750.0,3536353.0,10094452.0
2022-06-08,30228.464698422,2237.0,15985.0,147252.0,850085.0,3537364.0,10098785.0
2022-06-09,30064.4855289305,2233.0,15988.0,147263.0,850461.0,3540142.0,10107682.0
2022-06-10,29070.4000300994,2226.0,15986.0,147312.0,850932.0,3543142.0,10118234.0
2022-06-11,28360.7899231444,2225.0,15982.0,147291.0,851532.0,3546059.0,10114455.0
2022-06-12,26830.2839456458,2230.0,15968.0,147260.0,852038.0,3548427.0,10120305.0
2022-06-13,22316.2570400351,2226.0,15904.0,147337.0,854520.0,3558020.0,10148437.0
2022-06-14,22072.8663085915,2215.0,15881.0,147614.0,856765.0,3566960.0,10157070.0
2022-06-15,22520.7910087668,2209.0,15835.0,147416.0,857902.0,3569590.0,10156656.0
2022-06-16,20310.1769848042,2218.0,15841.0,147352.0,859177.0,3574159.0,10170533.0
2022-06-17,20464.9290873174,2216.0,15854.0,147910.0,861738.0,3584735.0,10199087.0
2022-06-18,19013.8672536528,2214.0,15875.0,147811.0,863188.0,3590797.0,10205526.0
2022-06-19,20492.2951683226,2205.0,15847.0,147873.0,864129.0,3596817.0,10222130.0
2022-06-20,20571.6292247224,2218.0,15854.0,147803.0,864981.0,3598302.0,10231255.0
2022-06-21,20688.4651312098,2210.0,15878.0,148094.0,866768.0,3607592.0,10247562.0
2022-06-22,20003.1683375219,2212.0,15878.0,148037.0,867306.0,3612727.0,10262754.0
2022-06-23,21097.1028331385,2207.0,15873.0,148080.0,868436.0,3619403.0,10276040.0
2022-06-24,21299.0769853887,2211.0,15879.0,148149.0,869707.0,3626193.0,10290526.0
2022-06-25,21468.3431566335,2208.0,15875.0,148175.0,870347.0,3629725.0,10303026.0
2022-06-26,21066.6209430158,2207.0,15875.0,148230.0,871117.0,3634144.0,10319614.0
2022-06-27,20751.0516960842,2206.0,15879.0,148371.0,872162.0,3639595.0,10328463.0
2022-06-28,20263.2196393922,2209.0,15897.0,148355.0,873341.0,3644602.0,10338056.0
2022-06-29,20080.9480864991,2206.0,15881.0,148168.0,872823.0,3644987.0,10333640.0
2022-06-30,19332.9121294565,2205.0,15891.0,148340.0,873228.0,3653182.0,10354682.0
2022-07-01,19341.8631240795,2206.0,15903.0,148494.0,874543.0,3661679.0,10384107.0
2022-07-02,19231.8317083577,2206.0,15890.0,148725.0,876447.0,3668301.0,10394465.0
2022-07-03,19276.5146639392,2209.0,15882.0,148705.0,877376.0,3673047.0,10406422.0
2022-07-04,20226.2984745763,2208.0,15896.0,148742.0,878437.0,3678364.0,10414633.0
2022-07-05,20193.3427938048,2203.0,15897.0,148989.0,879616.0,3685214.0,10436273.0
2022-07-06,20560.8438126826,2198.0,15894.0,149000.0,880471.0,3690009.0,10448708.0
2022-07-07,21651.4191423144,2198.0,15897.0,148953.0,880895.0,3691925.0,10441534.0
2022-07-08,21813.7871239042,2197.0,15877.0,149073.0,881573.0,3694940.0,10452486.0
2022-07-09,21585.1321922852,2192.0,15868.0,149036.0,882260.0,3697905.0,10461655.0
2022-07-10,20831.2733915839,2197.0,15875.0,149212.0,882902.0,3700914.0,10469987.0
2022-07-11,19971.3294704851,2182.0,15885.0,149215.0,883484.0,3705087.0,10486040.0
2022-07-12,19339.1534734074,2187.0,15892.0,149340.0,884159.0,3707421.0,10482859.0
2022-07-13,20155.5278386908,2184.0,15902.0,149497.0,885321.0,3714649.0,10516471.0
2022-07-14,20552.8990289304,2178.0,15904.0,149256.0,884719.0,3713357.0,10507842.0
2022-07-15,20831.722700526,2170.0,15887.0,149151.0,885262.0,3714986.0,10505953.0
2022-07-16,21196.5091428989,2168.0,15883.0,149103.0,885834.0,3716566.0,10507800.0
2022-07-17,20827.8886085915,2166.0,15894.0,149196.0,886263.0,3719524.0,10512323.0
2022-07-18,22305.7066428989,2160.0,15894.0,149328.0,886904.0,3724021.0,10522946.0
2022-07-19,23371.2026601403,2161.0,15898.0,149407.0,887299.0,3726887.0,10524077.0
2022-07-20,23280.9356680304,2157.0,15885.0,149252.0,887275.0,3727960.0,10531132.0
2022-07-21,23152.4093112215,2151.0,15889.0,149174.0,887542.0,3728551.0,10529356.0
2022-07-22,22706.0835554646,2153.0,15873.0,149118.0,887964.0,3731412.0,10541475.0
2022-07-23,22484.4592317358,2154.0,15872.0,149094.0,888415.0,3733336.0,10545139.0
2022-07-24,22653.3570260082,2154.0,15867.0,149143.0,888714.0,3734887.0,10553310.0
2022-07-25,21510.1255874342,2149.0,15867.0,149163.0,889277.0,3737040.0,10557225.0
2022-07-26,21181.6591967855,2152.0,15866.0,149283.0,889703.0,3739322.0,10560942.0
2022-07-27,22898.4150683226,2149.0,15871.0,149249.0,890061.0,3742095.0,10574347.0
2022-07-28,23838.5568838691,2152.0,15854.0,149281.0,890424.0,3739396.0,10567793.0
2022-07-29,23950.7403798948,2151.0,15875.0,149180.0,890185.0,3741046.0,10574292.0
2022-07-30,23623.4349611338,2148.0,15891.0,149254.0,890884.0,3742220.0,10579413.0
2022-07-31,23356.1722215079,2142.0,15888.0,149340.0,891109.0,3743962.0,10586172.0
2022-08-01,23331.4426969608,2143.0,15887.0,149312.0,891417.0,3747466.0,10593794.0
2022-08-02,23031.4268834015,2141.0,15889.0,149330.0,891845.0,3749986.0,10601009.0
2022-08-03,22809.7474418469,2145.0,15891.0,149313.0,891653.0,3749327.0,10597402.0
2022-08-04,22628.3320821157,2144.0,15877.0,149306.0,892002.0,3752203.0,10611122.0
2022-08-05,23248.9715023378,2151.0,15903.0,149344.0,892247.0,3753441.0,10617838.0
2022-08-06,22996.2750452952,2153.0,15907.0,149339.0,892441.0,3753870.0,10613233.0
2022-08-07,23153.6584713618,2150.0,15905.0,149367.0,892516.0,3755170.0,10619430.0
2022-08-08,23803.6505154296,2149.0,15928.0,149437.0,893092.0,3757527.0,10632387.0
2022-08-09,23186.2917464641,2151.0,15892.0,149442.0,894009.0,3758933.0,10628449.0
2022-08-10,23923.0584830508,2146.0,15879.0,149626.0,894399.0,3760422.0,10627209.0
2022-08-11,23934.4390561075,2147.0,15882.0,149671.0,894562.0,3761716.0,10633432.0
2022-08-12,24396.3088462887,2149.0,15908.0,149685.0,894923.0,3761982.0,10634919.0
2022-08-13,24426.2225748101,2150.0,15904.0,149717.0,895044.0,3763436.0,10638741.0
2022-08-14,24314.2021315021,2153.0,15913.0,149725.0,895277.0,3764551.0,10640352.0
2022-08-15,24083.9539748685,2152.0,15906.0,149749.0,895709.0,3766931.0,10646900.0
2022-08-16,23868.8193530099,2150.0,15921.0,149820.0,896425.0,3769235.0,10651225.0
2022-08-17,23336.3489310345,2148.0,15931.0,149817.0,896383.0,3766748.0,10627605.0
2022-08-18,23221.1706028638,2152.0,15942.0,149902.0,896439.0,3766386.0,10620974.0
2022-08-19,20906.7663141438,2152.0,15950.0,150032.0,896972.0,3769640.0,10635305.0
2022-08-20,21146.6548021625,2150.0,15952.0,150039.0,897300.0,3771644.0,10644432.0
2022-08-21,21553.9961717125,2152.0,15954.0,150024.0,897409.0,3772071.0,10646649.0
2022-08-22,21301.0840581531,2152.0,15956.0,150148.0,897772.0,3774999.0,10651477.0
2022-08-23,21534.5143521333,2155.0,15948.0,150152.0,898087.0,3777850.0,10644030.0
2022-08-24,21424.9728232028,2158.0,15938.0,150241.0,898089.0,3779228.0,10637120.0
2022-08-25,21587.8395844535,2157.0,15953.0,150251.0,898487.0,3780497.0,10635713.0
2022-08-26,20246.1655733489,2159.0,15950.0,150242.0,898818.0,3782253.0,10640218.0
2022-08-27,20043.9909485681,2157.0,15951.0,150253.0,898938.0,3783530.0,10638505.0
2022-08-28,19673.5412188778,2155.0,15952.0,150260.0,899112.0,3784922.0,10636926.0
2022-08-29,20270.960383986,2160.0,15977.0,150173.0,899343.0,3787815.0,10630424.0
2022-08-30,19825.4632066043,2164.0,15962.0,150251.0,899838.0,3791775.0,10631166.0
2022-08-31,20024.6716059614,2155.0,15948.0,150309.0,899783.0,3791217.0,10635681.0
2022-09-01,20105.4626072472,2152.0,15954.0,150289.0,899965.0,3794524.0,10648940.0
2022-09-02,19948.8567472823,2146.0,15941.0,150313.0,900107.0,3795544.0,10664718.0
2022-09-03,19803.8332697253,2148.0,15951.0,150304.0,900308.0,3796072.0,10663088.0
2022-09-04,19961.9118907072,2147.0,15936.0,150370.0,900556.0,3797680.0,10664162.0
2022-09-05,19797.7967884278,2150.0,15934.0,150323.0,900707.0,3798297.0,10664104.0
2022-09-06,18846.150537405,2156.0,15942.0,150475.0,901290.0,3803064.0,10667617.0
2022-09-07,19292.9070745178,2147.0,15953.0,150652.0,901736.0,3805568.0,10670145.0
2022-09-08,19319.1248512566,2146.0,15946.0,150490.0,901690.0,3806936.0,10677682.0
2022-09-09,21363.3136152542,2145.0,15952.0,150522.0,901417.0,3805077.0,10683564.0
2022-09-10,21715.2107980713,2143.0,15949.0,150597.0,901738.0,3804167.0,10680879.0
2022-09-11,21732.7705686733,2144.0,15960.0,150646.0,901840.0,3803605.0,10679374.0
2022-09-12,22365.2145601987,2145.0,15954.0,150726.0,901949.0,3804340.0,10679396.0
2022-09-13,20165.0421607247,2144.0,15955.0,150556.0,901640.0,3805631.0,10688488.0
2022-09-14,20246.3660424313,2142.0,15930.0,150487.0,902169.0,3808610.0,10693583.0
2022-09-15,19696.8698661601,2141.0,15930.0,150577.0,902125.0,3810253.0,10702338.0
2022-09-16,19741.5776168907,2139.0,15935.0,150504.0,902179.0,3812733.0,10723513.0
2022-09-17,20120.7023459965,2135.0,15945.0,150516.0,902561.0,3812500.0,10718009.0
2022-09-18,19427.1002626534,2133.0,15926.0,150523.0,902817.0,3813600.0,10721701.0
2022-09-19,19557.9769582116,2133.0,15914.0,150604.0,903294.0,3816847.0,10734335.0
2022-09-20,18872.9498667446,2133.0,15941.0,150660.0,903683.0,3816938.0,10729887.0
2022-09-21,18506.7607481005,2131.0,15942.0,150620.0,903815.0,3819094.0,10726627.0
2022-09-22,19414.5396449445,2126.0,15980.0,150757.0,904298.0,3821560.0,10732403.0
2022-09-23,19326.8648199883,2123.0,15957.0,150789.0,904386.0,3821651.0,10731917.0
2022-09-24,18924.7677872589,2122.0,15952.0,150754.0,904512.0,3822503.0,10737826.0
2022-09-25,18793.1561531268,2125.0,15950.0,150712.0,904588.0,3823533.0,10746530.0
2022-09-26,19201.1317209234,2124.0,15942.0,150778.0,904519.0,3824826.0,10742094.0
2022-09-27,19106.7389135009,2122.0,15942.0,150592.0,904162.0,3824369.0,10742905.0
2022-09-28,19454.937210111,2126.0,15917.0,150734.0,904422.0,3825765.0,10741305.0
2022-09-29,19540.8664105786,2124.0,15907.0,150693.0,904681.0,3828286.0,10749195.0
2022-09-30,19435.1946917008,2125.0,15902.0,150582.0,904569.0,3829817.0,10757441.0
2022-10-01,19311.861629398,2126.0,15911.0,150554.0,904867.0,3829310.0,10758454.0
2022-10-02,19015.2928050847,2125.0,15914.0,150530.0,905119.0,3830823.0,10748787.0
2022-10-03,19633.4325859147,2120.0,15931.0,150511.0,905061.0,3831711.0,10746586.0
2022-10-04,20339.9712811221,2124.0,15946.0,150597.0,905073.0,3832163.0,10743952.0
2022-10-05,20155.0996987142,2124.0,15917.0,150663.0,905249.0,3832191.0,10741537.0
2022-10-06,19950.5477957335,2127.0,15912.0,150578.0,905155.0,3833402.0,10747036.0
2022-10-07,19539.1439216832,2129.0,15897.0,150680.0,905621.0,3835176.0,10751313.0
2022-10-08,19416.1772291058,2136.0,15888.0,150686.0,905955.0,3837485.0,10762684.0
2022-10-09,19428.3671323787,2133.0,15894.0,150701.0,906206.0,3839424.0,10774777.0
2022-10-10,19154.4042346581,2126.0,15886.0,150749.0,906406.0,3841156.0,10771567.0
2022-10-11,19039.2820683811,2126.0,15898.0,150869.0,906774.0,3843399.0,10774653.0
2022-10-12,19156.9115645821,2129.0,15898.0,150883.0,907130.0,3845662.0,10783865.0
2022-10-13,19387.8336806546,2124.0,15914.0,150801.0,907408.0,3846127.0,10784642.0
2022-10-14,19177.6941031561,2124.0,15914.0,150918.0,907802.0,3847680.0,10795569.0
2022-10-15,19069.8749272355,2122.0,15907.0,150890.0,908088.0,3848132.0,10794756.0
2022-10-16,19261.7497878434,2123.0,15911.0,150920.0,908234.0,3850170.0,10808422.0
2022-10-17,19557.0218106371,2127.0,15902.0,150853.0,908269.0,3852018.0,10803412.0
2022-10-18,19341.4075543542,2136.0,15913.0,150990.0,908371.0,3853633.0,10812546.0
2022-10-19,19132.1544254822,2137.0,15861.0,150966.0,908484.0,3851663.0,10799709.0
2022-10-20,19033.3760239626,2135.0,15863.0,150927.0,908874.0,3851897.0,10796278.0
2022-10-21,19174.8763487434,2136.0,15864.0,150898.0,909043.0,3853039.0,10804643.0
2022-10-22,19207.6285078901,2133.0,15864.0,150830.0,909473.0,3854552.0,10807545.0
2022-10-23,19565.4123243717,2135.0,15873.0,150858.0,909752.0,3856346.0,10818655.0
2022-10-24,19341.460210111,2130.0,15879.0,150934.0,909786.0,3857258.0,10810675.0
2022-10-25,20094.9611215663,2133.0,15870.0,150911.0,909853.0,3859047.0,10819596.0
2022-10-26,20797.0308258328,2135.0,15862.0,150831.0,909022.0,3854568.0,10802913.0
2022-10-27,20280.1751280538,2139.0,15867.0,150834.0,909161.0,3854034.0,10801305.0
2022-10-28,20604.6138535944,2136.0,15867.0,150805.0,909195.0,3853619.0,10799184.0
2022-10-29,20803.8999205143,2134.0,15873.0,150801.0,909253.0,3854191.0,10811649.0
2022-10-30,20616.7033766803,2134.0,15870.0,150799.0,909374.0,3854838.0,10819874.0
2022-10-31,20490.8581808884,2134.0,15856.0,150891.0,909358.0,3854593.0,10816047.0
2022-11-01,20483.966530976,2134.0,15852.0,150858.0,909550.0,3855624.0,10813679.0
2022-11-02,20148.2845537697,2130.0,15826.0,150827.0,909609.0,3857405.0,10826367.0
2022-11-03,20198.1111860316,2125.0,15833.0,150723.0,909679.0,3858000.0,10825415.0
2022-11-04,21157.2449275278,2117.0,15846.0,150721.0,909851.0,3859159.0,10833582.0
2022-11-05,21283.4715999416,2118.0,15832.0,150663.0,909994.0,3858533.0,10830905.0
2022-11-06,20946.8030359439,2119.0,15812.0,150752.0,910480.0,3861086.0,10845390.0
2022-11-07,20568.5651183518,2114.0,15873.0,151210.0,912399.0,3867766.0,10852622.0
2022-11-08,18520.971163647,2116.0,15853.0,151172.0,914507.0,3877231.0,10868975.0
2022-11-09,15758.2912819988,2108.0,15897.0,151319.0,918751.0,3898115.0,10916191.0
2022-11-10,17541.5602866745,2110.0,15903.0,150948.0,921906.0,3917737.0,10952647.0
2022-11-11,16916.8506312098,2111.0,15905.0,151151.0,926266.0,3938121.0,10997755.0
2022-11-12,16771.2426718293,2107.0,15888.0,151316.0,929055.0,3952791.0,11025042.0
2022-11-13,16320.4983375219,2106.0,15884.0,151505.0,933459.0,3976046.0,11077886.0
2022-11-14,16629.4784146698,2103.0,15881.0,151708.0,937582.0,3998600.0,11134096.0
2022-11-15,16855.59378609,2105.0,15859.0,151742.0,939017.0,4012025.0,11181674.0
2022-11-16,16659.6063345996,2101.0,15855.0,151846.0,940645.0,4021867.0,11206846.0
2022-11-17,16675.1790204559,2093.0,15832.0,152065.0,942297.0,4030335.0,11233144.0
2022-11-18,16661.5229576271,2100.0,15805.0,151998.0,943102.0,4033962.0,11244368.0
2022-11-19,16696.0040581531,2097.0,15800.0,151948.0,943991.0,4035405.0,11221892.0
2022-11-20,16246.8446992987,2097.0,15791.0,152133.0,945245.0,4031895.0,11184873.0
2022-11-21,15778.0174047341,2093.0,15800.0,152328.0,947017.0,4040751.0,11180240.0
2022-11-22,16172.8893445354,2089.0,15810.0,152271.0,947944.0,4048034.0,11182948.0
2022-11-23,16574.0617299825,2099.0,15814.0,152543.0,949537.0,4056396.0,11176329.0
2022-11-24,16583.5243445354,2098.0,15825.0,152332.0,950280.0,4061430.0,11185549.0
2022-11-25,16522.3887767388,2097.0,15826.0,152329.0,951218.0,4066172.0,11198441.0
2022-11-26,16448.6413077148,2094.0,15826.0,152301.0,952073.0,4069964.0,11207653.0
2022-11-27,16436.0707688486,2090.0,15827.0,152428.0,952934.0,4074822.0,11191837.0
2022-11-28,16212.5814161309,2084.0,15835.0,152478.0,953913.0,4081338.0,11172976.0
2022-11-29,16443.0368199883,2085.0,15812.0,152557.0,955400.0,4089397.0,11180494.0
2022-11-30,17176.8986914085,2079.0,15839.0,152673.0,955947.0,4095478.0,11195232.0
2022-12-01,16961.2918042081,2077.0,15818.0,152836.0,957316.0,4099386.0,11200669.0
2022-12-02,17075.1091370544,2071.0,15889.0,152887.0,957976.0,4105093.0,11223110.0
2022-12-03,16899.5073831093,2071.0,15884.0,152879.0,958329.0,4105558.0,11224465.0
2022-12-04,17121.7149824664,2075.0,15869.0,152896.0,958854.0,4109633.0,11226894.0
2022-12-05,16961.3517866745,2052.0,15830.0,152926.0,959532.0,4113641.0,11225081.0
2022-12-06,17070.5158281707,2045.0,15846.0,153020.0,960373.0,4118706.0,11234316.0
2022-12-07,16848.2518243717,2043.0,15839.0,153046.0,960937.0,4119614.0,11226657.0
2022-12-08,17231.4563223261,2040.0,15864.0,153127.0,961646.0,4122111.0,11232468.0
2022-12-09,17136.1490008767,2042.0,15884.0,153135.0,962136.0,4124727.0,11236449.0
2022-12-10,17124.2146797195,2045.0,15885.0,153166.0,962630.0,4125041.0,11226087.0
2022-12-11,17094.3606592636,2043.0,15882.0,153242.0,962757.0,4126620.0,11228343.0
2022-12-12,17195.5249962011,2041.0,15903.0,153532.0,964208.0,4132830.0,11235623.0
2022-12-13,17774.9166320865,2046.0,15959.0,154184.0,967459.0,4146412.0,11259661.0
2022-12-14,17809.7240835769,2046.0,15968.0,154214.0,967981.0,4149600.0,11266640.0
2022-12-15,17344.0544569258,2052.0,16019.0,154201.0,969422.0,4156217.0,11286435.0
2022-12-16,16606.1101750438,2048.0,16067.0,154418.0,971095.0,4165252.0,11318937.0
2022-12-17,16774.3853702513,2049.0,16112.0,154767.0,972576.0,4168998.0,11301015.0
2022-12-18,16776.1159254822,2049.0,16095.0,154895.0,973444.0,4175331.0,11320049.0
2022-12-19,16424.1313857393,2048.0,16147.0,154796.0,973895.0,4180544.0,11336730.0
2022-12-20,16901.8169362946,2047.0,16134.0,154901.0,974317.0,4185695.0,11343328.0
2022-12-21,16800.5329707773,2052.0,16133.0,154893.0,974752.0,4188654.0,11351659.0
2022-12-22,16814.2225791935,2048.0,16111.0,154972.0,975512.0,4192200.0,11366097.0
2022-12-23,16780.5169798363,2046.0,16125.0,154910.0,975796.0,4193967.0,11385629.0
2022-12-24,16837.612170076,2045.0,16118.0,155014.0,976260.0,4195561.0,11401705.0
2022-12-25,16824.8389736996,2045.0,16129.0,154960.0,976591.0,4196393.0,11399937.0
2022-12-26,16879.9382273524,2047.0,16111.0,155022.0,976936.0,4198996.0,11403733.0
2022-12-27,16698.9112708942,2044.0,16121.0,155092.0,977047.0,4199094.0,11414781.0
2022-12-28,16536.2942001753,2049.0,16111.0,155098.0,977371.0,4199088.0,11419677.0
2022-12-29,16630.5931551724,2044.0,16114.0,155153.0,977829.0,4203350.0,11425966.0
2022-12-30,16593.6888287551,2045.0,16173.0,155115.0,977658.0,4202266.0,11420578.0
2022-12-31,16524.2178024547,2041.0,16160.0,155107.0,977662.0,4201927.0,11424569.0
2023-01-01,16606.7520432496,2038.0,16137.0,155167.0,978053.0,4200805.0,11429392.0
2023-01-02,16688.7192729398,2037.0,16108.0,155070.0,978288.0,4203296.0,11431246.0
2023-01-03,16670.0773836937,2039.0,16144.0,155031.0,978839.0,4206966.0,11440546.0
2023-01-04,16848.3660391584,2039.0,16105.0,155136.0,979065.0,4206796.0,11434990.0
2023-01-05,16824.8001826417,2042.0,16124.0,155174.0,979502.0,4207182.0,11434399.0
2023-01-06,16957.8622738165,2045.0,16127.0,155245.0,979769.0,4210777.0,11444932.0
2023-01-07,16942.6285891292,2046.0,16133.0,155231.0,979570.0,4212066.0,11455139.0
2023-01-08,17059.2399444769,2046.0,16131.0,155213.0,979472.0,4209451.0,11457747.0
2023-01-09,17182.3198521333,2042.0,16125.0,155273.0,981107.0,4212291.0,11460997.0
2023-01-10,17433.9146320865,2047.0,16126.0,155432.0,981271.0,4211466.0,11453224.0
2023-01-11,17833.7107656341,2046.0,16124.0,155365.0,981579.0,4216220.0,11462621.0
2023-01-12,18869.7044842198,2047.0,16126.0,155373.0,981311.0,4213522.0,11454791.0
2023-01-13,19868.7247454705,2040.0,16158.0,155446.0,981171.0,4215608.0,11460843.0
2023-01-14,21010.9227200468,2041.0,16162.0,155308.0,979920.0,4211386.0,11457957.0
2023-01-15,20876.0085561075,2042.0,16167.0,155367.0,979879.0,4211661.0,11465932.0
2023-01-16,21180.4119485681,2049.0,16166.0,155112.0,979078.0,4209293.0,11457812.0
2023-01-17,21178.2993962595,2049.0,16167.0,155126.0,978934.0,4209228.0,11453156.0
2023-01-18,20709.6686040327,2046.0,16133.0,155022.0,978615.0,4206235.0,11442626.0
2023-01-19,21071.8334152542,2048.0,16148.0,155177.0,979269.0,4207862.0,11434462.0
2023-01-20,22660.7169421391,2046.0,16131.0,155081.0,979528.0,4211267.0,11450510.0
2023-01-21,22803.172761543,2046.0,16136.0,155066.0,979306.0,4211311.0,11458028.0
2023-01-22,22716.2771966686,2048.0,16134.0,155023.0,979396.0,4207771.0,11445678.0
2023-01-23,22929.0248936295,2052.0,16116.0,155049.0,979450.0,4208932.0,11444159.0
2023-01-24,22611.1268787259,2047.0,16121.0,155047.0,979447.0,4210218.0,11451922.0
2023-01-25,23109.0845189947,2056.0,16118.0,155111.0,979681.0,4211874.0,11458516.0
2023-01-26,23008.6894766219,2055.0,16137.0,155052.0,979804.0,4212716.0,11462589.0
2023-01-27,23070.4964582116,2040.0,16117.0,155059.0,979841.0,4214144.0,11473615.0
2023-01-28,23008.8094649328,2037.0,16121.0,155104.0,979973.0,4214409.0,11475741.0
2023-01-29,23774.9963679135,2038.0,16093.0,155092.0,980030.0,4213745.0,11483865.0
2023-01-30,22799.427261543,2037.0,16127.0,155122.0,980080.0,4214063.0,11478470.0
2023-01-31,23130.0519132087,2035.0,16157.0,155238.0,980006.0,4216542.0,11497967.0
2023-02-01,23727.2026075395,2034.0,16137.0,155305.0,980131.0,4216110.0,11495484.0
2023-02-02,23505.6048430742,2035.0,16105.0,155107.0,979769.0,4215494.0,11500052.0
2023-02-03,23445.8131773816,2036.0,16116.0,155081.0,979793.0,4215954.0,11506427.0
2023-02-04,23355.5243863238,2039.0,16115.0,155097.0,979955.0,4215533.0,11506522.0
2023-02-05,22957.2251905319,2039.0,16108.0,155102.0,979890.0,4216653.0,11514536.0
2023-02-06,22745.1650371128,2036.0,16105.0,155156.0,980042.0,4217711.0,11520277.0
2023-02-07,23266.2692036821,2038.0,16094.0,155097.0,980594.0,4221288.0,11541062.0
2023-02-08,22937.5799453536,2036.0,16097.0,155176.0,980435.0,4222210.0,11545516.0
2023-02-09,21818.1989456458,2040.0,16093.0,155223.0,980848.0,4222887.0,11543802.0
2023-02-10,21620.5667837522,2039.0,16109.0,155209.0,980659.0,4222580.0,11550116.0
2023-02-11,21864.8626414378,2039.0,16095.0,155361.0,980840.0,4223242.0,11557568.0
2023-02-12,21772.1373252484,2040.0,16088.0,155302.0,981136.0,4224803.0,11565509.0
2023-02-13,21798.7157168323,2041.0,16111.0,155339.0,981318.0,4226956.0,11574448.0
2023-02-14,22222.415043834,2042.0,16130.0,155432.0,981743.0,4230957.0,11589177.0
2023-02-15,24304.6129827586,2039.0,16125.0,155337.0,981419.0,4230768.0,11588727.0
2023-02-16,23742.4488354763,2036.0,16103.0,155234.0,980590.0,4228204.0,11575009.0
2023-02-17,24607.3356054939,2036.0,16082.0,155312.0,980520.0,4227792.0,11564339.0
2023-02-18,24636.5266127995,2036.0,16093.0,155261.0,980434.0,4225159.0,11508117.0
2023-02-19,24366.9907606663,2034.0,16096.0,155314.0,980242.0,4224254.0,11487182.0
2023-02-20,24797.8430359439,2031.0,16094.0,155334.0,980356.0,4225128.0,11486773.0
2023-02-21,24400.3893898305,2035.0,16102.0,155414.0,980731.0,4225373.0,11472607.0
2023-02-22,24163.7389812975,2030.0,16116.0,155375.0,982057.0,4227560.0,11480514.0
2023-02-23,23910.0342104033,2030.0,16116.0,155424.0,982306.0,4228291.0,11471755.0
2023-02-24,23175.8242036821,2030.0,16115.0,155450.0,982295.0,4230407.0,11486569.0
2023-02-25,23159.8154403857,2029.0,16105.0,155412.0,982326.0,4231199.0,11501160.0
2023-02-26,23542.0964281122,2034.0,16105.0,155456.0,982404.0,4230717.0,11491620.0
2023-02-27,23504.1894178843,2032.0,16097.0,155651.0,982694.0,4233591.0,11499272.0
2023-02-28,23145.9491277031,2013.0,16079.0,155578.0,982593.0,4237137.0,11521526.0
2023-03-01,23610.6590902981,2015.0,16057.0,155577.0,982639.0,4238632.0,11539348.0
2023-03-02,23470.0254815897,2014.0,16062.0,155458.0,982675.0,4240684.0,11560438.0
2023-03-03,22350.0962340736,2009.0,16080.0,155480.0,983159.0,4243883.0,11574561.0
2023-03-04,22334.2852638808,2009.0,16083.0,155473.0,983436.0,4245248.0,11588107.0
2023-03-05,22419.8171390999,2009.0,16080.0,155542.0,983885.0,4246169.0,11566092.0
2023-03-06,22414.7033056692,2010.0,16083.0,155436.0,984812.0,4250734.0,11585136.0
2023-03-07,22174.6484725307,2017.0,16049.0,155576.0,984482.0,4246126.0,11585214.0
2023-03-08,21701.3846227352,2022.0,16068.0,155640.0,984450.0,4246484.0,11590094.0
2023-03-09,20349.8141732905,2017.0,16035.0,155607.0,984488.0,4248155.0,11603072.0
2023-03-10,20240.406694623,2014.0,16065.0,155596.0,985372.0,4254070.0,11630192.0
2023-03-11,20585.2343290473,2010.0,16078.0,155743.0,987493.0,4263002.0,11646880.0
2023-03-12,22065.9800359439,2010.0,16085.0,155846.0,988404.0,4267464.0,11651735.0
2023-03-13,24154.4290946815,2011.0,16105.0,155830.0,988618.0,4267672.0,11662050.0
2023-03-14,24769.0175691409,2011.0,16106.0,155917.0,987891.0,4262819.0,11656915.0
2023-03-15,24409.8017518995,2016.0,16113.0,156078.0,986589.0,4260219.0,11662178.0
2023-03-16,25043.2388468732,2020.0,16108.0,156005.0,986946.0,4263180.0,11676784.0
2023-03-17,27450.6282933957,2025.0,16122.0,155865.0,986809.0,4264137.0,11668391.0
2023-03-18,26985.7359915254,2026.0,16100.0,155816.0,986548.0,4262113.0,11666990.0
2023-03-19,28185.2043319696,2029.0,16112.0,155828.0,986824.0,4263595.0,11668731.0
2023-03-20,27834.3361090006,2031.0,16102.0,155872.0,987017.0,4265006.0,11670995.0
2023-03-21,28172.7950558153,2026.0,16095.0,155850.0,987537.0,4268221.0,11684039.0
2023-03-22,27341.5571297487,2026.0,16082.0,155775.0,987328.0,4266892.0,11676373.0
2023-03-23,28387.8897495617,2031.0,16074.0,155855.0,988159.0,4272359.0,11686653.0
2023-03-24,27464.1249453536,2020.0,16108.0,155925.0,989396.0,4279115.0,11715354.0
2023-03-25,27488.954880187,2019.0,16096.0,155939.0,989569.0,4278374.0,11711916.0
2023-03-26,28049.3916911163,2019.0,16081.0,155959.0,989830.0,4279188.0,11710021.0
2023-03-27,27154.9963702513,2023.0,16079.0,155947.0,990453.0,4283915.0,11715399.0
2023-03-28,27283.9634029807,2023.0,16067.0,155911.0,991063.0,4286633.0,11717093.0
2023-03-29,28389.2917784921,2023.0,16059.0,155847.0,991327.0,4288888.0,11727006.0
2023-03-30,28021.5583009936,2026.0,16043.0,155888.0,991372.0,4289596.0,11725440.0
2023-03-31,28514.6813062537,2023.0,16031.0,155880.0,991565.0,4293024.0,11743314.0
2023-04-01,28494.5638863238,2023.0,16031.0,155890.0,991804.0,4293975.0,11750142.0
2023-04-02,28161.9980362361,2024.0,16025.0,155989.0,992138.0,4294266.0,11740660.0
2023-04-03,27850.9799436002,2026.0,16026.0,156023.0,992520.0,4297542.0,11755053.0
2023-04-04,28113.9585187025,2025.0,16019.0,156001.0,992727.0,4299710.0,11768473.0
2023-04-05,28190.3116063705,2020.0,16016.0,155943.0,992931.0,4302210.0,11781725.0
2023-04-06,28049.0744763296,2028.0,16000.0,155955.0,993005.0,4303373.0,11783168.0
2023-04-07,27936.8042609585,2022.0,15998.0,155948.0,993312.0,4304705.0,11794546.0
2023-04-08,27964.0512498539,2022.0,15999.0,155941.0,993633.0,4305331.0,11798445.0
2023-04-09,28357.8072703098,2023.0,15992.0,155970.0,993760.0,4305329.0,11783803.0
2023-04-10,29687.5651846873,2023.0,16014.0,156022.0,993989.0,4306831.0,11778419.0
2023-04-11,30247.0959193454,2019.0,15831.0,155733.0,993657.0,4305435.0,11749202.0
2023-04-12,29913.0035463472,2021.0,15833.0,155668.0,993385.0,4305819.0,11736010.0
2023-04-13,30370.82207218,2027.0,15827.0,155761.0,993664.0,4306462.0,11735393.0
2023-04-14,30458.9700414962,2028.0,15828.0,155792.0,993740.0,4306631.0,11736858.0
2023-04-15,30342.0591084161,2032.0,15824.0,155782.0,993715.0,4306290.0,11730615.0
2023-04-16,30312.9308533022,2028.0,15816.0,155903.0,993907.0,4307443.0,11737400.0
2023-04-17,29469.5050727645,2025.0,15879.0,155953.0,994061.0,4308637.0,11740943.0
2023-04-18,30366.8723813559,2029.0,15889.0,155938.0,994042.0,4310481.0,11743788.0
2023-04-19,28796.7440952659,2028.0,15896.0,155992.0,994038.0,4311949.0,11757199.0
2023-04-20,28251.2763790181,2024.0,15897.0,155926.0,993911.0,4313210.0,11770439.0
2023-04-21,27292.0211052016,2025.0,15899.0,155782.0,993824.0,4313704.0,11776317.0
2023-04-22,27827.5475920514,2020.0,15899.0,155783.0,993786.0,4313524.0,11779694.0
2023-04-23,27604.6855742256,2020.0,15894.0,155848.0,993979.0,4314963.0,11786327.0
2023-04-24,27520.1996729982,2021.0,15889.0,155977.0,994271.0,4314870.0,11767736.0
2023-04-25,28302.6942180012,2017.0,15894.0,155940.0,994452.0,4316813.0,11777365.0
2023-04-26,28384.2340333139,2018.0,15899.0,155923.0,994868.0,4319437.0,11793290.0
2023-04-27,29465.5514272355,2019.0,15874.0,155901.0,994733.0,4320674.0,11803227.0
2023-04-28,29350.811886616,2020.0,15896.0,155865.0,994569.0,4322238.0,11816637.0
2023-04-29,29221.5145075979,2022.0,15882.0,155850.0,994514.0,4322201.0,11823379.0
2023-04-30,29362.0867974868,2022.0,15882.0,155820.0,994743.0,4324299.0,11837665.0
2023-05-01,28114.9531873174,2020.0,15882.0,155825.0,994800.0,4324103.0,11842136.0
2023-05-02,28690.5809959088,2018.0,15902.0,155902.0,995210.0,4328629.0,11865951.0
2023-05-03,29045.0427735243,2018.0,15897.0,155895.0,995560.0,4331904.0,11881226.0
2023-05-04,28855.8574465225,2016.0,15904.0,155935.0,995417.0,4332598.0,11888756.0
2023-05-05,29552.9695236704,2020.0,15896.0,155943.0,995857.0,4336622.0,11916740.0
2023-05-06,28899.4629602572,2020.0,15907.0,155927.0,996266.0,4339780.0,11934145.0
2023-05-07,28761.738434249,2023.0,15902.0,155925.0,996591.0,4343702.0,11958335.0
2023-05-08,27727.2854091175,2028.0,15918.0,156164.0,997790.0,4350996.0,11985067.0
2023-05-09,27642.4281092928,2029.0,15917.0,156161.0,998077.0,4355480.0,11998851.0
2023-05-10,27646.004902104,2030.0,15934.0,156152.0,998613.0,4359148.0,12011782.0
2023-05-11,26986.271065751,2030.0,15923.0,156129.0,998918.0,4361763.0,12022863.0
2023-05-12,26773.3443591467,2033.0,15920.0,156109.0,999310.0,4363937.0,12025967.0
2023-05-13,26841.3982913501,2030.0,15900.0,156201.0,999720.0,4365496.0,12032130.0
2023-05-14,26918.261597896,2028.0,15870.0,156118.0,999223.0,4363473.0,12026275.0
2023-05-15,27231.6216052016,2038.0,15890.0,156191.0,999757.0,4367448.0,12037116.0
2023-05-16,27025.7181864407,2035.0,15885.0,156251.0,1000284.0,4368939.0,12046474.0
2023-05-17,27401.0440610754,2030.0,15875.0,156227.0,1000251.0,4368040.0,12042674.0
2023-05-18,26843.2350938048,2036.0,15871.0,156175.0,1000330.0,4369050.0,12050060.0
2023-05-19,26889.503631502,2039.0,15872.0,156114.0,1000254.0,4370159.0,12061805.0
2023-05-20,27100.8582878434,2038.0,15864.0,156151.0,1000329.0,4369507.0,12063206.0
2023-05-21,26777.0977831677,2039.0,15867.0,156100.0,1000651.0,4369877.0,12058290.0
2023-05-22,26858.7370637054,2037.0,15879.0,156154.0,1000541.0,4370119.0,12063500.0
2023-05-23,27226.8558763881,2038.0,15875.0,156073.0,1000333.0,4370560.0,12064771.0
2023-05-24,26341.4306446522,2035.0,15870.0,156080.0,1000550.0,4370061.0,12056353.0
2023-05-25,26484.8359234366,2036.0,15960.0,156165.0,1001100.0,4371921.0,12061324.0
2023-05-26,26720.3838071303,2043.0,15947.0,156114.0,1001035.0,4372352.0,12069418.0
2023-05-27,26854.5403702513,2042.0,15947.0,156115.0,1001080.0,4373239.0,12071603.0
2023-05-28,28097.5211259497,2038.0,15948.0,156162.0,1001154.0,4372807.0,12071898.0
2023-05-29,27765.0728693746,2034.0,15947.0,156048.0,1000888.0,4372276.0,12073673.0
2023-05-30,27712.4915844535,2029.0,15931.0,156173.0,1000741.0,4374117.0,12077801.0
2023-05-31,27217.6832580362,2028.0,15921.0,156160.0,1001119.0,4373757.0,12079660.0
2023-06-01,26825.3713451198,2029.0,15923.0,155993.0,1000889.0,4374296.0,12083977.0
2023-06-02,27255.2279941555,2033.0,15913.0,156072.0,1001048.0,4373439.0,12085689.0
2023-06-03,27079.4084643483,2033.0,15912.0,156031.0,1001095.0,4374593.0,12089665.0
2023-06-04,27158.25456955,2029.0,15894.0,155954.0,1000873.0,4372495.0,12082433.0
2023-06-05,25785.8514842198,2031.0,15914.0,156009.0,1000995.0,4373105.0,12079479.0
2023-06-06,27213.7705187025,2028.0,15915.0,156137.0,1002081.0,4378812.0,12077692.0
2023-06-07,26339.5790292227,2029.0,15941.0,156226.0,1003227.0,4384788.0,12082147.0
2023-06-08,26521.693600526,2025.0,15929.0,156221.0,1003685.0,4388035.0,12084751.0
2023-06-09,26470.6775780245,2026.0,15934.0,156175.0,1003810.0,4386040.0,12072297.0
2023-06-10,25863.2138506721,2024.0,15928.0,156317.0,1004439.0,4386140.0,12062912.0
2023-06-11,25906.8281516657,2026.0,15949.0,156258.0,1003259.0,4384886.0,12047698.0
2023-06-12,25906.7519354179,2023.0,15938.0,156340.0,1003487.0,4381550.0,12030407.0
2023-06-13,25880.8599734074,2026.0,15952.0,156366.0,1003751.0,4383710.0,12036474.0
2023-06-14,25097.5853796026,2029.0,15937.0,156480.0,1004303.0,4385846.0,12047104.0
2023-06-15,25559.1433293396,2019.0,15930.0,156454.0,1004578.0,4388041.0,12053528.0
2023-06-16,26331.8200943892,2018.0,15911.0,156487.0,1004948.0,4392348.0,12071786.0
2023-06-17,26514.1713495032,2022.0,15905.0,156418.0,1005109.0,4392953.0,12073144.0
2023-06-18,26353.962682934,2021.0,15900.0,156412.0,1005214.0,4390272.0,12075257.0
2023-06-19,26778.0634415547,2026.0,15889.0,156505.0,1005473.0,4388664.0,12063220.0
2023-06-20,28305.4204573349,2033.0,15895.0,156452.0,1005783.0,4391897.0,12075592.0
2023-06-21,30099.5153509643,2035.0,15918.0,156437.0,1005232.0,4391398.0,12083648.0
2023-06-22,29952.5112866745,2039.0,15907.0,156345.0,1004979.0,4390750.0,12080115.0
2023-06-23,30638.3537644652,2039.0,15910.0,156207.0,1004993.0,4391942.0,12090321.0
2023-06-24,30549.0162872589,2037.0,15915.0,156292.0,1004702.0,4391987.0,12087369.0
2023-06-25,30467.4403705435,2033.0,15890.0,156274.0,1004897.0,4391736.0,12089349.0
2023-06-26,30255.8861241964,2039.0,15888.0,156273.0,1005090.0,4391731.0,12094539.0
2023-06-27,30667.0762948568,2036.0,15887.0,156267.0,1005225.0,4393000.0,12101573.0
2023-06-28,30104.0432717709,2036.0,15892.0,156399.0,1005795.0,4395162.0,12113458.0
2023-06-29,30460.792978083,2030.0,15892.0,156362.0,1005917.0,4396674.0,12116153.0
2023-06-30,30484.503257744,2030.0,15885.0,156328.0,1005930.0,4396302.0,12091102.0
2023-07-01,30581.6889655172,2037.0,15888.0,156249.0,1006210.0,4397592.0,12088728.0
2023-07-02,30594.2164736996,2040.0,15887.0,156285.0,1006376.0,4397986.0,12071192.0
2023-07-03,31135.3575993571,2041.0,15902.0,156258.0,1006230.0,4397723.0,12072884.0
2023-07-04,30799.9474558738,2040.0,15909.0,156245.0,1006465.0,4398308.0,12063955.0
2023-07-05,30497.8221282876,2040.0,15905.0,156273.0,1006589.0,4400808.0,12070261.0
2023-07-06,29979.7298094681,2034.0,15919.0,156285.0,1006669.0,4398331.0,12063639.0
2023-07-07,30329.8829786674,2036.0,15912.0,156320.0,1006963.0,4401091.0,12072065.0
2023-07-08,30263.6196341321,2035.0,15913.0,156383.0,1007201.0,4401730.0,12072782.0
2023-07-09,30163.2210563998,2032.0,15916.0,156372.0,1007417.0,4401474.0,12057563.0
2023-07-10,30394.6555806546,2032.0,15911.0,156331.0,1007286.0,4399409.0,12058758.0
2023-07-11,30616.247094097,2037.0,15898.0,156321.0,1007481.0,4401543.0,12063940.0
2023-07-12,30385.6087852133,2033.0,15901.0,156352.0,1007773.0,4402886.0,12069411.0
2023-07-13,31434.7354704851,2027.0,15856.0,156328.0,1008175.0,4406457.0,12086750.0
2023-07-14,30310.6720204559,2020.0,15878.0,156312.0,1008256.0,4407523.0,12098411.0
2023-07-15,30290.8905958504,2019.0,15874.0,156257.0,1008429.0,4409204.0,12105279.0
2023-07-16,30249.7729658095,2018.0,15866.0,156392.0,1008629.0,4410723.0,12114708.0
2023-07-17,30143.7462744009,2015.0,15877.0,156361.0,1008938.0,4411618.0,12119023.0
2023-07-18,29835.7474076563,2019.0,15876.0,156384.0,1009161.0,4413188.0,12131304.0
2023-07-19,29913.0294646406,2018.0,15876.0,156342.0,1009345.0,4413720.0,12138591.0
2023-07-20,29805.6065707189,2020.0,15858.0,156329.0,1009517.0,4415545.0,12149046.0
2023-07-21,29919.6934921099,2023.0,15853.0,156418.0,1009926.0,4417642.0,12161866.0
2023-07-22,29726.0096271186,2021.0,15850.0,156452.0,1009747.0,4417029.0,12158550.0
2023-07-23,30066.5724482759,2020.0,15851.0,156434.0,1009945.0,4416786.0,12157311.0
2023-07-24,29178.3597042665,2020.0,15866.0,156508.0,1010231.0,4417634.0,12158613.0
2023-07-25,29221.2548533022,2019.0,15843.0,156545.0,1010522.0,4420359.0,12169951.0
2023-07-26,29361.5917580362,2016.0,15853.0,156511.0,1010562.0,4421352.0,12179440.0
2023-07-27,29201.6865175336,2019.0,15852.0,156439.0,1010458.0,4422502.0,12189895.0
2023-07-28,29316.3130751023,2015.0,15867.0,156404.0,1010530.0,4423260.0,12199091.0
2023-07-29,29360.376179135,2015.0,15872.0,156395.0,1010584.0,4423441.0,12205473.0
2023-07-30,29262.8367337814,2013.0,15867.0,156540.0,1010897.0,4423092.0,12207965.0
2023-07-31,29219.8201887785,2013.0,15873.0,156544.0,1010935.0,4424477.0,12211317.0
2023-08-01,29499.5875385739,2011.0,15872.0,156462.0,1011208.0,4427500.0,12220193.0
2023-08-02,29143.1519620105,2015.0,15883.0,156465.0,1011371.0,4427078.0,12220365.0
2023-08-03,29192.3448617767,2017.0,15890.0,156516.0,1011635.0,4428612.0,12221499.0
2023-08-04,29057.2532437171,2017.0,15885.0,156420.0,1011441.0,4428414.0,12227895.0
2023-08-05,29053.0956975453,2017.0,15888.0,156441.0,1011402.0,4428612.0,12220319.0
2023-08-06,29048.0433275862,2017.0,15881.0,156447.0,1011636.0,4429142.0,12219653.0
2023-08-07,29164.3585873758,2016.0,15891.0,156517.0,1011984.0,4431992.0,12225993.0
2023-08-08,29779.511383986,2017.0,15876.0,156555.0,1012004.0,4431930.0,12217020.0
2023-08-09,29582.9442375804,2018.0,15874.0,156521.0,1012073.0,4432967.0,12217724.0
2023-08-10,29430.1599117475,2019.0,15871.0,156592.0,1012433.0,4433213.0,12219440.0
2023-08-11,29399.784739626,2019.0,15870.0,156618.0,1012367.0,4433760.0,12215771.0
2023-08-12,29415.733902104,2020.0,15851.0,156697.0,1012611.0,4434684.0,12218869.0
2023-08-13,29286.1176110462,2019.0,15850.0,156771.0,1012763.0,4434924.0,12223692.0
2023-08-14,29408.9717127411,2018.0,15846.0,156717.0,1012665.0,4435626.0,12223405.0
2023-08-15,29167.59721654,2019.0,15850.0,156742.0,1012640.0,4435091.0,12223100.0
2023-08-16,28754.2924079486,2017.0,15845.0,156746.0,1012603.0,4435718.0,12222803.0
2023-08-17,26660.5627264757,2016.0,15847.0,156823.0,1013207.0,4437574.0,12221698.0
2023-08-18,26037.3658474576,2010.0,15836.0,156657.0,1013409.0,4439208.0,12229762.0
2023-08-19,26093.981808007,2011.0,15829.0,156766.0,1013623.0,4440882.0,12240751.0
2023-08-20,26176.4721642315,2013.0,15831.0,156741.0,1013847.0,4442120.0,12242068.0
2023-08-21,26128.9050160725,2012.0,15837.0,156666.0,1014200.0,4445225.0,12250483.0
2023-08-22,25978.2096914085,2014.0,15827.0,156724.0,1014606.0,4447134.0,12256253.0
2023-08-23,26452.1935882525,2019.0,15831.0,156802.0,1014854.0,4448985.0,12258274.0
2023-08-24,26126.7943331385,2016.0,15836.0,156879.0,1015131.0,4449728.0,12261642.0
2023-08-25,26040.881255114,2023.0,15818.0,156773.0,1015295.0,4451824.0,12262875.0
2023-08-26,26006.1740800701,2024.0,15824.0,156779.0,1015443.0,4453709.0,12273579.0
2023-08-27,26086.3612594974,2022.0,15817.0,156825.0,1015718.0,4455000.0,12279228.0
2023-08-28,26103.2765730567,2022.0,15823.0,156909.0,1015981.0,4456787.0,12278925.0
2023-08-29,27672.2221306254,2025.0,15820.0,156855.0,1016214.0,4459242.0,12287311.0
2023-08-30,27298.997779661,2025.0,15829.0,156861.0,1016214.0,4461826.0,12309036.0
2023-08-31,25954.8665935126,2022.0,15833.0,156915.0,1016503.0,4461619.0,12303608.0
2023-09-01,25802.7885298071,2014.0,15816.0,156997.0,1016832.0,4463570.0,12307494.0
2023-09-02,25868.2960976037,2014.0,15807.0,157026.0,1017110.0,4464679.0,12312406.0
2023-09-03,25962.5475689655,2013.0,15805.0,157054.0,1017241.0,4465587.0,12320790.0
2023-09-04,25799.5256870251,2014.0,15810.0,157025.0,1017338.0,4466589.0,12328300.0
2023-09-05,25782.3622200468,2014.0,15810.0,157132.0,1017624.0,4469518.0,12341508.0
2023-09-06,25754.7902676797,2013.0,15831.0,157096.0,1017841.0,4471169.0,12355107.0
2023-09-07,26210.6045637054,2012.0,15818.0,157111.0,1018064.0,4471748.0,12360212.0
2023-09-08,25904.6982127411,2015.0,15812.0,157086.0,1018318.0,4474966.0,12377213.0
2023-09-09,25894.6205976037,2010.0,15818.0,157070.0,1018718.0,4476926.0,12385635.0
2023-09-10,25831.4647802455,2011.0,15824.0,157086.0,1018786.0,4478662.0,12395526.0
2023-09-11,25135.0393781414,2011.0,15822.0,157149.0,1018628.0,4477534.0,12377350.0
2023-09-12,25859.7018068381,2012.0,15813.0,157165.0,1018779.0,4479004.0,12383277.0
2023-09-13,26226.8667524839,2011.0,15817.0,157163.0,1018861.0,4479208.0,12385317.0
2023-09-14,26556.056943308,2015.0,15808.0,157117.0,1018882.0,4480327.0,12390449.0
2023-09-15,26672.6160818235,2013.0,15809.0,157140.0,1019125.0,4482916.0,12404335.0
2023-09-16,26555.6361031561,2012.0,15800.0,157151.0,1019384.0,4483631.0,12412983.0
2023-09-17,26502.4321189363,2011.0,15801.0,157165.0,1019301.0,4484615.0,12422123.0
2023-09-18,26764.6319064874,2012.0,15792.0,157198.0,1019848.0,4486947.0,12432867.0
2023-09-19,27215.0504848042,2012.0,15800.0,157194.0,1020408.0,4490465.0,12440980.0
2023-09-20,27133.4037235535,2010.0,15792.0,157212.0,1020624.0,4491931.0,12447205.0
2023-09-21,26571.5952919345,2014.0,15798.0,157210.0,1020933.0,4493661.0,12441901.0
2023-09-22,26561.133454198716,2011.0,15785.0,157177.0,1021044.0,4494808.0,12450275.0
2023-09-23,26575.776386616,2012.0,15790.0,157187.0,1021213.0,4495811.0,12457943.0
2023-09-24,26286.6410488019,2010.0,15793.0,157235.0,1021484.0,4494760.0,12428245.0
2023-09-25,26288.8095005845,2006.0,15809.0,157298.0,1021305.0,4493809.0,12400312.0
2023-09-26,26194.5378880772,2002.0,15805.0,157437.0,1021438.0,4493376.0,12398306.0
2023-09-27,26336.0825973115,2004.0,15801.0,157282.0,1021471.0,4493902.0,12390673.0
2023-09-28,27033.4254415546,2004.0,15812.0,157314.0,1021342.0,4493550.0,12388129.0
2023-09-29,26911.2514739918,2006.0,15819.0,157323.0,1021310.0,4491296.0,12372419.0
2023-09-30,26977.6933126826,2006.0,15819.0,157320.0,1021302.0,4490977.0,12372571.0
2023-10-01,27950.1453594389,2003.0,15824.0,157379.0,1021476.0,4491081.0,12369337.0
2023-10-02,27565.8892954413,2008.0,15820.0,157292.0,1021279.0,4491127.0,12361202.0
2023-10-03,27439.1422393337,2007.0,15829.0,157390.0,1021482.0,4491912.0,12363530.0
2023-10-04,27797.251176505,2006.0,15850.0,157343.0,1021679.0,4492622.0,12361644.0
2023-10-05,27426.3450926359,2008.0,15858.0,157308.0,1021893.0,4495201.0,12375187.0
2023-10-06,27941.9633760959,2010.0,15864.0,157398.0,1021878.0,4493834.0,12369019.0
2023-10-07,27972.7515704266,2013.0,15866.0,157062.0,1019188.0,4488375.0,12355460.0
2023-10-08,27936.3261157218,2013.0,15862.0,157135.0,1019377.0,4487344.0,12350576.0
2023-10-09,27591.3467618352,2012.0,15868.0,157149.0,1019523.0,4488432.0,12344215.0
2023-10-10,27419.7971803039,2011.0,15879.0,157202.0,1019849.0,4490306.0,12346483.0
2023-10-11,26828.1725710111,2009.0,15861.0,157237.0,1019416.0,4488545.0,12329855.0
2023-10-12,26741.3405990649,2005.0,15860.0,157254.0,1019213.0,4487433.0,12311173.0
2023-10-13,26842.4467703098,2004.0,15863.0,157262.0,1019313.0,4489193.0,12309503.0
2023-10-14,26861.9892375804,2004.0,15980.0,156219.0,1018015.0,4488762.0,12311782.0
2023-10-15,27130.3067092344,2005.0,15980.0,156299.0,1018328.0,4490376.0,12320092.0
2023-10-16,28506.7936741671,2011.0,15981.0,156196.0,1018123.0,4490752.0,12318602.0
2023-10-17,28433.2051522501,2012.0,15968.0,156102.0,1017843.0,4489365.0,12314249.0
2023-10-18,28328.0750195792,2018.0,15978.0,156112.0,1017923.0,4491660.0,12315820.0
2023-10-19,28690.358041204,2017.0,15978.0,156098.0,1018128.0,4493412.0,12327777.0
2023-10-20,29704.9853673291,2010.0,15988.0,156041.0,1017718.0,4494181.0,12329272.0
2023-10-21,29922.5464044418,2012.0,15988.0,155968.0,1017553.0,4492153.0,12324500.0
2023-10-22,29984.1593196961,2010.0,15992.0,155988.0,1017354.0,4491364.0,12316781.0
2023-10-23,32954.1690482174,2012.0,16009.0,156021.0,1017431.0,4491180.0,12302102.0
2023-10-24,33880.9566537113,2022.0,16009.0,155930.0,1016640.0,4489593.0,12295566.0
2023-10-25,34488.6589210988,2017.0,16006.0,155890.0,1016596.0,4490909.0,12300215.0
2023-10-26,34181.4922521917,2025.0,15989.0,155798.0,1016247.0,4488880.0,12288413.0
2023-10-27,33896.938528346,2021.0,15979.0,155829.0,1016267.0,4487202.0,12286564.0
2023-10-28,34091.5890327294,2020.0,15985.0,155768.0,1016207.0,4486756.0,12282756.0
2023-10-29,34574.3377206312,2020.0,15994.0,155839.0,1016490.0,4488232.0,12280916.0
2023-10-30,34495.1050207481,2020.0,15994.0,155883.0,1016490.0,4489040.0,12279590.0
2023-10-31,34636.4264736996,2016.0,15997.0,155931.0,1016453.0,4488860.0,12271785.0
2023-11-01,35431.9794532437,2021.0,15985.0,155904.0,1016813.0,4490776.0,12267471.0
2023-11-02,34882.9173366452,2023.0,15982.0,155889.0,1016860.0,4490751.0,12267403.0
2023-11-03,34708.2218804792,2025.0,15988.0,155953.0,1016945.0,4492468.0,12277642.0
2023-11-04,35091.0763062537,2024.0,15998.0,155965.0,1017022.0,4495461.0,12286223.0
2023-11-05,35105.0420265926,2023.0,15997.0,155930.0,1017029.0,4494337.0,12287903.0
2023-11-06,35017.7151484512,2024.0,15989.0,155994.0,1017376.0,4498840.0,12307741.0
2023-11-07,35418.4768901227,2018.0,16010.0,155972.0,1017263.0,4500216.0,12321440.0
2023-11-08,35797.8946090006,2020.0,16020.0,156037.0,1017643.0,4502849.0,12339912.0
2023-11-09,36675.3264333723,2014.0,16026.0,156020.0,1017876.0,4506439.0,12358237.0
2023-11-10,37367.4943722969,2013.0,15957.0,155845.0,1016953.0,4504325.0,12354443.0
2023-11-11,36979.9312405026,2013.0,15955.0,155704.0,1016987.0,4505283.0,12358312.0
2023-11-12,37053.3410514319,2012.0,15958.0,155676.0,1017239.0,4507501.0,12372471.0
2023-11-13,36543.2680870836,2010.0,15968.0,155654.0,1017272.0,4509343.0,12381367.0
2023-11-14,35590.6835645821,2012.0,15956.0,155721.0,1017302.0,4511276.0,12390506.0
2023-11-15,37840.5534894798,2013.0,15960.0,155656.0,1017289.0,4513477.0,12404375.0
2023-11-16,36160.4044509059,2006.0,15966.0,155632.0,1017756.0,4518787.0,12433361.0
2023-11-17,36569.7120534775,2012.0,15974.0,155612.0,1017742.0,4518536.0,12436115.0
2023-11-18,36577.4249617183,2011.0,15975.0,155607.0,1018048.0,4520810.0,12449490.0
2023-11-19,37442.7285119813,2014.0,15966.0,155576.0,1018064.0,4521565.0,12455967.0
2023-11-20,37516.0503708358,2013.0,15969.0,155524.0,1018114.0,4522042.0,12456652.0
2023-11-21,36035.0330862069,2011.0,15988.0,155680.0,1019057.0,4527065.0,12471598.0
2023-11-22,37403.0347168323,2017.0,15981.0,155764.0,1019639.0,4530353.0,12485941.0
2023-11-23,37311.7192156634,2019.0,15981.0,155629.0,1019755.0,4532503.0,12498256.0
2023-11-24,37718.7841630625,2028.0,15971.0,155561.0,1019831.0,4532754.0,12497636.0
2023-11-25,37800.1260932203,2027.0,15969.0,155442.0,1019918.0,4533824.0,12502663.0
2023-11-26,37482.7055260082,2027.0,15976.0,155438.0,1020243.0,4535575.0,12510403.0
2023-11-27,37229.2452197545,2026.0,15984.0,155441.0,1020407.0,4538458.0,12517837.0
2023-11-28,37828.4655911748,2029.0,15982.0,155389.0,1020469.0,4539186.0,12514558.0
2023-11-29,37846.8531227352,2030.0,15995.0,155367.0,1020825.0,4541700.0,12514234.0
2023-11-30,37712.7114789597,2031.0,15991.0,155337.0,1020781.0,4543481.0,12522621.0
2023-12-01,38703.5536820573,2031.0,15994.0,155309.0,1020726.0,4543225.0,12522594.0
2023-12-02,39462.2799272355,2032.0,16006.0,155322.0,1021027.0,4545160.0,12529027.0
2023-12-03,39978.2226104617,2034.0,16001.0,155305.0,1021208.0,4547187.0,12544143.0
2023-12-04,41910.2994815897,2034.0,16015.0,155271.0,1020965.0,4548640.0,12551440.0
2023-12-05,44067.0054763296,2031.0,16018.0,155361.0,1021441.0,4553132.0,12569055.0
2023-12-06,43745.8343907072,2031.0,15990.0,155243.0,1020602.0,4548288.0,12568809.0
2023-12-07,43282.6182261835,2029.0,15998.0,155226.0,1020426.0,4549133.0,12578000.0
2023-12-08,44205.0522089421,2028.0,15973.0,155218.0,1020336.0,4548457.0,12576005.0
2023-12-09,43740.0063927528,2024.0,15978.0,155192.0,1020204.0,4548107.0,12576477.0
2023-12-10,43732.7120900059,2026.0,15967.0,155192.0,1020297.0,4548933.0,12582062.0
2023-12-11,41209.8947904734,2037.0,15971.0,155215.0,1020527.0,4549574.0,12579090.0
2023-12-12,41467.2735698422,2031.0,15965.0,155171.0,1020591.0,4554128.0,12594194.0
2023-12-13,42939.0607583285,2031.0,15961.0,155220.0,1021209.0,4560729.0,12614885.0
2023-12-14,43033.1371560491,2036.0,15962.0,155195.0,1021367.0,4563757.0,12631979.0
2023-12-15,41978.0970195792,2034.0,15957.0,155212.0,1022020.0,4567218.0,12646216.0
2023-12-16,42203.2140450029,2032.0,15968.0,155205.0,1022320.0,4573622.0,12674281.0
2023-12-17,41428.6657855056,2030.0,15954.0,155207.0,1022123.0,4572301.0,12676126.0
2023-12-18,42635.7331911163,2032.0,15957.0,155167.0,1022188.0,4575300.0,12681024.0
2023-12-19,42271.863025716,2033.0,15950.0,155252.0,1022714.0,4578709.0,12696716.0
2023-12-20,43644.0,2033.0,15965.0,155218.0,1022781.0,4580641.0,12710979.0
2023-12-21,43968.0,2030.0,15937.0,155353.0,1023331.0,4583102.0,12723218.0
2023-12-22,43792.0,2022.0,15953.0,155433.0,1023272.0,4580948.0,12720268.0
2023-12-23,43798.0,2018.0,15967.0,155432.0,1023296.0,4579349.0,12719368.0
2023-12-24,43057.0,2022.0,15972.0,155447.0,1023488.0,4579013.0,12717188.0
2023-12-25,43706.0,2024.0,15941.0,155413.0,1023085.0,4576940.0,12716328.0
2023-12-26,42473.0,2029.0,15951.0,155309.0,1023273.0,4577621.0,12720189.0
2023-12-27,43334.0,2038.0,15962.0,155437.0,1023716.0,4580248.0,12733743.0
2023-12-28,42619.0,2037.0,15975.0,155400.0,1023757.0,4581714.0,12741666.0
2023-12-29,41733.0,2033.0,15997.0,155433.0,1024031.0,4584131.0,12752225.0
2023-12-30,42164.0,2031.0,15955.0,155398.0,1023925.0,4582886.0,12754472.0
2023-12-31,42321.0,2026.0,15935.0,155297.0,1024066.0,4584989.0,12765721.0
2024-01-01,43552.0,2026.0,15935.0,155381.0,1024484.0,4586315.0,12762966.0
2024-01-02,45034.0,2029.0,15932.0,155319.0,1023965.0,4584180.0,12750201.0
2024-01-03,42771.0,2020.0,15931.0,155307.0,1024122.0,4582380.0,12749758.0
2024-01-04,44413.0,2021.0,16002.0,155143.0,1024119.0,4584336.0,12747925.0
2024-01-05,44020.0,2024.0,16002.0,155093.0,1024114.0,4586540.0,12762659.0
2024-01-06,43903.0,2023.0,16001.0,155044.0,1022759.0,4586123.0,12757237.0
2024-01-07,43913.0,2023.0,16009.0,155026.0,1021392.0,4584152.0,12753623.0
2024-01-08,47030.0,2024.0,15988.0,155031.0,1021311.0,4583087.0,12757982.0
2024-01-09,46307.0,2017.0,16006.0,154985.0,1020790.0,4579561.0,12744782.0
2024-01-10,46935.0,2014.0,15998.0,154991.0,1020257.0,4577817.0,12739408.0
2024-01-11,46434.0,2010.0,15995.0,154961.0,1019942.0,4572620.0,12724067.0
2024-01-12,42449.0,2008.0,15974.0,154900.0,1020000.0,4567286.0,12691871.0
2024-01-13,42962.0,2017.0,15966.0,154896.0,1020299.0,4568053.0,12703562.0
2024-01-14,42279.0,2014.0,15966.0,154908.0,1020247.0,4570365.0,12717389.0
2024-01-15,42571.0,2015.0,15970.0,154852.0,1020009.0,4570904.0,12723412.0
2024-01-16,43212.0,2002.0,15934.0,154841.0,1019944.0,4570743.0,12726712.0
2024-01-17,42699.0,2001.0,15916.0,154765.0,1019759.0,4572963.0,12738082.0
2024-01-18,41322.0,2002.0,15922.0,154743.0,1019757.0,4570953.0,12735970.0
2024-01-19,41636.0,1998.0,15916.0,154746.0,1019687.0,4569192.0,12735495.0
2024-01-20,41777.0,1999.0,15901.0,154769.0,1019447.0,4568619.0,12738006.0
2024-01-21,41601.0,1999.0,15902.0,154749.0,1019381.0,4569016.0,12741248.0
2024-01-22,39821.0,1999.0,15894.0,154781.0,1019182.0,4567876.0,12732598.0
2024-01-23,39447.0,2006.0,15901.0,154772.0,1019236.0,4567880.0,12720554.0
2024-01-24,39869.0,2012.0,15894.0,154759.0,1019247.0,4565622.0,12683407.0
2024-01-25,39949.0,2011.0,15896.0,154758.0,1019364.0,4565365.0,12625960.0
2024-01-26,41884.0,2021.0,15888.0,154742.0,1019752.0,4570474.0,12634107.0
2024-01-27,42128.0,2021.0,15901.0,154823.0,1020194.0,4572323.0,12629068.0
2024-01-28,41821.0,2021.0,15921.0,154849.0,1020314.0,4573539.0,12630782.0
2024-01-29,43157.0,2026.0,15905.0,154888.0,1019735.0,4574141.0,12629641.0
2024-01-30,43338.0,2042.0,15890.0,154723.0,1020162.0,4575109.0,12632424.0
2024-01-31,42649.0,2055.0,15806.0,154524.0,1019475.0,4571814.0,12619525.0
2024-02-01,42949.0,2058.0,15803.0,154553.0,1019775.0,4572285.0,12620270.0
2024-02-02,43152.0,2068.0,15814.0,154563.0,1019951.0,4571641.0,12618833.0
2024-02-03,43014.0,2066.0,15810.0,154545.0,1019732.0,4572194.0,12623101.0
2024-02-04,42526.0,2066.0,15807.0,154492.0,1019878.0,4571579.0,12613011.0
2024-02-05,42456.0,2063.0,15802.0,154536.0,1019702.0,4571581.0,12606792.0
2024-02-06,43179.0,2071.0,15751.0,154408.0,1019707.0,4569596.0,12586929.0
2024-02-07,44165.0,2069.0,15759.0,154376.0,1019853.0,4569304.0,12582042.0
2024-02-08,45333.0,2071.0,15739.0,154337.0,1019490.0,4567353.0,12572403.0
2024-02-09,47299.0,2061.0,15732.0,154278.0,1019244.0,4565251.0,12556982.0
2024-02-10,47843.0,2061.0,15748.0,154287.0,1019143.0,4564797.0,12550016.0
2024-02-11,48122.0,2066.0,15746.0,154271.0,1019038.0,4563282.0,12543683.0
2024-02-12,50006.0,2072.0,15740.0,154261.0,1018655.0,4560100.0,12521725.0
2024-02-13,49579.0,2085.0,15757.0,154260.0,1017940.0,4556868.0,12508231.0
2024-02-14,51835.0,2107.0,15834.0,154258.0,1018461.0,4557757.0,12519651.0
2024-02-15,51720.0,2119.0,15761.0,154146.0,1017437.0,4555835.0,12512789.0
2024-02-16,52002.0,2127.0,15771.0,154211.0,1017903.0,4557130.0,12517457.0
2024-02-17,51696.0,2130.0,15774.0,154210.0,1018115.0,4556522.0,12507856.0
2024-02-18,52180.0,2130.0,15778.0,154169.0,1017791.0,4555897.0,12504372.0
2024-02-19,51967.0,2124.0,15784.0,154186.0,1018227.0,4556051.0,12500514.0
2024-02-20,52287.0,2137.0,15791.0,154208.0,1017947.0,4556223.0,12502023.0
2024-02-21,51516.0,2139.0,15794.0,154181.0,1017826.0,4557089.0,12508177.0
2024-02-22,51462.0,2148.0,15786.0,154132.0,1018116.0,4557932.0,12513711.0
2024-02-23,50773.0,2147.0,15782.0,154093.0,1018336.0,4557668.0,12503738.0
2024-02-24,51574.0,2149.0,15778.0,154108.0,1018210.0,4558341.0,12500349.0
2024-02-25,51702.0,2148.0,15781.0,154110.0,1018252.0,4557738.0,12490320.0
2024-02-26,54675.0,2152.0,15795.0,154203.0,1017969.0,4563081.0,12500691.0
2024-02-27,56918.0,2159.0,15791.0,154074.0,1017850.0,4560962.0,12507432.0
2024-02-28,61348.0,2092.0,15840.0,154103.0,1017359.0,4559120.0,12513261.0
2024-02-29,61255.0,2091.0,15842.0,154101.0,1016788.0,4554334.0,12516881.0
2024-03-01,62481.0,2095.0,15869.0,154025.0,1015900.0,4552171.0,12524102.0
2024-03-02,61856.0,2094.0,15872.0,153948.0,1015894.0,4549133.0,12524861.0
2024-03-03,62754.0,2094.0,15865.0,153917.0,1016169.0,4548832.0,12529413.0
2024-03-04,67979.0,2096.0,15848.0,153892.0,1015926.0,4548736.0,12542299.0
2024-03-05,63187.0,2107.0,15845.0,153674.0,1014516.0,4543796.0,12537462.0
2024-03-06,66070.0,2105.0,15845.0,153539.0,1013396.0,4540719.0,12541581.0
2024-03-07,67182.0,2104.0,15858.0,153434.0,1012429.0,4536437.0,12532918.0
2024-03-08,68521.0,2104.0,15869.0,153282.0,1012038.0,4535809.0,12538413.0
2024-03-09,68497.0,2107.0,15867.0,153316.0,1011696.0,4532901.0,12511906.0
2024-03-10,68470.0,2106.0,15884.0,153264.0,1011439.0,4531121.0,12503688.0
2024-03-11,72497.0,2055.0,15924.0,153276.0,1010721.0,4528998.0,12494053.0
2024-03-12,71109.0,2055.0,15935.0,153267.0,1010175.0,4526698.0,12480992.0
2024-03-13,72985.0,2072.0,15978.0,153216.0,1009942.0,4524214.0,12458030.0
2024-03-14,71456.0,2071.0,15977.0,153164.0,1009498.0,4525419.0,12437771.0
2024-03-15,68861.0,2080.0,15968.0,153227.0,1009227.0,4529043.0,12451261.0
2024-03-16,66305.0,2079.0,15968.0,153484.0,1009241.0,4529024.0,12444729.0
2024-03-17,68209.0,2081.0,15987.0,153171.0,1008845.0,4528418.0,12437937.0
2024-03-18,67839.0,2086.0,15980.0,153222.0,1008971.0,4529524.0,12444720.0
2024-03-19,62373.0,2080.0,15971.0,153049.0,1008659.0,4529448.0,12449773.0
2024-03-20,67583.0,2081.0,15954.0,153078.0,1008844.0,4528987.0,12446630.0
2024-03-21,65420.0,2079.0,15963.0,153076.0,1008842.0,4530186.0,12457294.0
2024-03-22,63028.0,2087.0,15946.0,153126.0,1009130.0,4530872.0,12458569.0
2024-03-23,64749.0,2091.0,15953.0,153060.0,1009286.0,4531295.0,12451864.0
2024-03-24,66956.0,2091.0,15958.0,153112.0,1009539.0,4531568.0,12441557.0
2024-03-25,70369.0,2097.0,15979.0,153188.0,1009587.0,4533615.0,12448331.0
2024-03-26,70258.0,2095.0,15945.0,153036.0,1009414.0,4534158.0,12453904.0
2024-03-27,69407.0,2093.0,15947.0,153045.0,1009690.0,4535869.0,12459491.0
2024-03-28,70817.0,2095.0,15954.0,153121.0,1009893.0,4536433.0,12458407.0
2024-03-29,69928.0,2097.0,15943.0,153025.0,1009958.0,4537609.0,12465722.0
2024-03-30,69744.0,2098.0,15954.0,153047.0,1010207.0,4537855.0,12460347.0
2024-03-31,70932.0,2098.0,15952.0,153110.0,1010383.0,4537946.0,12463879.0
2024-04-01,69770.0,2099.0,15952.0,153184.0,1010613.0,4537635.0,12465782.0
2024-04-02,65774.0,2096.0,15942.0,153141.0,1011062.0,4536802.0,12461835.0
2024-04-03,66212.0,2102.0,15946.0,153198.0,1011501.0,4537196.0,12466276.0
2024-04-04,67934.0,2110.0,15946.0,153159.0,1011592.0,4536876.0,12464591.0
2024-04-05,67733.0,2111.0,15957.0,153180.0,1011592.0,4537976.0,12467235.0
2024-04-06,69074.0,2112.0,15959.0,153090.0,1011862.0,4538329.0,12467749.0
2024-04-07,69212.0,2111.0,15956.0,153074.0,1011943.0,4538532.0,12470153.0
2024-04-08,71933.0,2116.0,15956.0,153097.0,1011665.0,4539244.0,12480781.0
2024-04-09,69306.0,2120.0,15960.0,153094.0,1011546.0,4538746.0,12489219.0
2024-04-10,70587.0,2121.0,15950.0,153042.0,1011135.0,4540324.0,12504270.0
2024-04-11,70221.0,2124.0,15943.0,153087.0,1011485.0,4543316.0,12525413.0
2024-04-12,67033.0,2119.0,15948.0,153078.0,1011290.0,4542956.0,12527855.0
2024-04-13,64589.0,2119.0,15950.0,153030.0,1011078.0,4542496.0,12532923.0
2024-04-14,65380.0,2121.0,15951.0,152960.0,1011158.0,4541824.0,12538010.0
2024-04-15,63415.0,2125.0,15945.0,152968.0,1011338.0,4542807.0,12554065.0
2024-04-16,63813.0,2124.0,15960.0,152952.0,1011361.0,4542923.0,12560776.0
2024-04-17,61658.0,2120.0,15957.0,152945.0,1011825.0,4544779.0,12571586.0
2024-04-18,63525.0,2121.0,15969.0,152956.0,1011894.0,4546756.0,12589545.0
2024-04-19,64113.0,2123.0,15962.0,152986.0,1012315.0,4550013.0,12615570.0
2024-04-20,64623.0,2121.0,15966.0,152980.0,1012236.0,4550980.0,12623190.0
2024-04-21,65037.0,2121.0,15963.0,152986.0,1012151.0,4552334.0,12631294.0
2024-04-22,67067.0,2117.0,15969.0,152957.0,1012019.0,4554574.0,12643361.0
2024-04-23,66379.0,2118.0,15954.0,153145.0,1012533.0,4556737.0,12657333.0
2024-04-24,64080.0,2118.0,15934.0,152998.0,1012161.0,4554370.0,12649556.0
2024-04-25,64583.0,2124.0,15925.0,152965.0,1012384.0,4555738.0,12647755.0
2024-04-26,63802.0,2123.0,15934.0,153024.0,1012711.0,4561720.0,12656249.0
2024-04-27,63517.0,2123.0,15933.0,153007.0,1012418.0,4560635.0,12651198.0
2024-04-28,63030.0,2121.0,15938.0,153113.0,1012539.0,4562727.0,12651375.0
2024-04-29,63798.0,2122.0,15948.0,153162.0,1012612.0,4563155.0,12648040.0
2024-04-30,60749.0,2121.0,15924.0,153132.0,1012820.0,4560591.0,12638820.0
2024-05-01,58298.0,2118.0,15909.0,153078.0,1012806.0,4559909.0,12634721.0
2024-05-02,59135.0,2114.0,15906.0,153020.0,1012765.0,4559589.0,12634768.0
2024-05-03,62839.0,2112.0,15899.0,153070.0,1012840.0,4559303.0,12638355.0
2024-05-04,63820.0,2113.0,15904.0,153060.0,1012925.0,4558210.0,12636444.0
2024-05-05,64010.0,2111.0,15912.0,153002.0,1012869.0,4556350.0,12633017.0
2024-05-06,63172.0,2116.0,15901.0,153085.0,1013158.0,4557601.0,12634476.0
2024-05-07,62363.0,2115.0,15900.0,153016.0,1013269.0,4556506.0,12632615.0
2024-05-08,61216.0,2118.0,15904.0,153015.0,1013358.0,4556546.0,12631950.0
2024-05-09,63149.0,2117.0,15913.0,153024.0,1013432.0,4557280.0,12632985.0
2024-05-10,60888.0,2115.0,15914.0,153035.0,1013305.0,4558378.0,12639980.0
2024-05-11,60777.0,2115.0,15916.0,153046.0,1013275.0,4557747.0,12636797.0
2024-05-12,61507.0,2113.0,15914.0,153092.0,1013454.0,4558532.0,12636158.0
2024-05-13,62879.0,2112.0,15911.0,153033.0,1013377.0,4558049.0,12634095.0
2024-05-14,61569.0,2114.0,15904.0,153070.0,1013486.0,4557837.0,12620201.0
2024-05-15,66221.0,2121.0,15917.0,153051.0,1012907.0,4556743.0,12615410.0
2024-05-16,65261.0,2123.0,15913.0,153049.0,1012705.0,4555437.0,12609959.0
2024-05-17,67053.0,2123.0,15908.0,153078.0,1012682.0,4555792.0,12606370.0
2024-05-18,66913.0,2124.0,15911.0,153036.0,1012631.0,4555459.0,12597270.0
2024-05-19,66253.0,2123.0,15908.0,153020.0,1012512.0,4555563.0,12592434.0
2024-05-20,71430.0,2125.0,15928.0,153045.0,1012391.0,4555566.0,12588219.0
2024-05-21,70190.0,2129.0,15896.0,153027.0,1011889.0,4554603.0,12580800.0
2024-05-22,69181.0,2130.0,15898.0,152953.0,1011958.0,4555014.0,12575841.0
2024-05-23,67906.0,2134.0,15894.0,152857.0,1011759.0,4553909.0,12573411.0
2024-05-24,68540.0,2136.0,15917.0,152914.0,1011697.0,4555273.0,12578218.0
2024-05-25,69268.0,2135.0,15904.0,152863.0,1011448.0,4554000.0,12575787.0
2024-05-26,68509.0,2135.0,15907.0,152861.0,1011463.0,4554531.0,12577554.0
2024-05-27,69367.0,2136.0,15898.0,152893.0,1011403.0,4554739.0,12580276.0
2024-05-28,68317.0,2073.0,15832.0,152825.0,1011372.0,4555102.0,12578964.0
2024-05-29,67577.0,2074.0,15822.0,152881.0,1011553.0,4557148.0,12590379.0
2024-05-30,68372.0,2086.0,15829.0,152880.0,1011253.0,4557550.0,12596323.0
2024-05-31,67475.0,2081.0,15839.0,152827.0,1011079.0,4557903.0,12603488.0
2024-06-01,67704.0,2081.0,15839.0,152667.0,1011288.0,4558560.0,12609271.0
2024-06-02,67740.0,2081.0,15837.0,152695.0,1011370.0,4560294.0,12612298.0
2024-06-03,68808.0,2079.0,15831.0,152827.0,1011575.0,4565377.0,12620376.0
2024-06-04,70600.0,2082.0,15833.0,152765.0,1011557.0,4566703.0,12627953.0
2024-06-05,71185.0,2086.0,15838.0,152798.0,1011578.0,4567443.0,12633664.0
2024-06-06,70760.0,2085.0,15842.0,152763.0,1011840.0,4569580.0,12638965.0
2024-06-07,69325.0,2082.0,15857.0,152824.0,1011891.0,4569849.0,12648507.0
2024-06-08,69315.0,2081.0,15850.0,152709.0,1011403.0,4566695.0,12646323.0
2024-06-09,69654.0,2081.0,15844.0,152678.0,1011360.0,4567110.0,12651854.0
2024-06-10,69493.0,2082.0,15841.0,152748.0,1011556.0,4566400.0,12647802.0
2024-06-11,67329.0,2077.0,15857.0,152722.0,1011551.0,4566340.0,12642148.0
2024-06-12,68225.0,2073.0,15863.0,152685.0,1011241.0,4565724.0,12642250.0
2024-06-13,66700.0,2076.0,15871.0,152770.0,1011549.0,4561710.0,12641792.0
2024-06-14,66011.0,2073.0,15872.0,152783.0,1011747.0,4561845.0,12648003.0
2024-06-15,66190.0,2073.0,15868.0,152786.0,1011181.0,4554021.0,12626040.0
2024-06-16,66616.0,2072.0,15859.0,152797.0,1011248.0,4553250.0,12609762.0
